    1   2023 04 10 05:15:36.009    18936.009  0.2331 85.5277  27.9349  10.00  6.447 0.278  15  24  39  24 182.61
    2   2023 04 10 11:32:19.312    41539.312  0.2342 85.5664  27.8439  10.00  8.685 0.266  84  84 168 140 180.09
    3   2023 04 10 16:53:34.745    60814.745  0.2874 85.5078  27.6944  10.00  6.392 0.216  27  33  60  31 309.77
    4   2023 04 10 17:27:54.625    62874.625  0.3926 85.5277  27.9802  12.00  6.067 0.330  18  18  36  20 181.87
    5   2023 04 10 18:30:16.592    66616.592  0.3779 85.5108  27.5088  12.00  5.955 0.255  21  21  42  35 336.09
    6   2023 04 10 19:33:17.081    70397.081  0.3173 85.5132  27.9120   8.00  5.802 0.341  27  21  48  35 169.19
    7   2023 04 10 19:50:39.078    71439.078  0.2243 85.5161  27.6444   8.00  5.987 0.255  24  33  57  35 267.24
    8   2023 04 10 21:45:07.157    78307.157  0.4019 85.5078  27.6491  10.00  6.088 0.287  39  45  84  57 228.09
    9   2023 04 10 22:06:43.536    79603.536  0.2498 85.5764  27.8527  12.00  5.898 0.293  27  21  48  33 272.43
   10   2023 04 10 22:16:08.170    80168.170  0.1556 85.5906  27.7625  10.00  5.734 0.331  18  15  33  25 352.46
   11   2023 04 10 22:34:50.099    81290.099  0.1623 85.6038  27.6378  10.00  5.841 0.320  24  18  42  30 349.24
   12   2023 04 10 23:21:47.771    84107.771  0.3791 85.5132  27.5949  10.00  6.490 0.233  57  54 111  81 233.53
   13   2023 04 10 23:22:10.237    84130.237  0.4862 85.5208  28.0145  10.00  5.830 0.350  21  15  36  25 214.26
   14   2023 04 10 23:23:29.691    84209.691  0.3763 85.5132  27.8214  12.00  5.895 0.408  21  24  45  34 304.14
    1   2023 04 11 01:03:50.367     3830.367  0.2894 85.4964  28.0792  12.00  6.730 0.280  48  66 114  77 324.64
    2   2023 04 11 02:37:38.087     9458.087  0.2008 85.4170  28.2928  12.00  6.661 0.197  24  33  57  36 356.79
    3   2023 04 11 02:41:53.540     9713.540  0.2428 85.4999  27.6583  14.00  6.604 0.223  27  33  60  40 345.57
    4   2023 04 11 03:09:13.933    11353.933  0.3416 85.7130  28.2875  12.00  6.607 0.285  30  24  54  34 330.19
    5   2023 04 11 03:15:48.414    11748.414  0.4422 85.5270  28.1743  14.00  7.638 0.257  93 111 204 146 209.89
    6   2023 04 11 03:20:04.971    12004.971  0.3276 85.4964  28.1698  12.00  6.766 0.287  60  63 123  93 314.54
    7   2023 04 11 03:55:11.477    14111.477  0.0636 85.4864  28.2516   8.00  6.241 0.192  18  18  36  25 351.20
    8   2023 04 11 07:17:13.929    26233.929  0.4153 85.6787  27.7849  14.00  6.898 0.303  27  21  48  35 314.49
    9   2023 04 11 07:32:27.697    27147.697  0.4688 85.4964  28.0339  16.00  6.984 0.244  48  48  96  64 212.94
   10   2023 04 11 11:12:43.260    40363.260  0.4258 85.4888  28.1546  14.00  6.863 0.278  66  66 132  86 328.76
   11   2023 04 11 12:31:06.371    45066.371  0.2581 85.5770  28.2022  10.00  6.128 0.184  15  15  30  25 266.12
   12   2023 04 11 12:55:14.709    46514.709  0.4703 85.5078  27.5585  12.00  6.341 0.290  48  42  90  60 279.44
   13   2023 04 11 15:16:08.610    54968.610  0.2392 85.5098  27.5857  10.00  6.006 0.226  24  21  45  33 326.77
   14   2023 04 11 16:56:55.108    61015.108  0.4513 85.6150  27.8562  40.00  6.639 0.216  54  24  78  34 341.35
   15   2023 04 11 17:31:50.592    63110.592  0.3110 85.5106  27.5360  10.00  5.965 0.325  21  27  48  23 324.31
   16   2023 04 11 17:31:58.522    63118.522  0.2801 85.5078  27.7397   8.00  5.856 0.398  30  33  63  40 336.12
   17   2023 04 11 17:32:09.341    63129.341  0.2939 85.5108  27.5541   8.00  6.029 0.523  42  30  72  43 320.14
   18   2023 04 11 18:00:16.908    64816.908  0.4874 85.5450  28.0212  40.00  7.331 0.215  96  27 123  17 192.24
   19   2023 04 11 18:02:52.121    64972.121  0.3577 85.4732  28.0026  10.00  5.761 0.231  12  15  27  18 351.25
   20   2023 04 11 18:16:26.362    65786.362  0.2422 85.4950  27.7203  12.00  6.330 0.261  72  75 147 108 312.67
   21   2023 04 11 18:16:33.664    65793.664  0.2199 85.4330  27.6532  12.00  6.297 0.279  51  51 102  65 352.50
   22   2023 04 11 18:28:07.322    66487.322  0.3197 85.5130  27.7438  12.00  6.871 0.278 117 126 243 177 204.14
   23   2023 04 11 18:45:30.594    67530.594  0.2373 85.4278  27.6038  10.00  6.184 0.265  42  36  78  60 352.60
   24   2023 04 11 18:48:37.874    67717.874  0.2864 85.5270  27.7213  14.00  5.989 0.165  24  18  42  22 322.95
   25   2023 04 11 19:13:02.050    69182.050  0.3137 85.5098  27.9934  12.00  6.360 0.297  87  84 171 125 191.68
   26   2023 04 11 19:38:41.359    70721.359  0.3652 85.4838  27.9550  10.00  5.781 0.245  24  27  51  30 347.28
   27   2023 04 11 20:30:42.845    73842.845  0.2268 85.5098  27.6763  10.00  6.050 0.288  39  30  69  40 296.74
   28   2023 04 11 21:12:44.682    76364.682  0.2903 85.4150  28.2639  12.00  6.441 0.344  30  42  72  39 350.53
   29   2023 04 11 22:39:43.738    81583.738  0.2719 85.5078  28.1475  10.00  5.986 0.323  54  63 117  90 340.60
   30   2023 04 11 23:09:11.163    83351.163  0.1913 85.5908  27.9618  12.00  6.955 0.265 132 135 267 192 168.72
    1   2023 04 12 00:30:33.842     1833.842  0.4823 85.4997  27.9734  40.00  7.615 0.311  51  90 141  82 190.55
    2   2023 04 12 01:07:45.898     4065.898  0.3371 85.4732  28.0932  14.00  6.673 0.285  81  90 171 111 296.28
    3   2023 04 12 01:49:36.397     6576.397  0.2610 85.4930  28.2152  10.00  6.408 0.291  87  54 141  79 312.39
    4   2023 04 12 03:42:12.588    13332.588  0.4472 85.7187  28.2379  36.00  7.066 0.241  51  42  93  59 347.43
    5   2023 04 12 04:33:53.779    16433.779  0.4284 85.5989  27.8753  22.00  6.653 0.285  39  24  63  34 287.74
    6   2023 04 12 05:14:28.205    18868.205  0.4272 85.7187  27.6037  12.00  6.627 0.226  15  18  33  25 340.37
    7   2023 04 12 12:05:45.993    43545.993  0.2979 85.7238  27.7285  12.00  6.506 0.268  48  36  84  59 351.10
    8   2023 04 12 14:01:03.490    50463.490  0.3326 85.4789  27.6488  10.00  6.093 0.222  18  18  36  20 328.41
    9   2023 04 12 14:08:23.266    50903.266  0.4090 85.4838  28.2242  14.00  6.995 0.238  87 111 198 133 324.66
   10   2023 04 12 15:31:43.431    55903.431  0.4507 85.6568  27.6933  18.00  6.412 0.240  72  72 144 103 260.78
   11   2023 04 12 16:27:37.514    59257.514  0.4706 85.6721  27.9118  20.00  6.487 0.297 105  69 174 104 327.19
   12   2023 04 12 16:31:25.711    59485.711  0.1057 85.5132  28.0932  10.00  5.906 0.285  15  12  27  19 346.87
   13   2023 04 12 16:36:01.928    59761.928  0.1555 85.5387  27.9162  10.00  5.815 0.212  27  18  45  20 173.28
   14   2023 04 12 16:54:13.481    60853.481  0.2915 85.4883  27.9886  14.00  6.010 0.289  48  42  90  64 352.32
   15   2023 04 12 17:13:48.685    62028.685  0.2190 85.4792  28.1473  12.00  5.921 0.276  39  18  57  30 335.93
   16   2023 04 12 17:57:18.724    64638.724  0.2437 85.5730  28.1263  12.00  6.027 0.317  78  42 120  55 201.29
   17   2023 04 12 18:12:03.266    65523.266  0.2233 85.6682  27.5759  10.00  6.120 0.309  75  57 132  76 338.77
   18   2023 04 12 18:35:43.928    66943.928  0.3896 85.4083  27.8527  10.00  6.062 0.274  30  39  69  44 354.91
   19   2023 04 12 18:36:26.869    66986.869  0.2916 85.6564  28.1245  12.00  6.223 0.270 108 111 219 162 268.08
   20   2023 04 12 18:41:36.374    67296.374  0.4586 85.6029  27.9568  16.00  7.658 0.305 183 165 348 239 172.19
   21   2023 04 12 18:45:59.367    67559.367  0.3584 85.6564  27.5808  10.00  6.345 0.268 126 114 240 145 240.50
   22   2023 04 12 18:56:22.411    68182.411  0.4702 85.6561  27.9205  22.00  6.706 0.238 120  96 216 137 213.78
   23   2023 04 12 19:24:48.587    69888.587  0.2002 85.5387  28.2334  10.00  5.694 0.337  27  15  42  25 302.07
   24   2023 04 12 19:41:26.469    70886.469  0.4124 85.4789  28.2831  14.00  5.899 0.220  15  18  33  20 346.76
   25   2023 04 12 20:02:25.826    72145.826  0.4039 85.5288  28.2452  14.00  6.171 0.330 102 105 207 134 219.38
   26   2023 04 12 20:17:30.813    73050.813  0.1565 85.6961  28.2376  10.00  6.272 0.264  87  63 150  96 336.52
   27   2023 04 12 20:22:14.329    73334.329  0.4236 85.6564  28.1698  10.00  6.520 0.277 105 150 255 147 240.43
   28   2023 04 12 21:16:24.744    76584.744  0.3779 85.4951  27.8749  14.00  6.627 0.204 159 171 330 235 147.56
   29   2023 04 12 21:22:09.155    76929.155  0.3097 85.4185  27.6016  12.00  6.109 0.258  57  57 114  72 345.36
   30   2023 04 12 21:41:29.390    78089.390  0.3550 85.4951  28.1014  12.00  6.771 0.278 162 162 324 236 214.54
   31   2023 04 12 21:46:33.667    78393.667  0.4073 85.4564  27.9886  16.00  6.305 0.237 102 102 204 147 270.52
   32   2023 04 12 21:49:55.799    78595.799  0.1958 85.6564  27.6261  10.00  5.695 0.199  30  18  48  24 349.83
   33   2023 04 12 22:02:14.121    79334.121  0.3860 85.4877  27.8443  14.00  6.497 0.235 126 141 267 188 128.84
   34   2023 04 12 22:33:39.999    81219.999  0.3046 85.4194  27.5945  10.00  6.499 0.256 123 123 246 177 341.74
   35   2023 04 12 23:02:10.953    82930.953  0.3447 85.4185  27.6016  12.00  6.089 0.226  42  51  93  60 349.91
   36   2023 04 12 23:04:10.352    83050.352  0.2692 85.4789  27.9660  12.00  6.066 0.219  84  90 174 121 271.02
   37   2023 04 12 23:06:23.002    83183.002  0.3452 85.4926  27.8343  12.00  7.462 0.201 183 192 375 282 165.40
   38   2023 04 12 23:21:13.338    84073.338  0.3557 85.7771  27.5856  20.00  6.269 0.183  30  33  63  44 353.41
   39   2023 04 12 23:28:10.342    84490.342  0.1889 85.4985  27.6016  10.00  5.835 0.281  15  12  27  20 216.80
   40   2023 04 12 23:57:42.077    86262.077  0.3394 85.5677  27.9802  40.00  7.328 0.201  84  63 147  80  86.42
    1   2023 04 13 00:19:06.743     1146.743  0.2727 85.5730  27.5809  10.00  6.019 0.260  36  39  75  50 247.97
    2   2023 04 13 01:24:39.126     5079.126  0.3843 85.5286  27.9390  38.00  7.225 0.257  69  75 144  89 334.94
    3   2023 04 13 03:24:07.728    12247.728  0.0799 85.4886  27.5765  10.00  5.963 0.251  12  12  24  20 349.90
    4   2023 04 13 04:12:29.526    15149.526  0.1999 85.4150  28.2639  12.00  6.630 0.253  24  42  66  38 357.06
    5   2023 04 13 04:13:49.241    15229.241  0.2334 85.4417  27.6442  10.00  6.664 0.267  45  51  96  54 351.26
    6   2023 04 13 05:40:44.442    20444.442  0.3652 85.4789  28.2831  10.00  6.297 0.250  27  24  51  30 320.69
    7   2023 04 13 08:30:26.239    30626.239  0.4710 85.5371  27.9933  18.00  7.254 0.295 129 114 243 170 109.26
    8   2023 04 13 10:39:06.561    38346.561  0.4083 85.5078  28.0116  14.00  6.524 0.142  30  30  60  50 349.22
    9   2023 04 13 11:30:29.964    41429.964  0.2375 85.7264  27.7986  12.00  6.322 0.326  27  24  51  30 354.77
   10   2023 04 13 11:46:58.461    42418.461  0.4726 85.4808  28.1957  16.00  6.860 0.217  75  78 153 114 331.32
   11   2023 04 13 11:51:26.171    42686.171  0.4862 85.5283  28.2604  14.00  6.910 0.184 114 117 231 175 236.87
   12   2023 04 13 12:21:04.769    44464.769  0.4082 85.5351  28.0561  14.00  5.922 0.352  12  21  33  18 230.44
   13   2023 04 13 12:31:34.429    45094.429  0.3381 85.4893  28.2559  10.00  6.374 0.325  21  24  45  20 347.97
   14   2023 04 13 12:45:46.594    45946.594  0.1613 85.5025  28.0658  12.00  6.339 0.223  30  30  60  43 358.73
   15   2023 04 13 13:05:13.834    47113.834  0.2891 85.5930  27.9251  12.00  6.378 0.297  75  81 156 109 135.53
   16   2023 04 13 13:30:16.962    48616.962  0.3699 85.5589  28.2378  12.00  6.656 0.279  75  90 165 113 239.65
   17   2023 04 13 13:34:28.668    48868.668  0.2880 85.4906  27.5297  10.00  6.492 0.349  45  12  57  20 340.10
   18   2023 04 13 13:35:37.705    48937.705  0.4910 85.7330  27.9434  18.00  6.703 0.249  66  69 135  91 352.72
   19   2023 04 13 13:36:19.432    48979.432  0.4634 85.6993  27.5908  18.00  6.541 0.263  63  63 126  95 329.31
   20   2023 04 13 13:42:13.656    49333.656  0.4217 85.7361  27.8752  16.00  6.480 0.262  39  45  84  58 354.62
   21   2023 04 13 14:07:24.078    50844.078  0.2835 85.4950  27.9468  12.00  6.067 0.271  15  18  33  20 353.49
   22   2023 04 13 14:19:06.002    51546.002  0.3038 85.5831  27.9811  10.00  6.451 0.301 108 108 216 165 173.23
   23   2023 04 13 14:24:08.382    51848.382  0.3579 85.5688  28.2452  10.00  6.657 0.341 126 129 255 187 212.77
   24   2023 04 13 14:43:47.565    53027.565  0.2229 85.4930  28.0357  10.00  6.125 0.338  51  33  84  35 338.65
   25   2023 04 13 14:50:20.472    53420.472  0.3410 85.5081  28.1793  10.00  6.294 0.384  72  75 147  97 279.01
   26   2023 04 13 16:12:58.231    58378.231  0.3900 85.4829  28.2286  10.00  5.931 0.640  18  18  36  20 344.41
   27   2023 04 13 20:13:52.238    72832.238  0.3805 85.7368  28.0105  14.00  6.180 0.224  42  60 102  57 352.95
   28   2023 04 13 20:53:44.106    75224.106  0.4496 85.6526  28.1514  18.00  5.869 0.313  18  21  39  27 353.96
   29   2023 04 13 21:00:51.580    75651.580  0.3237 85.6631  28.0717  14.00  6.067 0.261  90  93 183 124 241.86
   30   2023 04 13 21:15:52.621    76552.621  0.4932 85.4677  28.1348  40.00  6.611 0.247  75  60 135  80 252.10
   31   2023 04 13 22:12:11.157    79931.157  0.3480 85.5216  28.1914  10.00  6.070 0.306  66  78 144  99 247.81
   32   2023 04 13 22:13:20.287    80000.287  0.3248 85.5532  28.1385  12.00  6.168 0.312 108 102 210 148 201.96
   33   2023 04 13 22:23:45.570    80625.570  0.1674 85.6732  27.9573  10.00  5.978 0.254  42  42  84  49 354.49
   34   2023 04 13 22:33:32.297    81212.297  0.2304 85.5898  27.9481  12.00  6.030 0.208  81  69 150  75 115.85
   35   2023 04 13 23:04:46.754    83086.754  0.0877 85.4993  27.9079  10.00  5.828 0.259  21  15  36  24 357.16
   36   2023 04 13 23:09:24.804    83364.804  0.3555 85.6706  27.8984  16.00  6.097 0.264  75  78 153 108 205.15
   37   2023 04 13 23:30:46.147    84646.147  0.4009 85.4971  27.7215  14.00  6.090 0.340  51  51 102  58 192.91
    1   2023 04 14 01:04:16.434     3856.434  0.3992 85.6106  27.9827  16.00  6.976 0.261 153 156 309 221 178.16
    2   2023 04 14 01:17:04.030     4624.030  0.2252 85.5530  28.0610  12.00  6.308 0.270  60  48 108  76 193.93
    3   2023 04 14 06:16:06.844    22566.844  0.2461 85.6964  28.1698  12.00  6.667 0.335  42  42  84  58 353.59
    4   2023 04 14 09:21:07.506    33667.506  0.4103 85.7229  28.2739  14.00  6.820 0.274  39  39  78  57 348.36
    5   2023 04 14 10:13:58.633    36838.633  0.4845 85.6963  27.7985  16.00  8.203 0.269 180 225 405 288 337.02
    6   2023 04 14 11:40:42.861    42042.861  0.3959 85.4864  27.6174  14.00  6.481 0.309  39  45  84  50 340.61
    7   2023 04 14 11:45:55.874    42355.874  0.3419 85.6330  28.1969  14.00  6.700 0.293  90  81 171 120 306.42
    8   2023 04 14 12:30:41.806    45041.806  0.4853 85.5882  27.4853  16.00  7.530 0.294 153 180 333 223 217.68
    9   2023 04 14 13:49:39.966    49779.966  0.2667 85.6732  28.0026  10.00  6.254 0.257  78  57 135  82 274.52
   10   2023 04 14 14:19:13.950    51553.950  0.2910 85.4789  27.8753   8.00  6.099 0.386  27  21  48  24 349.41
   11   2023 04 14 14:40:16.805    52816.805  0.4550 85.6987  27.6444  14.00  6.108 0.237  21  33  54  34 351.89
   12   2023 04 14 14:40:22.829    52822.829  0.3907 85.6126  27.9249  18.00  5.929 0.201  15  24  39  20 236.19
   13   2023 04 14 14:41:16.898    52876.898  0.4046 85.7326  27.5624  16.00  6.200 0.212  24  30  54  31 353.58
   14   2023 04 14 14:42:55.277    52975.277  0.4936 85.7283  28.2604  10.00  6.289 0.379  39  51  90  54 347.25
   15   2023 04 14 14:59:41.576    53981.576  0.4553 85.6971  27.6762  14.00  6.360 0.288  69  66 135  87 331.64
   16   2023 04 14 15:06:29.423    54389.423  0.3856 85.6187  27.7803  16.00  6.148 0.249  48  60 108  56 198.47
   17   2023 04 14 15:15:30.894    54930.894  0.3410 85.6684  27.8793  14.00  6.738 0.276 147 162 309 230 169.40
   18   2023 04 14 16:19:15.073    58755.073  0.4655 85.6684  27.8931  18.00  7.083 0.260 168 210 378 252 154.03
   19   2023 04 14 16:33:08.858    59588.858  0.4262 85.4971  28.2198  18.00  6.544 0.236 132 126 258 182 224.33
   20   2023 04 14 17:07:57.102    61677.102  0.4599 85.7277  28.2974  10.00  6.195 0.221  57  63 120  82 337.37
   21   2023 04 14 17:08:24.419    61704.419  0.4248 85.6422  28.2065  18.00  6.942 0.295 162 168 330 209 227.69
   22   2023 04 14 17:22:17.968    62537.968  0.3642 85.4816  28.1461   8.00  6.005 0.275  96  78 174 101 266.53
   23   2023 04 14 17:45:25.062    63925.062  0.4509 85.5478  28.0116  14.00  6.051 0.316  54  60 114  68 193.62
   24   2023 04 14 17:47:37.340    64057.340  0.4613 85.4823  28.0727  16.00  6.649 0.237 153 156 309 217 220.36
   25   2023 04 14 17:53:08.453    64388.453  0.3651 85.4987  28.2334  14.00  6.686 0.249 165 156 321 216 230.85
   26   2023 04 14 17:57:06.642    64626.642  0.4118 85.4963  28.1609  14.00  6.887 0.249 192 189 381 260 235.53
   27   2023 04 14 17:58:37.032    64717.032  0.4402 85.4830  27.5745  14.00  6.573 0.282 135 129 264 174 223.02
   28   2023 04 14 18:08:08.188    65288.188  0.4824 85.4950  28.2639  18.00  6.946 0.261 186 186 372 259 229.86
   29   2023 04 14 18:08:42.797    65322.797  0.3989 85.4963  28.1609  14.00  6.477 0.277 150 156 306 208 235.53
   30   2023 04 14 18:34:47.798    66887.798  0.2418 85.5932  28.0479  14.00  6.195 0.232 108  75 183 102 191.43
   31   2023 04 14 19:01:35.581    68495.581  0.4149 85.5351  28.0561  14.00  6.121 0.236  84  93 177 112 198.86
   32   2023 04 14 19:42:03.578    70923.578  0.3976 85.5482  27.9384  14.00  5.889 0.351  24  27  51  34 182.92
   33   2023 04 14 19:45:34.742    71134.742  0.2076 85.4164  28.1698  10.00  6.245 0.211  69  78 147 100 351.86
   34   2023 04 14 20:30:24.335    73824.335  0.3934 85.4877  28.0255  14.00  6.565 0.239 153 147 300 200 209.19
   35   2023 04 14 20:33:09.725    73989.725  0.3357 85.4808  27.9238  14.00  6.328 0.253 123 129 252 193 194.01
   36   2023 04 14 20:46:14.309    74774.309  0.4098 85.6683  27.8842  16.00  6.543 0.240 117 129 246 176 301.63
   37   2023 04 14 21:23:37.268    77017.268  0.4257 85.6585  27.9640  26.00  6.180 0.244  48  39  87  49 277.97
   38   2023 04 14 21:27:13.895    77233.895  0.3151 85.6951  27.4672  10.00  5.903 0.237  24  27  51  19 314.46
   39   2023 04 14 21:30:14.190    77414.190  0.3103 85.5082  27.5759  12.00  5.662 0.201  18  21  39  29 243.17
   40   2023 04 14 21:31:00.301    77460.301  0.2763 85.4187  28.1881  10.00  5.911 0.360  15  30  45  24 355.58
   41   2023 04 14 21:32:16.090    77536.090  0.2768 85.5930  28.1969  12.00  5.731 0.211  30  39  69  32 277.73
   42   2023 04 14 21:59:19.147    79159.147  0.4310 85.6164  27.9886  16.00  6.019 0.353  60  42 102  51 344.95
   43   2023 04 14 22:43:53.886    81833.886  0.3524 85.6416  27.6025  14.00  6.179 0.262 108  96 204 126 220.27
   44   2023 04 14 22:44:31.753    81871.753  0.3388 85.6416  27.7837  14.00  6.200 0.247  99  78 177 111 193.64
   45   2023 04 14 22:51:06.487    82266.487  0.4354 85.6416  27.7837  12.00  6.353 0.254 108 123 231 162 193.49
   46   2023 04 14 23:20:26.314    84026.314  0.3617 85.5506  27.5813  12.00  6.113 0.315 108  96 204 118 216.51
   47   2023 04 14 23:53:35.678    86015.678  0.2416 85.4732  27.5949  10.00  5.906 0.227  15  18  33  20 343.75
    1   2023 04 15 00:20:21.858     1221.858  0.3196 85.6951  28.1014  10.00  6.258 0.241  33  33  66  49 352.42
    2   2023 04 15 01:10:02.870     4202.870  0.3502 85.4971  28.1292  12.00  6.281 0.243  33  39  72  37 232.17
    3   2023 04 15 01:13:04.859     4384.859  0.3943 85.4789  28.1925  14.00  6.621 0.202  72  90 162 106 279.65
    4   2023 04 15 09:46:08.996    35168.996  0.3136 85.4951  28.0108  10.00  7.045 0.254 141 156 297 214 207.85
    5   2023 04 15 09:48:34.943    35314.943  0.1985 85.4199  27.6583  10.00  6.739 0.224  48  51  99  64 351.90
    6   2023 04 15 12:10:25.538    43825.538  0.4705 85.6926  27.5171  36.00  7.916 0.208 120 102 222 141 318.16
    7   2023 04 15 13:48:50.527    49730.527  0.2500 85.5253  27.8437  12.00  6.468 0.303 105 120 225 163 165.20
    8   2023 04 15 14:45:41.506    53141.506  0.3953 85.6817  27.7348  14.00  6.084 0.127  15  15  30  20 317.41
    9   2023 04 15 15:11:10.548    54670.548  0.3681 85.5763  28.0250  14.00  6.928 0.274 165 183 348 232 183.90
   10   2023 04 15 15:57:07.131    57427.131  0.1336 85.5306  27.8921  12.00  5.944 0.224  15  24  39  23 351.65
   11   2023 04 15 18:21:06.783    66066.783  0.4356 85.5264  28.1157  10.00  6.013 0.252  15  21  36  24 228.40
   12   2023 04 15 18:28:36.452    66516.452  0.2482 85.4732  27.9120  10.00  6.170 0.258  12  27  39  19 353.34
   13   2023 04 15 18:51:42.550    67902.550  0.3944 85.5244  28.1562  14.00  6.445 0.298 150 162 312 228 208.95
   14   2023 04 15 18:52:25.234    67945.234  0.3674 85.4948  27.8405  10.00  6.165 0.289 117 126 243 156 162.30
   15   2023 04 15 18:53:23.166    68003.166  0.3155 85.4185  27.6469  10.00  6.133 0.243  21  24  45  23 355.22
   16   2023 04 15 19:13:47.827    69227.827  0.1605 85.4298  28.1293  10.00  6.101 0.247  66  75 141  97 350.93
   17   2023 04 15 19:34:40.088    70480.088  0.4088 85.6678  28.0569  16.00  6.259 0.226 111 105 216 149 320.27
   18   2023 04 15 19:58:47.468    71927.468  0.4748 85.4151  28.1014  10.00  6.216 0.238  63  72 135  70 346.21
   19   2023 04 15 20:04:21.242    72261.242  0.1761 85.6164  27.5355  12.00  5.846 0.273  30  21  51  29 317.42
   20   2023 04 15 20:08:25.565    72505.565  0.3932 85.6564  28.0339   6.00  5.859 0.276  24  21  45  33 220.31
   21   2023 04 15 20:09:38.025    72578.025  0.3041 85.4199  27.6583  10.00  6.068 0.227  63  54 117  69 347.14
   22   2023 04 15 20:10:53.393    72653.393  0.3237 85.5688  27.9281  12.00  5.947 0.228  84  81 165 106  75.30
   23   2023 04 15 20:39:40.427    74380.427  0.4876 85.6298  27.7216  16.00  6.312 0.323 132 138 270 163 197.84
   24   2023 04 15 21:10:18.730    76218.730  0.4676 85.4698  28.1746   8.00  5.711 0.270  12  18  30  19 356.35
   25   2023 04 15 21:16:39.849    76599.849  0.3612 85.4930  28.1716  12.00  5.846 0.327  21  27  48  27 346.79
   26   2023 04 15 22:45:12.210    81912.210  0.4494 85.6787  28.1926  14.00  5.863 0.201  18  12  30  17 297.52
   27   2023 04 15 22:48:01.667    82081.667  0.3869 85.5208  27.9692  16.00  6.061 0.251  48  57 105  64 300.64
   28   2023 04 15 23:20:28.107    84028.107  0.3656 85.4838  27.9097  16.00  6.054 0.220  57  39  96  65 177.30
   29   2023 04 15 23:21:26.742    84086.742  0.4187 85.4150  27.9921  12.00  6.156 0.285  60  48 108  67 349.67
   30   2023 04 15 23:22:00.994    84120.994  0.4197 85.6594  27.5945  14.00  6.214 0.320  75  90 165 112 250.58
   31   2023 04 15 23:23:56.668    84236.668  0.3535 85.4888  27.9734  12.00  5.818 0.349  15  21  36  19 351.43
    1   2023 04 16 00:12:07.598      727.598  0.4834 85.6387  27.7849  20.00  6.593 0.369  12  21  33  20 221.08
    2   2023 04 16 02:39:58.474     9598.474  0.4174 85.4999  27.7489  12.00  6.345 0.317  18  15  33  24 351.44
    3   2023 04 16 04:54:10.721    17650.721  0.2477 85.4022  27.7988  10.00  6.548 0.282  27  15  42  22 354.72
    4   2023 04 16 04:56:03.278    17763.278  0.4928 85.6486  28.2108   6.00  6.417 0.553  12  12  24  20 350.35
    5   2023 04 16 05:55:07.086    21307.086  0.3318 85.5238  27.7738  10.00  6.725 0.309  90  87 177 121 185.93
    6   2023 04 16 09:05:11.855    32711.855  0.3735 85.4789  27.6488   6.00  6.819 0.330  12  15  27  18 348.85
    7   2023 04 16 10:48:36.798    38916.798  0.2574 85.7326  28.1514  12.00  7.024 0.259  45  30  75  34 344.63
    8   2023 04 16 13:20:24.990    48024.990  0.4650 85.7286  28.2108  14.00  6.740 0.241  36  39  75  55 351.33
    9   2023 04 16 13:21:55.792    48115.792  0.2143 85.7293  28.2559  10.00  6.650 0.268  45  36  81  38 340.52
   10   2023 04 16 13:58:33.779    50313.779  0.1694 85.4853  28.2061  10.00  6.399 0.277  21  21  42  25 349.12
   11   2023 04 16 14:54:29.455    53669.455  0.2600 85.6438  28.2268   8.00  6.005 0.154  21  18  39  24 344.48
   12   2023 04 16 15:00:09.331    54009.331  0.4825 85.6883  28.1245  18.00  6.554 0.270  99 111 210 137 313.89
   13   2023 04 16 15:22:36.560    55356.560  0.2987 85.5751  27.8296  12.00  6.524 0.269 138 150 288 198 170.56
   14   2023 04 16 15:46:35.877    56795.877  0.4670 85.4150  28.2639  12.00  6.170 0.250  24  33  57  35 342.02
   15   2023 04 16 16:05:41.148    57941.148  0.1863 85.6086  27.7125  10.00  6.023 0.217  39  36  75  25 232.41
   16   2023 04 16 16:36:15.385    59775.385  0.2141 85.6187  28.0521  10.00  5.655 0.241  24  12  36  19 344.99
   17   2023 04 16 16:51:34.242    60694.242  0.3417 85.6126  27.6530  12.00  6.794 0.315 192 174 366 256 200.51
   18   2023 04 16 16:52:07.712    60727.712  0.1332 85.5683  27.7621  10.00  5.867 0.291  36  42  78  54 227.42
   19   2023 04 16 17:03:56.608    61436.608  0.4954 85.6631  27.7093  16.00  6.844 0.242 132 159 291 207 276.46
   20   2023 04 16 17:04:50.754    61490.754  0.3999 85.7187  27.6037  12.00  6.238 0.221  54  63 117  80 341.05
   21   2023 04 16 17:06:53.926    61613.926  0.3763 85.6093  27.6670  12.00  6.307 0.255  93 105 198 141 203.39
   22   2023 04 16 17:07:20.783    61640.783  0.4184 85.6597  27.8375  14.00  6.228 0.320  57  66 123  70 187.82
   23   2023 04 16 17:19:26.429    62366.429  0.4449 85.6761  27.9616  16.00  7.401 0.236 201 195 396 301 339.84
   24   2023 04 16 17:19:33.075    62373.075  0.3536 85.6684  27.6528  10.00  7.147 0.273 111 162 273 139 342.84
   25   2023 04 16 17:25:49.355    62749.355  0.4452 85.7532  27.5043  10.00  6.127 0.283  21  24  45  28 349.07
   26   2023 04 16 17:32:33.517    63153.517  0.2803 85.5561  28.0975  10.00  6.171 0.283 114  96 210 152 201.80
   27   2023 04 16 17:51:01.448    64261.448  0.2990 85.6684  27.5307  10.00  6.400 0.289 147 129 276 189 268.27
   28   2023 04 16 17:56:23.521    64583.521  0.3509 85.4150  27.7203  12.00  6.259 0.217  66  93 159 102 349.71
   29   2023 04 16 18:31:59.933    66719.933  0.3298 85.5877  27.7724  12.00  6.279 0.290 114 102 216 137 184.31
   30   2023 04 16 18:35:01.130    66901.130  0.3470 85.6951  28.0561   8.00  6.218 0.252  72  81 153  98 330.74
   31   2023 04 16 18:47:14.165    67634.165  0.4560 85.4038  27.5925  14.00  6.073 0.209  18  27  45  23 348.41
   32   2023 04 16 18:51:57.842    67917.842  0.3902 85.6611  27.9824  14.00  6.623 0.297 147 162 309 232 157.47
   33   2023 04 16 19:07:49.844    68869.844  0.2991 85.6488  27.6109  14.00  5.930 0.243  21  21  42  24 344.60
   34   2023 04 16 19:13:42.044    69222.044  0.2314 85.6392  28.1926  12.00  5.856 0.346  36  33  69  44 344.60
   35   2023 04 16 19:16:48.990    69408.990  0.2541 85.6698  28.1746  10.00  6.129 0.229  84  84 168  92 270.78
   36   2023 04 16 19:39:26.482    70766.482  0.3010 85.5229  28.0927  10.00  5.908 0.403  57  54 111  68 322.98
   37   2023 04 16 19:55:06.047    71706.047  0.3725 85.5693  27.8482  12.00  6.907 0.323 216 207 423 318 150.44
   38   2023 04 16 20:18:09.757    73089.757  0.3333 85.6684  27.8478  12.00  6.201 0.298  75  90 165  98 206.14
   39   2023 04 16 20:21:40.098    73300.098  0.4415 85.7077  27.5006  12.00  6.061 0.239  42  54  96  69 329.33
   40   2023 04 16 21:08:40.182    76120.182  0.4577 85.5906  28.0796  12.00  6.617 0.250 168 177 345 247 192.16
   41   2023 04 16 21:16:49.822    76609.822  0.4470 85.4677  27.9083  22.00  6.404 0.243  90  96 186 119 336.99
   42   2023 04 16 21:25:47.018    77147.018  0.3906 85.6308  28.1430  14.00  6.423 0.291 138 144 282 204 207.87
   43   2023 04 16 21:27:56.756    77276.756  0.3101 85.5884  27.8931  12.00  6.271 0.283 144 132 276 193 128.29
   44   2023 04 16 21:45:28.983    78328.983  0.3582 85.6568  28.2370  12.00  5.841 0.256  18  21  39  30 351.25
   45   2023 04 16 22:01:25.187    79285.187  0.4623 85.6706  28.1702  10.00  5.976 0.319  30  33  63  38 353.91
   46   2023 04 16 22:12:42.844    79962.844  0.3542 85.6151  28.1014  12.00  5.719 0.315  24  36  60  39 209.32
   47   2023 04 16 22:27:27.001    80847.001  0.2394 85.5592  27.9661  12.00  5.786 0.167  18  15  33  25 323.62
   48   2023 04 16 22:39:04.578    81544.578  0.2714 85.5478  27.9210  12.00  5.956 0.275  87  57 144  76  94.63
    1   2023 04 17 00:36:13.711     2173.711  0.4386 85.5078  28.0116  14.00  6.712 0.240  57  75 132  80 293.40
    2   2023 04 17 01:18:21.671     4701.671  0.3772 85.7106  27.5813  10.00  6.428 0.261  48  24  72  38 335.93
    3   2023 04 17 01:33:18.912     5598.912  0.3497 85.6853  28.2061   6.00  6.524 0.275  75  39 114  57 303.56
    4   2023 04 17 01:43:47.094     6227.094  0.4778 85.7293  27.8029  14.00  6.505 0.400  48  57 105  58 351.08
    5   2023 04 17 02:33:40.735     9220.735  0.3990 85.4171  28.2198  10.00  6.682 0.332  42  42  84  51 342.42
    6   2023 04 17 04:47:36.152    17256.152  0.3518 85.4187  28.0975  12.00  6.855 0.249  75  81 156 100 332.59
    7   2023 04 17 07:50:04.855    28204.855  0.3531 85.4950  28.2186  12.00  6.541 0.215  18  36  54  27 329.20
    8   2023 04 17 07:51:12.857    28272.857  0.3893 85.5130  28.2875  12.00  6.612 0.593  15  33  48  22 253.00
    9   2023 04 17 07:57:43.053    28663.053  0.3129 85.6551  27.5125  14.00  6.978 0.285  18  33  51  26 339.51
   10   2023 04 17 09:35:43.786    34543.786  0.2604 85.6416  27.7837  12.00  6.649 0.377  36  39  75  51 196.78
   11   2023 04 17 09:50:57.558    35457.558  0.2986 85.4808  28.1957  12.00  6.677 0.188  21  15  36  19 331.32
   12   2023 04 17 11:34:13.559    41653.559  0.3356 85.4951  28.0108  10.00  6.429 0.306  36  27  63  40 321.23
   13   2023 04 17 12:41:34.746    45694.746  0.4784 85.4864  27.6174  18.00  6.822 0.340  54  54 108  49 337.96
   14   2023 04 17 13:36:49.963    49009.963  0.3394 85.7283  28.1245  14.00  6.333 0.264  21  24  45  28 355.59
   15   2023 04 17 13:57:13.349    50233.349  0.2000 85.4930  28.1716  10.00  6.499 0.222  48  45  93  57 342.27
   16   2023 04 17 14:13:39.070    51219.070  0.4680 85.4730  27.7891  36.00  7.443 0.249  96  81 177  68 347.71
   17   2023 04 17 14:15:43.073    51343.073  0.4283 85.5638  28.0003  16.00  7.063 0.307 168 159 327 225 174.50
   18   2023 04 17 14:20:47.141    51647.141  0.3590 85.5106  28.1249  16.00  6.391 0.294  48  54 102  58 338.29
   19   2023 04 17 14:24:53.732    51893.732  0.2015 85.4817  28.0519  12.00  6.234 0.236  33  27  60  36 354.22
   20   2023 04 17 14:37:01.645    52621.645  0.3202 85.5878  27.9663  14.00  6.449 0.232 108 123 231 172 166.51
   21   2023 04 17 15:00:12.304    54012.304  0.4202 85.5264  27.9345  16.00  6.827 0.313 165 165 330 257 148.22
   22   2023 04 17 15:27:28.104    55648.104  0.4174 85.4951  27.7843  12.00  6.300 0.246  90  99 189 123 203.27
   23   2023 04 17 15:38:21.174    56301.174  0.4543 85.4093  28.2559  12.00  6.139 0.266  24  24  48  29 356.33
   24   2023 04 17 15:45:39.449    56739.449  0.2263 85.5498  27.5404  10.00  6.018 0.252  75  78 153 112 272.24
   25   2023 04 17 16:29:19.114    59359.114  0.3452 85.6677  28.1348  10.00  6.193 0.287  78  93 171 117 262.80
   26   2023 04 17 17:10:03.062    61803.062  0.2771 85.5532  27.7308  12.00  5.900 0.249  66  57 123  72 191.74
   27   2023 04 17 17:20:24.996    62424.996  0.3620 85.5730  27.5826  10.00  6.800 0.294 210 201 411 294 201.66
   28   2023 04 17 17:42:20.576    63740.576  0.4858 85.7106  27.8531  22.00  6.350 0.206  33  30  63  38 349.68
   29   2023 04 17 18:19:15.890    65955.890  0.1971 85.4930  28.0357  10.00  6.051 0.281  48  39  87  46 343.62
   30   2023 04 17 18:34:02.784    66842.784  0.1110 85.6706  28.1702  12.00  5.987 0.201  12  45  57  17 353.95
   31   2023 04 17 18:41:16.247    67276.247  0.4507 85.5751  27.8296  18.00  6.299 0.230  54  87 141  84 180.87
   32   2023 04 17 18:56:39.795    68199.795  0.4683 85.6506  27.8468  24.00  6.422 0.233 114 114 228 161 220.94
   33   2023 04 17 19:41:09.126    70869.126  0.4419 85.5082  27.4853  12.00  5.856 0.304  27  27  54  40 253.80
   34   2023 04 17 20:09:50.180    72590.180  0.3714 85.6078  27.4581  10.00  6.660 0.277 210 198 408 297 216.67
   35   2023 04 17 20:19:37.656    73177.656  0.3856 85.6787  28.0567  10.00  6.187 0.240  27  15  42  19 297.61
   36   2023 04 17 21:32:39.559    77559.559  0.2790 85.6844  28.2015   8.00  6.014 0.261  27  27  54  30 354.84
   37   2023 04 17 21:47:33.846    78453.846  0.2264 85.5264  28.2063  10.00  6.011 0.287  69  72 141  88 314.37
   38   2023 04 17 21:57:29.251    79049.251  0.2957 85.6038  28.0909  10.00  5.851 0.344  72  60 132  88 204.84
   39   2023 04 17 22:06:50.954    79610.954  0.4195 85.6838  28.0003   8.00  5.881 0.442  24  18  42  25 355.30
   40   2023 04 17 22:39:38.955    81578.955  0.3252 85.4950  27.7656  10.00  6.186 0.299 132 129 261 173 213.26
   41   2023 04 17 23:20:48.058    84048.058  0.3510 85.4838  27.7738  12.00  5.969 0.366  21  27  48  25 189.52
    1   2023 04 18 00:32:50.527     1970.527  0.3799 85.7616  27.5572  18.00  6.713 0.182  36  48  84  45 350.40
    2   2023 04 18 00:42:35.887     2555.887  0.1842 85.6708  27.5088  10.00  6.113 0.187  36  21  57  23 346.09
    3   2023 04 18 01:08:53.079     4133.079  0.3294 85.4985  27.7828  12.00  6.429 0.220  51  66 117  80 187.68
    4   2023 04 18 01:34:29.576     5669.576  0.3586 85.5693  27.7576  12.00  7.557 0.305 207 192 399 294 185.07
    5   2023 04 18 02:54:26.324    10466.324  0.4281 85.7286  27.9390  14.00  6.667 0.252  66  30  96  48 352.93
    6   2023 04 18 05:14:59.568    18899.568  0.2947 85.4813  27.7439  10.00  6.292 0.279  21  18  39  23 349.94
    7   2023 04 18 09:06:56.459    32816.459  0.2128 85.6397  28.2995  14.00  6.857 0.240  54  60 114  78 239.69
    8   2023 04 18 13:21:45.541    48105.541  0.2881 85.6877  27.6631   8.00  6.591 0.258  75  66 141  93 316.95
    9   2023 04 18 13:31:53.091    48713.091  0.3301 85.4930  27.9451  10.00  6.582 0.310  81  75 156  84 328.45
   10   2023 04 18 14:20:28.922    51628.922  0.3511 85.5238  28.1789  40.00  7.764 0.207  69  72 141 102 321.60
   11   2023 04 18 15:33:21.436    56001.436  0.3695 85.6930  27.5373  12.00  6.227 0.281  51  57 108  63 315.38
   12   2023 04 18 17:01:16.268    61276.268  0.4035 85.4792  27.8755  16.00  6.312 0.253  72  90 162 105 323.46
   13   2023 04 18 17:37:42.083    63462.083  0.3260 85.5106  27.9890  14.00  6.492 0.291 126 120 246 168 207.47
   14   2023 04 18 17:49:32.459    64172.459  0.3856 85.4150  28.2639  10.00  6.218 0.322  18  27  45  30 350.93
   15   2023 04 18 18:03:58.277    65038.277  0.3547 85.4682  27.8025  12.00  6.050 0.435  15  24  39  23 354.03
   16   2023 04 18 18:04:08.438    65048.438  0.1848 85.5192  28.1926   8.00  5.883 0.323  12  21  33  20 300.24
   17   2023 04 18 18:05:24.523    65124.523  0.4063 85.5011  28.0731  16.00  8.117 0.256 222 222 444 323 208.06
   18   2023 04 18 18:33:59.645    66839.645  0.3358 85.5481  28.1793  12.00  6.493 0.259 144 168 312 211 213.85
   19   2023 04 18 18:46:43.842    67603.842  0.4067 85.6383  27.7657  10.00  6.701 0.318 198 213 411 304 194.43
   20   2023 04 18 19:38:40.166    70720.166  0.2742 85.5608  27.9238  10.00  5.953 0.303  87  93 180 112 126.58
   21   2023 04 18 19:39:49.994    70789.994  0.3551 85.6568  27.9199  22.00  6.094 0.216  36  48  84  54 351.51
   22   2023 04 18 20:18:59.493    73139.493  0.3318 85.4708  28.0524  24.00  6.145 0.155  24  27  51  32 238.24
   23   2023 04 18 20:20:58.312    73258.312  0.4617 85.6681  27.9075   8.00  6.058 0.277  63  81 144  77 192.35
   24   2023 04 18 20:24:33.528    73473.528  0.4464 85.6698  27.9028  16.00  6.590 0.292 135 156 291 205 177.40
   25   2023 04 18 20:25:56.624    73556.624  0.4296 85.6702  27.8483  16.00  6.759 0.256 171 177 348 253 217.73
   26   2023 04 18 20:27:39.370    73659.370  0.4012 85.7293  27.6217  12.00  6.109 0.259  27  33  60  38 345.64
   27   2023 04 18 20:37:43.698    74263.698  0.3865 85.6987  27.5991  18.00  6.410 0.241  48  60 108  69 351.72
   28   2023 04 18 21:01:22.589    75682.589  0.2729 85.4083  27.6262   8.00  5.894 0.252  27  24  51  32 355.76
   29   2023 04 18 21:15:25.581    76525.581  0.3531 85.5877  28.0442  12.00  6.107 0.251 126 123 249 174 191.52
   30   2023 04 18 21:24:58.217    77098.217  0.2695 85.5238  27.8165  14.00  6.479 0.299 156 171 327 226 171.45
   31   2023 04 18 21:34:44.784    77684.784  0.1580 85.4086  28.2108  10.00  5.967 0.194  30  24  54  29 352.01
   32   2023 04 18 22:04:18.250    79458.250  0.4925 85.6083  28.2151  40.00  6.488 0.221  75  21  96  20 221.12
   33   2023 04 18 22:15:11.986    80111.986  0.2302 85.6171  28.0839  10.00  5.785 0.223  51  42  93  51 337.33
   34   2023 04 18 22:29:23.066    80963.066  0.3139 85.4883  27.8527  10.00  6.186 0.314 126 141 267 186 134.87
   35   2023 04 18 22:34:42.852    81282.852  0.1832 85.4185  28.2358  10.00  6.103 0.160  33  33  66  40 350.54
   36   2023 04 18 22:34:57.430    81297.430  0.2548 85.5686  27.6218  10.00  5.733 0.263  72  72 144  86 229.25
   37   2023 04 18 23:06:58.645    83218.645  0.3233 85.5482  27.9384  12.00  6.398 0.273 153 156 309 232 127.22
   38   2023 04 18 23:35:28.001    84928.001  0.3634 85.4164  28.1698  12.00  6.149 0.283  24  30  54  32 351.78
   39   2023 04 18 23:46:23.552    85583.552  0.1378 85.5477  28.0895  10.00  6.024 0.182  48  39  87  54 208.29
    1   2023 04 19 00:14:48.637      888.637  0.4052 85.5277  28.0708  10.00  6.566 0.293 117 126 243 170 202.19
    2   2023 04 19 01:29:14.321     5354.321  0.2269 85.6853  27.5718  10.00  6.443 0.244  84  54 138  84 346.46
    3   2023 04 19 01:35:15.997     5715.997  0.2425 85.4950  27.7656  12.00  6.636 0.272 108 117 225 159 341.85
    4   2023 04 19 04:57:17.426    17837.426  0.4210 85.6593  28.1797  14.00  6.443 0.231  15  18  33  22 246.71
    5   2023 04 19 04:59:54.897    17994.897  0.2055 85.7108  28.1430  10.00  6.741 0.231  45  42  87  50 337.07
    6   2023 04 19 05:04:41.071    18281.071  0.1535 85.4678  27.6491   8.00  6.334 0.172  15  12  27  20 349.78
    7   2023 04 19 05:06:43.211    18403.211  0.4055 85.5306  27.5297  10.00  6.411 0.274  57  51 108  79 272.83
    8   2023 04 19 05:15:43.600    18943.600  0.2744 85.6281  28.1793  12.00  6.453 0.218  60  51 111  74 335.34
    9   2023 04 19 05:17:33.323    19053.323  0.2440 85.5350  28.0827  12.00  6.201 0.193  36  27  63  43 230.74
   10   2023 04 19 05:19:33.989    19173.989  0.3650 85.5781  28.1157  12.00  7.551 0.247 192 201 393 288 196.11
   11   2023 04 19 14:15:13.246    51313.246  0.4934 85.4838  27.7738  16.00  6.245 0.257  24  30  54  25 349.34
   12   2023 04 19 15:35:00.165    56100.165  0.2765 85.5908  28.0977  14.00  7.417 0.269 207 204 411 313 194.20
   13   2023 04 19 17:15:46.941    62146.941  0.3027 85.5961  27.9616  14.00  6.160 0.286 105  93 198 135 178.32
   14   2023 04 19 18:06:19.497    65179.497  0.2488 85.4906  27.5297  10.00  5.964 0.350  27  30  57  35 326.31
   15   2023 04 19 18:07:51.625    65271.625  0.3247 85.4150  27.7656  14.00  6.545 0.252 105 108 213 154 352.42
   16   2023 04 19 18:23:38.586    66218.586  0.4329 85.4906  27.5297  14.00  6.206 0.278  66  78 144  87 309.08
   17   2023 04 19 18:38:33.112    67113.112  0.4361 85.5011  27.8918  16.00  6.489 0.252 123 153 276 188 145.03
   18   2023 04 19 18:39:00.776    67140.776  0.3007 85.4930  28.1699  12.00  6.125 0.393  54  57 111  67 268.31
   19   2023 04 19 18:47:29.497    67649.497  0.3715 85.4926  27.5171  10.00  6.323 0.253 120 135 255 175 224.61
   20   2023 04 19 18:48:40.541    67720.541  0.3291 85.4994  28.0929  14.00  6.829 0.219 186 207 393 271 211.11
   21   2023 04 19 18:49:26.064    67766.064  0.3668 85.5077  28.1348  16.00  6.315 0.250  72 108 180 100 221.36
   22   2023 04 19 19:05:32.323    68732.323  0.4266 85.4951  28.0108  12.00  5.859 0.210  24  21  45  30 214.91
   23   2023 04 19 19:05:40.937    68740.937  0.4007 85.4708  28.0524  14.00  6.086 0.278  42  45  87  57 308.83
   24   2023 04 19 19:16:44.293    69404.293  0.3911 85.4008  27.6520  12.00  6.046 0.193  33  33  66  48 350.60
   25   2023 04 19 19:22:48.748    69768.748  0.3117 85.4951  28.0561  12.00  5.953 0.299  72  75 147 100 220.35
   26   2023 04 19 19:28:15.279    70095.279  0.3519 85.4951  27.4672  10.00  5.977 0.304  60  63 123  86 264.72
   27   2023 04 19 19:30:38.133    70238.133  0.3282 85.4985  28.0546  14.00  7.075 0.240 219 222 441 319 207.20
   28   2023 04 19 19:32:48.512    70368.512  0.3283 85.4888  28.0640  10.00  6.013 0.293  81  87 168  95 236.04
   29   2023 04 19 19:38:01.623    70681.623  0.3292 85.4789  28.2831  10.00  6.058 0.355  63  75 138  95 283.07
   30   2023 04 19 19:39:34.083    70774.083  0.3090 85.4597  28.0640  12.00  6.026 0.275  72  75 147  96 328.79
   31   2023 04 19 19:49:33.073    71373.073  0.3487 85.5688  27.9281  12.00  5.970 0.283  81 102 183 123 113.89
   32   2023 04 19 19:55:08.792    71708.792  0.4629 85.7387  28.2334  18.00  6.494 0.253  33  42  75  31 350.78
   33   2023 04 19 20:18:53.601    73133.601  0.2805 85.5677  27.8896  12.00  7.156 0.278 231 219 450 362  29.91
   34   2023 04 19 20:24:08.288    73448.288  0.3257 85.4968  28.0105  14.00  7.377 0.232 222 225 447 317 201.02
   35   2023 04 19 20:27:03.116    73623.116  0.2443 85.4187  27.9162  12.00  5.996 0.228  48  51  99  66 351.68
   36   2023 04 19 20:37:47.822    74267.822  0.4370 85.6684  27.8931  22.00  6.260 0.298  69  93 162  90 304.15
   37   2023 04 19 20:39:34.337    74374.337  0.3484 85.4951  27.9202  14.00  6.588 0.287 165 177 342 258 174.27
   38   2023 04 19 20:40:55.844    74455.844  0.3246 85.4151  27.5125  12.00  6.017 0.290  42  33  75  40 348.94
   39   2023 04 19 21:20:36.738    76836.738  0.4304 85.4150  28.2639  16.00  6.265 0.256  54  81 135  71 341.98
   40   2023 04 19 21:27:03.843    77223.843  0.1900 85.6530  27.6733   8.00  5.835 0.248  18  18  36  22 223.43
   41   2023 04 19 21:46:59.654    78419.654  0.3067 85.4971  27.9027  14.00  7.322 0.242 225 219 444 329 161.12
   42   2023 04 19 23:42:24.270    85344.270  0.3105 85.4151  27.4672  12.00  6.271 0.281  36  48  84  48 342.12
   43   2023 04 19 23:48:42.572    85722.572  0.4398 85.6150  27.9468  24.00  6.984 0.227 168 135 303 197 207.08
   44   2023 04 19 23:49:48.289    85788.289  0.4480 85.7484  28.1197  20.00  6.531 0.314  33  39  72  37 354.44
    1   2023 04 20 00:12:14.189      734.189  0.2401 85.5706  27.8468  12.00  6.684 0.301 135 120 255 165 172.49
    2   2023 04 20 00:46:30.697     2790.697  0.2033 85.6993  28.1797  10.00  6.220 0.205  45  33  78  47 355.68
    3   2023 04 20 00:55:10.828     3310.828  0.2979 85.4951  28.0108  12.00  6.147 0.307  27  42  69  40 321.93
    4   2023 04 20 11:01:27.389    39687.389  0.2909 85.5992  27.7849   8.00  6.322 0.219  15  15  30  20 286.97
    5   2023 04 20 12:56:07.188    46567.188  0.2901 85.4813  27.9251  12.00  6.530 0.323  36  39  75  44 192.96
    6   2023 04 20 13:47:52.254    49672.254  0.4047 85.6813  28.1063   4.00  6.824 0.140  21  12  33  18 359.49
    7   2023 04 20 15:54:51.133    57291.133  0.2004 85.4808  28.1504  10.00  6.000 0.205  15  15  30  25 353.76
    8   2023 04 20 16:14:12.924    58452.924  0.3752 85.5781  28.1157   6.00  6.556 0.284 174 174 348 250 210.80
    9   2023 04 20 16:27:58.324    59278.324  0.3581 85.6677  27.5006  12.00  6.186 0.203  30  24  54  30 342.58
   10   2023 04 20 16:58:27.926    61107.926  0.3698 85.6392  27.6943  16.00  6.153 0.176  63  63 126  93 211.02
   11   2023 04 20 17:05:31.794    61531.794  0.4399 85.4064  28.2516   6.00  6.298 0.288  27  27  54  30 356.25
   12   2023 04 20 17:28:11.604    62891.604  0.2878 85.4550  27.7656  12.00  5.855 0.197  18  15  33  20 354.31
   13   2023 04 20 17:36:45.742    63405.742  0.2102 85.6971  28.2198  10.00  6.079 0.312  30  42  72  40 354.72
   14   2023 04 20 17:52:08.762    64328.762  0.2604 85.6088  27.7469  10.00  6.162 0.340  87 105 192 135 191.63
   15   2023 04 20 17:54:55.786    64495.786  0.3449 85.4951  27.9655  14.00  6.606 0.260 141 168 309 213 193.12
   16   2023 04 20 18:47:22.807    67642.807  0.0975 85.4053  27.5718  10.00  6.156 0.224  18  24  42  24 355.54
   17   2023 04 20 19:24:32.062    69872.062  0.3464 85.5431  27.8905  12.00  6.019 0.306  99  99 198 130 107.12
   18   2023 04 20 19:47:01.718    71221.718  0.4093 85.6561  28.0564  18.00  6.279 0.265 114 105 219 134 223.07
   19   2023 04 20 20:07:44.582    72464.582  0.2851 85.6029  28.0474  10.00  5.680 0.188  27  30  57  25 197.75
   20   2023 04 20 20:14:45.908    72885.908  0.3861 85.4732  27.5949   8.00  5.700 0.225  15  24  39  23 350.36
   21   2023 04 20 20:22:20.034    73340.034  0.4831 85.6698  28.1746   6.00  6.044 0.364  75  69 144  95 350.40
   22   2023 04 20 20:29:51.882    73791.882  0.3255 85.4164  27.5355  12.00  5.911 0.323  24  33  57  39 343.75
   23   2023 04 20 20:55:44.942    75344.942  0.2857 85.6682  27.9384   8.00  5.836 0.378  42  45  87  44 353.53
   24   2023 04 20 20:56:17.566    75377.566  0.2825 85.5906  27.7625  10.00  5.783 0.270  57  54 111  63 188.65
   25   2023 04 20 20:57:10.664    75430.664  0.3998 85.6563  27.9797  12.00  7.192 0.240 213 213 426 318 173.61
   26   2023 04 20 21:16:26.616    76586.616  0.2697 85.6077  28.0708  12.00  6.575 0.303 195 192 387 286 191.05
   27   2023 04 20 21:22:44.684    76964.684  0.4990 85.6829  27.9568  16.00  6.082 0.272  66  60 126  92 328.56
   28   2023 04 20 21:24:47.328    77087.328  0.3971 85.6392  27.7849  14.00  6.054 0.219  54  48 102  68 191.30
   29   2023 04 20 21:35:15.747    77715.747  0.4802 85.6615  27.7539  16.00  6.227 0.213  63  75 138  90 283.89
   30   2023 04 20 21:40:15.984    78015.984  0.3626 85.4698  27.5857   8.00  5.750 0.198  24  24  48  35 324.65
    1   2023 04 21 05:35:37.093    20137.093  0.4981 85.4870  28.2649  10.00  6.511 0.356  24  33  57  30 315.68
    2   2023 04 21 06:30:05.539    23405.539  0.4957 85.6013  27.7439  12.00  6.430 0.292  18  18  36  18 207.69
    3   2023 04 21 07:51:29.410    28289.410  0.3712 85.5675  27.6648  12.00  7.995 0.299 225 219 444 335 194.89
    4   2023 04 21 14:19:56.633    51596.633  0.3707 85.5025  28.2017  14.00  6.757 0.279 126 141 267 195 232.32
    5   2023 04 21 14:26:43.322    52003.322  0.4649 85.6987  27.5991  18.00  6.684 0.299  78  90 168 117 327.81
    6   2023 04 21 15:10:11.267    54611.267  0.1740 85.6964  27.9886  10.00  6.143 0.176  39  45  84  54 342.17
    7   2023 04 21 15:18:58.548    55138.548  0.3925 85.4930  27.9451  12.00  6.106 0.331  12  15  27  18 353.03
    8   2023 04 21 16:09:42.484    58182.484  0.3648 85.5506  28.1702   6.00  6.444 0.258 150 153 303 219 216.66
    9   2023 04 21 16:36:50.883    59810.883  0.4063 85.7132  27.6855  14.00  6.490 0.249  87 117 204 135 340.92
   10   2023 04 21 17:52:06.022    64326.022  0.4808 85.7031  27.7999  20.00  6.348 0.227  60  54 114  78 341.23
   11   2023 04 21 18:39:34.509    67174.509  0.4087 85.5431  28.1623   6.00  6.106 0.291 150 153 303 203 212.21
   12   2023 04 21 18:48:07.437    67687.437  0.3761 85.6792  27.7849  24.00  6.081 0.269  33  15  48  23 318.97
   13   2023 04 21 19:06:53.841    68813.841  0.2197 85.5478  27.6491  12.00  5.899 0.319  33  24  57  39 266.31
   14   2023 04 21 19:13:39.261    69219.261  0.3351 85.4171  27.6762  12.00  6.065 0.222  45  48  93  55 348.50
   15   2023 04 21 19:18:16.098    69496.098  0.2310 85.6277  28.0895  12.00  6.291 0.233 114 111 225 165 200.05
   16   2023 04 21 19:46:55.544    71215.544  0.3138 85.6681  27.5450  10.00  6.175 0.266  99 111 210 150 266.71
   17   2023 04 21 20:34:28.818    74068.818  0.2213 85.6951  28.1014  10.00  6.271 0.246  45  54  99  48 328.67
   18   2023 04 21 20:36:25.778    74185.778  0.3039 85.6464  27.6174  10.00  6.274 0.237 129 132 261 178 222.74
   19   2023 04 21 20:37:55.421    74275.421  0.3710 85.5617  28.0519  12.00  6.443 0.289 138 168 306 208 191.29
   20   2023 04 21 20:39:32.166    74372.166  0.2391 85.5877  27.8630  10.00  5.772 0.262  57  60 117  85 164.55
   21   2023 04 21 20:40:39.459    74439.459  0.3243 85.5992  27.9208  10.00  6.334 0.301 150 162 312 236 112.33
   22   2023 04 21 21:38:25.858    77905.858  0.1777 85.7106  27.9890   8.00  5.894 0.283  33  24  57  40 356.89
   23   2023 04 21 21:42:53.883    78173.883  0.3183 85.4164  27.5355  10.00  5.863 0.202  48  63 111  75 343.75
   24   2023 04 21 21:50:33.627    78633.627  0.1718 85.4930  27.7639  10.00  5.941 0.324  69  72 141  99 319.09
   25   2023 04 21 22:29:45.337    80985.337  0.3063 85.6197  28.1546  14.00  6.969 0.273 180 207 387 275 204.66
   26   2023 04 21 23:11:13.094    83473.094  0.3720 85.4193  27.7267  12.00  5.990 0.170  48  48  96  64 350.11
   27   2023 04 21 23:11:40.524    83500.524  0.3279 85.4150  27.6297  12.00  6.322 0.238  90  96 186 137 347.25
    1   2023 04 22 00:52:31.970     3151.970  0.2028 85.5930  27.6532  12.00  6.033 0.290  45  18  63  22 267.31
    2   2023 04 22 01:22:28.227     4948.227  0.4450 85.4877  28.1161  18.00  6.627 0.275  21  21  42  35 357.81
    3   2023 04 22 03:03:11.113    10991.113  0.4049 85.5238  27.5925  14.00  6.364 0.244  48  30  78  48 317.56
    4   2023 04 22 03:03:27.328    11007.328  0.4020 85.4817  27.6442  14.00  6.668 0.243  81  72 153  92 216.06
    5   2023 04 22 04:38:52.710    16732.710  0.3962 85.7478  27.5132  12.00  6.686 0.349  18  36  54  30 345.75
    6   2023 04 22 06:36:21.846    23781.846  0.2050 85.6838  28.0003  10.00  6.688 0.202  39  45  84  57 354.99
    7   2023 04 22 06:52:37.606    24757.606  0.3473 85.5736  28.1618  10.00  6.774 0.274  63  78 141  89 217.38
    8   2023 04 22 07:54:53.770    28493.770  0.3374 85.5978  27.9861  16.00  7.341 0.255 147 153 300 210 177.54
    9   2023 04 22 11:02:42.391    39762.391  0.3320 85.5706  28.0733  10.00  7.008 0.262  87 120 207 136 192.89
   10   2023 04 22 15:14:49.761    54889.761  0.4241 85.6721  27.7305   8.00  6.518 0.266  87  90 177 112 272.64
   11   2023 04 22 16:29:24.637    59364.637  0.4310 85.6106  27.8015  18.00  6.412 0.223  84  93 177 120 192.50
   12   2023 04 22 16:57:04.407    61024.407  0.3305 85.4761  28.0975  16.00  6.212 0.253  24  45  69  35 334.94
   13   2023 04 22 17:01:41.041    61301.041  0.3132 85.5930  28.0610  12.00  5.997 0.210  39  57  96  54 249.87
   14   2023 04 22 18:03:21.827    65001.827  0.1281 85.4883  28.1245  10.00  6.067 0.192  39  36  75  42 349.13
   15   2023 04 22 18:20:58.364    66058.364  0.3357 85.6053  28.1155  10.00  6.065 0.222  69  66 135  87 205.68
   16   2023 04 22 19:21:35.871    69695.871  0.1425 85.4308  27.5088  10.00  6.174 0.304  24  27  51  35 353.95
   17   2023 04 22 19:22:13.077    69733.077  0.2229 85.5785  28.0546  10.00  5.716 0.297  30  33  63  36 194.66
   18   2023 04 22 19:50:41.363    71441.363  0.4171 85.6571  28.2198  10.00  6.073 0.244  96  99 195 147 347.38
   19   2023 04 22 19:52:50.592    71570.592  0.2909 85.6671  28.2077  10.00  6.157 0.250  96 111 207 139 264.93
   20   2023 04 22 20:14:47.916    72887.916  0.2460 85.5878  28.1475  12.00  5.771 0.175  24  15  39  23 257.20
   21   2023 04 22 20:19:18.639    73158.639  0.3836 85.4185  27.6469  10.00  6.086 0.254  48  57 105  57 347.27
   22   2023 04 22 21:06:11.911    75971.911  0.3425 85.7098  28.0840  26.00  6.116 0.278  42  33  75  34 353.38
   23   2023 04 22 21:20:05.124    76805.124  0.4865 85.6585  28.1452  12.00  5.925 0.224  30  36  66  45 353.08
   24   2023 04 22 21:49:03.158    78543.158  0.4087 85.5730  27.5373  14.00  6.700 0.298 198 213 411 293 209.31
   25   2023 04 22 22:13:35.196    80015.196  0.2864 85.4164  28.1245  14.00  5.976 0.412  21  27  48  29 352.50
   26   2023 04 22 22:27:40.950    80860.950  0.2719 85.6281  27.6357  12.00  5.986 0.316  96 105 201 119 211.68
   27   2023 04 22 22:33:16.401    81196.401  0.1906 85.5532  28.0932  10.00  5.847 0.228  51  57 108  73 212.58
    1   2023 04 23 04:05:08.563    14708.563  0.0914 85.6453  27.5718  12.00  6.039 0.188  12  15  27  20 352.30
    2   2023 04 23 04:06:14.157    14774.157  0.2900 85.6877  27.6631  12.00  6.912 0.256 108  96 204 141 318.12
    3   2023 04 23 04:52:02.077    17522.077  0.1839 85.4926  28.0608  12.00  6.662 0.290  51  48  99  53 226.20
    4   2023 04 23 05:13:33.741    18813.741  0.2284 85.4438  28.2268  10.00  6.690 0.256  66  75 141  94 346.78
    5   2023 04 23 05:40:16.786    20416.786  0.3787 85.5393  28.1344  12.00  6.522 0.214  27  27  54  27 299.11
    6   2023 04 23 06:10:51.624    22251.624  0.4876 85.6438  28.2268  12.00  6.550 0.239  15  18  33  20 345.98
    7   2023 04 23 06:35:07.268    23707.268  0.4840 85.7078  27.6491  22.00  7.186 0.250  57  39  96  47 339.58
    8   2023 04 23 07:51:48.705    28308.705  0.4999 85.6493  28.0747  10.00  6.781 0.221  36  63  99  35 211.19
    9   2023 04 23 09:03:26.996    32606.996  0.4551 85.5399  28.0661   4.00  6.911 0.288  15  24  39  18 342.75
   10   2023 04 23 10:21:30.013    37290.013  0.4380 85.4683  28.2919   2.00  7.684 0.317  18  18  36  21 348.25
   11   2023 04 23 11:07:47.200    40067.200  0.3674 85.4416  28.1914  12.00  7.331 0.239  27  30  57  34 336.17
   12   2023 04 23 11:08:34.110    40114.110  0.4793 85.5770  28.0210   0.00  6.732 0.296  18  18  36  20 201.77
   13   2023 04 23 11:14:39.926    40479.926  0.4517 85.6438  28.2695   6.00  7.956 0.217  27  15  42  15 350.91
   14   2023 04 23 11:27:30.847    41250.847  0.4264 85.6298  28.1746   4.00  7.541 0.315  27  18  45  20 349.23
   15   2023 04 23 11:35:33.176    41733.176  0.3494 85.5644  27.8844   0.00  6.792 0.486  30  18  48  20 175.04
   16   2023 04 23 12:17:23.582    44243.582  0.4212 85.6662  27.6173   2.00  7.857 0.330  21  18  39  19 350.59
   17   2023 04 23 15:48:45.864    56925.864  0.3558 85.5678  27.6846  28.00  6.640 0.279  18  33  51  24 216.95
   18   2023 04 23 16:38:43.875    59923.875  0.2079 85.4883  28.2604  10.00  5.931 0.165  21  15  36  25 344.31
   19   2023 04 23 16:47:22.768    60442.768  0.4608 85.6706  27.6266  16.00  5.895 0.183  12  12  24  20 357.55
   20   2023 04 23 16:47:39.288    60459.288  0.4059 85.4671  28.2983  18.00  6.283 0.238  39  27  66  36 338.54
   21   2023 04 23 17:00:08.911    61208.911  0.3379 85.5878  28.1022  14.00  6.419 0.277 147 147 294 224 194.81
   22   2023 04 23 17:08:58.522    61738.522  0.4809 85.6985  27.6016  18.00  6.222 0.253  30  33  63  43 351.35
   23   2023 04 23 17:42:42.147    63762.147  0.3273 85.4877  27.9349  12.00  6.247 0.266  75  81 156  99 349.37
   24   2023 04 23 17:42:48.240    63768.240  0.4520 85.4968  28.2370  12.00  6.064 0.221  24  30  54  28 341.62
   25   2023 04 23 17:43:09.069    63789.069  0.2583 85.5481  28.1793  12.00  5.999 0.212  39  30  69  45 266.83
   26   2023 04 23 17:43:29.832    63809.832  0.4395 85.7015  27.4368  18.00  6.351 0.278  42  57  99  65 349.91
   27   2023 04 23 17:54:06.672    64446.672  0.3966 85.6838  28.2268  10.00  6.165 0.246  36  51  87  50 302.03
   28   2023 04 23 20:28:31.507    73711.507  0.4131 85.6930  28.0357  12.00  6.161 0.276  75  84 159  92 331.03
   29   2023 04 23 20:41:44.936    74504.936  0.2302 85.4930  28.1716   8.00  5.930 0.330  51  48  99  68 330.01
   30   2023 04 23 20:43:21.098    74601.098  0.4878 85.5670  28.0384  32.00  6.679 0.233  72  27  99  30 190.96
   31   2023 04 23 21:00:47.745    75647.745  0.3122 85.5070  27.9708  14.00  6.894 0.273 225 225 450 350 185.01
   32   2023 04 23 21:25:01.725    77101.725  0.3339 85.5277  28.2068  14.00  6.140 0.316  78 102 180 107 222.30
   33   2023 04 23 21:26:26.279    77186.279  0.2326 85.5793  28.1797  10.00  5.804 0.181  36  36  72  43 238.59
   34   2023 04 23 21:27:28.223    77248.223  0.3778 85.4151  28.1014  10.00  6.058 0.241  42  51  93  64 346.64
   35   2023 04 23 21:56:48.532    79008.532  0.4237 85.6361  28.0522  16.00  6.598 0.282 147 150 297 206 193.44
   36   2023 04 23 22:30:15.839    81015.839  0.4516 85.6483  28.1245  12.00  5.990 0.261  18  27  45  28 351.59
   37   2023 04 23 23:17:10.557    83830.557  0.3219 85.4930  27.5373  12.00  6.070 0.328  57  39  96  54 333.63
   38   2023 04 23 23:20:29.847    84029.847  0.4358 85.7132  27.9573  12.00  6.282 0.213  75  60 135  79 352.19
    1   2023 04 24 00:15:42.016      942.016  0.3935 85.4193  27.8173  12.00  6.238 0.262  18  39  57  30 354.12
    2   2023 04 24 02:08:28.853     7708.853  0.3534 85.5081  27.5450  14.00  6.676 0.255 120 102 222 152 235.92
    3   2023 04 24 02:08:51.953     7731.953  0.3961 85.5238  27.7285  14.00  6.564 0.274  96  78 174 123 217.98
    4   2023 04 24 02:45:44.486     9944.486  0.3489 85.7217  27.9613  12.00  6.682 0.256  42  75 117  64 350.88
    5   2023 04 24 03:18:09.786    11889.786  0.2560 85.5989  27.8753  10.00  6.181 0.275  60  36  96  54 153.10
    6   2023 04 24 03:22:03.326    12123.326  0.2793 85.6930  27.6716  10.00  6.535 0.307  75  69 144  87 326.33
    7   2023 04 24 03:35:13.318    12913.318  0.2665 85.6650  27.8400  10.00  6.610 0.275 102  87 189 124 199.25
    8   2023 04 24 03:38:25.709    13105.709  0.3730 85.6413  27.6533  12.00  6.274 0.370  36  36  72  49 215.64
    9   2023 04 24 10:10:07.240    36607.240  0.3804 85.4951  28.0108  12.00  6.662 0.300  87  87 174 111 208.22
   10   2023 04 24 14:34:20.179    52460.179  0.3886 85.6683  28.2919   8.00  6.451 0.332  90 111 201 107 271.67
   11   2023 04 24 14:37:54.967    52674.967  0.1684 85.5229  28.2739  10.00  5.990 0.284  39  33  72  38 326.33
   12   2023 04 24 14:44:20.077    53060.077  0.4942 85.6587  28.0068  24.00  6.435 0.228  66  51 117  69 207.26
   13   2023 04 24 15:23:47.507    55427.507  0.0888 85.4838  27.9550  10.00  5.798 0.188  15  12  27  20 357.83
   14   2023 04 24 16:30:35.711    59435.711  0.4986 85.6783  27.5845  24.00  6.344 0.343  24  72  96  27 295.23
   15   2023 04 24 17:00:48.627    61248.627  0.3249 85.4950  28.0374  10.00  6.231 0.264  93  96 189 107 215.91
   16   2023 04 24 17:54:19.920    64459.920  0.4795 85.6008  28.1051  16.00  6.212 0.251  78 105 183 119 225.43
   17   2023 04 24 18:12:37.501    65557.501  0.2485 85.6829  28.2286  10.00  6.219 0.269  63  66 129  67 345.10
   18   2023 04 24 18:15:11.172    65711.172  0.4419 85.5230  28.0728  14.00  6.522 0.301 174 189 363 263 199.43
   19   2023 04 24 18:37:02.840    67022.840  0.3190 85.5678  27.8658  24.00  6.238 0.255  27  15  42  25 167.17
   20   2023 04 24 19:16:48.462    69408.462  0.3402 85.6708  27.8259  14.00  5.915 0.172  51  45  96  55 243.15
   21   2023 04 24 19:19:08.891    69548.891  0.4494 85.6070  27.6760  40.00  6.683 0.227 108  18 126  20 298.47
   22   2023 04 24 19:57:49.630    71869.630  0.2132 85.4985  28.2358  10.00  5.904 0.226  84  72 156 101 246.34
   23   2023 04 24 20:16:29.305    72989.305  0.3847 85.6361  27.5538  14.00  7.395 0.227 147  42 189  43 238.45
   24   2023 04 24 20:39:07.181    74347.181  0.4852 85.5506  28.0796   6.00  5.746 0.367  51  54 105  67 215.28
   25   2023 04 24 20:51:50.133    75110.133  0.3501 85.4013  28.1969   8.00  5.925 0.254  24  24  48  25 355.48
   26   2023 04 24 21:28:55.865    77335.865  0.4782 85.6677  27.5006  14.00  6.327 0.274 108 117 225 153 287.09
   27   2023 04 24 21:34:11.522    77651.522  0.4719 85.7278  27.5034  16.00  6.320 0.322  33  60  93  49 341.75
   28   2023 04 24 21:49:32.249    78572.249  0.4751 85.4164  28.1245  14.00  6.213 0.244  72  81 153 102 345.33
   29   2023 04 24 21:54:07.375    78847.375  0.4465 85.6615  27.9351  16.00  6.346 0.224 105 111 216 150 250.52
   30   2023 04 24 22:37:46.613    81466.613  0.3659 85.5082  28.0743  10.00  5.670 0.314  39  27  66  37 229.10
   31   2023 04 24 22:38:19.433    81499.433  0.4495 85.7106  28.0796  18.00  6.163 0.253  39  57  96  54 350.55
   32   2023 04 24 22:40:38.325    81638.325  0.4912 85.6561  27.6034  14.00  6.863 0.265 186 219 405 270 237.36
    1   2023 04 25 00:13:31.048      811.048  0.2056 85.4853  27.9343  10.00  6.026 0.222  27  18  45  30 356.69
    2   2023 04 25 01:18:13.914     4693.914  0.3890 85.3992  27.5584  12.00  6.471 0.302  21  33  54  25 349.30
    3   2023 04 25 01:53:58.666     6838.666  0.2431 85.4906  27.6656   8.00  6.266 0.400  48  36  84  46 344.43
    4   2023 04 25 02:11:20.479     7880.479  0.4772 85.6950  27.6297  10.00  6.702 0.261  81 117 198 128 325.90
    5   2023 04 25 02:44:21.506     9861.506  0.3133 85.5264  28.2516  12.00  6.254 0.240  51  54 105  74 329.03
    6   2023 04 25 07:37:14.339    27434.339  0.2480 85.6888  28.1546  12.00  6.871 0.255  48  54 102  56 312.67
    7   2023 04 25 10:57:11.215    39431.215  0.4215 85.6611  27.9824  14.00  6.726 0.289  69  93 162 112 157.39
    8   2023 04 25 13:55:34.718    50134.718  0.2908 85.5506  27.7172  12.00  6.245 0.274  78  78 156  99 195.54
    9   2023 04 25 14:12:47.706    51167.706  0.3562 85.4877  28.1161  12.00  6.406 0.306 111 129 240 160 220.54
   10   2023 04 25 14:44:17.492    53057.492  0.3523 85.4964  27.5355  14.00  7.354 0.218 192 204 396 297 220.54
   11   2023 04 25 15:08:49.642    54529.642  0.3538 85.5878  28.1022  12.00  7.140 0.291 213 213 426 334 194.81
   12   2023 04 25 15:10:38.986    54638.986  0.4689 85.5306  27.8468  16.00  6.436 0.263 111 132 243 154 155.89
   13   2023 04 25 15:11:59.353    54719.353  0.4940 85.6853  28.2061   6.00  6.000 0.215  27  27  54  35 353.02
   14   2023 04 25 15:32:37.365    55957.365  0.4237 85.6678  28.0569  18.00  6.240 0.268  63  60 123  68 254.47
   15   2023 04 25 15:56:26.387    57386.387  0.4206 85.6587  27.9615  40.00  6.601 0.290  42  12  54  20 147.68
   16   2023 04 25 16:32:55.290    59575.290  0.3791 85.4930  28.1699  10.00  6.268 0.282  99  99 198 132 241.19
   17   2023 04 25 16:33:24.733    59604.733  0.4768 85.4808  28.1957   6.00  6.073 0.335  15  18  33  20 331.64
   18   2023 04 25 17:25:36.048    62736.048  0.3296 85.4197  27.5656  12.00  6.021 0.279  24  18  42  30 345.04
   19   2023 04 25 17:49:42.333    64182.333  0.4146 85.4164  28.1698  12.00  6.025 0.162  24  30  54  34 344.65
   20   2023 04 25 18:14:26.510    65666.510  0.4207 85.6824  27.8737  18.00  6.209 0.300  18  24  42  25 338.95
   21   2023 04 25 18:15:05.441    65705.441  0.4765 85.7229  28.1833  14.00  6.239 0.247  24  39  63  39 350.70
   22   2023 04 25 18:21:39.670    66099.670  0.2821 85.6197  28.1093  10.00  5.945 0.313  90 105 195 131 204.82
   23   2023 04 25 18:26:05.843    66365.843  0.3913 85.4936  27.9353  16.00  7.083 0.246 201 219 420 318 181.95
   24   2023 04 25 18:35:13.265    66913.265  0.4184 85.4808  28.1957  14.00  5.913 0.210  15  15  30  20 282.65
   25   2023 04 25 18:51:33.839    67893.839  0.4689 85.7431  27.6640  24.00  6.443 0.216  87  63 150  98 346.50
   26   2023 04 25 21:06:50.132    76010.132  0.2207 85.5397  27.9734  10.00  5.697 0.498  42  36  78  48 185.77
   27   2023 04 25 21:08:26.598    76106.598  0.3793 85.7385  28.1905  18.00  6.124 0.375  18  36  54  25 352.42
   28   2023 04 25 21:10:50.320    76250.320  0.3350 85.4893  28.0294  12.00  5.948 0.272  69  75 144 104 225.56
   29   2023 04 25 21:21:01.672    76861.672  0.3668 85.6677  27.8630  12.00  5.833 0.252  48  33  81  47 185.58
   30   2023 04 25 21:32:02.338    77522.338  0.3979 85.5288  28.1546  40.00  6.430 0.398  42  12  54  15 226.41
   31   2023 04 25 21:50:35.725    78635.725  0.2600 85.5078  27.5585  12.00  5.595 0.259  18  12  30  20 339.44
   32   2023 04 25 21:51:43.157    78703.157  0.3570 85.6570  27.6586  10.00  6.499 0.292 210 186 396 266 231.12
   33   2023 04 25 22:16:21.930    80181.930  0.3449 85.4164  27.5355  10.00  5.923 0.173  63  54 117  74 343.75
   34   2023 04 25 22:26:07.673    80767.673  0.4618 85.6725  27.5014  16.00  6.356 0.254 120 120 240 183 296.35
   35   2023 04 25 22:55:42.311    82542.311  0.1911 85.4298  28.1746   8.00  5.961 0.233  45  48  93  44 350.43
   36   2023 04 25 23:33:20.022    84800.022  0.2516 85.4853  28.2061  14.00  6.056 0.211  24  24  48  40 352.33
   37   2023 04 25 23:45:41.340    85541.340  0.4586 85.7084  27.5307  16.00  6.727 0.254  36  48  84  58 330.93
    1   2023 04 26 00:22:24.856     1344.856  0.3301 85.6564  28.1698  10.00  6.477 0.266 111 105 216 132 240.43
    2   2023 04 26 00:24:18.389     1458.389  0.1801 85.6683  28.2919  10.00  6.369 0.276  63  51 114  65 274.73
    3   2023 04 26 01:12:31.950     4351.950  0.3682 85.7083  27.6577   8.00  6.513 0.235  45  21  66  14 341.23
    4   2023 04 26 02:15:13.122     8113.122  0.0964 85.6730  27.8798  10.00  6.044 0.338  24  15  39  19 353.79
    5   2023 04 26 04:16:12.093    15372.093  0.2121 85.4886  27.5765  10.00  6.140 0.286  24  33  57  40 337.51
    6   2023 04 26 05:02:07.241    18127.241  0.4752 85.6075  27.8460  26.00  7.021 0.261 126  99 225 135 126.90
    7   2023 04 26 05:11:34.658    18694.658  0.4205 85.5371  28.1292  10.00  6.248 0.244  78  72 150  97 236.46
    8   2023 04 26 07:03:18.455    25398.455  0.1989 85.4971  27.7668   8.00  6.403 0.225  27  12  39  18 351.43
    9   2023 04 26 09:25:55.744    33955.744  0.3856 85.6585  27.8734   6.00  6.374 0.190  30  12  42  19 182.56
   10   2023 04 26 09:26:29.394    33989.394  0.4409 85.7238  27.6378   6.00  6.765 0.266  42  42  84  43 346.89
   11   2023 04 26 10:24:09.013    37449.013  0.4819 85.6506  27.6656  14.00  7.205 0.259 105 129 234 156 220.61
   12   2023 04 26 12:17:10.470    44230.470  0.1216 85.3825  28.2923  10.00  6.327 0.387  33  30  63  37 358.52
   13   2023 04 26 12:39:38.633    45578.633  0.3276 85.4930  28.2152  10.00  6.439 0.331  51  36  87  53 314.74
   14   2023 04 26 14:41:06.076    52866.076  0.3022 85.4789  27.6488  10.00  6.312 0.306  69  66 135  90 328.41
   15   2023 04 26 15:33:17.678    55997.678  0.2245 85.5371  27.6309  14.00  5.905 0.323  21  18  39  24 305.69
   16   2023 04 26 15:46:36.383    56796.383  0.2418 85.5081  28.1793  14.00  6.028 0.120  21  12  33  19 337.67
   17   2023 04 26 16:40:58.470    60058.470  0.3383 85.6211  27.5747  10.00  6.340 0.289 147 150 297 187 212.30
   18   2023 04 26 16:49:58.542    60598.542  0.2349 85.5908  28.1430  12.00  6.332 0.269 153 120 273 184 203.05
   19   2023 04 26 17:04:16.851    61456.851  0.2628 85.5216  27.5572  10.00  5.961 0.263  75  63 138  88 226.51
   20   2023 04 26 17:16:07.401    62167.401  0.2937 85.4193  27.8173  12.00  6.292 0.220  81  75 156 120 353.69
   21   2023 04 26 17:23:57.047    62637.047  0.1503 85.4993  27.8626  10.00  5.837 0.230  39  36  75  54 350.24
   22   2023 04 26 17:47:24.422    64044.422  0.2477 85.4930  27.9451  12.00  6.119 0.305  63  42 105  43 343.73
   23   2023 04 26 18:26:04.343    66364.343  0.4480 85.6136  27.5728  40.00  7.589 0.247 165  21 186  20 210.22
   24   2023 04 26 18:39:50.757    67190.757  0.4890 85.6563  27.7985  16.00  6.989 0.252 171 210 381 264 198.83
   25   2023 04 26 18:54:24.736    68064.736  0.3019 85.5878  27.8304  12.00  6.279 0.309 126 111 237 148 178.81
   26   2023 04 26 19:14:47.094    69287.094  0.4961 85.7031  27.5734  38.00  6.492 0.218  36  24  60  20 334.53
   27   2023 04 26 19:16:21.312    69381.312  0.3022 85.5082  28.1196  10.00  6.034 0.282  33  54  87  46 215.32
   28   2023 04 26 19:23:06.594    69786.594  0.3075 85.6564  28.1245  14.00  6.375 0.322  63  93 156  85 236.12
   29   2023 04 26 19:25:51.590    69951.590  0.4261 85.6926  27.5171  18.00  6.601 0.294  96 126 222 141 319.44
   30   2023 04 26 19:41:04.741    70864.741  0.2934 85.4951  28.0108  12.00  6.772 0.266 195 207 402 293 207.85
   31   2023 04 26 19:48:17.635    71297.635  0.4700 85.6475  27.6648  22.00  6.428 0.218 132 108 240 162 245.45
   32   2023 04 26 19:54:05.461    71645.461  0.3591 85.4187  27.5991   8.00  5.993 0.224  21  24  45  23 355.42
   33   2023 04 26 19:59:11.894    71951.894  0.2114 85.5238  27.7738  12.00  5.873 0.178  30  15  45  23 333.56
   34   2023 04 26 20:06:07.051    72367.051  0.1878 85.4185  27.6016  10.00  6.009 0.235  36  30  66  45 354.96
   35   2023 04 26 20:13:17.578    72797.578  0.1951 85.4106  28.0733  10.00  6.142 0.238  45  45  90  60 348.41
   36   2023 04 26 20:19:57.857    73197.857  0.1692 85.6732  27.6402  10.00  5.834 0.204  24  27  51  23 347.61
   37   2023 04 26 20:30:23.659    73823.659  0.4539 85.5208  27.6067  16.00  6.523 0.256 171 186 357 244 215.11
   38   2023 04 26 20:36:16.324    74176.324  0.4334 85.6053  28.0702  16.00  6.068 0.246  42  51  93  62 305.88
   39   2023 04 26 20:40:25.913    74425.913  0.2705 85.5638  27.9097  12.00  5.889 0.313  45  27  72  31 117.43
   40   2023 04 26 21:10:44.238    76244.238  0.4755 85.4088  28.2452  10.00  5.887 0.203  21  30  51  34 344.42
   41   2023 04 26 21:27:31.670    77251.670  0.3865 85.6332  28.0479  14.00  5.955 0.316  27  24  51  33 203.98
   42   2023 04 26 21:49:43.309    78583.309  0.2670 85.4985  28.1452  14.00  5.979 0.205  51  51 102  62 233.08
   43   2023 04 26 21:59:34.243    79174.243  0.4299 85.4682  27.9837  16.00  6.110 0.212  78  84 162 102 326.36
   44   2023 04 26 22:02:52.185    79372.185  0.2796 85.5877  28.0442  12.00  6.072 0.285 126 114 240 164 191.52
   45   2023 04 26 22:33:10.986    81190.986  0.4979 85.6475  28.0273  22.00  6.278 0.241 120 117 237 148 193.61
   46   2023 04 26 22:33:53.240    81233.240  0.4230 85.6611  27.9824  14.00  6.314 0.308 162 135 297 181 214.11
   47   2023 04 26 22:46:30.995    81990.995  0.4099 85.7108  27.7806  14.00  6.232 0.296  60  84 144  93 342.90
   48   2023 04 26 23:08:49.955    83329.955  0.4216 85.5125  28.0903  14.00  6.541 0.281 162 174 336 264 205.51
   49   2023 04 26 23:46:52.604    85612.604  0.3269 85.5898  27.8122  12.00  7.103 0.297 192 177 369 242 174.64
   50   2023 04 26 23:48:28.502    85708.502  0.3266 85.5330  28.2152  12.00  6.531 0.298 135 126 261 161 247.71
    1   2023 04 27 03:23:46.436    12226.436  0.2782 85.6951  27.4672  10.00  6.570 0.337  57  30  87  37 324.05
    2   2023 04 27 05:01:05.619    18065.619  0.3196 85.6677  27.9989  10.00  6.406 0.230  24  33  57  23 243.00
    3   2023 04 27 05:10:42.338    18642.338  0.2642 85.4789  28.0113  14.00  6.311 0.224  12  15  27  20 353.04
    4   2023 04 27 05:32:14.364    19934.364  0.1706 85.5108  27.5994  10.00  6.093 0.638  15  21  36  20 334.90
    5   2023 04 27 07:11:03.537    25863.537  0.3582 85.4930  27.9434  10.00  7.039 0.326 129 132 261 177 235.02
    6   2023 04 27 08:09:22.732    29362.732  0.4025 85.7229  27.6397  12.00  6.900 0.234  63  63 126  85 342.72
    7   2023 04 27 11:02:44.334    39764.334  0.4657 85.4789  27.7394  18.00  6.479 0.204  15  15  30  20 339.83
    8   2023 04 27 12:02:54.281    43374.281  0.3607 85.7277  27.6631   6.00  6.368 0.201  39  27  66  40 347.89
    9   2023 04 27 12:31:47.611    45107.611  0.1265 85.5130  27.6985  10.00  6.171 0.292  12  12  24  20 342.69
   10   2023 04 27 12:34:36.991    45276.991  0.3383 85.5264  28.0704  12.00  6.219 0.358  45  21  66  20 342.56
   11   2023 04 27 12:40:11.054    45611.054  0.3696 85.4877  28.0708  12.00  6.238 0.247  24  18  42  23 352.97
   12   2023 04 27 14:53:47.588    53627.588  0.3486 85.4951  27.9202  14.00  6.644 0.278  90 102 192 140 181.90
   13   2023 04 27 14:55:04.734    53704.734  0.4044 85.4951  27.8296  16.00  6.805 0.246 108 132 240 178 171.57
   14   2023 04 27 14:57:03.274    53823.274  0.3446 85.4951  27.9202  14.00  6.483 0.283  72  81 153 115 215.39
   15   2023 04 27 15:00:44.677    54044.677  0.3162 85.5071  27.9812  14.00  6.965 0.239 162 168 330 244 188.08
   16   2023 04 27 15:01:25.593    54085.593  0.3659 85.4883  27.8527  14.00  6.429 0.300  57  72 129  91 234.15
   17   2023 04 27 15:26:43.668    55603.668  0.1064 85.4987  28.0068  12.00  6.055 0.150  15  18  33  25 353.97
   18   2023 04 27 15:57:19.019    57439.019  0.4838 85.4877  28.2974  12.00  5.879 0.238  18  18  36  17 346.96
   19   2023 04 27 16:04:06.043    57846.043  0.3000 85.4864  27.7986  12.00  6.028 0.272  18  24  42  20 347.09
   20   2023 04 27 16:11:03.583    58263.583  0.3859 85.4088  27.6109  12.00  6.101 0.200  33  30  63  42 351.21
   21   2023 04 27 16:34:20.030    59660.030  0.3799 85.4550  28.0374  16.00  6.280 0.198  69  54 123  87 349.16
   22   2023 04 27 17:00:03.964    61203.964  0.1939 85.6930  28.0810  14.00  6.138 0.228  33  24  57  32 327.48
   23   2023 04 27 17:06:21.604    61581.604  0.2956 85.7183  27.5845  12.00  6.227 0.215  75  75 150 105 343.22
   24   2023 04 27 17:14:30.341    62070.341  0.2987 85.5881  27.9075  12.00  5.836 0.273  39  45  84  43 176.70
   25   2023 04 27 17:34:26.532    63266.532  0.3285 85.5189  27.9660  10.00  6.294 0.235 132 117 249 163 179.61
   26   2023 04 27 18:01:59.256    64919.256  0.3453 85.5898  28.0840  12.00  6.300 0.294 102  99 201 121 196.21
   27   2023 04 27 19:11:12.110    69072.110  0.3775 85.5878  27.7397  12.00  6.074 0.316 108 111 219 142 190.81
   28   2023 04 27 19:37:03.748    70623.748  0.3057 85.4151  28.1014  10.00  6.085 0.228  36  39  75  49 346.20
   29   2023 04 27 20:34:09.972    74049.972  0.3550 85.5306  27.8468  12.00  6.293 0.274 141 147 288 164 157.73
   30   2023 04 27 21:33:57.620    77637.620  0.3722 85.4968  28.2370  14.00  6.245 0.252 153 147 300 221 248.74
   31   2023 04 27 21:34:49.635    77689.635  0.4011 85.5247  28.1158  16.00  6.131 0.256 111 129 240 141 204.09
   32   2023 04 27 21:50:12.339    78612.339  0.2727 85.7183  28.0376  10.00  6.000 0.270  57  60 117  71 346.99
   33   2023 04 27 21:50:32.141    78632.141  0.3789 85.6671  28.0265  16.00  6.196 0.231 120 117 237 162 245.37
   34   2023 04 27 21:50:38.620    78638.620  0.2743 85.7031  27.5281  14.00  5.972 0.274  57  48 105  60 326.98
   35   2023 04 27 21:58:02.614    79082.614  0.3247 85.4838  28.2268  12.00  5.826 0.223  15  24  39  20 346.68
   36   2023 04 27 22:03:01.071    79381.071  0.3021 85.6853  28.0702  12.00  5.997 0.246  81  75 156 116 313.34
   37   2023 04 27 22:18:47.996    80327.996  0.3458 85.6332  28.0932  14.00  6.306 0.261 123 141 264 182 200.18
   38   2023 04 27 22:32:45.565    81165.565  0.2085 85.4038  28.2268  10.00  6.030 0.238  21  33  54  35 355.33
   39   2023 04 27 22:45:23.636    81923.636  0.3287 85.4829  28.0021  12.00  5.890 0.352  36  27  63  38 351.12
   40   2023 04 27 23:12:10.220    83530.220  0.3973 85.4429  28.2739  14.00  6.180 0.214  27  15  42  22 348.03
    1   2023 04 28 00:12:56.515      776.515  0.2629 85.6877  27.6631  10.00  6.316 0.275  54  54 108  81 348.81
    2   2023 04 28 01:16:55.827     4615.827  0.4941 85.7483  27.6577  10.00  6.289 0.193  30  45  75  37 351.83
    3   2023 04 28 03:07:30.092    11250.092  0.4047 85.6853  27.7077  24.00  6.452 0.205  36  21  57  30 353.82
    4   2023 04 28 04:42:07.597    16927.597  0.3427 85.4950  28.1280  12.00  6.140 0.295  18  15  33  19 352.70
    5   2023 04 28 05:19:00.643    19140.643  0.2682 85.4193  27.5908  10.00  6.747 0.232  42  45  87  59 350.68
    6   2023 04 28 07:49:20.657    28160.657  0.2894 85.4789  27.8753  12.00  6.998 0.241  99 123 222 145 251.65
    7   2023 04 28 10:15:39.891    36939.891  0.1616 85.4838  27.9097  10.00  6.436 0.204  45  42  87  61 353.07
    8   2023 04 28 10:32:13.120    37933.120  0.2139 85.4683  27.6577  12.00  6.225 0.199  18  18  36  24 341.23
    9   2023 04 28 15:35:10.090    56110.090  0.2429 85.4816  28.1461  12.00  6.483 0.249 117 120 237 147 267.72
   10   2023 04 28 16:09:42.355    58182.355  0.3761 85.6321  28.0930  16.00  6.816 0.299 177 183 360 242 199.40
   11   2023 04 28 17:03:04.215    61384.215  0.2550 85.4930  28.2152   8.00  6.098 0.294  69  48 117  69 317.80
   12   2023 04 28 17:36:46.651    63406.651  0.3761 85.5532  27.9573  10.00  5.780 0.276  42  45  87  53 133.16
   13   2023 04 28 18:37:57.422    67077.422  0.4745 85.6813  28.0157  16.00  6.204 0.295  72  63 135  77 311.19
   14   2023 04 28 18:43:10.268    67390.268  0.3032 85.4168  27.6480  12.00  6.216 0.235  48  54 102  69 347.71
   15   2023 04 28 19:30:23.563    70223.563  0.3391 85.4893  27.9841  16.00  6.861 0.214 204 198 402 287 199.72
   16   2023 04 28 19:31:42.885    70302.885  0.2902 85.5616  27.8290  12.00  5.989 0.435  36  57  93  54 100.24
   17   2023 04 28 19:40:03.418    70803.418  0.2816 85.6332  27.9120  12.00  6.041 0.297  57  72 129  68 170.45
   18   2023 04 28 20:59:25.756    75565.756  0.2663 85.5932  27.9573  16.00  7.823 0.235 222 222 444 334 168.66
   19   2023 04 28 21:00:39.338    75639.338  0.2710 85.6024  28.1002  16.00  6.725 0.222 141 147 288 193 195.28
   20   2023 04 28 21:10:30.929    76230.929  0.3134 85.6708  27.8259  14.00  6.355 0.268  54  81 135  79 305.61
   21   2023 04 28 21:13:18.504    76398.504  0.4492 85.4772  28.1115  14.00  6.454 0.329  51  72 123  76 234.61
   22   2023 04 28 21:23:37.982    77017.982  0.4190 85.5908  27.9165  12.00  6.328 0.314  48  60 108  69 147.46
   23   2023 04 28 21:26:32.938    77192.938  0.3136 85.5478  28.0116  14.00  6.189 0.320  36  39  75  56 213.95
   24   2023 04 28 22:08:24.010    79704.010  0.3263 85.4732  28.0479  12.00  6.059 0.292  36  36  72  55 312.11
   25   2023 04 28 22:09:57.604    79797.604  0.3832 85.5906  27.8078  20.00  6.034 0.177  12  21  33  17 322.41
   26   2023 04 28 22:32:34.637    81154.637  0.3340 85.4308  28.1430  12.00  6.139 0.326  51  42  93  50 351.41
    1   2023 04 29 01:52:05.034     6725.034  0.3260 85.7084  28.2870  12.00  6.591 0.335  90  66 156 102 327.00
    2   2023 04 29 05:41:32.277    20492.277  0.2470 85.7187  27.6037  14.00  6.943 0.255  15  36  51  25 340.06
    3   2023 04 29 06:14:02.309    22442.309  0.2726 85.4813  28.1516   8.00  6.306 0.359  27  15  42  25 350.84
    4   2023 04 29 06:53:21.228    24801.228  0.4052 85.6086  28.0296  14.00  6.716 0.318  57  45 102  48 185.49
    5   2023 04 29 09:32:23.909    34343.909  0.3625 85.5477  27.9536  12.00  6.921 0.324  57  48 105  58 188.20
    6   2023 04 29 09:59:47.758    35987.758  0.3377 85.5686  27.9390  12.00  6.677 0.293  30  15  45  20 172.35
    7   2023 04 29 12:31:31.290    45091.290  0.4013 85.5693  27.8482  12.00  6.774 0.235  66  90 156  89 157.42
    8   2023 04 29 13:01:55.618    46915.618  0.2157 85.4853  27.5718  10.00  6.193 0.345  27  21  48  30 314.94
    9   2023 04 29 13:16:32.351    47792.351  0.4814 85.4193  28.2250   6.00  7.894 0.544  30  21  51  19 357.16
   10   2023 04 29 13:28:26.455    48506.455  0.4951 85.5208  27.8785  16.00  7.107 0.262 147 147 294 205 151.95
   11   2023 04 29 13:28:35.309    48515.309  0.2594 85.4797  27.6653  12.00  6.717 0.160  27  15  42  15 345.84
   12   2023 04 29 13:29:53.862    48593.862  0.2213 85.4950  27.7656  10.00  6.287 0.324  48  39  87  42 343.18
   13   2023 04 29 14:59:33.301    53973.301  0.3752 85.5882  27.8931  12.00  7.482 0.285 237 222 459 349 125.58
   14   2023 04 29 16:16:12.316    58572.316  0.2559 85.4985  28.0093  12.00  5.897 0.230  18  24  42  24 352.95
   15   2023 04 29 16:31:07.357    59467.357  0.4056 85.7081  27.8169  18.00  6.340 0.192  75  84 159 111 343.27
   16   2023 04 29 17:26:24.335    62784.335  0.3640 85.5230  28.1634  14.00  6.845 0.274 216 219 435 331 207.87
   17   2023 04 29 17:26:54.781    62814.781  0.3642 85.4951  27.6031  10.00  6.383 0.300 144 141 285 183 210.28
   18   2023 04 29 17:28:41.443    62921.443  0.3547 85.4951  27.7843  10.00  6.332 0.283 144 147 291 183 183.89
   19   2023 04 29 17:29:55.732    62995.732  0.2480 85.4308  28.0977  10.00  6.206 0.296  51  60 111  68 342.73
   20   2023 04 29 18:15:39.830    65739.830  0.4211 85.4838  27.9071  12.00  6.390 0.288  66  66 132  69 174.35
   21   2023 04 29 18:15:47.033    65747.033  0.3696 85.4948  27.7952  12.00  6.640 0.283 159 192 351 225 182.23
   22   2023 04 29 18:19:48.527    65988.527  0.4412 85.7132  27.8214  12.00  6.104 0.231  42  66 108  58 344.99
   23   2023 04 29 18:33:19.129    66799.129  0.2306 85.4678  28.1475  10.00  5.940 0.223  33  33  66  45 307.80
   24   2023 04 29 18:59:56.947    68396.947  0.1448 85.4950  28.1733  10.00  5.749 0.310  45  45  90  58 346.02
   25   2023 04 29 19:07:29.544    68849.544  0.4360 85.6838  27.6378   4.00  6.307 0.349  81  42 123  43 349.41
   26   2023 04 29 20:03:52.028    72232.028  0.4365 85.6038  27.8191  12.00  5.933 0.327  48  42  90  56 181.98
   27   2023 04 29 20:09:16.738    72556.738  0.1972 85.6971  28.2198  12.00  6.104 0.356  63  54 117  70 339.89
   28   2023 04 29 20:39:10.401    74350.401  0.2868 85.5286  28.2108   8.00  6.040 0.276  24  21  45  33 332.03
   29   2023 04 29 23:08:46.370    83326.370  0.4079 85.5216  28.1461  14.00  6.520 0.433 117 123 240 159 208.99
   30   2023 04 29 23:22:02.051    84122.051  0.3724 85.5450  27.8853  12.00  7.454 0.274 222 213 435 316  81.23
   31   2023 04 29 23:27:49.433    84469.433  0.2540 85.4677  27.5912  12.00  6.113 0.291  27  45  72  38 324.71
   32   2023 04 29 23:28:27.527    84507.527  0.1818 85.6732  27.6402  10.00  5.846 0.367  15  21  36  22 280.93
    1   2023 04 30 00:03:49.287      229.287  0.3945 85.6930  28.2152  12.00  6.596 0.465  57  63 120  66 336.17
    2   2023 04 30 00:06:29.295      389.295  0.4784 85.4987  28.1428  14.00  6.546 0.287  54  87 141  84 306.84
    3   2023 04 30 04:55:12.583    17712.583  0.4935 85.6029  27.9115  22.00  7.391 0.230 147 123 270 148 315.28
    4   2023 04 30 05:18:48.135    19128.135  0.2890 85.4732  28.1385   6.00  6.151 0.235  57  54 111  80 340.40
    5   2023 04 30 05:25:08.254    19508.254  0.2694 85.6951  27.6031  10.00  6.327 0.241  36  33  69  44 348.27
    6   2023 04 30 06:05:06.855    21906.855  0.3143 85.4130  28.1246   6.00  6.595 0.335  45  48  93  59 352.50
    7   2023 04 30 09:31:51.805    34311.805  0.2501 85.4951  27.7843  12.00  6.494 0.242  33  27  60  35 319.68
    8   2023 04 30 09:34:08.643    34448.643  0.4008 85.4816  28.1914  10.00  6.711 0.315  66  72 138  93 273.11
    9   2023 04 30 10:23:29.198    37409.198  0.1666 85.4824  28.2814  10.00  6.435 0.318  27  18  45  21 345.44
   10   2023 04 30 11:41:22.622    42082.622  0.3382 85.4950  28.0374  10.00  6.453 0.382  45  45  90  69 318.55
   11   2023 04 30 12:20:41.756    44441.756  0.3317 85.4593  28.0438  12.00  6.529 0.311  60  66 126  95 263.30
   12   2023 04 30 14:49:27.359    53367.359  0.2833 85.6906  28.1639  12.00  6.051 0.312  45  36  81  42 315.00
   13   2023 04 30 15:07:03.512    54423.512  0.2890 85.6193  28.2250  10.00  6.009 0.272  60  57 117  89 327.98
   14   2023 04 30 15:23:39.298    55419.298  0.3963 85.4813  27.6986  14.00  6.091 0.231  60  57 117  55 206.84
   15   2023 04 30 15:25:39.639    55539.639  0.2404 85.4853  28.0702  10.00  5.954 0.353  21  27  48  28 341.27
   16   2023 04 30 15:29:59.641    55799.641  0.3556 85.4883  28.0792  12.00  6.189 0.309  96  84 180 106 323.15
   17   2023 04 30 15:38:01.469    56281.469  0.3125 85.6070  27.9025  22.00  6.462 0.171  51  15  66  20 201.77
   18   2023 04 30 15:45:50.888    56750.888  0.4247 85.4008  28.1957  14.00  6.156 0.253  36  45  81  42 336.83
   19   2023 04 30 15:50:37.698    57037.698  0.2538 85.5530  28.2875  12.00  6.041 0.291  72  66 138  87 232.83
   20   2023 04 30 15:59:54.882    57594.882  0.3166 85.5306  27.7562  16.00  6.752 0.298 171 192 363 251 185.26
   21   2023 04 30 16:32:03.553    59523.553  0.4801 85.6625  28.2017  40.00  7.333 0.266 141  87 228 120 337.75
   22   2023 04 30 16:55:10.622    60910.622  0.2801 85.5270  28.2196  10.00  6.041 0.243  96  96 192 124 217.55
   23   2023 04 30 16:55:25.665    60925.665  0.2809 85.4053  28.1608   8.00  6.104 0.198  36  30  66  35 355.79
   24   2023 04 30 17:02:07.339    61327.339  0.2312 85.4838  27.9550  10.00  6.144 0.260  63  69 132  75 346.31
   25   2023 04 30 17:27:14.837    62834.837  0.3557 85.5871  27.8000  12.00  6.749 0.283 198 198 396 276 177.96
   26   2023 04 30 17:27:55.523    62875.523  0.3560 85.4951  28.0108  12.00  6.348 0.292 132 156 288 189 202.12
   27   2023 04 30 18:11:13.156    65473.156  0.1479 85.5132  27.5043  10.00  6.091 0.363  12  18  30  20 308.40
   28   2023 04 30 18:24:12.662    66252.662  0.3807 85.4926  28.0608  12.00  6.447 0.316  96 132 228 136 210.08
   29   2023 04 30 18:29:32.954    66572.954  0.2304 85.5908  28.1430  12.00  5.703 0.279  27  27  54  40 312.25
   30   2023 04 30 18:31:40.974    66700.974  0.2705 85.4951  28.1014  10.00  6.042 0.279  60  78 138  85 256.79
   31   2023 04 30 19:23:00.025    69780.025  0.3850 85.4164  27.9433  16.00  6.352 0.251  48  57 105  56 351.58
   32   2023 04 30 19:46:15.356    71175.356  0.2338 85.4816  28.0102  12.00  6.071 0.252  60  78 138  83 295.24
   33   2023 04 30 20:23:05.049    73385.049  0.2882 85.5278  28.0923  10.00  6.653 0.298 144 150 294 205 201.82
   34   2023 04 30 21:03:46.932    75826.932  0.4937 85.4878  28.0470   8.00  6.164 0.302  78 111 189  93 213.20
   35   2023 04 30 21:19:27.113    76767.113  0.3005 85.4171  27.5856  12.00  6.066 0.313  24  36  60  25 352.41
   36   2023 04 30 21:20:23.768    76823.768  0.3477 85.4150  28.2639  10.00  6.022 0.190  27  33  60  30 342.21
   37   2023 04 30 21:22:18.023    76938.023  0.3037 85.5477  28.1348  16.00  6.154 0.275 114  87 201 125 202.27
   38   2023 04 30 21:23:17.947    76997.947  0.2896 85.6930  28.1716  12.00  6.183 0.298  99  90 189 129 319.12
   39   2023 04 30 21:26:43.477    77203.477  0.3683 85.5431  28.1170  16.00  5.855 0.335  39  27  66  38 278.72
   40   2023 04 30 21:28:04.780    77284.780  0.3138 85.6438  28.0909  14.00  5.743 0.242  24  12  36  18 352.06
   41   2023 04 30 21:36:38.285    77798.285  0.3267 85.4164  27.5355  10.00  5.973 0.241  45  42  87  55 343.75
   42   2023 04 30 21:47:13.841    78433.841  0.2628 85.4038  28.2268  10.00  6.035 0.303  27  27  54  32 347.87
   43   2023 04 30 21:50:09.982    78609.982  0.2207 85.7084  28.1197  10.00  5.998 0.257  33  24  57  25 338.02
   44   2023 04 30 21:59:37.832    79177.832  0.4401 85.4678  27.6944  12.00  6.131 0.316  72  87 159  97 226.70
   45   2023 04 30 22:00:58.946    79258.946  0.2391 85.4197  28.1999  10.00  6.081 0.301  42  54  96  43 344.81
   46   2023 04 30 22:01:14.592    79274.592  0.2358 85.4185  28.2358  10.00  5.945 0.408  30  24  54  26 343.76
   47   2023 04 30 22:05:12.486    79512.486  0.2348 85.4838  28.2268  10.00  5.736 0.229  12  15  27  20 350.15
   48   2023 04 30 22:13:29.582    80009.582  0.3527 85.7108  27.9618  12.00  6.094 0.304  72  66 138 101 348.40
   49   2023 04 30 22:37:40.936    81460.936  0.3769 85.6016  28.1914  12.00  6.133 0.327 105 111 216 152 205.85
   50   2023 04 30 23:11:49.393    83509.393  0.4133 85.6930  28.0810  14.00  6.040 0.359  18  24  42  23 329.56
   51   2023 04 30 23:17:07.662    83827.662  0.4072 85.5884  27.5307  14.00  6.285 0.466  27  24  51  40 218.79
    1   2023 05 01 00:07:55.815      475.815  0.3120 85.6971  28.2198  12.00  6.432 0.216  36  45  81  47 339.89
    2   2023 05 01 02:48:01.024    10081.024  0.3103 85.6683  27.7483  10.00  6.760 0.252 105 117 222 155 248.07
    3   2023 05 01 02:55:08.472    10508.472  0.2650 85.5629  28.2739  10.00  6.401 0.202  45  60 105  70 235.85
    4   2023 05 01 04:55:59.509    17759.509  0.4477 85.7187  28.0114  12.00  6.765 0.331  15  24  39  23 351.04
    5   2023 05 01 12:17:15.262    44235.262  0.3702 85.4197  28.1999   8.00  6.781 0.341  18  24  42  24 344.66
    6   2023 05 01 13:23:40.542    48220.542  0.3825 85.5677  28.2068  12.00  6.924 0.293 126 120 246 143 205.44
    7   2023 05 01 13:45:17.269    49517.269  0.3717 85.6951  28.0108  10.00  6.233 0.300  27  27  54  29 353.80
    8   2023 05 01 15:06:23.637    54383.637  0.3765 85.5908  28.0977   6.00  6.411 0.351 132 138 270 182 214.66
    9   2023 05 01 15:10:31.046    54631.046  0.3228 85.6853  28.2061   8.00  6.177 0.279  60  66 126  84 303.56
   10   2023 05 01 15:43:01.320    56581.320  0.2401 85.7132  28.1385  10.00  5.975 0.195  27  18  45  25 357.93
   11   2023 05 01 15:44:05.396    56645.396  0.1353 85.7238  28.1815  12.00  6.147 0.221  36  18  54  27 356.42
   12   2023 05 01 16:07:30.888    58050.888  0.3666 85.4698  28.1293   8.00  6.457 0.315  87 117 204 114 303.67
   13   2023 05 01 16:21:11.963    58871.963  0.3399 85.5961  27.9616  16.00  6.751 0.228 150 177 327 222 171.78
   14   2023 05 01 16:50:04.940    60604.940  0.2457 85.6706  28.1702  10.00  6.213 0.237  81  75 156  95 270.98
   15   2023 05 01 17:04:39.302    61479.302  0.4941 85.4838  27.9097  16.00  6.143 0.348  39  51  90  49 177.30
   16   2023 05 01 18:28:15.276    66495.276  0.1717 85.6526  27.9702  12.00  6.096 0.281  60  60 120  87 200.21
   17   2023 05 01 18:38:42.139    67122.139  0.4892 85.6964  28.1698   4.00  6.023 0.255  39  36  75  46 354.87
   18   2023 05 01 18:47:52.300    67672.300  0.3607 85.4682  27.4853  14.00  6.022 0.180  18  15  33  20 303.52
   19   2023 05 01 19:44:07.301    71047.301  0.4049 85.4997  27.6562  14.00  6.483 0.280 129 165 294 194 204.37
   20   2023 05 01 20:29:55.216    73795.216  0.2797 85.5217  28.0972  10.00  6.179 0.287 108 135 243 150 205.97
   21   2023 05 01 20:30:45.238    73845.238  0.2654 85.6298  28.1746  14.00  5.924 0.191  33  39  72  43 342.83
   22   2023 05 01 20:46:42.479    74802.479  0.4340 85.7278  27.4581  10.00  6.007 0.250  27  39  66  40 338.60
   23   2023 05 01 20:50:39.062    75039.062  0.4218 85.7192  28.1473  16.00  6.232 0.245  45  72 117  63 350.40
   24   2023 05 01 20:59:57.197    75597.197  0.2963 85.6278  28.1022  12.00  6.202 0.300 111 114 225 149 206.44
   25   2023 05 01 21:03:47.513    75827.513  0.1786 85.4886  28.1202  10.00  5.926 0.326  48  39  87  45 347.47
   26   2023 05 01 21:06:18.072    75978.072  0.2935 85.5351  28.0561  12.00  5.987 0.299  75  66 141  79 225.88
   27   2023 05 01 21:41:08.364    78068.364  0.4468 85.4038  27.8644  10.00  5.972 0.211  21  21  42  27 355.90
   28   2023 05 01 22:32:03.276    81123.276  0.3250 85.6548  27.9311  14.00  6.335 0.257 141 141 282 224 157.08
   29   2023 05 01 23:04:20.853    83060.853  0.4607 85.6611  28.1637  14.00  6.308 0.292  99 120 219 135 248.41
   30   2023 05 01 23:53:10.600    85990.600  0.3861 85.4732  27.5496  10.00  6.216 0.342  69  75 144  98 294.96
    1   2023 05 02 00:00:02.679        2.679  0.3004 85.4985  28.1452  12.00  6.612 0.264 120 114 234 172 307.06
    2   2023 05 02 01:19:42.647     4782.647  0.4576 85.4789  27.9660  12.00  6.013 0.243  18  21  39  20 271.17
    3   2023 05 02 02:30:31.852     9031.852  0.4669 85.5677  27.7537   2.00  5.866 0.443  42  33  75  24 224.96
    4   2023 05 02 02:45:38.455     9938.455  0.4593 85.7387  27.5991  10.00  6.743 0.256  15  27  42  24 351.77
    5   2023 05 02 03:55:44.412    14144.412  0.2970 85.4951  28.0108  16.00  6.595 0.283  63  54 117  73 320.97
    6   2023 05 02 04:20:47.938    15647.938  0.3037 85.4789  27.7394  12.00  6.352 0.215  21  39  60  35 351.88
    7   2023 05 02 04:41:24.824    16884.824  0.3169 85.6383  27.6751  14.00  7.302 0.306 171 171 342 240 208.47
    8   2023 05 02 05:56:30.658    21390.658  0.3966 85.4150  27.6750  12.00  6.566 0.301  51  54 105  70 350.83
    9   2023 05 02 06:56:00.716    24960.716  0.3518 85.4185  27.6016  12.00  6.399 0.328  51  54 105  63 345.36
   10   2023 05 02 09:33:06.463    34386.463  0.3521 85.4963  28.1609  14.00  6.740 0.388  42  45  87  50 239.13
   11   2023 05 02 12:42:31.595    45751.595  0.4038 85.4199  27.8395  12.00  6.484 0.261  27  42  69  36 355.85
   12   2023 05 02 12:57:09.872    46629.872  0.3843 85.4838  27.7285  12.00  6.413 0.286  21  21  42  23 348.04
   13   2023 05 02 13:10:19.010    47419.010  0.3298 85.4164  27.5355  10.00  6.657 0.291  18  39  57  19 344.59
   14   2023 05 02 13:47:22.780    49642.780  0.3214 85.4150  27.9921  16.00  6.395 0.421  39  33  72  35 349.20
   15   2023 05 02 14:20:55.592    51655.592  0.1730 85.4187  27.9615  10.00  6.311 0.293  24  27  51  40 358.09
   16   2023 05 02 14:49:24.044    53364.044  0.4571 85.5481  28.0887  14.00  7.197 0.250 168 174 342 244 195.69
   17   2023 05 02 15:02:32.108    54152.108  0.4294 85.7084  27.8478  14.00  6.160 0.226  36  36  72  55 344.62
   18   2023 05 02 15:36:30.953    56190.953  0.1272 85.6587  27.6444  10.00  5.995 0.147  21  18  39  21 241.60
   19   2023 05 02 16:45:55.989    60355.989  0.4222 85.7306  28.0280  12.00  6.132 0.314  18  39  57  18 349.65
   20   2023 05 02 17:02:14.654    61334.654  0.3142 85.7106  27.5360  12.00  6.164 0.277  36  33  69  42 333.08
   21   2023 05 02 17:04:57.212    61497.212  0.3213 85.6524  28.0205  14.00  7.583 0.290 213 210 423 328 195.69
   22   2023 05 02 17:07:48.895    61668.895  0.2614 85.7130  28.2422  14.00  6.080 0.242  24  27  51  18 333.36
   23   2023 05 02 17:09:04.027    61744.027  0.4001 85.6677  27.8630  14.00  6.070 0.216  57  57 114  78 185.58
   24   2023 05 02 17:26:53.185    62813.185  0.3785 85.6530  27.7639  14.00  5.954 0.248  18  24  42  30 205.03
   25   2023 05 02 17:40:38.185    63638.185  0.3966 85.6587  27.5991  14.00  6.225 0.259  57  81 138  92 244.36
   26   2023 05 02 18:18:37.312    65917.312  0.2769 85.4926  27.8796  12.00  6.416 0.261 159 171 330 224 152.19
   27   2023 05 02 18:38:49.262    67129.262  0.4186 85.4985  27.8734  10.00  5.853 0.310  12  15  27  19 188.63
   28   2023 05 02 19:17:48.161    69468.161  0.4328 85.6593  27.7720  16.00  6.369 0.243  90  99 189 115 262.08
   29   2023 05 02 19:39:58.265    70798.265  0.4208 85.4164  28.1698  12.00  6.148 0.245  27  51  78  39 343.96
   30   2023 05 02 20:11:06.153    72666.153  0.4299 85.4164  28.1245  12.00  6.042 0.286  45  60 105  62 345.27
   31   2023 05 02 20:22:04.996    73324.996  0.3248 85.6392  27.6490  14.00  5.894 0.236  24  27  51  29 338.79
   32   2023 05 02 21:06:26.752    75986.752  0.3084 85.4926  27.6530  14.00  6.597 0.280 165 177 342 246 208.14
   33   2023 05 02 21:25:01.933    77101.933  0.3770 85.4732  27.7308  10.00  6.621 0.253 132 138 270 171 207.28
   34   2023 05 02 21:39:21.417    77961.417  0.4668 85.4732  28.1385  10.00  6.055 0.228  87 105 192 129 243.28
   35   2023 05 02 21:42:09.668    78129.668  0.3386 85.4797  27.8918  16.00  6.767 0.248 195 186 381 278 132.08
   36   2023 05 02 21:56:03.880    78963.880  0.2956 85.6732  27.9120  14.00  5.807 0.290  18  12  30  20 356.32
   37   2023 05 02 22:51:51.278    82311.278  0.4486 85.6271  27.9812  20.00  6.308 0.310 111  93 204 135 177.75
   38   2023 05 02 23:35:25.902    84925.902  0.3657 85.4282  27.7571  12.00  6.270 0.216  78  69 147  97 347.73
   39   2023 05 02 23:40:13.627    85213.627  0.2885 85.4194  27.9570  12.00  6.316 0.334  54  66 120  77 354.39
   40   2023 05 02 23:49:03.394    85743.394  0.2321 85.4038  28.2268  10.00  6.340 0.210  30  18  48  25 356.02
    1   2023 05 03 00:31:12.482     1872.482  0.2401 85.5238  27.6806  10.00  6.179 0.274  54  66 120  72 248.22
    2   2023 05 03 03:38:25.470    13105.470  0.3083 85.5478  28.1475  12.00  8.025 0.260 207 213 420 335 203.52
    3   2023 05 03 03:40:21.929    13221.929  0.1514 85.4789  27.6488   8.00  6.305 0.192  18  18  36  20 348.44
    4   2023 05 03 03:40:36.928    13236.928  0.2256 85.4171  27.9933   8.00  6.735 0.344  42  72 114  55 354.20
    5   2023 05 03 03:40:58.971    13258.971  0.2737 85.5908  28.1430  12.00  6.600 0.205  51  81 132  61 224.53
    6   2023 05 03 06:27:10.285    23230.285  0.2852 85.6044  27.7938  12.00  6.647 0.230  81  87 168 106 185.94
    7   2023 05 03 14:59:26.083    53966.083  0.4174 85.6106  28.0280  28.00  6.861 0.423  84  69 153 100 226.01
    8   2023 05 03 15:03:18.036    54198.036  0.3380 85.3882  28.0743  12.00  6.420 0.239  24  27  51  33 352.02
    9   2023 05 03 16:32:03.161    59523.161  0.2504 85.4792  27.6943  12.00  5.918 0.251  27  21  48  25 349.96
   10   2023 05 03 16:40:55.975    60055.975  0.4368 85.4064  27.9798  14.00  6.122 0.255  39  33  72  47 351.64
   11   2023 05 03 21:08:51.628    76131.628  0.3129 85.4150  28.2639  12.00  6.203 0.285  57  66 123  72 342.98
   12   2023 05 03 21:19:52.760    76792.760  0.2042 85.4013  28.1969  10.00  6.345 0.266  42  51  93  60 353.20
   13   2023 05 03 23:05:16.241    83116.241  0.3434 85.4951  28.0561  12.00  6.465 0.306 123 144 267 178 209.19
   14   2023 05 03 23:31:32.106    84692.106  0.4065 85.4171  28.1292   8.00  6.431 0.369  42  48  90  60 345.42
    1   2023 05 04 00:18:50.057     1130.057  0.2735 85.5908  27.8712  12.00  6.298 0.221  51  39  90  58 179.70
    2   2023 05 04 01:08:54.736     4134.736  0.3997 85.7125  27.8638  16.00  6.652 0.199  51  66 117  75 346.30
    3   2023 05 04 01:25:55.699     5155.699  0.2503 85.5629  28.2739  14.00  6.482 0.271  66  60 126  79 220.31
    4   2023 05 04 01:28:41.404     5321.404  0.4803 85.5613  27.6986  10.00  6.586 0.313  84 114 198 121 203.66
    5   2023 05 04 01:52:50.911     6770.911  0.3158 85.4164  27.5355  10.00  6.503 0.344  54  63 117  85 344.59
    6   2023 05 04 01:55:15.290     6915.290  0.4323 85.4950  27.9015  16.00  6.569 0.215  87  81 168 117 168.66
    7   2023 05 04 03:15:42.511    11742.511  0.3327 85.5197  27.8918  14.00  7.408 0.319 147 132 279 190 161.03
    8   2023 05 04 04:16:13.097    15373.097  0.2953 85.4926  27.9702  16.00  7.250 0.347  84  72 156  89 194.77
    9   2023 05 04 07:21:02.021    26462.021  0.2325 85.6136  28.0259  12.00  7.254 0.372 162 159 321 232 184.60
   10   2023 05 04 07:37:28.288    27448.288  0.3348 85.5877  27.5006  10.00  6.782 0.296  30  54  84  50 248.90
   11   2023 05 04 08:53:36.521    32016.521  0.2451 85.6593  28.2250  12.00  7.150 0.306  69  69 138  88 251.14
   12   2023 05 04 12:01:02.300    43262.300  0.4443 85.6330  27.8344  36.00  7.148 0.256  72  63 135  79 188.66
   13   2023 05 04 12:51:11.715    46271.715  0.3670 85.7308  27.6200  14.00  6.832 0.311  42  21  63  20 356.81
   14   2023 05 04 13:50:45.755    49845.755  0.1876 85.6387  27.6490  12.00  6.147 0.265  27  36  63  39 223.24
   15   2023 05 04 13:53:38.073    50018.073  0.4583 85.7371  27.6309  20.00  6.356 0.283  27  18  45  30 349.99
   16   2023 05 04 14:35:12.319    52512.319  0.1959 85.6585  28.2358  10.00  5.808 0.127  12  12  24  20 356.33
   17   2023 05 04 14:38:44.115    52724.115  0.2546 85.7286  27.5765   8.00  6.240 0.271  21  21  42  20 343.57
   18   2023 05 04 14:58:30.630    53910.630  0.3303 85.5750  27.8562  12.00  6.290 0.313 105  99 204 144 149.84
   19   2023 05 04 15:45:25.064    56725.064  0.2734 85.7108  27.5541  14.00  6.337 0.230  42  21  63  28 336.18
   20   2023 05 04 15:52:18.718    57138.718  0.4465 85.7031  27.5281  40.00  6.721 0.334  51  51 102  58 327.71
   21   2023 05 04 16:48:22.915    60502.915  0.4496 85.4864  27.9798  10.00  6.110 0.203  15  15  30  20 354.21
   22   2023 05 04 17:53:04.086    64384.086  0.2310 85.4187  27.5991  10.00  6.122 0.313  21  36  57  30 355.18
   23   2023 05 04 18:06:25.273    65185.273  0.3786 85.4185  28.2358  10.00  6.199 0.312  42  54  96  61 326.12
   24   2023 05 04 18:30:04.072    66604.072  0.4181 85.5771  27.7668   8.00  6.149 0.355 105  96 201 151 191.03
   25   2023 05 04 18:48:16.290    67696.290  0.2341 85.4284  28.1197   8.00  6.093 0.266  36  54  90  54 354.47
   26   2023 05 04 18:49:27.165    67767.165  0.3099 85.6563  28.1156  14.00  6.440 0.287 117 120 237 150 232.67
   27   2023 05 04 19:04:52.098    68692.098  0.4042 85.7478  28.1475  12.00  6.003 0.220  30  30  60  43 354.28
   28   2023 05 04 19:23:52.106    69832.106  0.3731 85.5972  27.9756  12.00  6.746 0.314 201 201 402 287 175.28
   29   2023 05 04 19:51:17.538    71477.538  0.2350 85.4987  27.8709  12.00  5.755 0.253  15  18  33  19 349.01
   30   2023 05 04 19:51:58.112    71518.112  0.3947 85.6483  27.6715  10.00  7.735 0.163 189  18 207  25 244.68
   31   2023 05 04 19:55:01.604    71701.604  0.2734 85.7286  28.1655  14.00  6.310 0.344  36  36  72  44 343.82
   32   2023 05 04 19:55:10.922    71710.922  0.3478 85.7286  28.2108  12.00  6.310 0.330  30  15  45  24 341.98
   33   2023 05 04 20:08:40.317    72520.317  0.2475 85.5498  27.8575  12.00  6.127 0.237  87  96 183 110 115.14
   34   2023 05 04 21:25:05.004    77105.004  0.2736 85.4789  27.8753  12.00  5.727 0.186  12  18  30  20 276.12
   35   2023 05 04 21:35:31.363    77731.363  0.3204 85.5930  27.6532  12.00  6.887 0.319 213 195 408 301 199.31
   36   2023 05 04 21:35:58.820    77758.820  0.2410 85.6017  27.6895  10.00  6.014 0.305  99  84 183 111 199.13
   37   2023 05 04 21:36:42.630    77802.630  0.2961 85.5831  27.8905  12.00  6.282 0.300 135 111 246 145 144.47
   38   2023 05 04 21:40:46.486    78046.486  0.2871 85.6086  27.8937  12.00  6.195 0.309 111  96 207 115 153.55
   39   2023 05 04 21:50:06.277    78606.277  0.1902 85.5078  28.1475  10.00  6.010 0.289  72  75 147  96 316.17
   40   2023 05 04 21:53:32.610    78812.610  0.3761 85.6684  27.4854  14.00  5.883 0.224  24  33  57  37 345.02
   41   2023 05 04 21:56:56.470    79016.470  0.2323 85.6150  27.8562  12.00  6.172 0.291 111  99 210 144 162.66
   42   2023 05 04 22:25:02.028    80702.028  0.3876 85.5306  28.1186  14.00  6.175 0.275 111  99 210 144 208.77
   43   2023 05 04 22:27:05.875    80825.875  0.1573 85.4193  27.7267  10.00  6.216 0.207  75  60 135  86 352.14
   44   2023 05 04 22:27:18.697    80838.697  0.3729 85.4951  27.4672   6.00  5.908 0.281  87  72 159 101 255.22
   45   2023 05 04 22:58:31.143    82711.143  0.3992 85.5670  27.6760  10.00  7.254 0.190 165  12 177  20 205.10
   46   2023 05 04 23:34:07.060    84847.060  0.2909 85.6171  27.5856  12.00  6.059 0.285  54  39  93  58 211.23
   47   2023 05 04 23:45:53.510    85553.510  0.3391 85.5081  28.0887  14.00  6.481 0.269  99 108 207 135 210.81
    1   2023 05 05 00:28:27.994     1707.994  0.3095 85.4968  28.0105  14.00  6.721 0.279  99 114 213 141 201.22
    2   2023 05 05 02:54:25.066    10465.066  0.4573 85.6908  27.6653  16.00  6.770 0.272  66  69 135 100 326.71
    3   2023 05 05 02:56:16.086    10576.086  0.2945 85.6493  27.6217  14.00  6.518 0.215  51  42  93  61 227.56
    4   2023 05 05 04:24:00.104    15840.104  0.2919 85.4886  28.2108   8.00  6.415 0.290  39  39  78  40 345.76
    5   2023 05 05 08:10:25.057    29425.057  0.2876 85.4816  27.6478  10.00  7.576 0.259 165 174 339 241 269.27
    6   2023 05 05 08:13:40.142    29620.142  0.2725 85.4817  27.8707  12.00  7.411 0.250 150 153 303 224 139.23
    7   2023 05 05 08:17:22.804    29842.804  0.3970 85.4875  28.1632   8.00  6.519 0.364  21  18  39  20 330.04
    8   2023 05 05 08:33:21.675    30801.675  0.2942 85.4611  27.9824  12.00  7.380 0.247  69 114 183 100 249.68
    9   2023 05 05 10:37:56.147    38276.147  0.3301 85.4829  27.6397   8.00  6.536 0.275  54  36  90  49 324.72
   10   2023 05 05 13:58:36.992    50316.992  0.2710 85.5708  27.9824  32.00  6.526 0.247  24  27  51  22 164.82
   11   2023 05 05 14:00:14.482    50414.482  0.3448 85.4878  28.0923  10.00  6.700 0.284  96 108 204 144 244.69
   12   2023 05 05 14:36:55.285    52615.285  0.3416 85.5932  28.0932  12.00  6.372 0.273  81  87 168 116 194.20
   13   2023 05 05 15:20:59.626    55259.626  0.1312 85.6789  27.7847   8.00  6.042 0.236  27  27  54  35 353.95
   14   2023 05 05 15:22:47.396    55367.396  0.3286 85.5961  27.9163  12.00  6.415 0.262 108  87 195 114 100.51
   15   2023 05 05 15:24:48.712    55488.712  0.3247 85.5229  28.0927  10.00  6.352 0.310 105  78 183 117 220.75
   16   2023 05 05 15:48:21.981    56901.981  0.3834 85.4151  27.4672  10.00  6.420 0.232  24  57  81  40 348.87
   17   2023 05 05 16:16:06.756    58566.756  0.4954 85.7278  27.4581  14.00  6.356 0.192  48  45  93  65 338.60
   18   2023 05 05 16:30:31.375    59431.375  0.4067 85.6721  27.9118  14.00  6.342 0.311  63  90 153  99 231.61
   19   2023 05 05 17:27:47.307    62867.307  0.3165 85.4611  27.9824  12.00  6.347 0.250  90 105 195 146 250.16
   20   2023 05 05 17:29:46.121    62986.121  0.3141 85.4211  27.6653  12.00  6.406 0.219  72  90 162 115 347.59
   21   2023 05 05 17:30:52.037    63052.037  0.3438 85.4106  27.7562  10.00  6.303 0.182  33  39  72  33 353.19
   22   2023 05 05 17:43:27.809    63807.809  0.1589 85.5706  27.6203  10.00  6.040 0.289  42  33  75  51 242.59
   23   2023 05 05 17:48:25.091    64105.091  0.2137 85.4185  27.6016  10.00  6.399 0.274  24  24  48  27 355.73
   24   2023 05 05 17:49:36.431    64176.431  0.1845 85.4886  28.2108  10.00  6.223 0.254  63  39 102  65 324.48
   25   2023 05 05 18:00:33.699    64833.699  0.1136 85.5330  28.1716   8.00  5.856 0.369  15  15  30  19 352.96
   26   2023 05 05 19:58:06.483    71886.483  0.3558 85.5587  28.2379  12.00  6.359 0.244 129 129 258 199 216.77
   27   2023 05 05 21:10:45.094    76245.094  0.4780 85.7213  27.5627  12.00  6.522 0.283 120 114 234 155 337.79
   28   2023 05 05 21:12:42.724    76362.724  0.0927 85.5638  27.8191   8.00  5.674 0.339  18  24  42  24 216.81
   29   2023 05 05 21:44:21.877    78261.877  0.3603 85.4193  28.1797  12.00  6.138 0.318  30  42  72  47 342.99
   30   2023 05 05 21:44:58.955    78298.955  0.3613 85.4813  28.1969  14.00  6.286 0.231  84  96 180 125 240.01
   31   2023 05 05 21:58:16.849    79096.849  0.3876 85.5288  28.2452  14.00  6.033 0.257  33  33  66  43 247.27
   32   2023 05 05 22:51:09.325    82269.325  0.3085 85.6721  27.9118  14.00  6.196 0.262  63  81 144  87 231.61
   33   2023 05 05 23:07:55.307    83275.307  0.2054 85.5189  27.9206  10.00  6.052 0.219  39  33  72  34 161.71
    1   2023 05 06 01:42:22.030     6142.030  0.4033 85.4587  27.9615  12.00  6.502 0.198  54  48 102  56 257.74
    2   2023 05 06 02:36:47.035     9407.035  0.2954 85.4171  28.2198  16.00  6.411 0.171  24  30  54  39 357.37
    3   2023 05 06 04:27:24.856    16044.856  0.2296 85.4088  27.7016  10.00  6.603 0.200  36  36  72  50 354.13
    4   2023 05 06 10:16:41.341    37001.341  0.3250 85.6477  28.1161  14.00  7.150 0.299  96 105 201 126 219.57
    5   2023 05 06 10:47:29.358    38849.358  0.2007 85.6888  27.6109  14.00  6.727 0.286  54  57 111  90 317.28
    6   2023 05 06 11:15:38.090    40538.090  0.2484 85.7084  28.2870  10.00  6.584 0.275  51  30  81  47 349.02
    7   2023 05 06 11:36:35.928    41795.928  0.3879 85.4930  28.0793  18.00  7.178 0.279  81  87 168 116 334.90
    8   2023 05 06 12:49:51.622    46191.622  0.1693 85.7189  28.2378  14.00  6.661 0.313  57  54 111  66 335.54
    9   2023 05 06 13:22:30.107    48150.107  0.3544 85.5306  27.5750  14.00  6.842 0.268  93 105 198 128 270.16
   10   2023 05 06 13:51:55.958    49915.958  0.1965 85.7283  28.2604  12.00  6.511 0.296  39  30  69  43 340.60
   11   2023 05 06 15:08:03.618    54483.618  0.3259 85.4930  28.1716   8.00  7.268 0.302 144 129 273 205 327.57
   12   2023 05 06 15:08:16.082    54496.082  0.1511 85.5825  27.9299  12.00  6.591 0.210  24  15  39  25 136.62
   13   2023 05 06 16:11:06.513    58266.513  0.3591 85.6438  27.8165  12.00  6.612 0.294  96 111 207 132 184.22
   14   2023 05 06 16:24:38.878    59078.878  0.3420 85.5277  28.1614  18.00  6.026 0.367  15  15  30  15 341.27
   15   2023 05 06 17:12:03.207    61923.207  0.0424 85.5385  27.7828  10.00  5.814 0.370  15  12  27  19 358.22
   16   2023 05 06 18:02:57.832    64977.832  0.3915 85.5921  27.9118  16.00  6.628 0.334  93  99 192 126  82.26
   17   2023 05 06 19:27:23.477    70043.477  0.3534 85.6199  27.6583  12.00  6.092 0.223  33  36  69  34 232.74
   18   2023 05 06 19:44:24.691    71064.691  0.1480 85.7306  28.1186  12.00  6.351 0.294  33  54  87  51 356.35
   19   2023 05 06 20:41:30.920    74490.920  0.3574 85.5787  28.2334  14.00  6.129 0.251  51  54 105  62 271.62
   20   2023 05 06 22:26:48.485    80808.485  0.1453 85.4893  28.2559  10.00  6.150 0.259  42  36  78  51 348.75
   21   2023 05 06 23:32:51.708    84771.708  0.2817 85.4930  28.0810  12.00  6.323 0.267  30  24  54  30 353.39
   22   2023 05 06 23:33:35.365    84815.365  0.1240 85.6568  27.9652  10.00  6.122 0.235  18  18  36  20 350.90
   23   2023 05 06 23:35:50.167    84950.167  0.2920 85.5877  28.0442  10.00  6.145 0.353  63  51 114  68 198.00
    1   2023 05 07 01:10:17.840     4217.840  0.4489 85.6677  27.8630  10.00  6.429 0.375  36  27  63  36 189.30
    2   2023 05 07 05:52:17.156    21137.156  0.3422 85.5638  27.9977  18.00  7.011 0.292  63  72 135  90 181.89
    3   2023 05 07 06:09:50.635    22190.635  0.1633 85.6530  27.5809  14.00  6.684 0.266  36  42  78  55 240.97
    4   2023 05 07 10:34:56.006    38096.006  0.3549 85.6684  27.8478  16.00  7.203 0.342  33  42  75  43 323.21
    5   2023 05 07 13:33:20.470    48800.470  0.2296 85.6387  28.2379  12.00  6.459 0.238  42  42  84  53 239.03
    6   2023 05 07 14:28:40.059    52120.059  0.2272 85.5629  27.7303  12.00  6.130 0.370  30  12  42  18 225.70
    7   2023 05 07 14:34:06.227    52446.227  0.2210 85.5592  27.9208  10.00  5.964 0.427  24  21  45  34 203.41
    8   2023 05 07 14:36:34.257    52594.257  0.2416 85.5629  28.1833  10.00  6.080 0.364  45  36  81  49 254.25
    9   2023 05 07 17:22:42.133    62562.133  0.4920 85.6684  27.8478  10.00  5.922 0.272  24  27  51  35 202.83
   10   2023 05 07 17:52:38.165    64358.165  0.2643 85.5644  27.8391   8.00  6.453 0.272  90  84 174 125 181.47
   11   2023 05 07 17:56:28.722    64588.722  0.2194 85.5387  27.8256  12.00  6.646 0.261  60  72 132  84 312.95
   12   2023 05 07 18:08:40.231    65320.231  0.1895 85.5644  27.7485  14.00  6.400 0.232  42  60 102  64 225.23
   13   2023 05 07 19:04:59.917    68699.917  0.2455 85.4971  28.1745  10.00  6.090 0.244  18  33  51  25 344.56
   14   2023 05 07 19:24:24.934    69864.934  0.2152 85.5368  28.1011  12.00  6.301 0.233  15  12  27  20 317.86
   15   2023 05 07 19:42:56.407    70976.407  0.3981 85.5706  27.6203  10.00  6.393 0.216  33  54  87  47 234.97
   16   2023 05 07 20:40:33.936    74433.936  0.3213 85.6231  28.1623  12.00  6.066 0.222  21  42  63  31 297.70
   17   2023 05 07 20:40:39.983    74439.983  0.4094 85.6568  27.9199  12.00  6.608 0.327  42  60 102  69 153.83
   18   2023 05 07 21:44:09.851    78249.851  0.4494 85.6506  27.9827  12.00  6.789 0.341  78  78 156 125 199.43
   19   2023 05 07 22:14:13.464    80053.464  0.2481 85.5613  27.8798  16.00  6.694 0.214  60  60 120  92  92.99
   20   2023 05 07 22:37:36.011    81456.011  0.1364 85.5587  28.1473  12.00  6.052 0.284  39  27  66  40 257.03
   21   2023 05 07 22:39:30.161    81570.161  0.2771 85.5081  28.0887  16.00  6.112 0.107  18  21  39  25 352.27
   22   2023 05 07 23:27:15.959    84435.959  0.2432 85.5613  28.1063  12.00  6.160 0.300  24  12  36  20 326.06
