762.2900 10.7710 1.7123e+04
770.8100 10.7580 3.3672e+04
773.8400 11.6078 3.2099e+04
793.5100 10.0132 2.7756e+04
805.9500 10.0525 2.7680e+04
821.8001 10.9547 2.9738e+04
846.7301 13.4453 3.6503e+04
890.0701 14.2905 1.8535e+04
954.5801 13.0641 7.0475e+03
1007.5301 13.4547 5.9098e+03
1028.7001 10.9136 6.5540e+03
1155.5601 10.0245 4.1884e+03
1601.3601 14.1644 6.7605e+03
1718.1201 12.8471 7.9900e+03
1857.6601 17.0836 5.3466e+03
1889.3601 11.7717 4.6327e+03
1959.8301 14.1193 5.4755e+03
1996.4301 11.0176 5.6766e+03
2026.7201 13.2195 1.0882e+04
2546.3602 10.2794 5.7768e+03
2566.8002 13.2057 9.3456e+03
3171.6402 11.0510 5.6183e+03
3496.1402 14.8467 1.4473e+04
3512.0802 15.7000 2.8171e+04
3689.4502 13.7644 6.8834e+03
3778.9102 13.2580 5.3651e+03
4019.0602 15.4921 1.6191e+04
4063.8702 13.0868 1.5001e+04
4115.2703 11.4975 5.1639e+03
4171.3003 12.1558 7.9853e+03
4195.7503 11.9845 5.8288e+03
4286.1603 10.4864 9.8214e+03
4297.2703 17.7741 1.1693e+04
4645.8503 15.2121 7.2965e+03
5603.3803 16.5940 1.3621e+04
6342.0404 17.1299 4.2918e+04
6560.0004 16.3954 3.4991e+04
6565.9604 11.2251 3.1338e+04
6918.0404 11.0988 7.5651e+03
8321.4705 12.6184 1.8789e+04
8365.0005 13.0426 1.2071e+04
8857.4005 27.0501 1.1321e+06
11896.5407 10.3781 7.7924e+03
12276.0907 10.3054 8.4814e+03
12757.9508 11.6509 5.9695e+03
12836.2808 11.8907 2.5787e+04
13108.1308 26.2697 9.6702e+05
13259.8208 13.5764 3.4994e+04
13375.9708 11.3554 1.1501e+04
13427.3308 18.4549 1.8615e+04
14750.5509 16.2666 3.5301e+04
14884.0709 15.1302 1.6724e+04
15660.3110 10.2899 1.0212e+04
17885.6011 17.2314 1.8742e+04
17899.9411 19.3868 6.8687e+04
17909.3511 12.2454 3.3388e+05
17912.2411 18.5355 3.3388e+05
17923.5811 14.6962 5.5229e+04
17932.0111 14.6751 1.6680e+04
17937.8811 15.7265 9.6073e+03
17956.6011 19.1190 1.5256e+04
18253.1511 10.9944 6.8214e+03
18995.1212 10.8359 1.1231e+04
18999.0712 11.7470 1.0955e+04
19178.3812 10.9972 5.5333e+03
19221.5112 10.4716 6.2010e+03
19650.7612 10.6213 8.8570e+03
20132.7512 13.0405 7.3968e+03
20162.6112 19.6817 1.6238e+04
20430.2812 15.3626 1.4615e+04
20444.6212 15.9566 3.2305e+04
20457.0412 17.1420 8.4644e+03
20536.0113 14.0545 3.0889e+04
21177.5813 10.7720 6.1261e+03
21324.4113 11.5581 7.6170e+03
21953.0313 11.9667 1.2836e+04
21984.4113 14.8189 2.1993e+04
21993.3113 13.3297 1.9403e+04
22018.8313 11.5053 2.9397e+04
22027.7113 12.4608 1.7850e+04
22070.0513 12.5691 7.1366e+03
24651.6315 18.8611 4.6637e+04
24661.3215 13.0249 9.1910e+04
24782.5615 11.0234 4.0391e+04
24806.0415 19.0969 1.3925e+05
24865.7315 10.5065 1.4753e+05
24880.4815 16.3513 2.2834e+05
24887.4115 11.0682 1.4554e+05
24898.9215 15.1384 2.6069e+05
24914.0615 11.7934 5.0230e+05
24917.5715 13.8402 3.5360e+05
24932.0315 13.2650 3.4896e+05
24932.9915 13.3170 4.5688e+05
24946.3615 18.8678 3.5067e+05
24950.4715 15.6526 3.3762e+05
24959.6515 12.3919 4.7709e+05
24963.4515 13.7758 3.4378e+05
24964.9415 12.3476 2.4970e+05
24986.3115 12.1824 3.4887e+05
25009.4415 15.4586 4.4089e+05
25016.6715 15.9398 2.8868e+05
25025.3415 12.2135 2.4806e+05
25025.6415 11.2534 3.5155e+05
25036.0315 13.4880 1.5232e+05
25041.6215 13.6303 1.9279e+05
25045.9115 11.1796 2.9635e+05
25057.4615 21.1798 4.1409e+05
25065.7415 15.6720 1.3306e+05
25071.2115 11.8543 2.3065e+05
25076.1115 17.3981 3.9719e+05
25081.0315 14.1668 3.3759e+05
25088.4015 15.1858 2.4190e+05
25096.6715 11.2065 1.3403e+05
25100.7015 11.7797 3.7593e+05
25102.6515 11.7520 1.7019e+05
25112.5315 14.6328 3.6693e+05
25114.5515 17.3706 2.8526e+05
25117.4015 11.4021 3.8278e+05
25119.8015 11.9185 2.2804e+05
25125.3015 15.3885 2.7034e+05
25125.7415 10.9337 2.6878e+05
25135.8115 12.2692 1.0366e+05
25141.5715 20.4559 4.0726e+05
25145.5915 19.5586 2.2562e+05
25158.4615 23.0182 2.7795e+05
25164.2415 18.6437 2.2785e+05
25171.3315 17.3011 1.8695e+05
25175.7815 16.8650 1.4985e+05
25185.6515 15.4100 2.9328e+05
25194.3015 15.1705 1.2091e+05
25200.5415 15.8190 4.1377e+05
25204.4815 20.1586 5.3357e+05
25210.8515 11.1085 2.3596e+05
25224.2015 12.5207 2.5591e+05
25227.0015 13.0712 2.4420e+05
25235.3415 15.3304 4.0940e+05
25248.5815 16.3803 2.7762e+05
25256.6315 13.4688 2.2986e+05
25260.4115 11.1052 2.2251e+05
25275.5715 16.6830 3.6798e+05
25286.8215 17.3374 2.6013e+05
25294.1415 18.7645 1.7734e+05
25303.2415 13.8554 2.3640e+05
25310.4115 12.8159 4.7002e+05
25317.1415 13.2014 1.3613e+05
25324.6115 17.7977 1.5342e+05
25329.4915 10.7701 3.5703e+05
25332.9115 12.6324 3.8559e+05
25334.1115 12.9758 3.8466e+05
25343.3815 20.8502 1.6059e+05
25358.3415 14.3213 1.6007e+05
25369.7915 11.1427 1.1196e+05
25376.5915 14.7453 3.8344e+05
25377.6315 19.9766 3.8344e+05
25389.5515 15.7133 1.3560e+05
25397.5816 20.3405 3.8657e+05
25402.3016 15.3965 2.3951e+05
25420.1716 17.5669 9.3565e+04
25425.1016 23.8759 7.7075e+05
25436.0016 13.5117 3.0689e+05
25451.4816 23.6765 1.9572e+05
25455.7516 11.1328 6.2309e+04
25463.7216 16.9974 1.0105e+05
25465.6116 10.3446 1.0105e+05
25470.0716 10.4624 2.1440e+05
25472.9116 15.9990 1.8332e+05
25482.0616 12.8895 1.2171e+05
25486.1816 10.2425 8.3487e+04
25488.6516 11.5946 2.2123e+05
25490.8216 11.9220 2.9333e+05
25494.1616 17.4452 2.8075e+05
25511.9516 10.1187 6.8440e+04
25520.3216 24.9120 2.6925e+05
25525.1516 15.4439 2.0075e+05
25530.2516 10.7486 1.7836e+05
25531.0316 18.3649 1.7836e+05
25538.6016 16.4445 1.7475e+05
25543.5216 12.6386 1.4988e+05
25548.3616 20.1408 2.8526e+05
25559.7016 23.3612 3.1972e+05
25581.9616 19.2143 2.2444e+05
25591.9716 21.3142 1.6586e+05
25603.8116 18.1632 1.9211e+05
25610.6816 21.7306 2.8764e+05
25620.3516 14.3208 6.1368e+04
25631.1316 14.4762 1.2172e+05
25645.0916 11.6170 2.7687e+05
25647.0316 15.1260 1.0830e+05
25654.5316 11.9605 3.0333e+05
25657.7916 13.0546 1.8952e+05
25659.3416 11.1238 9.1044e+04
25664.5316 17.1224 2.4549e+05
25667.6516 11.5844 7.6275e+04
25677.9616 22.8403 2.1747e+05
25685.5316 10.0457 1.2215e+05
25692.8116 19.5736 1.2653e+05
25701.1316 22.6262 2.6946e+05
25710.1516 13.6349 1.5131e+05
25716.0316 14.1323 1.5447e+05
25736.5316 13.0488 3.1068e+05
25737.1216 18.2114 3.1068e+05
25739.0416 15.4206 2.0509e+05
25749.9416 12.5039 1.1418e+05
25761.8716 19.9222 1.3341e+05
25768.1916 17.5536 1.6635e+05
25782.3616 15.0012 1.2599e+05
25790.3216 10.7955 6.4464e+04
25796.0416 12.8949 3.0001e+05
25798.0516 20.2327 2.7006e+05
25802.0116 11.5558 1.8479e+05
25806.3516 10.3232 1.4868e+05
25838.0116 17.7855 2.7524e+05
25840.6916 10.7013 1.0861e+05
25847.6316 16.0383 1.4910e+05
25856.1416 16.3935 1.6143e+05
25866.5116 11.4213 1.2749e+05
25869.4016 10.7650 9.3385e+04
25885.6216 11.4934 1.3920e+05
25889.5716 10.2557 6.2884e+04
25900.1716 23.3821 1.4517e+05
25911.0016 10.3440 8.4898e+04
25912.9216 13.8838 6.5659e+04
25933.0016 19.0315 1.9832e+05
25950.6716 22.3384 1.9272e+05
25970.9416 14.7536 1.3419e+05
25990.1216 10.6576 9.4328e+04
26006.2716 24.6891 4.0568e+05
26015.4516 13.8243 1.9807e+05
26017.4816 12.9322 1.9807e+05
26028.7916 17.1500 7.3012e+04
26034.6616 19.1369 1.6562e+05
26037.3216 12.3040 1.5812e+05
26044.9216 19.7188 9.6636e+04
26138.8816 16.8074 8.2110e+04
26172.7216 12.0298 1.4925e+05
26223.8916 15.4100 1.2484e+05
26228.0916 13.7965 1.4338e+05
26237.0016 12.0367 2.0906e+05
26239.9816 14.0425 1.1629e+05
26294.4116 23.6356 1.8594e+05
26320.5216 16.1743 1.1822e+05
26327.9916 22.1629 1.1238e+05
26342.2016 23.8072 2.6556e+05
26344.6416 14.5880 1.4947e+05
26353.3216 11.5352 2.0378e+05
26363.3216 19.5045 8.2650e+04
26372.8116 16.5760 1.5715e+05
26373.4416 19.0252 8.6713e+04
26396.1316 17.8164 1.4518e+05
26416.7716 18.4510 2.4720e+05
26419.5016 19.0772 2.5299e+05
26440.3916 19.4883 2.7701e+05
26446.8616 11.0036 9.6297e+04
26448.5316 15.9543 9.3837e+04
26452.9016 10.1999 5.8487e+04
26464.0116 17.3202 3.3315e+05
26470.0116 18.4898 2.1617e+05
26479.9916 17.0496 1.0998e+05
26498.5416 16.7081 2.5634e+05
26504.3516 18.2931 8.7842e+04
26509.5516 17.4158 2.2513e+05
26511.7116 13.4046 1.2744e+05
26522.2416 21.6072 1.9113e+05
26523.8416 10.0781 1.7046e+05
26535.2116 11.6628 3.5707e+05
26536.9616 14.6925 3.5707e+05
26540.4216 11.9986 1.1968e+05
26550.5416 23.6641 2.4745e+05
26585.7316 20.3854 1.8085e+05
26600.1716 11.3787 1.0755e+05
26605.4716 16.4610 1.9004e+05
26609.8416 17.7580 1.9004e+05
26615.6416 11.0388 1.1592e+05
26623.9916 13.6196 4.5291e+04
26630.2316 19.4564 9.9350e+04
26634.7116 14.5789 1.9746e+05
26636.0016 12.3502 1.3789e+05
26666.1016 23.1656 1.0838e+05
26679.5116 22.5096 5.1079e+04
26700.1016 12.8222 5.3764e+04
26708.3116 18.4343 3.2008e+05
26727.1816 19.2706 6.7255e+04
26733.4016 14.8714 1.1741e+05
26739.3116 13.3822 7.3351e+04
26752.0716 11.8634 5.7665e+04
26789.8916 15.0984 1.0141e+05
26807.1116 10.4592 5.1486e+04
26811.9616 10.6225 5.2251e+04
26829.4116 12.4236 1.1489e+05
26836.7816 17.5358 8.1296e+04
26855.0416 20.5686 1.2681e+05
26875.2716 20.8732 1.3955e+05
26883.6016 17.7295 9.6422e+04
26889.6616 14.5450 3.0452e+04
26898.4016 11.2938 5.3992e+04
26904.6016 12.8244 8.8143e+04
26927.4916 10.7657 6.8249e+04
26934.1516 15.0882 5.6429e+04
26967.1516 19.2528 7.5965e+04
26974.8516 11.2710 4.9856e+04
26979.4116 18.0821 5.4613e+04
26984.9216 23.0288 2.1014e+05
27001.7616 22.0078 7.7756e+04
27012.9916 22.4811 1.8238e+05
27040.3117 21.4307 1.4173e+05
27068.9817 16.3441 1.3392e+05
27084.9517 10.4954 6.8858e+04
27088.6717 10.0043 5.0913e+04
27103.7417 16.9013 8.7020e+04
27107.6817 10.0268 5.4775e+04
27119.1217 12.0150 2.6472e+05
27122.3717 14.6437 2.6472e+05
27143.7317 14.3370 8.1707e+04
27157.5817 14.2751 1.2381e+05
27168.1517 21.3882 2.6447e+05
27179.6917 15.1035 1.9690e+05
27183.6217 16.6224 1.4631e+05
27197.7317 10.2142 1.1412e+05
27204.5717 19.0997 1.9938e+05
27206.8617 10.6026 9.2533e+04
27212.0817 11.6162 1.1388e+05
27237.7217 13.0451 3.5747e+05
27239.0117 13.5414 1.9847e+05
27248.8717 11.4502 2.8108e+05
27251.5917 20.1959 1.5913e+05
27287.8117 12.8139 9.8342e+04
27295.0817 13.3139 7.8094e+04
27303.1617 16.9296 9.5173e+04
27312.4517 11.2168 1.1266e+05
27325.3117 15.5977 1.0447e+05
27336.6017 16.9030 1.1922e+05
27356.4717 14.1869 1.2753e+05
27363.1017 16.1638 1.5167e+05
27376.5417 20.7625 2.5642e+05
27384.4917 20.9492 1.4914e+05
27414.0317 10.6872 4.5120e+04
27421.5217 19.9394 1.8374e+05
27447.4617 16.2651 2.5252e+05
27452.0217 22.6136 2.0846e+05
27482.1517 20.8280 1.3997e+05
27504.1117 10.9215 4.4855e+04
27525.1317 19.3899 1.1742e+05
27534.4217 22.9433 2.0592e+05
27550.1017 23.3725 2.8771e+05
27575.2617 11.9733 2.2279e+05
27577.6317 16.8782 2.5952e+05
27584.1517 22.3144 1.8612e+05
27603.7817 18.3522 1.0517e+05
27611.6017 17.3193 1.2479e+05
27619.0717 15.0804 1.7464e+05
27623.0217 16.3714 1.3927e+05
27638.0817 14.4704 1.0699e+05
27649.0817 10.7035 6.5794e+04
27653.5617 16.6217 1.6252e+05
27663.4517 23.5261 4.5287e+05
27675.0117 17.5788 8.8103e+04
27685.8517 12.8257 1.5295e+05
27700.7017 11.3770 1.2635e+05
27709.0117 13.9459 2.2028e+05
27711.0017 10.1724 1.1813e+05
27716.3717 11.3162 3.5301e+05
27717.9017 16.6926 1.6460e+05
27721.8717 12.7610 1.0125e+05
27726.4517 14.7009 8.8906e+04
27731.2917 12.6531 3.1414e+05
27733.7817 19.1722 2.8217e+05
27738.0817 17.4106 1.2062e+05
27754.0117 20.5286 1.0082e+05
27767.8017 13.4157 2.6980e+05
27769.7117 21.5071 2.5590e+05
27780.4417 12.0618 2.2264e+05
27788.3617 11.0481 1.6955e+05
27789.2017 18.3122 1.4030e+05
27808.7017 11.2927 1.1139e+05
27818.0917 15.8285 1.0664e+05
27823.8817 11.8494 7.7042e+04
27828.8917 25.6175 5.0923e+05
27845.8317 14.2585 1.3633e+05
27862.1317 10.0043 5.2504e+04
27886.2017 25.8078 2.0434e+05
27901.2417 10.1152 6.8761e+04
27918.5817 14.5997 1.1940e+05
27923.0017 13.6364 8.1483e+04
27931.9317 18.4501 1.5035e+05
27941.2517 23.2079 1.9020e+05
27949.1217 14.4421 1.9778e+05
27951.0817 19.3121 1.6971e+05
27967.2017 20.2767 8.2939e+04
27977.1817 24.3433 2.0682e+05
27984.8917 22.2972 2.4715e+05
27994.7417 15.1021 4.2863e+04
28002.0217 10.1964 5.4829e+04
28024.5417 13.6041 1.0250e+05
28026.5317 10.0230 7.7640e+04
28031.6117 23.6588 2.6701e+05
28037.5917 21.6241 3.0148e+05
28060.5217 10.4471 8.6152e+04
28084.8217 20.4676 1.9717e+05
28088.0317 11.4634 2.7773e+05
28092.2317 14.6958 1.2307e+05
28101.1517 11.9565 3.5200e+05
28104.4817 21.0815 3.9570e+05
28108.4017 11.7415 1.7333e+05
28112.9717 19.4704 2.3597e+05
28121.9917 21.8389 2.3350e+05
28137.6217 20.6696 3.9846e+05
28141.8717 18.7866 1.6910e+05
28155.2317 15.2404 2.1615e+05
28159.6517 21.0548 2.1602e+05
28170.6917 12.2263 1.2213e+05
28185.9317 21.0582 2.5235e+05
28189.3917 16.2382 2.4736e+05
28201.6517 19.5530 3.0217e+05
28202.4117 17.3578 2.2527e+05
28209.2317 12.7624 1.3698e+05
28231.9217 24.0677 8.8999e+04
28242.5617 14.7678 9.3164e+04
28252.0117 13.8121 1.4462e+05
28255.6517 19.1399 1.2973e+05
28264.7917 22.7066 1.6825e+05
28271.0117 21.6957 3.4561e+05
28283.5117 18.6897 2.8838e+05
28286.1717 19.1009 2.5955e+05
28288.5917 12.8702 1.6838e+05
28299.5917 11.9817 1.4378e+05
28317.9217 16.6326 1.9734e+05
28320.5417 14.6128 1.7548e+05
28322.9817 12.5453 1.3250e+05
28346.9717 20.8871 1.2238e+05
28353.2817 20.4216 1.8569e+05
28357.8117 15.3439 1.3643e+05
28365.6817 17.8016 1.3326e+05
28385.3217 20.2858 1.9081e+05
28387.4417 11.2114 1.5116e+05
28399.7317 13.8186 1.6187e+05
28406.5317 11.8452 1.1306e+05
28427.8817 16.5023 2.3657e+05
28430.8517 13.6450 2.1455e+05
28433.1217 10.2210 1.0654e+05
28441.9117 23.0255 5.1799e+05
28462.4617 23.4402 3.4709e+05
28471.5817 13.8516 1.5335e+05
28474.9817 18.1484 1.1721e+05
28482.0617 15.8516 1.5696e+05
28484.1017 10.6415 1.0103e+05
28488.8817 22.2020 2.6677e+05
28497.9317 11.3524 1.2468e+05
28503.5717 12.8434 8.7274e+04
28514.1717 23.9700 1.8444e+05
28520.2817 11.2140 1.1652e+05
28522.4517 14.7384 8.6433e+04
28530.0517 11.5241 7.9463e+04
28553.2517 16.3862 1.0253e+05
28562.8117 13.3994 8.8836e+04
28569.8617 11.7015 4.7518e+04
28574.2317 13.7840 5.4622e+04
28580.0617 15.1441 2.6831e+05
28583.4017 18.7376 2.8185e+05
28584.5117 13.4750 1.8445e+05
28592.7717 10.7799 1.0809e+05
28602.9317 16.6248 1.7020e+05
28606.8617 10.7017 8.7815e+04
28612.2817 18.3909 9.1173e+04
28617.4417 12.5190 6.8962e+04
28626.2917 10.2874 6.0991e+04
28634.1117 12.3614 1.1673e+05
28640.0917 16.7619 1.7700e+05
28645.4817 10.4560 1.0932e+05
28656.6817 11.2877 1.1761e+05
28666.8917 10.5843 2.5534e+05
28675.5918 12.5230 1.1907e+05
28680.1718 12.6088 1.4152e+05
28688.4718 10.8198 3.3415e+05
28691.6218 17.7275 3.0619e+05
28695.3418 12.5069 7.8272e+04
28714.6518 14.1551 1.4992e+05
28726.3718 21.9355 2.4790e+05
28731.5818 17.2002 1.2714e+05
28741.0418 10.0919 3.1750e+05
28743.4618 22.0200 3.1750e+05
28762.5718 23.8888 1.2780e+05
28785.9418 11.6032 4.2421e+04
28790.5218 17.2510 8.6316e+04
28800.4718 19.2503 8.2889e+04
28817.0318 11.9609 2.0062e+05
28828.3118 14.0222 1.8076e+05
28829.1918 11.9119 1.8335e+05
28839.1618 12.8634 2.8259e+05
28846.6418 15.9651 2.9621e+05
28855.8218 13.9826 3.0543e+05
28856.6218 11.5263 2.7266e+05
28857.3718 12.3074 1.6249e+05
28867.8918 15.9111 2.9548e+05
28873.2418 12.0460 1.5991e+05
28879.2818 21.7617 4.2232e+05
28931.1118 15.5889 3.1503e+05
28945.3818 14.1367 3.0638e+05
28956.1918 10.8232 2.1233e+05
29043.9718 12.9127 3.3675e+05
29058.6718 16.3805 4.5762e+05
29077.9118 11.7031 3.2104e+05
29092.7518 10.7748 1.2522e+05
29103.1618 11.5566 1.7906e+05
29109.2518 11.3671 1.5986e+05
29115.4818 13.0973 2.3413e+05
29119.8218 11.0194 2.8325e+05
29128.4118 14.2760 2.5463e+05
29136.4618 13.1564 2.2217e+05
29145.6618 10.8962 2.4578e+05
29148.7218 13.5669 2.1396e+05
29153.6718 11.0370 1.9064e+05
29158.6818 14.9511 2.9496e+05
29166.1718 11.5354 2.8937e+05
29167.2918 15.3552 3.3588e+05
29182.6718 18.4246 4.6325e+05
29187.9718 10.1476 2.8278e+05
29192.0518 12.1129 2.6271e+05
29200.1718 12.5043 2.1367e+05
29209.3818 13.3547 2.4162e+05
29214.3818 18.6977 2.4359e+05
29219.7818 15.6831 2.1678e+05
29228.8118 13.3825 3.3009e+05
29231.2118 13.0726 1.6009e+05
29239.3018 12.8140 1.9965e+05
29242.2718 10.2067 1.2517e+05
29248.8218 13.7796 1.3136e+05
29253.7918 17.2137 5.1553e+05
29265.4518 17.0227 1.2010e+05
29272.3618 15.3258 2.6793e+05
29274.6118 17.8270 1.8232e+05
29284.5018 19.9083 3.3179e+05
29289.4218 13.9824 1.9067e+05
29297.3518 19.2161 3.4295e+05
29304.3518 10.1631 1.8635e+05
29308.0518 13.6200 1.6900e+05
29318.3018 15.0607 1.1383e+05
29327.2318 14.0219 3.6526e+05
29327.6918 12.6148 3.4890e+05
29339.1818 10.4774 2.3956e+05
29339.5218 11.9722 2.7537e+05
29341.6518 12.7964 2.0868e+05
29348.5718 10.1876 2.0349e+05
29354.6318 20.8716 4.1263e+05
29357.6218 10.2306 1.4825e+05
29371.3018 13.9825 2.1373e+05
29373.2418 11.7875 1.0090e+05
29423.3918 21.6667 3.3241e+05
29432.5718 15.2156 1.1624e+05
29436.4018 16.5586 1.0248e+05
29456.0118 10.9467 1.5305e+05
29474.9118 12.0629 1.6677e+05
29494.8218 19.6364 9.6327e+04
29503.0018 23.7473 2.2663e+05
29516.9718 14.1252 1.8782e+05
29523.9218 10.1809 1.7911e+05
29526.1118 18.8459 1.7911e+05
29546.8118 16.5030 7.8027e+04
29554.9118 20.3121 8.3524e+04
29574.0118 21.1928 1.7098e+05
29591.6218 17.5377 1.4899e+05
29598.2018 14.4160 1.3918e+05
29601.8218 10.7447 1.1739e+05
29602.2418 11.2542 7.4964e+04
29626.5018 13.3016 7.2733e+04
29630.0818 14.1419 5.0628e+04
29639.0818 13.5447 9.9627e+04
29644.1018 10.5241 5.0404e+04
29648.4718 12.8749 1.1313e+05
29653.7118 13.4147 7.6936e+04
29659.4518 16.4683 1.4482e+05
29669.7118 23.4566 3.6125e+05
29674.1218 20.4123 2.7971e+05
29696.3518 12.3040 1.4523e+05
29699.9918 10.6152 1.9180e+05
29702.8118 21.3238 1.1367e+05
29721.3718 15.3746 6.8240e+04
29727.9418 18.2087 2.7204e+05
29738.4718 13.9753 4.5415e+04
29744.5018 13.3521 8.0917e+04
29747.6818 15.6310 5.3146e+04
29754.5918 21.6509 1.6974e+05
29760.3518 18.8669 8.7161e+04
29765.2818 12.3292 5.4777e+04
29783.9518 16.5006 1.1527e+05
29790.4518 16.3844 8.6661e+04
29803.4918 17.4174 5.7011e+04
29815.3718 11.5036 1.8484e+05
29815.7818 16.6955 1.3520e+05
29831.4918 10.9266 3.3729e+04
29841.3318 11.4844 8.6305e+04
29850.1218 17.1504 1.6477e+05
29853.6418 13.5515 2.8388e+05
29856.9118 15.0333 1.6606e+05
29890.1618 10.6299 2.5631e+05
29892.4518 17.8679 9.6799e+04
29898.3018 13.0102 1.0524e+05
29911.6418 21.7428 2.6865e+05
29930.7318 12.9565 6.4003e+04
29946.9218 18.6469 6.4299e+04
29957.5218 14.7029 8.2102e+04
29980.2718 13.7036 4.2297e+04
30020.1518 11.7630 4.7873e+04
30035.1218 11.3293 5.8100e+04
30041.5418 22.2946 1.4738e+05
30057.3318 11.1183 5.5169e+04
30060.6818 10.6043 8.8343e+04
30088.5318 23.5671 2.8165e+05
30095.0218 12.1209 8.5000e+04
30108.6418 10.4007 6.5268e+04
30119.1918 10.9239 5.1999e+04
30143.1918 24.8393 2.7072e+05
30154.7318 13.1224 1.0004e+05
30169.7418 13.6777 8.5772e+04
30173.1518 13.6127 6.2907e+04
30182.4718 23.2169 8.2158e+04
30190.6318 15.2213 6.4883e+04
30202.6618 18.1202 1.4174e+05
30216.3818 22.9000 1.4306e+05
30226.3418 11.5288 9.0570e+04
30250.1318 11.5567 4.5181e+04
30256.7218 12.0651 5.5029e+04
30268.2018 25.2183 3.0478e+05
30283.9118 11.9810 7.2896e+04
30290.4518 15.2423 4.5766e+04
30302.9018 12.3825 9.3769e+04
30310.5319 16.0373 6.8687e+04
30315.8619 16.4834 2.5891e+05
30360.2819 22.1004 1.9862e+05
30383.7819 19.7113 1.2565e+05
30408.8619 11.3118 9.9034e+04
30455.5219 21.1376 1.6621e+05
30474.5519 22.4794 8.1597e+04
30511.0719 14.2537 1.1948e+05
30512.5119 12.7259 1.1083e+05
30517.6619 15.6585 1.4132e+05
30522.7819 13.5493 1.2050e+05
30542.4719 16.9862 1.0463e+05
30587.5019 14.5217 5.0747e+04
30595.8519 13.4238 2.0043e+05
30598.3919 10.6049 8.7243e+04
30612.9619 17.1638 1.2672e+05
30642.5519 14.3375 4.2147e+04
30654.0619 13.5170 2.6436e+05
30657.6319 18.7835 1.5776e+05
30695.6119 14.5963 8.1960e+04
30730.8919 23.2244 1.1709e+05
30740.0919 12.3707 9.0311e+04
30841.7719 12.8697 3.7620e+04
30866.1319 22.6849 2.4255e+05
30896.4619 22.4783 1.9815e+05
30913.0619 20.5600 1.9002e+05
30978.5719 17.6974 5.4127e+04
31064.2319 11.5147 8.1692e+04
31116.3119 11.8228 1.8995e+05
32030.5720 22.2959 7.4994e+04
32053.6820 10.7996 1.7401e+05
32106.4320 14.6590 6.0577e+04
32126.8320 11.7405 1.2044e+05
32135.7220 14.8391 6.3872e+04
33057.4320 24.1442 2.0804e+05
33158.9420 12.1054 4.5368e+04
33252.9320 12.0404 2.2344e+04
33283.9220 10.4430 2.9702e+04
33295.2620 10.0902 4.5189e+04
34189.9121 24.0610 1.2605e+05
34217.2921 21.7048 2.6926e+05
34897.9421 11.4474 1.7913e+04
35466.1022 13.2666 1.1308e+05
36104.6022 10.9883 2.9768e+04
36476.0522 10.5107 1.9516e+04
36728.2422 12.1903 1.2912e+04
36862.7722 11.9771 5.6376e+04
37457.7823 10.2525 3.2806e+04
37459.8323 11.6034 2.6580e+04
37467.0823 10.9257 6.0944e+04
37494.3423 11.4816 2.4780e+04
37508.7423 14.4791 2.4789e+04
37525.4923 10.1097 2.0351e+04
37543.6523 11.4233 3.9646e+04
37671.2923 10.8160 4.9915e+04
37723.1523 14.3277 1.5831e+04
37829.0123 10.5706 2.7204e+04
37883.7723 14.5062 1.6921e+05
38353.4223 10.0987 1.9876e+04
38684.2824 10.9621 6.4847e+04
39151.6224 13.0780 1.9559e+04
39334.6924 18.4397 8.5414e+04
39443.5924 10.7972 1.7770e+04
39449.7624 11.5468 2.5417e+05
39501.8424 11.9022 1.6953e+04
39558.8324 12.4073 5.2169e+04
39578.5424 25.7538 2.9830e+05
39578.9624 17.1530 2.9599e+05
39608.0224 19.3211 2.4954e+05
39656.8524 25.1419 1.6242e+05
39669.8924 17.2415 2.2241e+05
39699.5824 17.4315 6.4689e+04
39706.6224 26.2234 3.5382e+05
39732.1024 14.2975 4.2254e+04
39741.3424 16.9279 1.1603e+05
39762.9924 22.1357 1.7333e+05
39770.9124 22.6003 2.2269e+05
39780.2924 13.1109 7.7289e+04
39785.5924 10.1877 4.3334e+04
39796.2324 24.3109 2.3370e+05
39805.1324 22.2845 2.0734e+05
39825.4224 23.9715 2.7989e+05
39829.4424 21.1105 2.7125e+05
39857.0224 11.6739 2.6356e+04
39861.3224 25.5746 2.7973e+05
39862.8924 16.4229 2.2452e+05
39888.5024 14.0925 3.7850e+04
39901.6224 11.5124 5.6614e+04
39907.7624 25.2694 2.1665e+05
39913.2424 21.7280 3.6318e+05
39922.8124 20.8731 2.0310e+05
39951.5924 10.4322 1.0060e+05
39955.1724 11.5926 5.5807e+04
39973.9324 11.7790 8.2625e+04
39987.5524 14.1061 7.0829e+04
40005.8224 23.8265 2.6019e+05
40056.6924 11.8060 7.0485e+04
40066.4724 25.1800 8.6969e+04
40087.1924 23.4237 3.1384e+05
40112.2224 18.3170 1.0514e+05
40138.3724 17.9611 1.0898e+05
40203.7625 19.7649 1.6139e+05
40218.0725 17.1396 8.0317e+04
40297.2125 26.9602 3.2431e+05
40323.2325 24.4488 2.3509e+05
40401.4625 25.7056 2.4320e+05
40422.2325 25.1290 3.1704e+05
40437.1225 10.1867 3.9851e+04
40443.4625 14.0365 7.0784e+04
40463.6325 10.9551 3.7857e+04
40479.3825 25.3111 1.8377e+05
40500.3925 15.8847 6.4114e+04
40534.8125 12.0984 6.1928e+04
40537.1525 12.2035 1.3686e+05
40541.6425 15.0107 1.0759e+05
40551.2525 23.0147 2.0086e+05
40555.9825 12.1692 8.2812e+04
40567.7125 17.2161 1.5845e+05
40603.7925 17.0619 1.4081e+05
40657.6025 17.3714 2.6678e+05
40658.6025 18.1305 2.6678e+05
40688.7025 12.1794 5.8836e+04
40733.2125 23.0379 3.0656e+05
40749.0025 25.5783 3.0482e+05
40755.1825 17.0215 1.4859e+05
40762.5525 14.9881 4.3509e+04
40769.1225 25.0669 2.0505e+05
40777.8525 14.9870 7.7074e+04
40803.2625 17.9092 8.8617e+04
40813.2925 11.1843 6.8637e+04
40824.3725 20.1712 1.8560e+05
40848.0225 20.4981 1.8882e+05
40860.6525 13.8053 1.0028e+05
40895.7525 23.4568 2.4427e+05
40909.7625 20.8174 2.4901e+05
40922.4725 18.1639 7.3719e+04
40939.7125 16.9798 8.6819e+04
40946.1925 20.9407 2.3426e+05
40962.3225 21.9179 1.2031e+05
40982.5025 22.8505 3.0002e+05
40986.1525 12.0503 1.7933e+05
40999.0125 13.6003 8.5286e+04
41009.3225 19.8965 2.8390e+05
41011.1325 13.5154 2.2361e+05
41017.3825 19.2360 2.3782e+05
41023.1425 20.9732 5.5937e+05
41029.0125 14.5465 1.1427e+05
41047.4525 10.4120 8.7860e+04
41048.5825 10.6195 7.1796e+04
41054.2925 10.9931 9.7244e+04
41066.6925 20.3273 2.9223e+05
41067.9325 11.9074 2.2473e+05
41077.0425 17.1992 2.6993e+05
41096.6225 10.1889 1.4058e+05
41106.8925 21.8255 3.7563e+05
41110.3925 11.0418 1.7817e+05
41118.3425 20.0831 1.2819e+05
41125.3225 21.4766 1.0471e+05
41138.8125 13.8463 1.3446e+05
41148.0025 23.2263 2.7263e+05
41154.6425 20.9314 5.1825e+05
41155.1525 17.9849 3.6166e+05
41161.1225 14.1197 8.1546e+04
41167.0625 12.5833 2.2373e+05
41168.5925 14.3700 8.3761e+04
41179.6825 18.0322 1.4709e+05
41193.0325 22.4704 1.4365e+05
41197.0425 12.3481 1.3833e+05
41214.4625 10.5022 1.1960e+05
41218.7925 15.2701 1.2273e+05
41225.9825 14.4287 2.4817e+05
41229.4125 16.0810 3.7966e+05
41231.7625 16.3079 1.6683e+05
41239.1025 20.4599 3.1240e+05
41250.8525 22.0304 1.3036e+05
41257.4725 13.3810 1.0567e+05
41271.0625 16.0660 1.1685e+05
41276.7125 25.5852 5.2236e+05
41287.7025 23.0217 1.6389e+05
41302.6525 14.0211 6.4390e+04
41311.0125 19.3881 2.2611e+05
41331.0825 16.5559 1.0342e+05
41340.0625 10.1386 2.0938e+05
41342.8525 20.6959 1.9787e+05
41378.7225 10.9679 1.2065e+05
41386.6325 23.5155 1.2117e+05
41407.2025 23.4089 1.1996e+05
41424.5925 11.4095 1.1393e+05
41427.9225 15.1270 9.0902e+04
41447.7925 23.5417 1.6609e+05
41470.1525 14.8888 1.9964e+05
41474.4925 23.9289 1.7785e+05
41484.2725 17.2038 1.0968e+05
41500.4225 20.4640 9.6209e+04
41562.0725 22.5508 2.0272e+05
41573.9225 18.6840 1.7669e+05
41584.0225 15.9660 9.4466e+04
41599.3225 14.9448 1.5195e+05
41625.0725 23.8155 1.8815e+05
41629.4325 12.2229 1.2032e+05
41635.4625 22.2675 1.2093e+05
41655.5325 16.2842 2.3729e+05
41704.3225 20.0806 4.6918e+04
41781.4026 17.0870 1.4975e+05
41793.5226 23.5040 1.5623e+05
41800.6526 12.1921 3.0784e+05
41802.4226 10.6059 7.7813e+04
41812.5226 14.7342 1.5442e+05
41822.3326 10.2135 3.7385e+04
41882.2026 19.2974 1.5094e+05
41889.2926 15.3180 1.7009e+05
41890.5526 10.4755 8.4771e+04
41917.6826 17.2977 1.2111e+05
41939.0126 18.7107 1.1964e+05
41939.8326 15.4829 7.1612e+04
41944.2326 22.2408 9.8282e+04
41970.7226 10.6843 7.9263e+04
41996.3026 11.8708 7.3067e+04
42084.9326 24.5299 1.0528e+05
42094.1126 19.2235 1.5335e+05
42142.5426 16.2569 1.3759e+05
42151.7726 13.1893 1.2335e+05
42168.7326 10.9093 6.7213e+04
42170.7526 16.5172 3.7842e+04
42180.6826 18.9414 5.9357e+04
42206.5126 23.1050 7.6307e+04
42274.4726 17.9769 1.1490e+05
42305.6826 10.4935 2.1022e+04
42329.8426 22.5275 1.2146e+05
42354.5726 24.3792 2.9658e+05
42361.6426 15.8731 1.4119e+05
42377.2826 11.7907 9.0311e+04
42384.9626 13.4484 4.8336e+05
42388.4326 26.9637 4.8336e+05
42408.9726 23.0462 7.3411e+04
42416.2526 10.5204 2.3801e+05
42417.1626 15.9993 9.4808e+04
42456.3626 18.7194 1.1410e+05
42460.2526 18.4538 4.6675e+04
42491.9826 25.1155 1.7881e+05
42504.9526 10.2745 5.9812e+04
42514.4626 12.1790 3.2931e+04
42538.5026 20.9782 2.7850e+05
42560.1126 21.3196 2.1439e+05
42576.9426 20.6043 8.8843e+04
42595.8626 11.6052 6.4558e+04
42608.1526 21.1716 1.6730e+05
42616.5326 11.0734 8.2185e+04
42644.8126 23.3957 1.2991e+05
42654.1926 21.0902 1.5474e+05
42664.5226 18.5130 1.5752e+05
42666.2426 11.5279 1.5264e+05
42713.3026 13.0461 8.7849e+04
42714.6826 23.3596 7.8803e+04
42723.0526 15.1372 9.5632e+04
42735.9726 27.0328 4.5608e+05
42767.8326 23.7645 2.1777e+05
42803.3026 20.7408 1.8637e+05
42804.6526 17.9573 1.1427e+05
42831.6226 12.7086 8.2115e+04
42839.2826 21.0501 1.3079e+05
42858.3726 12.6397 5.9003e+04
42867.1326 12.2866 1.2479e+05
42872.2326 18.8085 1.0930e+05
42881.1626 22.9441 2.1562e+05
42887.9926 13.2273 7.5081e+04
42935.2026 10.2473 8.0646e+04
42954.6226 23.8668 2.5708e+05
42962.5526 10.1475 8.9062e+04
42971.3526 10.0620 1.1564e+05
42982.1826 21.6074 1.6608e+05
42989.2426 26.2557 4.0609e+05
43004.5026 23.7026 5.1589e+05
43036.3826 11.3503 1.0277e+05
43048.3726 22.8296 1.8103e+05
43055.0526 21.9750 1.8605e+05
43064.2526 12.1748 5.7029e+04
43072.5126 10.7789 6.4122e+04
43089.2326 20.5166 1.4362e+05
43093.1026 22.9288 1.3899e+05
43095.5226 13.0696 1.1447e+05
43103.1126 16.5773 1.5599e+05
43117.3026 17.4535 1.0073e+05
43130.4426 23.9948 2.4385e+05
43142.8326 16.1144 1.7927e+05
43146.9826 20.6309 2.7571e+05
43175.2826 14.5179 7.2432e+04
43179.6226 24.6222 6.3741e+05
43182.9826 18.5829 2.5293e+05
43186.2626 11.8554 1.4407e+05
43209.9026 10.6448 2.1807e+05
43213.1326 18.0378 1.4624e+05
43230.8626 16.9013 7.8863e+04
43244.3326 17.5145 3.2556e+05
43244.9126 14.2237 2.4117e+05
43246.4526 15.6036 2.2187e+05
43250.2826 16.3200 1.8530e+05
43256.8826 20.2352 2.4729e+05
43264.9526 24.8352 3.9798e+05
43276.6226 12.2775 1.9451e+05
43294.2226 21.0120 2.1844e+05
43314.5026 23.2511 1.5333e+05
43324.6126 10.3196 2.4774e+05
43328.3526 18.6678 2.3730e+05
43330.4126 16.3743 3.8361e+05
43332.8226 12.7594 1.5751e+05
43348.5326 21.0667 1.5046e+05
43352.9026 12.3300 1.9018e+05
43370.6426 12.0525 1.4923e+05
43375.7526 14.6074 4.1301e+05
43378.2326 22.8421 3.6763e+05
43392.1026 16.3762 1.0014e+05
43396.5726 18.9821 1.6074e+05
43406.2526 21.5454 2.0935e+05
43413.9226 16.8192 2.5604e+05
43415.0726 15.3781 2.6481e+05
43417.3026 20.1016 2.3952e+05
43425.9227 13.4078 2.3744e+05
43437.1327 13.8875 2.7293e+05
43442.6927 15.2234 3.2709e+05
43453.1427 10.3232 8.7381e+04
43465.9227 21.3787 2.0343e+05
43466.9927 14.8602 1.8722e+05
43470.4727 12.0590 1.8584e+05
43472.9627 16.4735 1.8584e+05
43482.5227 22.0407 4.1976e+05
43485.1527 15.6461 8.1023e+04
43495.2227 13.4380 1.4918e+05
43522.2727 12.2727 1.2229e+05
43527.4027 13.2072 2.4312e+05
43528.5327 17.0685 2.2826e+05
43530.2627 15.1051 1.2100e+05
43539.8627 10.3725 1.0908e+05
43548.5127 22.2965 4.6536e+05
43552.6627 18.6539 4.4257e+05
43558.8727 12.2401 1.2736e+05
43563.2927 11.8663 1.3906e+05
43569.8327 10.1103 8.2930e+04
43578.1727 21.7691 2.1569e+05
43596.8627 20.7417 1.4278e+05
43608.6527 17.7299 3.5997e+05
43611.6527 21.0460 3.0637e+05
43625.3227 19.6440 1.7322e+05
43626.1527 18.3144 1.4961e+05
43634.2027 12.3524 2.2515e+05
43647.6027 18.8169 2.3956e+05
43648.4427 20.2880 1.8064e+05
43659.8327 18.8138 9.0728e+04
43673.7427 20.8324 2.3096e+05
43678.5827 20.6227 3.5243e+05
43696.7127 18.5959 1.8104e+05
43700.7827 21.3632 1.4011e+05
43709.1827 18.9476 2.2938e+05
43710.3127 12.2764 2.2938e+05
43721.1927 15.0201 3.8336e+05
43724.5527 19.6442 1.8082e+05
43740.7927 15.8629 2.2566e+05
43744.8327 19.2747 2.0870e+05
43749.9427 20.3768 1.9541e+05
43756.3327 19.2396 2.2294e+05
43766.6927 19.3876 2.7192e+05
43774.3927 12.7825 1.1650e+05
43789.4427 19.1417 2.8670e+05
43800.0127 17.7712 1.0689e+05
43809.4227 10.0546 1.3823e+05
43810.5627 12.4848 1.3335e+05
43816.3627 12.5601 1.9618e+05
43819.7827 16.4576 1.3590e+05
43826.2027 12.8230 1.0012e+05
43829.3027 10.3826 9.7406e+04
43834.8027 16.4728 1.6154e+05
43842.2327 10.3920 2.6773e+05
43848.2527 20.9277 2.0830e+05
43865.3627 23.9498 2.4599e+05
43876.8927 11.6412 1.5035e+05
43889.7727 14.6398 1.7344e+05
43893.1527 10.4640 9.8137e+04
43895.3727 14.5659 6.0835e+04
43906.0127 10.7549 7.7718e+04
43912.0427 22.3880 2.7499e+05
43916.8527 12.5630 2.0176e+05
43919.0127 10.2737 1.9973e+05
43921.3427 14.3091 1.9910e+05
43926.2827 13.2407 1.5989e+05
43934.3027 15.2173 1.5114e+05
43940.1827 11.1468 8.0656e+04
43951.1627 23.8298 3.1659e+05
43953.8627 12.5917 1.6582e+05
43969.4627 15.7621 2.4473e+05
43972.1027 14.9928 1.2819e+05
43977.7527 22.7878 1.0397e+05
43991.5127 13.7103 9.6611e+04
44003.3927 11.8786 8.3552e+04
44021.9627 15.7949 5.3943e+04
44024.5027 11.3536 2.9184e+05
44026.5627 21.2871 2.9184e+05
44028.3927 13.4903 1.5109e+05
44050.7027 13.6079 1.0827e+05
44053.6727 10.0547 8.3606e+04
44068.0227 16.4579 1.1764e+05
44075.1827 11.4614 3.5646e+05
44075.6627 16.7688 1.4411e+05
44082.9827 15.0714 3.4215e+05
44087.7327 18.3622 3.7317e+05
44090.2427 13.0034 2.3476e+05
44094.2027 21.6206 1.5545e+05
44125.3727 15.7010 8.6656e+04
44136.8827 23.7125 1.5811e+05
44151.0027 18.1369 7.2220e+04
44157.3327 12.8457 1.5137e+05
44164.3427 10.7808 1.0202e+05
44166.5527 12.7665 9.0265e+04
44176.6427 23.1664 9.8537e+04
44186.6927 10.5340 5.0544e+04
44191.6027 12.9034 7.1092e+04
44200.8427 15.5821 1.4983e+05
44202.8727 10.5155 7.3357e+04
44223.8427 16.7987 1.3506e+05
44231.6427 10.4654 4.4146e+04
44250.3927 10.6559 7.7753e+04
44270.4527 11.6802 1.1319e+05
44274.0927 15.3615 7.3492e+04
44280.3027 23.3429 2.4348e+05
44281.6127 14.9094 1.5142e+05
44304.0027 18.5483 1.0040e+05
44317.4727 14.6184 2.9418e+05
44318.9327 16.3465 1.7531e+05
44327.9927 22.3203 1.4802e+05
44350.7627 15.9144 1.5253e+05
44371.4627 12.2804 1.0924e+05
44385.0627 13.5750 9.3770e+04
44391.7527 16.5968 1.1952e+05
44399.4127 14.3071 4.8161e+04
44407.3227 11.7986 3.1004e+05
44408.5827 16.1270 2.4657e+05
44413.4527 17.5225 9.1551e+04
44419.4427 23.4669 2.4904e+05
44438.7227 22.2808 1.5313e+05
44460.2427 24.9713 3.3758e+05
44466.5427 17.4836 2.0648e+05
44477.9327 17.0342 8.4262e+04
44515.0627 10.0752 1.4484e+05
44533.4027 10.4873 1.1392e+05
44543.2827 21.0441 2.6864e+05
44546.9227 16.4716 2.3609e+05
44547.8127 11.3759 1.8373e+05
44563.4127 18.3986 6.6028e+04
44570.7427 23.4775 1.9600e+05
44579.6227 17.0177 2.2450e+05
44585.1027 12.7493 7.9167e+04
44596.9427 18.0454 1.4377e+05
44616.3027 12.0592 6.3319e+04
44635.5027 10.5635 8.2023e+04
44645.8827 11.2569 1.0879e+05
44646.4727 21.2547 8.4877e+04
44662.3327 20.0811 3.2692e+05
44667.4227 18.0062 9.0782e+04
44672.2227 23.3623 2.4475e+05
44692.5427 18.9239 2.0488e+05
44698.6327 13.4810 7.0815e+04
44733.7627 14.3801 6.3568e+04
44743.4427 18.3739 1.9363e+05
44745.2327 19.4785 1.2087e+05
44759.2527 21.2669 2.2979e+05
44775.9427 17.9261 2.3578e+05
44776.5927 16.6992 2.3424e+05
44789.8827 14.7072 1.0368e+05
44794.8427 23.7739 1.9516e+05
44809.3927 12.4101 6.2223e+04
44817.2927 19.3038 1.0850e+05
44822.7127 20.5307 2.4377e+05
44846.9927 10.4534 2.1525e+05
44848.5227 10.6489 7.2807e+04
44858.5627 17.4814 6.2681e+04
44867.0727 20.1955 1.5284e+05
44889.4427 19.0531 2.3757e+05
44899.1127 11.6487 1.9890e+05
44899.6927 14.1487 1.9890e+05
44909.3427 12.0689 1.1268e+05
44920.2927 22.7653 4.7755e+05
44928.3227 24.5076 4.7906e+05
44938.6527 14.3691 9.0970e+04
44950.0027 21.7307 2.6577e+05
44969.6227 16.0709 2.4142e+05
44971.1227 18.6870 2.2799e+05
44973.3627 10.2120 1.0250e+05
44990.6427 12.0623 1.6073e+05
44994.4727 10.4221 1.1864e+05
45008.9027 12.4528 2.1983e+05
45012.1827 15.7781 1.1275e+05
45017.7327 10.2288 1.0918e+05
45022.1427 13.4965 1.6536e+05
45030.1427 10.5691 4.9309e+04
45034.4127 21.0087 2.3624e+05
45045.7827 12.7160 8.8696e+04
45054.9227 22.3799 2.1297e+05
45073.3228 21.7756 1.4295e+05
45082.3028 16.2422 1.1215e+05
45094.3728 14.6002 1.7890e+05
45109.9028 21.5647 1.8834e+05
45121.2228 20.8658 1.6593e+05
45126.5328 11.9688 1.8037e+05
45133.6428 17.3460 2.3836e+05
45137.8728 24.8361 5.1600e+05
45146.9728 20.7757 1.5292e+05
45157.0628 20.9815 2.0219e+05
45164.1928 11.7808 1.4863e+05
45178.0428 18.4567 2.1330e+05
45189.4628 13.1445 4.0738e+05
45190.7128 14.2559 2.8567e+05
45192.4428 10.8815 2.0261e+05
45203.9128 23.3579 1.8888e+05
45212.9228 11.7869 3.3442e+05
45216.1228 16.0440 3.0049e+05
45228.8728 10.4365 1.7507e+05
45240.1928 17.9236 7.9939e+04
45247.8228 13.1072 6.5102e+04
45256.7428 16.2253 1.4905e+05
45271.8228 11.0130 2.4868e+05
45284.8728 17.9041 1.5531e+05
45292.0828 14.9714 1.6879e+05
45300.3228 19.9058 2.3878e+05
45304.1028 12.9546 1.0952e+05
45328.3628 17.3387 1.0666e+05
45337.5028 21.8551 5.5438e+05
45339.5428 22.6810 5.5438e+05
45348.2428 12.8153 1.6085e+05
45352.3728 10.4294 1.2624e+05
45356.6428 17.1458 1.8090e+05
45360.6828 12.3711 1.9807e+05
45369.9328 13.5428 9.0461e+04
45376.0628 19.2638 1.0399e+05
45385.7828 10.4632 1.8614e+05
45395.5628 12.8087 3.2894e+05
45398.8628 16.3939 1.7640e+05
45406.2828 10.3847 1.5150e+05
45411.8828 22.2235 1.3067e+05
45425.7228 10.3369 2.6881e+05
45428.5828 14.8258 2.2282e+05
45431.1628 11.2536 1.9497e+05
45440.6328 14.5371 1.1093e+05
45442.0828 10.1796 9.1357e+04
45455.5728 16.0814 1.5026e+05
45475.2628 12.5543 1.2115e+05
45478.6928 19.0626 9.6836e+04
45489.5828 19.0032 2.7912e+05
45492.0928 10.6418 2.5686e+05
45494.3228 12.8507 8.3194e+04
45498.9228 13.1741 1.8132e+05
45502.4628 11.0449 2.1768e+05
45506.5528 13.6601 1.1028e+05
45516.7728 23.7969 4.1090e+05
45520.0328 21.3344 3.6351e+05
45540.1128 11.7279 2.1999e+05
45540.5428 11.1777 9.2630e+04
45546.4928 11.4130 1.1342e+05
45553.7928 16.2798 2.3042e+05
45568.0128 10.3133 3.1211e+05
45569.4728 20.7909 3.0275e+05
45572.8028 13.1758 1.3126e+05
45576.7528 15.9811 2.1470e+05
45583.5828 10.9935 1.1840e+05
45599.8428 21.9503 1.7033e+05
45608.5228 16.6959 8.7639e+04
45623.6528 19.9632 1.2247e+05
45633.0428 10.8195 1.2375e+05
45637.4528 15.6467 2.4938e+05
45640.6028 10.5521 3.7976e+05
45644.1628 17.1109 2.2766e+05
45647.5128 20.0652 2.2393e+05
45654.9728 17.3754 3.7565e+05
45660.4028 13.0469 1.4271e+05
45671.3928 12.4825 9.3095e+04
45672.8928 17.8287 1.2742e+05
45676.5928 11.6452 1.2608e+05
45685.2728 17.0524 1.8248e+05
45701.1428 12.1385 9.6534e+04
45719.0228 17.7174 1.6288e+05
45722.8528 15.2303 1.8543e+05
45739.1128 15.5102 7.2407e+04
45746.1328 23.7446 2.7770e+05
45760.9028 16.5679 4.3848e+05
45761.5628 17.4416 2.1975e+05
45769.8028 17.7194 1.1602e+05
45775.7128 10.2517 1.4969e+05
45781.3628 17.7090 1.7694e+05
45804.9728 15.1045 3.1322e+05
45805.7028 14.7854 2.3641e+05
45809.2628 14.2159 2.1264e+05
45813.4728 10.9716 1.5442e+05
45822.0628 18.5493 1.7952e+05
45833.5828 17.5120 2.3915e+05
45834.1528 19.7172 2.3639e+05
45861.4028 20.4837 1.2952e+05
45868.9028 13.6363 2.9444e+05
45888.8228 11.9870 2.2671e+05
45889.4928 15.6748 1.5954e+05
45923.1328 10.8689 1.4928e+05
45923.5028 12.4097 9.1767e+04
45942.2328 11.9489 2.1807e+05
45944.6328 21.7248 1.9619e+05
45968.4328 17.2458 4.1688e+05
45968.7728 11.5823 4.1173e+05
45970.5128 20.9381 1.8929e+05
45982.2028 16.5253 1.7457e+05
45984.3328 12.5203 1.2089e+05
45998.2228 15.9525 1.6667e+05
46008.2028 24.0583 2.8125e+05
46022.8728 13.2059 1.8711e+05
46026.8428 15.0448 9.6137e+04
46033.2328 18.5458 1.4477e+05
46043.0328 12.2747 1.2275e+05
46051.2128 17.0801 1.9491e+05
46065.3528 16.6138 1.4951e+05
46074.0428 13.7815 1.1343e+05
46088.9628 10.3984 7.4257e+04
46100.4428 18.4017 2.6410e+05
46110.8828 15.6535 2.0330e+05
46114.6728 11.5942 3.6284e+05
46117.3428 23.0907 3.4209e+05
46128.7428 18.5918 1.1447e+05
46151.5628 15.1764 7.7745e+04
46160.5528 10.0628 7.5614e+04
46169.7128 19.6986 1.5524e+05
46180.7628 13.1176 3.5537e+05
46181.3128 25.1433 3.5537e+05
46192.6728 13.8783 2.2797e+05
46208.0328 11.5130 1.5878e+05
46244.6328 24.0926 3.2876e+05
46246.0028 10.3799 2.3249e+05
46258.8428 16.7008 1.5032e+05
46282.8328 16.8354 1.7119e+05
46286.1028 10.4248 2.9923e+05
46286.3628 16.0115 2.9923e+05
46308.7028 15.5840 1.4628e+05
46319.4228 20.1655 2.5908e+05
46331.9528 21.3194 3.5547e+05
46340.1328 13.0121 1.8975e+05
46354.8128 18.8459 1.7613e+05
46362.6628 12.1335 1.0630e+05
46374.1328 15.6766 1.4039e+05
46383.6428 21.3342 3.0688e+05
46392.1128 11.9019 2.7149e+05
46405.3728 19.0838 3.6225e+05
46409.0928 14.0421 2.4151e+05
46415.7928 13.7150 2.5739e+05
46422.3228 12.4842 3.0018e+05
46425.1428 19.7908 3.0018e+05
46442.0328 10.4242 2.1785e+05
46442.7028 11.7765 2.0384e+05
46463.8828 15.3243 2.2629e+05
46471.9028 15.1296 1.3582e+05
46477.8128 20.8028 3.6486e+05
46489.2328 11.3723 1.7036e+05
46495.4328 13.7777 2.1851e+05
46499.9628 10.8258 1.5969e+05
46504.1528 12.6862 1.3617e+05
46515.3828 22.5027 3.6737e+05
46527.3728 20.1416 3.2899e+05
46544.5828 14.0308 1.8488e+05
46547.1228 10.0302 1.4226e+05
46555.5028 15.2028 1.0538e+05
46561.3428 12.8374 1.3710e+05
46562.0228 13.9509 1.3265e+05
46567.5028 14.7346 1.3602e+05
46577.5128 11.8527 1.4311e+05
46581.5328 22.3694 3.2866e+05
46583.9728 11.7111 1.6901e+05
46611.8128 10.6137 1.8515e+05
46614.3828 10.3072 1.8197e+05
46615.0428 12.0036 1.3267e+05
46621.0428 12.1826 6.4650e+05
46623.0728 21.3217 5.2474e+05
46642.2628 13.7056 2.2382e+05
46646.9828 19.8000 9.6618e+04
46661.7228 10.2749 1.6202e+05
46670.9028 22.1917 1.9923e+05
46678.3728 13.7261 1.9056e+05
46683.2828 11.2249 2.2344e+05
46690.5928 17.5470 1.3722e+05
46696.5329 11.1964 3.0422e+05
46696.8729 11.1358 3.0422e+05
46710.9729 10.4137 1.0177e+05
46712.8829 12.3909 9.1193e+04
46717.6329 11.9458 1.4441e+05
46721.7029 12.4452 1.9854e+05
46731.6829 13.6937 1.7645e+05
46735.9629 14.1767 1.0436e+05
46742.4429 10.1546 2.8519e+05
46745.7829 18.5214 2.4788e+05
46754.8729 14.9625 2.1774e+05
46763.8029 12.2216 1.9447e+05
46766.1029 19.0190 1.1486e+05
46778.3729 11.0241 3.9177e+05
46780.8429 16.7942 2.4300e+05
46786.3729 11.5145 4.4813e+05
46789.8629 19.3437 4.1888e+05
46799.4529 15.2923 1.7750e+05
46809.8729 14.7269 1.9221e+05
46814.1529 14.1362 1.0280e+05
46825.3029 22.8193 1.3247e+05
46838.1729 19.5659 2.5468e+05
46851.1229 10.0349 4.3562e+05
46851.4329 15.9907 4.1101e+05
46853.4929 11.9404 1.9055e+05
46866.4829 13.9007 1.1680e+05
46884.7429 16.9199 1.2198e+05
46888.8229 12.9163 1.8848e+05
46890.4129 11.4029 9.4618e+04
46896.2229 11.7532 1.2033e+05
46900.5729 11.0194 2.4420e+05
46904.7729 12.8228 2.4012e+05
46908.1829 13.9045 2.4012e+05
46908.4629 11.2376 1.4947e+05
46918.0629 20.9934 1.6621e+05
46933.7929 15.0921 5.5538e+05
46935.9829 20.6148 4.3023e+05
46950.0529 14.6113 1.3872e+05
46954.6029 21.1315 3.1103e+05
46961.6029 20.4665 2.5490e+05
46962.8229 10.2906 1.9002e+05
46982.0929 18.6083 2.4666e+05
46996.9829 18.2385 2.0519e+05
47009.0329 10.2365 1.9712e+05
47010.3529 10.9135 1.0513e+05
47021.1829 11.7908 2.0650e+05
47023.3829 12.6056 2.6239e+05
47026.1029 11.9925 1.6240e+05
47051.0429 18.6719 1.6430e+05
47067.7229 12.9060 3.0750e+05
47070.1429 15.4915 2.3888e+05
47076.8529 15.2061 2.2335e+05
47086.0529 16.4045 3.4139e+05
47088.1529 10.3350 2.6473e+05
47089.3929 10.3801 9.3400e+04
47104.4429 17.8962 2.2778e+05
47124.8429 17.2619 4.4879e+05
47128.9029 13.6630 3.3170e+05
47137.4929 14.9950 1.7679e+05
47148.7729 17.4269 2.4974e+05
47155.5229 17.0431 1.6979e+05
47163.8829 16.0475 2.0404e+05
47181.4829 11.1417 3.2613e+05
47182.9929 19.5584 3.0916e+05
47201.9629 15.8555 2.2703e+05
47204.9429 16.8896 1.7472e+05
47209.4429 10.7489 1.8599e+05
47223.3529 13.9102 1.6645e+05
47248.3029 16.9335 3.1168e+05
47251.1529 10.1055 2.5281e+05
47262.1029 10.3904 1.8908e+05
47273.4229 17.3486 2.6021e+05
47282.8329 18.1463 2.2175e+05
47284.9129 14.9174 2.1580e+05
47294.9229 16.7695 2.7235e+05
47304.4929 18.7856 1.8813e+05
47319.7529 11.6447 2.0689e+05
47330.5429 16.0749 1.1045e+05
47341.9229 12.6384 2.5460e+05
47351.5729 19.0074 2.8149e+05
47352.8529 10.8145 1.4007e+05
47365.2929 16.2160 1.8251e+05
47374.1729 14.2169 3.2953e+05
47375.3429 10.2993 2.5403e+05
47381.5029 19.8318 4.1390e+05
47408.9429 13.5003 1.9328e+05
47418.7729 10.5179 2.0282e+05
47431.8929 17.9880 1.4626e+05
47438.5029 16.5666 2.9993e+05
47451.1529 12.3984 1.3064e+05
47463.6229 18.4298 2.2967e+05
47469.7029 15.3232 3.3294e+05
47475.0329 20.2942 2.8792e+05
47478.4029 12.7023 1.8774e+05
47497.4129 18.0659 1.2618e+05
47508.4729 14.7257 3.3513e+05
47509.4429 10.0164 2.0796e+05
47516.6629 18.9941 2.0890e+05
47538.4629 11.6186 1.2528e+05
47562.7229 17.2217 2.6817e+05
47569.5029 13.4104 1.2547e+05
47579.6729 22.5107 4.2555e+05
47583.2829 17.1993 2.7551e+05
47595.2629 10.3025 1.3636e+05
47610.3729 14.8298 1.4173e+05
47628.5729 21.3137 2.9100e+05
47650.5129 17.8104 1.2819e+05
47661.4129 15.3046 1.4490e+05
47670.6229 19.5684 3.2623e+05
47676.3629 12.6801 2.9078e+05
47677.4829 12.4606 2.4928e+05
47682.4429 11.8153 2.0592e+05
47697.8529 23.1328 3.7261e+05
47731.6129 10.3544 1.0980e+05
47736.3029 15.2272 1.7666e+05
47740.1629 16.1839 1.6260e+05
47747.7829 21.5693 2.5586e+05
47756.8729 15.6321 1.9722e+05
47760.8429 11.3223 1.4118e+05
47764.8429 17.8471 2.1613e+05
47768.8529 18.1755 2.1268e+05
47775.0329 10.8506 2.2614e+05
47781.9129 11.3394 1.4754e+05
47786.2929 10.3955 9.6490e+04
47793.4229 20.1414 3.3106e+05
47802.5729 17.4787 2.0222e+05
47825.2429 13.4750 2.6334e+05
47826.8229 14.7821 1.4524e+05
47830.3229 12.5255 1.1052e+05
47837.5929 21.1005 2.8520e+05
47840.8129 19.2652 1.5707e+05
47847.2029 14.2557 1.5980e+05
47854.5529 11.4519 1.2040e+05
47869.7229 18.9135 1.2142e+05
47881.6429 10.8970 6.5596e+04
47900.2129 13.7928 2.2031e+05
47902.9929 17.2901 2.2104e+05
47908.9529 18.9245 2.9338e+05
47920.6729 11.8940 1.1180e+05
47926.1129 14.7728 1.1441e+05
47930.3129 18.3284 1.2257e+05
47936.5229 13.1666 1.1507e+05
47955.7529 12.6455 2.3610e+05
47972.4729 18.0840 1.7504e+05
47984.5129 17.5843 4.1879e+05
47985.3129 17.2083 2.3099e+05
48002.6929 12.7971 1.3715e+05
48005.9429 17.1956 1.9521e+05
48020.8629 11.7846 1.0407e+05
48027.1729 13.1236 1.3423e+05
48038.8929 15.3022 1.7943e+05
48058.3329 12.6314 1.9424e+05
48061.9229 16.8078 1.6048e+05
48078.7529 11.4403 1.0614e+05
48085.4129 16.6516 1.1696e+05
48104.4729 10.3251 1.7740e+05
48105.3629 12.2256 1.7740e+05
48108.2629 10.8981 1.6604e+05
48115.6829 15.5286 1.2318e+05
48126.2629 17.9117 1.9308e+05
48170.7429 19.9815 4.1521e+05
48174.5629 11.3075 1.3721e+05
48180.3329 16.0857 1.6886e+05
48202.2229 18.0932 1.5306e+05
48219.0729 17.1642 1.8901e+05
48220.9329 12.1761 6.6155e+04
48225.3029 15.3726 1.9793e+05
48231.3029 12.3083 1.3960e+05
48273.9029 14.9402 8.1639e+04
48279.7029 21.2284 2.4413e+05
48291.8629 20.1791 1.6339e+05
48308.9529 21.3801 2.1585e+05
48324.1529 21.5194 2.9086e+05
48326.4529 12.3824 1.2991e+05
48342.5630 16.4621 1.0694e+05
48357.3130 11.9931 1.7305e+05
48359.4230 11.5860 2.4136e+05
48362.8330 21.2206 2.4003e+05
48366.8030 16.2529 1.8257e+05
48384.7130 14.1919 7.6225e+04
48395.7730 18.1584 1.7574e+05
48405.3330 12.9522 6.2719e+04
48414.4330 17.7431 1.8596e+05
48435.8730 17.8369 9.2205e+04
48444.8530 17.2238 2.7515e+05
48453.4430 10.5086 1.0049e+05
48463.7930 21.2007 1.8850e+05
48493.5630 16.8052 2.3864e+05
48496.1630 13.0743 1.3636e+05
48500.0230 15.3410 1.0596e+05
48507.0230 11.1483 2.4926e+05
48528.7530 17.0477 1.2370e+05
48536.5230 14.7447 1.1876e+05
48538.4030 15.7421 2.0277e+05
48546.4430 15.6208 1.0570e+05
48560.9030 12.4912 2.3232e+05
48563.5730 19.9565 2.1307e+05
48575.9630 21.5283 2.1520e+05
48581.1330 14.5635 2.8189e+05
48584.5630 16.6169 1.9306e+05
48598.6830 17.7361 1.0634e+05
48620.7730 12.7685 1.8369e+05
48624.1230 14.3715 1.9136e+05
48647.9830 10.1198 1.2212e+05
48666.8030 11.9325 1.0802e+05
48676.8730 12.1698 1.0441e+05
48703.3930 21.0439 1.8457e+05
48715.7430 22.3305 3.0401e+05
48722.4730 11.8037 1.6137e+05
48729.3430 15.1838 1.9940e+05
48776.7030 12.3074 1.0924e+05
48791.9530 19.3381 1.2303e+05
48803.2730 10.0945 1.9948e+05
48805.7230 20.9463 2.2730e+05
48821.7030 22.4578 1.6224e+05
48835.2930 17.4649 1.0446e+05
48867.6130 17.4509 3.5388e+05
48872.0530 15.2244 2.4815e+05
48873.4930 17.9014 2.4815e+05
48879.9530 16.5281 2.4805e+05
48897.3030 10.7126 8.5801e+04
48898.2730 13.2842 5.3606e+04
48911.4730 10.9754 7.4397e+04
48923.6130 15.2573 1.1137e+05
48941.7530 21.8702 2.1851e+05
48947.1330 14.2843 1.5483e+05
48953.6330 16.7778 2.7686e+05
48955.1530 13.1712 1.2955e+05
48964.6430 18.0358 2.8754e+05
48994.1730 14.5402 1.0061e+05
48999.5330 12.3510 1.0280e+05
49024.9830 13.0607 1.2337e+05
49031.3430 17.5108 1.6611e+05
49074.1930 16.7762 6.7251e+04
49092.9130 16.2270 1.3030e+05
49116.7730 17.2324 9.8272e+04
49124.2830 20.8749 1.6499e+05
49130.8330 15.8952 2.4513e+05
49141.0930 17.6099 3.0536e+05
49182.0430 19.5213 3.1240e+05
49196.0730 13.3821 1.9871e+05
49199.7330 15.4945 1.6064e+05
49206.4430 14.1874 1.6804e+05
49210.3730 13.3274 1.5981e+05
49212.2230 10.4087 1.5981e+05
49216.8830 11.6634 1.5662e+05
49223.7630 19.5687 2.1301e+05
49229.9530 15.6691 2.1282e+05
49233.9030 12.4343 1.4857e+05
49244.3430 15.1996 1.3027e+05
49259.6830 10.0818 9.7004e+04
49283.6230 20.0924 1.4220e+05
49294.2930 12.6036 2.0548e+05
49297.3330 16.8550 1.9707e+05
49320.1430 16.5908 1.5585e+05
49324.6830 20.4564 2.2688e+05
49328.7830 11.4707 1.6842e+05
49353.5430 13.2202 2.4225e+05
49370.9730 22.3273 3.0232e+05
49394.0830 18.6909 8.7920e+04
49399.3030 10.9472 1.1333e+05
49404.6030 17.8830 3.6468e+05
49406.9230 17.7266 1.4153e+05
49423.0230 21.0291 2.2124e+05
49447.5330 18.2356 8.2199e+04
49462.1130 17.3801 2.1642e+05
49468.0230 11.2613 4.9306e+04
49485.6130 11.7181 7.8418e+04
49490.0930 10.5200 7.9246e+04
49496.3330 17.2095 2.8619e+05
49498.6930 15.9938 2.1153e+05
49509.7130 17.4435 7.7108e+04
49543.1630 15.6761 1.6358e+05
49551.2530 10.6442 7.1839e+04
49579.9730 14.6445 3.9980e+05
49580.4330 13.8750 3.9980e+05
49580.9530 11.8318 1.1167e+05
49586.3330 14.0527 4.5913e+05
49593.9430 18.6156 2.0725e+05
49621.7330 22.8628 3.7656e+05
49641.3430 20.9014 2.6908e+05
49665.2030 11.5422 6.8631e+04
49672.8030 18.5255 4.2464e+05
49675.6630 12.7347 2.3619e+05
49688.4730 19.2821 8.6200e+04
49693.3530 16.6941 2.6215e+05
49718.4430 10.4073 6.7956e+04
49728.8030 13.7579 1.3263e+05
49731.7130 13.4918 9.1147e+04
49755.8030 16.3337 7.2778e+04
49774.2930 11.7304 1.7745e+05
49779.6630 11.0322 1.3299e+05
49791.2730 16.4038 1.4720e+05
49800.3430 15.4589 2.3302e+05
49804.3030 15.8852 1.8548e+05
49833.5630 15.3150 1.2624e+05
49857.4530 14.9961 1.7829e+05
49858.5530 14.4839 6.8927e+04
49874.8030 11.8724 2.3940e+05
49875.3630 14.4309 2.3435e+05
49881.6730 12.8319 7.1802e+04
49892.8030 10.0373 1.2085e+05
49899.5030 17.5920 3.3014e+05
49902.5530 12.8422 2.1624e+05
49931.2830 16.4313 1.1390e+05
49956.5030 16.8673 7.7956e+04
49980.1731 14.9864 1.2049e+05
49982.6131 10.2492 1.7741e+05
49986.9131 12.4045 1.3995e+05
49999.1431 13.7729 9.6255e+04
50006.1331 14.6370 7.4763e+04
50011.9631 17.4704 2.7591e+05
50015.4031 13.6752 2.0068e+05
50029.9431 14.4960 9.8429e+04
50032.3231 11.1326 7.6537e+04
50059.8131 19.4285 2.5122e+05
50072.6231 14.1974 2.4687e+05
50088.1231 15.8468 4.9760e+04
50093.9131 23.0458 2.2758e+05
50099.1931 11.6209 1.8825e+05
50107.5431 13.9504 1.2526e+05
50115.1231 15.0568 9.7787e+04
50121.4731 14.7695 2.3015e+05
50145.8731 17.1369 1.6173e+05
50156.1531 18.0396 1.1360e+05
50174.5931 10.7831 7.0221e+04
50179.2731 13.0499 1.4373e+05
50206.7631 20.7537 2.5604e+05
50224.3431 16.8483 7.1529e+04
50261.9331 10.2171 1.1390e+05
50281.1031 18.3509 9.9207e+04
50288.2231 16.4984 1.5457e+05
50304.7231 17.8711 1.4271e+05
50308.2031 13.5747 6.5944e+04
50320.1231 12.3825 1.2930e+05
50321.0231 11.3531 1.1764e+05
50323.3931 13.9183 2.3303e+05
50338.2531 12.9017 9.9187e+04
50342.0531 10.2560 5.3019e+04
50350.3631 19.4014 8.7237e+04
50358.0831 10.6102 1.7435e+05
50367.3331 20.8941 1.1408e+05
50379.9631 17.4788 1.5279e+05
50391.4331 11.1286 1.5377e+05
50403.7531 15.8413 9.4368e+04
50421.5131 15.5703 1.4146e+05
50442.2931 12.2232 7.2576e+04
50443.3431 15.4338 6.4777e+04
50487.2131 16.8416 8.2256e+04
50514.3931 20.9665 1.7251e+05
50534.4631 14.3431 1.3743e+05
50551.7531 13.7628 1.3603e+05
50557.1131 18.6149 4.1359e+05
50558.0531 20.0105 4.1359e+05
50584.7531 13.1367 2.3215e+05
50585.7131 18.3991 2.2097e+05
50598.5931 14.9016 1.1009e+05
50613.3531 15.2483 1.9546e+05
50622.9131 17.7434 1.8501e+05
50638.4031 12.0663 1.2416e+05
50638.7631 13.5715 1.1423e+05
50645.2931 15.7314 1.0345e+05
50686.0131 10.4056 9.1214e+04
50699.0531 16.8433 6.3342e+04
50719.9531 18.6623 3.6960e+05
50732.4931 20.9205 2.4900e+05
50753.5831 10.0690 7.6329e+04
50761.2531 21.1743 1.0162e+05
50806.5831 11.8867 7.5216e+04
50817.8231 15.2081 4.8637e+04
50822.9431 12.4147 1.7661e+05
50824.4531 12.6268 1.2303e+05
50847.2131 10.9741 5.8223e+04
50861.0131 18.7275 7.7988e+04
50865.7631 16.6985 1.3448e+05
50896.6931 15.7591 1.3112e+05
50908.3631 16.8775 1.0048e+05
50918.0931 10.4573 7.9758e+04
50926.2631 10.6111 7.7000e+04
50935.6531 14.4565 9.7195e+04
50946.2431 18.6553 1.8653e+05
50975.8331 12.0745 5.4277e+04
50997.9931 15.3419 2.6040e+05
51005.5831 17.1642 2.5590e+05
51013.0531 12.8901 7.0872e+04
51028.8331 10.1030 9.0746e+04
51074.9731 13.0431 1.6937e+05
51113.1331 11.0732 1.4589e+05
51123.2831 15.7449 5.5267e+04
51129.1031 13.0040 7.3063e+04
51137.9531 14.1564 1.3855e+05
51194.1431 18.9064 9.7722e+04
51237.1031 13.1183 1.2803e+05
51260.9331 21.7352 2.7807e+05
51280.8431 12.1819 1.0298e+05
51284.4831 17.7719 6.8424e+04
51296.3231 19.2944 3.3067e+05
51313.2031 11.3453 9.0073e+04
51326.9031 16.7735 1.7891e+05
51348.7731 14.4769 7.1364e+04
51376.2931 12.0991 5.8896e+04
51382.5231 16.0361 8.9313e+04
51387.0031 16.2094 1.7393e+05
51398.9231 18.2929 1.3596e+05
51414.8031 16.7496 8.0705e+04
51419.2731 16.8418 4.3634e+05
51421.4831 14.3740 3.5829e+05
51428.8531 12.4484 1.4290e+05
51463.0431 15.9511 1.6881e+05
51484.6831 13.8046 2.1324e+05
51492.0731 14.2727 9.6886e+04
51503.4931 14.2633 1.7550e+05
51510.7531 12.0062 3.0046e+05
51514.4031 19.4151 2.6291e+05
51534.2331 16.3432 1.5652e+05
51543.5431 11.3819 5.6103e+04
51550.6131 16.0221 3.2414e+05
51553.9831 15.4453 1.4545e+05
51574.1631 17.8965 2.2708e+05
51582.0931 15.0859 1.5970e+05
51595.5831 15.0904 1.1741e+05
51609.5431 10.4975 9.1627e+04
51614.7232 15.5372 2.1694e+05
51620.6032 11.1437 3.0060e+05
51624.3032 10.2564 3.1228e+05
51627.7332 14.5356 1.3966e+05
51632.8232 18.1460 2.3465e+05
51645.2432 10.9754 1.1290e+05
51670.8232 14.5716 1.9589e+05
51676.0132 10.2984 1.3032e+05
51684.8632 15.6269 1.5357e+05
51692.3732 15.8544 2.1575e+05
51701.0232 10.6084 1.0427e+05
51710.3132 16.1965 1.4367e+05
51736.9232 11.3251 2.1608e+05
51765.8732 11.9322 5.9118e+05
51766.4832 14.5305 3.4894e+05
51817.3932 10.2337 1.2584e+05
51848.3332 10.7959 2.4914e+05
51859.2432 16.4558 2.1874e+05
51882.3932 11.8954 1.0271e+05
51892.5732 13.1585 1.4139e+05
51917.2832 11.7600 1.5371e+05
51955.1832 10.7352 1.3406e+05
51971.0032 21.3571 4.0878e+05
51988.2032 14.6499 1.9631e+05
52024.1232 11.3338 1.7927e+05
52038.9832 14.4297 2.6961e+05
52061.5732 12.5104 1.8206e+05
52087.7432 10.4265 1.8010e+05
52097.7032 14.7886 1.7600e+05
52106.9432 12.2253 2.0182e+05
52108.6932 10.3995 2.0182e+05
52116.3632 11.2109 1.0485e+05
52122.6232 11.4000 3.2747e+05
52126.5432 15.2533 2.5480e+05
52182.3232 11.8446 1.6599e+05
52187.4932 17.3159 3.6643e+05
52240.3132 18.6881 1.3328e+05
52247.3632 11.7078 2.6589e+05
52252.0432 12.4218 9.5770e+04
52262.7732 10.6381 1.1579e+05
52283.9832 13.6164 7.6633e+04
52328.6932 13.0602 2.0363e+05
52359.0332 19.5065 2.4028e+05
52370.8732 10.5125 9.7095e+04
52375.9532 15.4986 2.8273e+05
52389.0332 15.7551 2.0763e+05
52404.9332 19.4383 2.6317e+05
52438.7632 10.3569 1.1630e+05
52461.2032 14.5153 1.1175e+05
52468.0532 11.0657 1.5470e+05
52473.4332 14.1474 2.0105e+05
52497.9732 11.2973 6.5706e+04
52506.1432 15.6824 2.0949e+05
52510.9832 14.4389 3.2373e+05
52514.8232 16.1421 2.9037e+05
52526.2132 10.4854 8.9474e+04
52533.7432 10.7619 2.7876e+05
52535.4132 14.6568 2.3543e+05
52553.2832 14.9697 1.7387e+05
52558.3032 12.3288 1.7632e+05
52601.7032 10.2116 9.9808e+04
52624.9432 17.5860 2.5356e+05
52637.2032 11.8223 4.3962e+05
52638.7732 20.5478 3.9023e+05
52662.8432 11.5815 7.7713e+04
52667.6532 10.6960 1.8399e+05
52695.8332 11.4317 1.8189e+05
52772.1432 15.1127 2.0219e+05
52797.0632 10.3337 9.5653e+04
52840.1532 15.2973 2.4926e+05
52853.1932 15.5802 4.7599e+05
52858.9932 13.7483 2.5356e+05
52910.9232 10.0428 1.8069e+05
52918.4732 14.8695 4.0288e+05
53004.4532 10.5839 1.3722e+05
53081.1632 20.8245 4.3080e+05
53147.9832 13.4651 1.0796e+05
53207.7932 11.1078 9.6697e+04
53304.8333 17.3675 1.8774e+05
53330.7433 11.0934 1.3704e+05
53435.9233 11.4489 1.0480e+05
53506.3733 18.8067 2.0006e+05
53523.9833 11.6127 1.3502e+05
53549.5033 17.7315 3.7646e+05
53609.5933 11.9142 1.5974e+05
53667.6233 10.3535 1.2521e+05
53700.1033 10.1652 9.1405e+04
53725.1033 17.3772 2.4024e+05
53740.8333 10.2089 7.9349e+04
53771.7533 10.1095 8.6254e+04
53792.2733 21.5809 3.5046e+05
53806.7433 10.1509 1.1344e+05
53902.2333 14.1750 1.3498e+05
53909.6633 10.9770 2.5006e+05
53913.5233 16.3610 2.5283e+05
53917.2633 13.3909 1.8367e+05
53974.3233 12.6560 2.1023e+05
53977.2733 11.4930 1.5467e+05
54117.6833 19.3235 2.6460e+05
54131.0033 12.8607 1.3755e+05
54137.9433 12.0507 1.5824e+05
54187.5333 14.3931 2.3276e+05
54211.3133 16.6642 2.9345e+05
54223.7633 18.6952 3.6152e+05
54429.3433 10.8717 1.3678e+05
54694.1233 12.9456 1.4699e+05
54710.6633 11.0536 1.3454e+05
54727.6033 11.0502 1.4806e+05
54750.6333 10.7185 1.0957e+05
54760.4733 17.1163 1.9128e+05
54778.2733 13.7301 1.2932e+05
54789.6233 16.3659 1.2517e+05
54845.4433 10.6083 1.1797e+05
54925.2834 13.8909 1.1981e+05
54949.9134 13.3348 1.5875e+05
54970.9634 10.5606 4.9893e+04
54991.9334 10.6151 6.5439e+04
55029.4634 14.2251 7.2275e+04
55153.7434 12.9739 1.3505e+05
55166.6934 13.2058 2.3460e+05
55191.9334 13.7012 3.0356e+05
55193.7334 12.4288 1.5327e+05
55232.3634 11.7831 1.4750e+05
55254.7834 12.8283 9.3708e+04
55265.7334 17.5541 2.7984e+05
55278.6034 13.1860 1.4027e+05
55287.4834 10.8946 1.3110e+05
55293.5434 10.4769 1.2898e+05
55321.5234 13.1203 6.9235e+04
55334.4034 13.4243 1.1454e+05
55345.8734 10.6887 8.5731e+04
55374.2834 14.9671 1.5487e+05
55395.6534 18.3181 2.3367e+05
55407.5434 11.6929 1.4021e+05
55417.7434 21.5118 5.1476e+05
55455.1234 12.5582 2.1615e+05
55479.9334 10.2489 1.5916e+05
55504.9234 14.5447 2.9247e+05
55508.2734 11.9903 9.4999e+04
55544.9534 17.3229 1.1930e+05
55553.6134 12.6726 8.5408e+04
55587.3934 17.4806 1.1311e+05
55616.7134 10.5750 2.0537e+05
55626.5434 11.0484 1.7829e+05
55631.6034 14.4578 2.2362e+05
55666.3934 17.4929 9.6185e+04
55679.0134 12.9669 1.8009e+05
55702.5934 11.7176 7.1599e+04
55705.0034 11.9915 8.6730e+04
55718.0934 11.5583 2.0997e+05
55740.1934 13.3941 1.5654e+05
55741.7434 10.9497 8.6090e+04
55802.6434 11.4298 6.5872e+04
55842.6934 12.6197 1.0371e+05
55857.2034 13.1198 1.1239e+05
55861.8434 13.1133 1.6699e+05
55863.2034 13.1828 9.1178e+04
55887.0634 12.4600 1.0722e+05
55898.7334 13.8840 7.5710e+04
55925.9434 14.9126 2.3720e+05
55984.2834 12.2188 1.4369e+05
55990.9734 11.6705 1.3002e+05
55996.8834 11.5156 1.5053e+05
56004.3034 14.3241 1.4576e+05
56013.5534 13.4244 5.0478e+04
56041.9734 11.8320 5.3793e+04
56132.1934 11.3819 4.8585e+04
56152.8234 10.3781 1.5849e+05
56174.5134 17.4363 1.8098e+05
56248.4034 11.9800 2.0353e+05
56264.1734 16.8887 3.4842e+05
56352.9634 11.0816 2.0340e+05
56381.8234 13.0286 9.9665e+04
56390.3834 22.3372 3.8373e+05
56400.4134 15.0313 1.1334e+05
56549.0435 12.5181 6.7899e+04
56630.2635 13.5403 4.1645e+04
56751.8935 12.6193 7.6478e+04
56760.1735 13.6051 5.5141e+04
56925.2135 17.8386 2.5496e+05
57243.6435 13.2634 1.5350e+05
57455.6835 12.3155 1.1773e+05
57458.9835 10.0803 5.9337e+04
57509.5735 10.8616 7.4395e+04
57561.9635 14.7392 8.6912e+04
57576.4335 13.2886 9.4279e+04
57594.9135 10.5570 8.8624e+04
57630.9535 12.1975 7.4428e+04
57794.6535 25.3130 4.2766e+05
58061.5235 11.1159 4.9191e+04
58193.9536 11.8790 7.6952e+04
58523.8436 20.5894 1.1076e+05
58709.8236 13.8244 5.4583e+04
58849.1636 12.6421 1.1591e+05
59187.9436 15.7473 1.4749e+05
59469.8136 18.0560 8.1813e+04
60389.0137 16.2317 8.4552e+04
60828.3337 10.1018 3.5829e+04
61298.7737 10.8701 3.3979e+04
61805.5538 10.6078 1.6096e+04
61808.9038 10.4220 1.3339e+04
61853.5738 20.7265 7.9211e+04
61900.4038 10.1090 7.2581e+03
61920.1738 11.8121 1.4184e+04
61961.6538 17.4214 1.0843e+04
62057.5438 10.0151 7.8946e+03
62136.6738 10.5740 5.0109e+03
62341.0738 15.2769 1.2681e+04
62380.9138 12.3019 2.4245e+04
62417.1238 21.7914 6.8308e+04
62476.6838 18.1981 1.6609e+04
62591.4138 16.4876 3.4481e+04
62630.9038 17.4628 1.8110e+04
63051.4438 10.1761 6.5606e+04
63072.4138 14.7825 6.3700e+04
64127.6939 19.9627 2.7419e+05
64482.1339 18.4506 2.3944e+05
64581.7139 19.2581 9.8323e+04
64617.8139 16.1405 6.6421e+04
64684.1439 16.0172 2.2585e+05
64834.8140 23.3163 4.9090e+05
64852.5740 14.3494 1.3914e+05
64874.7040 14.4504 1.5439e+05
64896.3940 17.3991 2.8865e+05
64904.0740 19.7674 3.9157e+05
64906.0240 10.3739 2.9731e+05
64907.4540 11.2909 1.7929e+05
64928.6440 20.6434 2.9890e+05
64936.3840 16.0532 1.1843e+05
64947.3640 20.2393 2.7266e+05
64952.2540 12.7095 1.3674e+05
64954.3540 13.6149 1.3593e+05
64973.8740 23.6769 2.9909e+05
64981.7940 12.1049 1.5222e+05
64983.6740 10.6018 1.5222e+05
64999.6540 10.6606 2.3042e+05
65001.9940 16.5152 1.7971e+05
65003.3640 12.3523 1.7971e+05
65038.8440 20.1555 1.9253e+05
65054.1840 15.3121 2.0019e+05
65079.2640 13.4608 1.1088e+05
65083.5540 15.0668 3.0217e+05
65091.5740 15.0617 1.0168e+05
65106.1040 20.8980 3.5857e+05
65123.9140 15.6698 3.0886e+05
65133.1140 12.6342 1.2614e+05
65139.2040 17.1419 2.1829e+05
65139.5640 14.9001 2.4761e+05
65143.6440 10.5452 1.7665e+05
65159.1040 18.1500 2.4126e+05
65164.6640 10.1601 1.1375e+05
65173.2640 18.9738 1.5614e+05
65183.5740 20.8441 2.0607e+05
65191.1740 11.7617 1.7782e+05
65197.4140 15.1686 2.0245e+05
65214.9440 14.9331 1.5125e+05
65222.7640 10.9816 2.5435e+05
65224.0340 12.8652 1.9204e+05
65225.1440 17.6402 1.5773e+05
65244.2540 12.5641 4.2483e+05
65246.1340 15.6344 2.0403e+05
65254.2040 11.8039 1.7025e+05
65260.3740 21.2109 2.6447e+05
65270.8540 13.4575 2.7239e+05
65280.0940 15.7502 1.9503e+05
65290.1440 12.4605 1.2916e+05
65298.0240 13.7623 2.8122e+05
65300.3140 16.1148 1.8685e+05
65302.1540 10.5780 2.6847e+05
65302.6340 14.1054 2.6847e+05
65308.2440 11.3069 1.6407e+05
65310.2540 11.4399 1.9389e+05
65325.6140 10.9034 4.6109e+05
65326.9740 18.0936 1.9411e+05
65331.7940 11.8440 2.0284e+05
65336.3640 12.4949 2.0701e+05
65340.0240 18.9714 2.0049e+05
65348.3940 12.9448 6.2187e+05
65351.4740 15.1304 2.8759e+05
65374.7040 18.5469 2.0787e+05
65385.0640 12.5851 1.5015e+05
65394.1340 17.8700 2.6562e+05
65397.1440 11.3228 2.9551e+05
65412.7240 16.2078 3.9366e+05
65416.0040 14.8017 2.1136e+05
65423.4040 11.1644 1.5783e+05
65432.5740 10.7761 1.3361e+05
65439.0040 12.9500 3.0680e+05
65441.6140 12.8095 2.6070e+05
65445.2940 14.3949 2.7657e+05
65449.4640 13.8365 1.4728e+05
65461.2840 13.8888 2.2183e+05
65469.7340 11.0425 2.0592e+05
65474.6640 14.9624 4.4629e+05
65477.8940 15.8717 4.4238e+05
65482.4540 11.7617 2.0857e+05
65504.7140 13.7866 1.5414e+05
65511.2840 11.7866 1.2115e+05
65521.0440 16.8261 3.2833e+05
65548.9140 20.5554 4.5019e+05
65551.3240 14.3895 2.8934e+05
65575.9740 11.7987 2.3312e+05
65579.8040 14.1847 2.6075e+05
65591.0940 22.2434 1.7226e+05
65605.9340 13.5216 1.6296e+05
65614.8040 10.4477 3.9475e+05
65622.9540 18.0803 1.8913e+05
65631.7540 19.5059 6.1266e+05
65634.3340 14.4728 2.9833e+05
65637.5640 13.4727 1.8332e+05
65652.3440 14.6725 1.5426e+05
65658.2440 20.5724 3.1250e+05
65665.2540 18.2685 1.6109e+05
65673.0840 13.4851 1.7769e+05
65676.4040 14.5764 1.1543e+05
65683.2440 18.1258 1.7719e+05
65690.9940 19.0134 5.2627e+05
65693.9340 19.1557 4.5985e+05
65697.6740 12.7854 9.7665e+04
65706.2040 16.5348 2.8457e+05
65707.6440 10.1499 2.1518e+05
65714.3240 17.0313 1.2580e+05
65720.2840 15.1643 2.2230e+05
65748.8640 10.0520 3.4809e+05
65751.5940 18.7441 3.2971e+05
65774.8640 16.7131 1.6713e+05
65789.5740 22.7088 3.3020e+05
65816.1940 16.4681 3.5519e+05
65817.6440 13.5973 1.8526e+05
65835.1340 13.5340 1.4916e+05
65887.2340 15.9189 2.5583e+05
65888.5840 12.2777 2.5583e+05
65889.5440 11.9368 2.2933e+05
65893.0040 18.2380 2.9660e+05
65896.6640 19.8828 2.9660e+05
65912.7540 22.9337 4.1010e+05
65925.8340 10.0597 1.4143e+05
65930.0540 17.7778 1.6172e+05
65934.7840 10.8245 1.7473e+05
65946.0940 18.2336 1.5743e+05
65958.0540 11.7116 1.4593e+05
65970.2540 14.8333 1.5323e+05
65978.8140 17.8854 1.9209e+05
65992.0940 17.3484 2.3307e+05
66002.0740 23.2388 4.4509e+05
66013.8440 13.5871 9.5891e+04
66018.9940 14.8192 2.7460e+05
66023.5040 14.9180 1.8711e+05
66037.3640 12.5723 1.9623e+05
66040.9340 11.6062 1.2983e+05
66048.8740 23.6822 4.9376e+05
66061.1140 16.7002 4.3494e+05
66063.4240 22.4875 4.3494e+05
66076.3740 21.6404 3.2735e+05
66085.0840 13.0262 1.8617e+05
66093.2340 20.2581 4.6360e+05
66094.1240 20.6474 2.8319e+05
66111.5240 15.1524 2.8599e+05
66116.2340 10.2461 1.7067e+05
66124.6340 11.9190 1.8755e+05
66130.6640 22.2547 2.8028e+05
66142.7840 14.5855 1.4569e+05
66147.5840 14.5804 2.2726e+05
66152.5940 14.8643 2.3127e+05
66165.6640 23.6914 5.8992e+05
66181.7540 11.0794 2.8273e+05
66184.6240 12.1008 2.8273e+05
66195.3240 16.5836 4.0922e+05
66197.0440 11.9272 1.8041e+05
66206.7440 10.8608 1.3530e+05
66209.5140 10.1924 2.2684e+05
66239.3840 15.7007 2.2160e+05
66246.9040 11.8979 2.8018e+05
66247.2240 15.6621 2.2217e+05
66257.4340 16.5276 1.8956e+05
66267.1640 15.6778 1.6436e+05
66276.0440 10.3720 1.3941e+05
66284.1540 16.6063 1.4200e+05
66286.0840 11.4324 2.7395e+05
66296.8040 11.1318 1.4800e+05
66300.7140 17.2104 4.0673e+05
66305.6440 16.8301 2.1974e+05
66312.3240 15.1560 4.0542e+05
66327.3640 14.3249 2.7953e+05
66331.4740 14.8507 1.9101e+05
66337.8140 18.1337 2.7350e+05
66346.8940 13.2262 3.1057e+05
66347.1440 12.1183 2.9247e+05
66370.4441 10.9215 2.3219e+05
66387.2041 11.5358 3.1639e+05
66388.5141 16.9567 3.1565e+05
66400.1641 15.9148 1.0829e+05
66411.5041 21.4500 2.5793e+05
66422.3341 15.5589 2.6617e+05
66431.1641 14.4359 3.0490e+05
66442.9641 16.4538 1.9324e+05
66461.9441 11.7900 2.2430e+05
66473.9041 12.4445 1.3454e+05
66478.4541 21.2782 1.7160e+05
66499.5041 10.7518 1.1950e+05
66505.1841 10.6392 2.1747e+05
66506.4341 15.7413 1.8309e+05
66522.8541 21.9635 3.7561e+05
66527.1041 12.8530 2.7251e+05
66534.6641 11.6055 3.4832e+05
66538.3541 10.7313 1.9187e+05
66542.6341 17.2086 2.6321e+05
66564.7541 13.0468 1.4554e+05
66570.0541 11.7239 7.6168e+04
66577.9741 20.5012 3.4334e+05
66585.7941 11.9160 1.2607e+05
66596.9241 10.5691 2.0756e+05
66606.2141 15.4703 1.7137e+05
66620.4541 14.9952 1.4554e+05
66635.4841 13.0265 1.6763e+05
66641.6541 14.6039 9.5260e+04
66656.7441 19.0599 9.2408e+04
66662.4341 19.6278 1.5863e+05
66667.2741 11.4164 2.5761e+05
66668.9041 14.2255 2.5761e+05
66684.8341 21.2382 3.0531e+05
66695.6241 13.0259 1.0133e+05
66696.4841 10.3168 8.3896e+04
66706.2941 15.9126 2.6484e+05
66713.7641 13.7039 1.8802e+05
66721.9141 12.4204 1.0537e+05
66729.5041 13.8286 2.7966e+05
66738.6141 23.9280 3.2563e+05
66744.2641 10.0902 8.6299e+04
66771.8741 10.5247 1.3083e+05
66777.4341 10.7991 1.6222e+05
66785.3441 11.3008 1.2583e+05
66790.5341 11.3009 1.2212e+05
66791.4941 11.9177 9.0474e+04
66799.2141 14.5872 1.7530e+05
66808.8541 17.4586 8.8385e+04
66819.5241 22.7035 3.5376e+05
66833.7741 11.7882 1.5063e+05
66838.9841 12.6545 1.8646e+05
66845.5141 16.2383 2.7006e+05
66859.3641 10.8079 1.0098e+05
66864.3941 11.9154 2.1425e+05
66874.3141 18.0064 2.8261e+05
66887.5241 11.5222 2.2514e+05
66890.5441 18.4740 2.8578e+05
66896.1941 17.6689 4.3904e+05
66908.0041 16.1898 1.8111e+05
66923.3441 18.7216 4.4898e+05
66927.3841 10.8810 2.2253e+05
66940.5441 17.2644 3.9651e+05
66943.5241 17.7092 3.9651e+05
66949.2941 10.2153 2.8833e+05
66955.7841 10.4431 2.3967e+05
66957.8841 16.6307 1.3432e+05
66985.2341 10.6903 2.6984e+05
66986.9241 10.5943 1.7288e+05
66991.9641 16.0189 3.8756e+05
66994.3341 12.3333 3.9275e+05
67013.0841 11.9751 1.7056e+05
67024.3641 10.8051 2.0930e+05
67026.6141 17.5713 2.1255e+05
67033.7241 10.8617 1.8369e+05
67035.9141 12.5451 1.0408e+05
67040.3641 10.8972 1.7529e+05
67059.4141 12.6090 5.5252e+05
67060.1241 14.4061 5.5252e+05
67076.6541 13.5799 3.1227e+05
67076.9341 10.0208 1.6753e+05
67085.0541 12.6564 2.1249e+05
67087.0741 15.2164 2.0339e+05
67097.6141 16.7982 1.4470e+05
67102.2141 16.2682 2.5315e+05
67103.5241 17.8558 2.5031e+05
67107.4141 11.1872 5.6137e+05
67110.2641 10.6257 1.6296e+05
67114.8141 12.8822 1.2681e+05
67120.8741 14.3570 2.8504e+05
67130.0841 10.5891 2.0056e+05
67137.6941 13.8332 1.8658e+05
67150.6441 17.6722 2.6352e+05
67160.1241 19.9666 4.9898e+05
67165.8641 11.6380 2.8829e+05
67172.3741 17.4429 2.6548e+05
67190.0441 16.9002 1.5834e+05
67194.5741 17.7854 2.1083e+05
67199.7541 11.9513 3.8190e+05
67210.2441 11.0485 1.7395e+05
67219.1441 17.3661 2.9652e+05
67226.2741 10.9921 1.4218e+05
67230.8241 16.7808 2.1351e+05
67237.6341 15.7787 1.7899e+05
67242.8141 15.3415 2.2773e+05
67250.3141 11.8664 2.0060e+05
67252.8441 13.1861 1.8784e+05
67259.5041 11.3324 1.1608e+05
67265.6441 13.8202 1.9419e+05
67269.6441 11.7633 3.8335e+05
67273.0541 14.9179 2.1067e+05
67285.1841 20.6067 1.9457e+05
67299.7041 19.7535 1.5596e+05
67304.4841 10.5139 2.0559e+05
67314.5541 14.1324 1.6015e+05
67320.9441 11.9857 1.8076e+05
67327.4241 20.1619 2.0559e+05
67332.4841 17.1943 1.4354e+05
67347.9841 16.0251 2.6861e+05
67349.8441 13.6970 2.2750e+05
67352.8141 10.3082 2.2064e+05
67364.3941 13.8484 1.6584e+05
67379.6641 11.5422 1.7359e+05
67384.0741 11.1710 1.4290e+05
67388.8041 16.8567 1.9530e+05
67403.2841 19.3766 2.1784e+05
67412.8441 10.7020 2.3401e+05
67415.6241 14.6472 2.4415e+05
67427.2541 13.0959 3.8598e+05
67430.6841 11.3121 3.8217e+05
67436.5741 12.5852 1.4479e+05
67447.0541 10.9950 2.8194e+05
67454.7841 14.6360 3.8331e+05
67462.3541 18.8718 1.6604e+05
67479.8541 17.2026 3.0936e+05
67492.4641 10.2123 1.4362e+05
67499.1841 10.1561 2.3169e+05
67511.0541 17.6167 2.8478e+05
67539.3841 12.3597 1.2803e+05
67544.2841 12.1718 1.9114e+05
67555.9841 14.6423 1.9103e+05
67568.5041 10.1310 2.3394e+05
67582.6241 20.7866 4.6999e+05
67596.3341 16.5261 2.6751e+05
67629.5841 12.7345 2.1679e+05
67631.2141 13.9344 1.5348e+05
67640.0241 18.8522 4.5599e+05
67651.8541 15.1821 1.7056e+05
67671.0541 11.4013 2.6472e+05
67682.8941 15.3764 1.9372e+05
67697.3241 15.2988 1.8792e+05
67705.0341 11.4646 2.1157e+05
67711.1041 20.6776 4.7196e+05
67722.1841 17.1680 3.4156e+05
67731.5041 13.9905 1.6962e+05
67746.4141 10.2119 2.0007e+05
67753.7541 13.0484 1.5834e+05
67768.0541 17.4221 2.9433e+05
67778.9541 10.6409 2.7752e+05
67780.8341 10.3694 2.5963e+05
67797.3641 11.8176 1.1950e+05
67801.8941 11.3072 2.9987e+05
67819.5941 10.3542 2.3620e+05
67824.2041 16.6614 2.3465e+05
67831.0941 19.2276 3.1291e+05
67841.8641 11.3720 1.3372e+05
67852.1941 15.6990 1.8111e+05
67865.8341 10.7668 2.0380e+05
67890.2541 18.6752 2.4398e+05
67901.0841 12.5934 1.3629e+05
67905.8441 15.0958 2.7388e+05
67918.5841 19.5601 1.6021e+05
67929.4141 10.6801 3.7972e+05
67946.1841 13.8408 2.0787e+05
67949.7641 13.0473 1.6150e+05
67966.3641 14.3882 2.9270e+05
67980.9641 18.9485 2.9081e+05
67990.7341 13.8974 4.5366e+05
67999.0842 15.0502 3.0572e+05
68022.7942 14.8154 1.9220e+05
68033.1042 18.5422 2.9389e+05
68050.4642 17.6203 2.2383e+05
68065.3242 16.0559 2.8230e+05
68076.2242 21.3399 3.6366e+05
68086.5142 12.3960 2.2733e+05
68099.7242 14.1497 2.7587e+05
68104.2342 15.4505 2.3131e+05
68114.2342 10.7557 1.6193e+05
68121.5742 10.5193 1.9088e+05
68140.9142 20.2902 3.5863e+05
68156.3242 12.0122 2.4071e+05
68159.3642 10.3580 1.8626e+05
68166.6242 10.0456 7.8157e+04
68178.2442 11.2882 1.9933e+05
68179.3942 14.3030 1.4198e+05
68185.3142 13.6048 2.5766e+05
68192.7142 15.7912 3.1628e+05
68199.0142 11.5827 1.2899e+05
68210.6742 17.6102 2.5511e+05
68217.4642 15.0018 1.7750e+05
68223.9342 14.1173 1.5719e+05
68248.3342 24.5601 2.9225e+05
68253.1142 13.6592 2.8773e+05
68255.1342 12.6540 2.6355e+05
68261.2742 16.1062 3.0040e+05
68279.0142 15.1512 2.6545e+05
68286.0642 14.6010 2.3729e+05
68289.6642 10.2968 1.4648e+05
68301.2742 12.1018 8.9545e+04
68306.7942 10.3781 3.1699e+05
68309.9542 10.8679 3.1681e+05
68310.3042 11.7099 3.1681e+05
68320.6842 13.5483 3.2165e+05
68331.2542 13.3909 1.4722e+05
68342.1442 19.3736 4.4910e+05
68345.8642 10.5024 3.6790e+05
68348.2742 13.3705 1.2284e+05
68362.1442 16.9714 1.1963e+05
68386.8642 13.8889 2.0870e+05
68394.5742 14.3388 1.7950e+05
68418.7042 10.2463 3.1648e+05
68419.3942 15.2825 2.5432e+05
68436.7942 10.7625 8.4949e+04
68441.7642 17.9233 1.5322e+05
68448.6742 20.6395 3.1229e+05
68453.2842 15.3952 3.1344e+05
68473.1442 13.3056 1.8526e+05
68474.2342 10.3816 1.5245e+05
68484.3442 12.9876 1.5217e+05
68498.5242 14.6428 1.7476e+05
68505.9142 11.8822 1.2661e+05
68521.1842 11.1371 1.2648e+05
68533.9242 16.8314 1.7153e+05
68575.6242 19.4332 3.0456e+05
68590.0242 19.8240 3.3917e+05
68591.5642 11.2420 2.3963e+05
68594.7542 11.1457 1.1040e+05
68597.4542 10.0157 1.2266e+05
68606.6142 10.1615 2.4458e+05
68610.1242 13.8390 1.7033e+05
68618.1242 18.0748 1.0383e+05
68629.9842 16.5352 2.3611e+05
68638.9642 20.1690 3.5171e+05
68646.7342 12.1696 1.0391e+05
68651.1142 17.8747 8.8894e+04
68658.3442 12.7777 2.4049e+05
68681.4942 17.5989 1.4495e+05
68695.0142 16.8395 3.0363e+05
68706.3042 10.8648 7.2299e+04
68712.5842 20.7040 3.1111e+05
68726.2942 10.2117 2.1549e+05
68737.7742 12.3968 2.1839e+05
68765.3842 18.6847 2.2148e+05
68770.1342 16.2007 2.2691e+05
68771.6642 11.4461 1.3084e+05
68784.7742 18.3846 2.5493e+05
68794.2942 16.5868 2.0015e+05
68794.9842 10.4545 1.1609e+05
68804.3542 10.5064 1.1261e+05
68812.4142 18.3754 1.5160e+05
68816.6642 15.3407 1.3823e+05
68822.8742 14.5942 3.2973e+05
68824.0642 10.4660 4.8759e+05
68827.5542 17.2463 2.6880e+05
68835.3542 15.0556 1.5244e+05
68847.3242 13.0527 1.4354e+05
68855.2142 10.0574 6.6980e+04
68860.4342 16.7937 2.1512e+05
68899.3542 11.8424 2.5516e+05
68902.6242 15.3283 1.9898e+05
68911.4742 15.2551 1.5839e+05
68917.1442 19.5633 2.5301e+05
68938.4842 14.8682 3.0403e+05
68941.8742 17.0438 1.3558e+05
68950.4542 10.1175 8.4934e+04
68956.1042 12.6034 2.1476e+05
68959.4842 16.6688 2.0835e+05
68965.1442 18.1096 2.3203e+05
68977.1742 10.6560 1.7350e+05
68991.8042 12.8118 2.0195e+05
69006.1342 20.9658 2.0446e+05
69023.3042 12.8887 1.2254e+05
69033.6542 11.9608 3.4541e+05
69036.6942 15.8542 1.2303e+05
69041.3642 12.6900 2.0851e+05
69053.0842 15.3066 1.3162e+05
69071.9842 14.5155 1.3697e+05
69078.5542 11.1469 1.8227e+05
69082.7642 18.7562 5.0260e+05
69083.4242 14.4396 4.9642e+05
69107.5242 13.1756 1.3819e+05
69108.8442 12.4443 1.6474e+05
69120.4142 18.9093 2.0865e+05
69121.3142 10.5559 1.7346e+05
69125.0242 10.4116 1.0533e+05
69131.0842 14.8813 1.8743e+05
69147.2242 15.0873 1.4272e+05
69155.4042 16.7692 1.7138e+05
69164.6342 10.8408 1.0053e+05
69171.5942 10.1090 7.2685e+04
69175.9342 12.0616 2.1331e+05
69187.5942 19.1849 2.2657e+05
69188.2542 12.9565 1.0324e+05
69208.6542 17.4988 2.4595e+05
69216.6442 14.3493 1.3329e+05
69232.5342 15.7877 1.8169e+05
69243.0342 10.8636 1.0989e+05
69246.4442 11.0310 8.9911e+04
69254.5542 11.5747 1.8831e+05
69259.0942 11.2798 2.5092e+05
69266.8042 11.8474 3.5160e+05
69267.1142 11.6219 2.2711e+05
69294.9942 13.3668 1.0307e+05
69296.8642 11.2392 1.2359e+05
69308.9942 15.1271 1.9053e+05
69313.0342 12.2272 1.9101e+05
69325.6842 13.9267 1.2062e+05
69342.2142 16.3682 3.7025e+05
69352.9342 14.5772 2.8000e+05
69360.3942 12.0948 1.8837e+05
69365.7042 20.3664 1.0689e+05
69370.2642 12.0082 1.6847e+05
69374.0342 17.4159 1.8425e+05
69380.1342 16.9473 3.1486e+05
69387.2242 16.3416 2.2091e+05
69392.6242 16.8695 2.0114e+05
69440.6742 13.5698 2.0363e+05
69445.0742 19.5513 2.5637e+05
69456.6342 19.7488 1.4797e+05
69475.1742 16.6264 9.0783e+04
69492.3342 14.2400 1.3640e+05
69510.7842 15.9110 1.0075e+05
69526.6842 12.4530 8.5272e+04
69546.4742 23.2194 2.5128e+05
69548.3542 10.5623 1.5376e+05
69562.9942 21.0708 1.4729e+05
69567.1242 14.4243 1.5859e+05
69578.0742 17.0003 1.3792e+05
69586.4942 15.9374 1.2248e+05
69598.9142 11.0282 1.2278e+05
69603.8442 14.6871 2.1206e+05
69617.0242 12.7874 1.3210e+05
69626.1642 13.8077 8.1698e+04
69632.9443 10.3709 1.4120e+05
69642.3443 14.5319 1.4832e+05
69648.5943 11.6127 1.2432e+05
69651.6543 21.6628 1.2119e+05
69661.5043 13.2555 1.4927e+05
69667.2843 10.5446 1.6485e+05
69673.2643 12.0801 7.9622e+04
69679.8543 21.0480 2.9830e+05
69686.7143 12.3123 1.0398e+05
69702.5143 23.7147 3.3457e+05
69709.8043 13.0058 1.1795e+05
69716.6643 12.9774 1.6244e+05
69724.1943 16.0249 1.6637e+05
69736.8543 13.3381 2.6762e+05
69738.8843 10.4572 1.0566e+05
69747.9243 22.4392 4.2896e+05
69758.4643 18.4890 2.3531e+05
69767.0443 10.6271 1.7031e+05
69770.3643 11.1917 2.0756e+05
69783.9243 10.1712 1.3514e+05
69789.5243 15.2990 1.1461e+05
69794.1143 11.4699 1.4094e+05
69810.3943 11.3737 1.2076e+05
69816.0343 11.0629 1.2140e+05
69822.2043 12.1849 1.4275e+05
69823.3743 13.7891 1.1835e+05
69829.6143 12.4176 2.5600e+05
69833.4243 17.4822 2.4407e+05
69844.8843 15.8938 1.2391e+05
69856.8943 15.7355 2.4835e+05
69858.7343 10.8354 1.8043e+05
69864.3143 10.0315 1.1259e+05
69877.7543 17.3019 2.5855e+05
69889.8643 10.3580 2.9382e+05
69900.1843 11.8170 1.5699e+05
69904.5743 20.1613 2.5528e+05
69914.7843 10.5959 2.5688e+05
69930.1743 15.9279 4.3111e+05
69934.0143 12.8130 2.4629e+05
69939.0643 11.1630 1.2546e+05
69950.2843 15.3995 7.9739e+04
69959.1743 13.6095 3.9608e+05
69959.8143 10.3495 3.2853e+05
69968.4043 12.0716 1.6706e+05
69976.3543 19.5714 2.5641e+05
69985.0443 10.0680 3.0502e+05
69986.1943 10.2275 1.0664e+05
69999.9643 11.1531 2.3565e+05
70000.9043 15.7251 1.8823e+05
70009.9643 14.0350 3.3285e+05
70012.3143 14.9577 2.7560e+05
70024.9543 14.8745 1.6411e+05
70029.5943 10.6798 1.6493e+05
70034.3143 11.8251 2.1851e+05
70041.3043 18.2009 3.7966e+05
70043.1143 14.4707 2.5770e+05
70091.9443 15.6062 2.8855e+05
70092.3343 16.4584 2.6497e+05
70120.5343 11.3857 3.8287e+05
70123.5043 20.5395 3.0369e+05
70128.4943 10.1757 6.8940e+04
70135.9743 15.0249 2.0087e+05
70143.1043 12.8141 2.0928e+05
70145.3743 12.5285 1.6762e+05
70155.5343 10.2985 1.6368e+05
70161.2543 23.1094 4.4636e+05
70169.3243 12.0426 3.1347e+05
70176.5543 10.0089 2.0743e+05
70179.3343 10.2163 2.0743e+05
70186.3243 16.0488 1.4698e+05
70194.7743 11.1375 1.6767e+05
70204.4143 14.1816 2.6833e+05
70205.3843 11.2806 1.3790e+05
70223.9043 19.0454 3.4283e+05
70232.5243 18.3531 2.1305e+05
70248.7343 12.1155 1.1119e+05
70279.3143 13.5220 2.7017e+05
70288.9343 19.6439 2.1164e+05
70298.9643 19.2276 3.4977e+05
70301.3243 10.9124 2.4036e+05
70308.0643 12.9069 2.0490e+05
70326.1843 12.1909 1.7521e+05
70342.3743 14.8893 1.4055e+05
70352.7843 20.5572 2.3550e+05
70379.0543 10.5320 3.1590e+05
70379.9743 18.5735 2.7101e+05
70392.5343 23.5350 3.3410e+05
70403.9643 12.0762 1.8450e+05
70406.4343 15.3260 1.7318e+05
70415.9843 14.0365 1.5394e+05
70427.6943 23.4821 2.4540e+05
70436.5143 14.2469 1.5332e+05
70441.8743 12.4389 2.1444e+05
70467.8143 16.3096 9.7102e+04
70472.3243 15.4154 1.9335e+05
70485.2343 17.7601 2.8623e+05
70485.8543 10.8268 1.1570e+05
70513.3543 10.9010 1.4979e+05
70518.9343 23.1975 4.2976e+05
70540.3743 10.7009 1.6609e+05
70551.3443 13.7390 3.2542e+05
70565.4843 13.7798 1.0947e+05
70572.2543 11.4110 2.0391e+05
70589.8443 10.3248 1.8596e+05
70591.6843 10.0039 2.3970e+05
70594.3643 13.6942 2.3614e+05
70595.2443 10.4463 1.3137e+05
70605.7843 14.0082 1.8894e+05
70624.5243 10.2090 1.4904e+05
70629.7143 10.7360 1.3677e+05
70637.3943 13.8970 3.4794e+05
70643.6243 16.9017 1.6255e+05
70645.7843 11.5871 9.0567e+04
70655.1943 16.6969 2.0312e+05
70658.2043 10.7919 1.6403e+05
70687.3143 11.5137 1.4528e+05
70692.3443 11.4876 2.1840e+05
70697.4143 15.1822 6.7838e+05
70698.7743 16.3676 6.7838e+05
70699.8143 10.1737 4.6644e+05
70708.6543 13.0239 2.7536e+05
70712.3743 15.1401 2.2843e+05
70721.8343 16.6201 2.5104e+05
70741.9543 11.9422 1.0135e+05
70750.3043 21.8349 1.8305e+05
70757.0143 18.1622 2.5007e+05
70771.7043 15.1182 1.8996e+05
70786.4343 11.5098 9.5912e+04
70802.8943 12.6300 1.7656e+05
70820.4643 12.8381 2.3955e+05
70830.5243 10.9485 2.1848e+05
70841.2243 12.1349 1.3684e+05
70846.3243 11.6779 1.8116e+05
70854.2543 14.0561 3.4536e+05
70856.1043 12.0254 2.1136e+05
70881.1043 19.4688 5.5823e+05
70901.9543 11.8039 1.3715e+05
70912.1443 14.3689 2.1676e+05
70915.5443 10.2691 2.5771e+05
70916.8343 10.9566 1.8370e+05
70930.3543 12.1977 2.3757e+05
70942.7443 12.1988 1.9582e+05
70946.4643 19.1325 1.8259e+05
70960.4043 11.5840 9.5627e+04
70964.6943 10.7901 1.7957e+05
70971.7643 18.2517 1.9829e+05
70987.5943 16.1728 4.4744e+05
71013.4043 20.2482 1.2705e+05
71019.8643 15.7277 2.7059e+05
71022.0643 10.5500 1.9393e+05
71025.2743 10.9399 1.3552e+05
71032.2643 12.8968 1.8401e+05
71036.7643 10.2588 1.7609e+05
71040.0643 12.6691 2.6115e+05
71056.1943 17.0328 2.4153e+05
71073.3843 19.8593 2.5711e+05
71080.9443 16.2294 2.8613e+05
71086.1743 12.7646 3.9972e+05
71090.1743 10.4143 4.5548e+05
71099.8043 10.7042 1.9898e+05
71125.7043 11.9423 3.3972e+05
71129.5443 16.2823 3.4498e+05
71142.4943 15.1157 2.4908e+05
71161.5643 10.2609 2.3084e+05
71161.9643 18.3732 1.3122e+05
71168.9143 13.1380 2.2124e+05
71175.6843 13.3674 2.4404e+05
71178.5043 11.7449 2.1379e+05
71181.3943 10.8012 3.3712e+05
71207.0543 14.2771 1.2811e+05
71212.3543 15.1781 2.7704e+05
71230.5143 15.1655 2.1343e+05
71239.5343 10.3279 3.0289e+05
71242.4943 10.6655 2.8979e+05
71257.2343 10.6855 2.4357e+05
71270.5644 12.5454 1.8856e+05
71274.5844 10.8441 1.5872e+05
71283.1444 20.8058 2.3609e+05
71288.5044 11.5205 4.6181e+05
71300.3044 16.5514 1.9669e+05
71309.9744 18.3881 2.2185e+05
71315.4744 12.0613 2.4456e+05
71316.7144 11.3625 2.1214e+05
71322.7444 10.9803 3.4911e+05
71332.9844 10.7095 1.4944e+05
71347.4644 12.7347 2.1497e+05
71364.6144 16.5149 5.6480e+05
71368.5744 14.6588 4.9100e+05
71387.9144 12.0819 2.5574e+05
71398.1344 11.2263 2.0116e+05
71406.7244 11.2367 4.2245e+05
71410.4544 19.7167 3.3792e+05
71423.3444 13.0118 2.7851e+05
71442.5544 13.5745 3.3580e+05
71455.1944 14.0764 1.4242e+05
71459.7544 16.5842 3.0542e+05
71471.2844 16.1530 2.4976e+05
71486.9144 12.6151 3.7905e+05
71504.7744 14.3357 4.0999e+05
71511.6844 11.2788 1.7597e+05
71519.4044 12.9774 1.5171e+05
71521.0444 10.9489 5.3257e+05
71524.1944 14.0028 5.3257e+05
71533.8644 12.6578 2.8537e+05
71552.4644 13.7628 3.0711e+05
71563.5244 12.3930 2.1229e+05
71566.7044 11.5321 2.8861e+05
71573.8544 19.3349 2.9180e+05
71587.2144 15.8239 1.9970e+05
71601.6344 10.1678 1.4349e+05
71607.7744 10.8952 1.6876e+05
71610.7344 14.0105 1.8818e+05
71616.4844 11.9224 1.7118e+05
71622.4044 14.6202 2.2043e+05
71627.0744 12.2342 2.5421e+05
71631.8644 14.2339 1.5413e+05
71641.7644 11.4686 2.2726e+05
71642.9344 10.2694 2.2726e+05
71650.5944 10.3538 1.8061e+05
71652.0744 10.6889 1.1424e+05
71666.9344 18.9052 2.6320e+05
71673.0644 10.9527 1.8261e+05
71679.9244 11.5896 4.3615e+05
71683.5344 10.4169 3.3228e+05
71695.8744 22.4327 2.5820e+05
71705.5244 11.7002 4.3119e+05
71718.5944 13.8568 9.9757e+04
71724.6744 11.7994 3.2667e+05
71732.0144 13.5965 2.7443e+05
71734.6944 14.3783 2.8755e+05
71742.6144 10.5607 2.9606e+05
71749.8444 11.6404 1.5750e+05
71769.3244 12.7523 2.3845e+05
71777.9944 10.4720 1.7011e+05
71783.2744 11.8995 1.9135e+05
71789.1844 12.1912 2.9971e+05
71804.1944 15.6514 3.4285e+05
71826.4944 10.4773 4.3406e+05
71826.8844 16.7945 3.3105e+05
71833.7544 14.0115 3.2780e+05
71839.6944 15.5217 3.6958e+05
71851.7044 12.6425 1.9162e+05
71859.3644 13.5524 2.2217e+05
71859.9644 15.1530 2.2217e+05
71868.7844 13.1306 3.0993e+05
71870.1944 10.6976 2.1370e+05
71881.6344 10.3644 2.1219e+05
71896.5544 14.0241 1.5633e+05
71914.3644 15.7338 2.5665e+05
71924.4044 14.6745 2.9173e+05
71927.9044 10.6029 1.3173e+05
71946.2944 13.7785 1.5891e+05
71952.5344 10.5753 2.5477e+05
71988.5344 10.2204 8.2134e+04
71994.8844 10.0785 1.3783e+05
72001.1244 14.1445 2.3841e+05
72026.6644 10.2927 5.1332e+05
72027.5344 18.0981 2.3161e+05
72035.6444 13.5843 3.3570e+05
72039.1344 10.7299 1.4241e+05
72043.3944 13.2129 1.8246e+05
72049.5944 13.9193 1.6689e+05
72061.0844 12.1689 9.0539e+04
72074.1744 10.5614 1.2326e+05
72083.1244 18.6922 1.1785e+05
72090.3044 11.3722 1.1834e+05
72095.3544 13.3144 1.5366e+05
72110.5344 13.4979 1.9145e+05
72114.4244 12.0394 1.9244e+05
72123.6044 10.8904 1.3341e+05
72133.0244 10.5039 1.0725e+05
72139.1744 16.3403 1.2876e+05
72146.5744 10.0719 1.5546e+05
72169.7744 13.9412 1.0072e+05
72185.2544 10.6748 1.8883e+05
72198.7244 13.4992 2.7424e+05
72222.4344 13.8469 1.1373e+05
72227.1844 11.5483 1.2518e+05
72253.6144 10.9041 8.4802e+04
72260.3844 13.5434 3.3016e+05
72261.5144 12.5174 3.0783e+05
72282.6244 10.3279 1.2688e+05
72292.2044 11.4470 8.3626e+04
72312.5444 12.4517 1.3620e+05
72331.1444 15.8198 1.6607e+05
72356.4144 12.3838 2.2850e+05
72383.8844 14.0372 2.0173e+05
72396.3344 10.4219 1.4494e+05
72414.3444 14.4978 1.4848e+05
72422.7944 12.3716 1.2791e+05
72443.4744 11.3347 1.6610e+05
72449.2444 10.2541 3.0906e+05
72451.1044 13.5473 2.0991e+05
72461.4744 11.6598 1.6738e+05
72469.1844 13.1491 1.0061e+05
72515.5344 15.3739 2.2830e+05
72520.2544 11.1841 2.8437e+05
72531.9144 20.4712 3.8202e+05
72582.6344 15.4127 4.0749e+05
72589.7944 11.6929 1.7068e+05
72595.7344 14.9048 1.2218e+05
72614.4044 13.9274 1.7444e+05
72619.4444 19.5080 1.4854e+05
72641.1744 12.9415 2.7397e+05
72652.1744 14.4694 2.1420e+05
72665.9644 10.9454 1.6280e+05
72678.4544 10.8899 1.2908e+05
72694.3944 15.5184 2.4712e+05
72709.0444 12.3320 1.7054e+05
72720.8344 15.5399 9.7423e+04
72733.8844 11.1670 2.0638e+05
72754.0944 18.5236 1.5675e+05
72774.8144 16.2141 2.4853e+05
72786.2244 11.8597 1.4734e+05
72817.5644 15.0064 1.2218e+05
72825.6744 17.4268 1.4286e+05
72831.8744 10.6595 2.0505e+05
72837.4744 14.2848 1.9567e+05
72860.7644 21.0732 3.2058e+05
72866.6544 12.5596 1.5619e+05
72873.3144 17.3023 3.1948e+05
72912.4645 10.8468 1.0443e+05
72919.0545 12.5019 2.0315e+05
72947.4345 10.5897 6.4406e+04
72965.0145 13.4031 1.2722e+05
73012.6045 19.9651 1.6738e+05
73017.9345 16.9377 3.8162e+05
73026.1245 13.1837 2.1404e+05
73056.6445 11.5782 9.2398e+04
73060.6445 12.7017 1.9044e+05
73068.2745 13.9220 2.1313e+05
73072.7645 10.8676 3.1456e+05
73074.7545 11.7890 1.8468e+05
73082.9045 15.1030 1.3596e+05
73098.1645 11.2450 1.5871e+05
73144.3945 12.7015 2.8572e+05
73146.7245 11.0827 1.6708e+05
73171.0845 15.2094 1.1198e+05
73180.9445 12.6820 2.1113e+05
73203.0345 13.0539 1.4663e+05
73225.6545 14.1654 1.2208e+05
73235.9845 16.4609 1.4713e+05
73262.1445 13.5562 9.1240e+04
73275.2045 13.8602 7.4638e+04
73291.2345 17.3521 3.0796e+05
73315.6145 10.4680 7.0336e+04
73331.2145 11.9743 2.0012e+05
73369.7045 10.2627 1.0611e+05
73392.7745 14.8283 2.3678e+05
73411.4445 15.3663 9.9128e+04
73425.8845 11.5495 1.6222e+05
73479.2045 17.8009 1.0092e+05
73519.9745 13.6112 1.4276e+05
73555.5145 12.1096 1.8617e+05
73616.7845 11.7517 1.1481e+05
73635.0245 12.1566 9.1717e+04
73647.8745 20.9780 3.7165e+05
73649.2745 13.3032 1.1075e+05
73661.4445 12.8530 1.6346e+05
73684.7145 19.4803 2.0852e+05
73697.2345 14.9679 2.9235e+05
73701.3945 15.5938 1.0910e+05
73717.5145 13.9126 9.5467e+04
73744.6345 15.6693 2.7804e+05
73747.8045 17.5786 1.3210e+05
73750.9845 12.7473 8.4400e+04
73822.7345 11.6242 9.4365e+04
73869.8545 19.4726 6.1188e+04
73875.1345 11.0194 1.4169e+05
73904.8045 12.3368 1.5944e+05
73911.1045 19.2160 1.4745e+05
73929.7845 18.2508 9.8785e+04
73951.7145 17.5123 1.8083e+05
73981.9545 23.3080 2.4331e+05
74040.0545 22.6917 1.8219e+05
74086.3445 13.6932 9.7253e+04
74126.6145 20.4442 1.2878e+05
74147.0145 19.1047 8.5061e+04
74155.1845 18.0288 1.2706e+05
74198.4045 18.2244 9.7364e+04
74220.6345 17.1649 1.5620e+05
74227.3445 12.4012 7.3570e+04
74261.0945 20.2495 6.2164e+04
74271.2345 20.8295 2.0212e+05
74287.9545 19.7229 1.4880e+05
74291.3245 12.7586 1.2557e+05
74314.6545 13.1146 6.2818e+04
74334.7745 14.8297 9.1567e+04
74341.2845 16.4234 8.0312e+04
74347.2845 19.9132 1.5114e+05
74365.0945 14.7975 1.9998e+05
74378.0745 13.7449 1.8522e+05
74380.2445 21.9617 1.6166e+05
74389.0345 19.6590 1.6440e+05
74396.0145 21.0790 2.4081e+05
74401.6945 12.5689 1.3347e+05
74403.6745 10.3520 8.1326e+04
74417.6045 12.3277 8.7780e+04
74421.9545 11.6581 3.2116e+05
74423.6145 22.6087 3.2116e+05
74496.0145 15.8705 1.0607e+05
74515.5045 21.4616 1.5268e+05
74535.9045 14.7415 7.4555e+04
74552.4046 16.9766 6.0699e+04
74553.2346 13.0863 5.5450e+04
74575.7546 10.4545 5.0013e+04
74618.4446 24.1559 2.0052e+05
74644.3646 19.0215 1.0024e+05
74662.3146 19.1827 6.8664e+04
74683.9246 24.6779 1.5761e+05
74700.1746 16.9710 9.0022e+04
74721.7846 22.2394 9.5375e+04
74728.7546 10.9224 3.4923e+04
74740.8846 12.4061 7.8451e+04
74766.0546 20.5040 5.0100e+04
74777.9246 11.2635 9.5754e+04
74778.8946 17.0744 6.3424e+04
74828.2646 10.3440 3.2772e+04
74844.5446 22.2554 2.9227e+05
74892.4846 11.6024 2.8279e+04
74904.4446 17.0672 9.2646e+04
74907.8446 17.0528 7.4228e+04
74914.2546 10.5730 2.6959e+04
74919.5746 12.5490 6.8057e+04
74934.0746 12.9266 6.4823e+04
74940.0246 18.4038 4.9272e+04
74950.5846 12.9228 2.8127e+04
74958.5046 10.5862 8.2725e+04
74964.0646 10.8272 4.0292e+04
74969.0646 18.4706 9.6302e+04
74982.9746 10.7733 5.1621e+04
75012.1946 19.2057 1.2213e+05
75022.7746 19.2215 1.1359e+05
75040.0346 14.3084 5.8705e+04
75060.8546 19.0729 3.6067e+04
75071.7246 19.2731 6.9921e+04
75087.3946 11.0694 1.1143e+05
75091.1546 12.9793 7.9222e+04
75092.3146 11.7551 4.5359e+04
75100.0346 24.3719 1.7574e+05
75103.5646 11.9959 4.4472e+04
75142.8546 17.2334 2.8978e+05
75151.3246 15.7036 7.9282e+04
75163.6946 21.0020 1.4745e+05
75196.0146 20.1966 7.2828e+04
75210.4346 12.2146 7.4903e+04
75224.7446 13.2359 2.3761e+04
75237.0446 20.6055 3.6873e+04
75262.2146 21.3533 1.1698e+05
75282.5546 12.4816 4.8534e+04
75287.4446 19.9797 6.5240e+04
75307.9146 25.4190 2.0121e+05
75333.3946 12.4961 7.5563e+04
75340.8746 16.8814 7.0527e+04
75354.9046 16.1907 7.1192e+04
75368.0346 22.8449 2.1441e+05
75414.1546 11.3027 6.9104e+04
75415.6846 18.3668 9.4918e+04
75432.2346 23.2803 7.2775e+04
75441.7146 10.5020 3.8525e+04
75447.2246 12.2389 5.8696e+04
75458.0446 10.4456 2.3162e+04
75484.4446 21.5086 6.6988e+04
75489.3046 26.7699 5.6391e+05
75520.6946 24.1882 8.4875e+04
75531.2146 10.1034 1.0700e+05
75532.0746 14.0081 4.5945e+04
75555.4946 25.6376 1.3681e+05
75580.8346 19.0392 5.9049e+04
75599.6846 21.3641 1.6117e+05
75623.7346 16.1902 3.5774e+04
75661.6146 24.2495 1.4796e+05
75665.1946 10.2642 4.6498e+04
75708.5246 17.2994 8.6545e+04
75712.4946 19.5990 3.8559e+04
75734.9046 12.3486 2.7458e+04
75751.1946 14.5996 7.8278e+04
75765.6646 18.0994 5.6394e+04
75771.9146 22.0820 1.8572e+05
75797.0846 10.0033 7.1479e+04
75812.0746 20.9063 7.6092e+04
75839.4846 15.5459 6.4711e+04
75851.3246 10.1092 3.9784e+04
75888.3546 11.0314 4.0900e+04
75889.5646 20.5814 3.3815e+04
75899.2746 21.3275 8.6801e+04
75905.8946 10.9244 2.1381e+04
75910.1746 10.7068 3.4362e+04
75913.2846 10.1806 2.1922e+04
75930.6946 17.4767 6.4141e+04
76010.0746 14.1014 1.7397e+04
76021.8446 19.5033 1.0296e+05
76052.1646 24.5038 1.8043e+05
76103.5146 20.0018 3.8304e+04
76111.1546 17.8784 9.7951e+04
76124.2846 11.6093 2.7796e+04
76155.7446 26.4207 1.4128e+05
76187.2947 16.3400 7.7135e+04
76195.2247 14.7825 7.8893e+04
76202.9347 19.0153 1.5632e+05
76216.6247 15.0351 2.3899e+04
76242.2547 23.2867 5.0981e+04
76246.7947 15.6700 1.3656e+05
76251.8347 10.7945 4.9059e+04
76276.0347 15.2617 5.1111e+04
76293.7847 20.2567 1.5056e+05
76297.5747 14.1347 1.2791e+05
76316.3947 11.0391 1.4359e+05
76320.3847 22.6295 1.3666e+05
76330.6247 10.2435 2.9876e+04
76361.4847 10.4720 2.4612e+04
76366.3947 15.6491 4.6559e+04
76376.8047 25.1111 2.9810e+05
76392.4047 15.8735 1.1184e+05
76416.0347 12.4510 2.8103e+04
76433.6947 14.3884 4.6054e+04
76463.1047 10.5510 3.5333e+04
76482.5147 18.3913 8.3974e+04
76510.1747 11.5527 7.1683e+04
76512.9547 14.6908 3.8521e+04
76547.9847 19.1833 3.2331e+04
76555.3447 15.2295 1.9721e+04
76574.7547 18.7128 1.4929e+05
76575.1947 11.3250 1.2249e+05
76586.4847 16.7098 2.2463e+04
76629.9147 22.5151 9.7944e+04
76648.2647 10.8240 4.6816e+04
76655.6947 22.8418 1.4404e+05
76670.4447 17.2402 1.0791e+05
76672.4847 11.4593 1.0791e+05
76700.3447 10.0592 2.2342e+04
76710.1647 17.5023 1.1351e+05
76737.2747 25.1350 2.7982e+05
76758.4047 13.6707 4.7667e+04
76769.0147 15.0722 1.2790e+05
76778.6647 18.9424 5.3310e+04
76791.8847 22.5975 1.0884e+05
76814.6947 12.1768 8.7529e+04
76815.4947 11.0510 5.5433e+04
76831.2847 11.4309 4.0282e+04
76840.0347 22.5979 1.5200e+05
76857.0847 15.0746 1.1286e+05
76864.0347 24.0305 3.4560e+05
76865.0547 12.9118 2.4724e+05
76865.6647 11.5288 1.3944e+05
76870.1947 10.2614 1.5791e+05
76878.4747 19.7123 2.0258e+05
76882.0547 14.7094 2.0258e+05
76894.2947 10.2513 6.8699e+04
76918.4547 22.0497 1.3594e+05
76929.7547 19.5283 1.6946e+05
76932.2647 13.4289 2.2609e+05
76935.1947 17.2243 1.9120e+05
76938.5947 18.1036 1.4750e+05
76948.7447 11.6459 2.1857e+05
76951.2947 18.1037 2.1088e+05
76958.7547 16.8472 1.1336e+05
76967.1347 11.8799 1.2467e+05
76969.0447 14.7807 1.0264e+05
76984.8047 19.3337 1.0317e+05
76992.0247 23.1143 1.4011e+05
76998.9847 15.0192 1.3462e+05
77002.1147 10.5237 6.7795e+04
77006.5847 14.3007 1.5468e+05
77007.8347 12.5822 1.4657e+05
77017.1547 17.2382 1.0281e+05
77024.0047 17.3128 1.4323e+05
77037.1047 22.4669 2.3102e+05
77037.4347 11.9625 1.5200e+05
77058.5347 18.9204 1.0490e+05
77076.9747 16.3683 9.6239e+04
77083.6147 19.9095 2.6587e+05
77090.1047 11.3072 1.2283e+05
77094.1447 15.8176 4.3188e+05
77097.5147 10.6052 4.2808e+05
77097.7347 13.7444 1.7393e+05
77111.7547 16.9435 1.0474e+05
77116.7847 12.4744 1.8493e+05
77119.3747 14.4181 1.5387e+05
77130.3947 20.5673 1.2463e+05
77137.6147 23.4708 2.1867e+05
77144.0247 22.8036 1.9637e+05
77162.1147 19.8996 3.3413e+05
77165.3047 11.9698 9.5697e+04
77170.1847 18.8783 1.1119e+05
77178.0947 22.8692 1.2989e+05
77194.3447 22.0185 2.0366e+05
77195.8347 20.5713 1.4396e+05
77200.5647 15.5522 1.6921e+05
77217.9747 12.7174 1.1859e+05
77223.1647 23.0623 1.2043e+05
77232.8247 21.6223 1.8704e+05
77245.7747 12.5940 1.8583e+05
77247.5647 13.7699 1.2331e+05
77249.7647 13.4709 7.2409e+04
77275.2247 11.7754 6.4494e+04
77281.3447 12.0646 7.6805e+04
77285.4747 17.0704 2.0176e+05
77285.9547 19.3905 2.2151e+05
77290.1247 11.2213 1.3155e+05
77298.6747 23.1732 2.3809e+05
77302.2347 10.8579 7.4083e+04
77307.0847 22.7553 4.4925e+05
77314.2447 18.9613 3.9463e+05
77325.9547 11.7979 2.6544e+05
77327.5047 23.5083 2.8362e+05
77338.6447 11.4993 2.6368e+05
77341.1447 20.3649 2.0367e+05
77353.3047 21.5092 1.1803e+05
77364.3947 18.0411 1.4590e+05
77371.7847 13.5047 8.3967e+04
77385.6047 21.0916 1.5922e+05
77390.2647 13.1277 1.1174e+05
77398.2447 19.7532 2.9218e+05
77401.9747 20.4347 1.7184e+05
77406.5647 14.8034 1.3893e+05
77418.5747 12.2261 1.3560e+05
77426.4747 18.4235 1.4807e+05
77441.2647 17.7706 3.9891e+05
77452.4947 20.8362 2.9253e+05
77456.2847 16.6464 3.4940e+05
77459.4047 19.9775 3.3444e+05
77480.2947 20.6779 1.2345e+05
77489.6947 16.8336 1.5227e+05
77492.1047 12.0027 5.4001e+04
77505.2347 20.1141 1.6897e+05
77513.7747 15.9672 1.1779e+05
77520.2247 21.6917 2.0718e+05
77536.0347 13.7735 1.4983e+05
77538.6847 19.9139 1.3246e+05
77548.1047 21.3438 4.5502e+05
77552.0847 15.8415 2.7701e+05
77556.1247 12.5057 3.1609e+05
77561.0547 10.8427 2.0716e+05
77561.9847 12.4875 1.6595e+05
77568.0447 11.2468 1.0289e+05
77580.7047 26.1165 2.1702e+05
77588.7647 11.9487 1.0627e+05
77602.3147 10.8322 1.2482e+05
77612.7147 12.9989 1.5826e+05
77615.9347 12.3469 2.2495e+05
77617.6447 15.0963 1.2229e+05
77624.6147 12.0233 2.6033e+05
77626.7247 10.9891 2.6033e+05
77633.0647 22.6768 2.5848e+05
77646.2347 17.4961 7.5723e+04
77652.5247 19.3485 9.1272e+04
77657.2847 15.4510 1.9403e+05
77661.3647 10.9513 2.7901e+05
77663.6347 13.3811 2.0742e+05
77679.8047 15.1597 1.4168e+05
77681.3547 13.3241 1.5612e+05
77684.2747 11.9028 1.0461e+05
77685.5347 14.1940 1.6125e+05
77692.6447 13.2243 5.3025e+05
77693.0747 14.0567 5.3025e+05
77697.6847 22.0249 3.1820e+05
77708.5347 12.1191 2.0697e+05
77710.7847 12.3510 2.2312e+05
77715.4147 16.8532 5.1004e+05
77723.5947 11.5001 1.6232e+05
77724.5947 13.4639 1.6089e+05
77735.6847 12.8358 2.6655e+05
77737.8647 14.8798 5.4034e+05
77741.3447 11.5045 5.4620e+05
77741.7147 11.6427 3.6751e+05
77753.5247 17.9574 3.0810e+05
77758.3547 13.5417 2.2204e+05
77770.2247 14.6349 5.8662e+05
77778.1047 16.4044 3.4381e+05
77778.3947 13.5399 3.1800e+05
77779.9047 13.9234 1.7932e+05
77790.7247 17.2474 2.0402e+05
77793.4947 16.7577 6.2566e+05
77796.5247 13.7710 4.6470e+05
77805.7247 11.2253 2.6294e+05
77807.4647 12.6618 2.4155e+05
77812.1147 13.4105 1.5225e+05
77821.3047 11.0405 1.8234e+05
77821.9647 14.3881 1.8170e+05
77826.6348 14.8616 5.6265e+05
77830.3248 11.6279 2.5900e+05
77838.6748 13.0609 3.6557e+05
77841.7948 18.9181 1.1887e+05
77855.7948 12.6486 3.4549e+05
77857.2548 14.1559 3.1853e+05
77862.5048 16.5625 2.9007e+05
77878.5448 19.5464 2.8410e+05
77884.8648 11.8131 2.8179e+05
77902.9748 12.0374 2.7152e+05
77907.3448 11.1354 1.2080e+05
77915.9548 17.5134 4.8082e+05
77918.3948 18.1555 4.3924e+05
77926.0348 10.4614 3.1753e+05
77929.7048 14.4280 4.3571e+05
77931.8748 14.8130 4.3571e+05
77942.1548 18.3960 2.1186e+05
77949.1448 13.8967 5.6043e+05
77952.5348 18.6973 5.1438e+05
77970.5548 11.2504 2.4630e+05
77975.5348 10.7023 2.3616e+05
77977.2048 10.6804 1.8249e+05
77983.3648 11.7918 1.8576e+05
77990.5448 19.3798 3.2529e+05
77997.8848 19.3041 4.9427e+05
78001.0648 15.1981 3.6474e+05
78009.9448 10.1075 1.8481e+05
78031.3248 17.5627 2.0025e+05
78032.0148 12.2069 1.4791e+05
78041.7248 10.9535 1.8108e+05
78043.4848 20.4219 1.3784e+05
78055.7048 10.5434 4.8788e+05
78057.9348 23.9689 3.8447e+05
78087.7048 22.6454 1.7821e+05
78105.9148 17.1934 1.8500e+05
78107.5648 12.3051 9.9778e+04
78121.4948 24.0987 3.9887e+05
78129.9648 18.7834 2.4877e+05
78148.1948 13.2155 1.5645e+05
78158.7148 16.2152 7.8500e+04
78186.1148 10.5220 1.4886e+05
78187.3548 14.1348 2.2262e+05
78191.6748 17.4602 2.1963e+05
78205.7748 18.2504 2.2907e+05
78206.1648 11.2925 1.7940e+05
78216.0948 24.2335 5.1560e+05
78231.3648 20.6539 2.8742e+05
78241.9848 21.3076 2.2275e+05
78245.5748 13.5194 1.5380e+05
78257.4748 21.0034 1.0471e+05
78263.0148 12.3118 2.0692e+05
78279.6248 18.9761 3.0482e+05
78284.8048 18.9883 3.6016e+05
78296.3248 11.4894 1.7708e+05
78305.9148 24.2165 2.8539e+05
78312.4648 17.9648 1.0873e+05
78322.3148 20.0544 2.1409e+05
78335.7548 15.8589 1.8338e+05
78339.5048 11.4640 1.2711e+05
78353.1948 20.4459 1.7312e+05
78364.4948 21.9862 3.3847e+05
78377.7148 10.5056 6.0260e+04
78407.8648 14.0953 1.7411e+05
78409.5648 10.5339 1.1459e+05
78410.1148 11.9273 7.1562e+04
78432.9048 13.5127 1.4010e+05
78436.5448 12.8494 9.6166e+04
78439.7448 10.3422 6.5580e+04
78443.8748 18.0251 1.8500e+05
78444.9348 15.8175 1.8292e+05
78453.4048 20.3976 1.9163e+05
78455.0248 10.5236 1.6122e+05
78474.9448 12.6469 7.7061e+04
78482.7448 12.4668 5.1049e+04
78488.0148 11.8932 1.4134e+05
78492.1448 10.6199 1.1694e+05
78513.0348 14.4834 6.2401e+04
78518.8648 19.6838 1.4844e+05
78521.9548 10.5134 1.4197e+05
78534.5148 22.1535 9.0005e+04
78545.0348 13.0793 7.8866e+04
78556.0848 17.4031 7.4520e+04
78557.3248 11.2878 4.8234e+04
78561.3548 11.1494 1.7175e+05
78568.3548 20.4367 3.0211e+05
78575.1948 10.9640 6.5529e+05
78575.8848 26.7993 6.5529e+05
78594.0948 16.1802 6.0192e+04
78626.3748 23.7235 8.2645e+04
78640.5748 12.4277 1.2075e+05
78642.3848 11.7735 2.2276e+05
78645.8848 16.9701 1.2288e+05
78653.1448 14.7930 1.3701e+05
78664.7348 13.8502 2.0137e+05
78667.5148 18.9085 1.2089e+05
78681.5148 16.9092 1.2745e+05
78691.7748 17.3225 2.1706e+05
78711.8248 20.1920 1.7803e+05
78720.7148 23.4110 2.3843e+05
78746.9448 10.5216 6.3312e+04
78766.0248 21.2776 9.7749e+04
78774.6748 23.3116 1.4766e+05
78798.0648 11.9259 1.0603e+05
78814.5548 18.8912 1.5523e+05
78820.1448 16.1475 1.4747e+05
78827.1248 18.0901 8.1213e+04
78842.4148 11.1211 7.3208e+04
78858.4548 17.0283 5.8240e+04
78881.6148 22.6404 2.0482e+05
78886.2948 14.8693 6.0151e+04
78896.1548 15.5766 1.7133e+05
78915.9548 10.2745 4.1850e+04
78923.2048 13.7274 1.3650e+05
78926.5248 16.8928 1.9360e+05
78929.7448 13.8600 1.9018e+05
78942.5648 12.3639 4.8804e+04
78964.7748 23.7477 9.6373e+04
78977.7948 22.5791 1.3772e+05
79019.4948 19.1209 8.0420e+04
79029.4648 20.5745 1.0454e+05
79030.4848 13.3419 1.0454e+05
79041.0348 16.2557 2.0293e+05
79062.8648 20.9312 1.5851e+05
79071.1448 10.8432 7.7988e+04
79082.0248 10.5845 1.6977e+05
79084.3748 10.5345 1.6738e+05
79084.8948 23.6311 1.2640e+05
79136.0248 11.3398 9.1145e+04
79144.3348 11.0282 5.4732e+04
79149.5548 16.2956 1.1884e+05
79167.5948 20.5834 1.7465e+05
79190.8248 12.5820 1.3515e+05
79201.7948 11.1938 8.7872e+04
79221.5548 21.9239 1.2540e+05
79230.5148 11.5729 5.3884e+04
79237.7948 13.1240 3.9065e+04
79269.7648 15.7950 3.8969e+05
79270.0848 22.2030 3.8969e+05
79281.2848 23.9584 2.4168e+05
79299.8548 14.5123 1.3581e+05
79300.3648 14.7197 1.3249e+05
79344.2548 21.4413 3.7975e+04
79357.4948 15.5768 1.2991e+05
79372.3548 17.0381 3.8189e+04
79417.7748 19.4471 1.1189e+05
79429.4748 21.1464 2.3753e+05
79441.6348 19.5845 1.8851e+05
79460.9348 17.8954 6.3830e+04
79464.3649 14.4932 4.6888e+04
79478.2149 18.6570 9.8294e+04
79490.2149 12.3271 6.5519e+04
79502.0449 22.8155 1.0488e+05
79510.9549 22.6258 1.8154e+05
79522.3549 13.2519 6.5986e+04
79530.4549 18.9072 8.7258e+04
79541.2149 17.2500 1.1541e+05
79574.1449 14.0937 3.9763e+04
79583.1249 20.2999 6.1462e+04
79591.5149 19.2600 9.4353e+04
79596.2649 24.3667 1.2904e+05
79607.2749 12.7735 1.2836e+05
79618.5949 13.9011 6.1056e+04
79626.7549 11.6459 2.6483e+04
79634.3149 22.5234 1.1069e+05
79674.7049 17.4383 1.1153e+05
79680.0749 14.6609 4.6152e+04
79720.4049 14.4802 3.4298e+04
79734.2149 11.7390 4.0037e+04
79742.7349 17.7339 1.1315e+05
79757.8249 19.2953 1.7220e+05
79789.2749 13.0928 5.7865e+04
79798.0249 10.0957 5.7766e+04
79798.4749 12.8297 4.6032e+04
79812.7949 17.3075 1.2337e+05
79825.0349 24.6207 1.0738e+05
79838.3349 17.5652 1.5231e+05
79840.1549 24.5144 1.4698e+05
79848.9449 17.3529 9.7842e+04
79874.3549 11.6310 2.4563e+04
79882.9749 19.3090 9.0085e+04
79893.7449 23.0966 1.4416e+05
79902.3449 12.0852 5.0239e+04
79930.6649 18.3520 7.3971e+04
79936.9049 27.2374 8.4500e+05
79953.6849 12.4312 4.0932e+04
80003.4049 19.2884 4.8499e+04
80018.9249 16.7089 2.7425e+04
80028.2749 17.9654 7.4128e+04
80042.2649 21.0512 9.3329e+04
80078.2949 13.3160 4.6093e+04
80086.5949 19.1180 4.1040e+04
80096.7449 10.5146 2.2544e+04
80101.9649 19.4807 9.2937e+04
80109.6849 14.9010 2.9749e+04
80116.1749 20.3215 3.5922e+04
80138.3449 12.7262 4.4267e+04
80146.1649 15.9097 4.2977e+04
80151.0749 23.0069 1.1581e+05
80169.2549 10.9470 1.1502e+05
80172.6649 18.7418 9.5637e+04
80186.5849 14.4766 6.6891e+04
80199.7949 12.9650 1.9711e+04
80205.3749 24.0730 2.0622e+05
80215.3749 14.8978 4.3573e+04
80247.1249 18.3629 1.0509e+05
80262.4649 14.4350 4.2679e+04
80281.9049 12.2290 9.0169e+04
80284.3549 21.0771 9.0169e+04
80288.8149 11.0902 6.6670e+04
80296.3549 10.2748 7.3367e+04
80298.9749 16.7553 4.9491e+04
80305.1449 24.2349 2.6033e+05
80320.4349 12.4888 1.9265e+04
80325.7449 14.9201 9.6846e+04
80329.8449 20.1782 4.1273e+04
80364.5249 22.5568 5.3767e+04
80389.7949 12.1526 8.1975e+04
80403.5049 23.5040 1.7103e+05
80403.9049 20.8647 1.6979e+05
80426.1849 11.1733 5.6646e+04
80438.4849 21.5194 1.3288e+05
80454.8749 17.5367 6.1844e+04
80486.5549 16.2526 7.9220e+04
80511.9349 20.8269 1.0417e+05
80521.5449 15.0747 2.9560e+04
80545.3149 17.1558 5.8036e+04
80569.4449 15.0491 1.0659e+05
80573.9049 20.5608 8.3703e+04
80589.1649 16.6307 1.6546e+04
80645.3249 23.5453 2.8656e+05
80653.7149 14.3268 6.8402e+04
80657.3949 11.9333 3.1778e+04
80709.6049 23.3709 7.1288e+04
80726.1449 14.7132 3.0289e+04
80734.2749 18.9710 2.1451e+04
80738.9949 13.1278 1.1054e+05
80741.6849 16.4545 1.0038e+05
80795.5849 16.0413 2.0968e+04
80825.3049 15.1493 1.0845e+05
80827.9749 16.0089 6.7363e+04
80837.8249 13.2152 4.7698e+04
80866.2749 14.3463 3.5836e+04
80886.8149 23.2437 8.6635e+04
80912.1649 18.9951 9.0000e+04
80918.6949 10.9435 1.8962e+04
80923.4449 20.3979 7.2802e+04
80938.4649 15.0501 2.3780e+04
80979.7849 24.2690 6.9243e+04
80999.4149 17.0650 6.9304e+04
81012.3649 17.0537 3.8256e+04
81027.1849 24.5077 1.3603e+05
81072.4249 22.4023 9.1789e+04
81087.3749 16.2135 9.2434e+04
81096.1149 25.8586 1.5460e+05
81110.0450 24.7535 1.7601e+05
81163.7050 13.1889 1.2331e+04
81173.4450 13.0177 1.0299e+05
81177.3550 17.9420 7.8203e+04
81216.8950 15.2189 7.9171e+04
81228.5750 24.8069 1.5643e+05
81241.4650 14.6537 5.1661e+04
81269.4750 12.8129 7.8414e+04
81300.6850 11.8320 2.9448e+04
81327.9050 11.6496 4.1013e+04
81364.3150 12.7940 7.1528e+04
81462.1950 10.4275 6.7448e+04
81493.0650 17.3318 3.8389e+04
81509.3550 21.7168 9.5155e+04
81544.3650 11.3944 7.9708e+04
81561.8950 16.1304 8.0563e+04
81574.0650 15.8024 2.5346e+04
81581.9050 22.5689 8.8143e+04
81593.5650 17.4385 5.8923e+04
81619.4950 23.5852 1.1607e+05
81633.6650 10.1747 1.8478e+04
81660.0750 17.7452 8.1384e+04
81663.2850 14.0331 6.7849e+04
81724.5550 10.0001 5.2190e+04
81725.2750 10.1933 4.4986e+04
81734.5650 12.8516 1.8068e+04
81747.7250 18.8662 2.7312e+04
81764.1550 19.0059 8.6791e+04
81772.4750 18.9467 5.1835e+04
81781.1950 21.9830 7.7098e+04
81788.6550 11.6510 3.3012e+04
81818.3150 21.3237 9.6261e+04
81838.5750 18.3712 3.4505e+04
81866.4550 22.7002 1.2036e+05
81933.2450 20.0764 1.7996e+04
81956.5850 11.2813 3.2973e+04
81971.4150 20.7075 9.8291e+04
81997.7250 25.8658 1.5447e+05
82030.0550 18.6572 1.5202e+04
82077.6350 11.6385 8.4701e+04
82078.5850 17.4501 8.0596e+04
82127.2450 17.4845 2.0115e+04
82159.8550 23.0062 9.3946e+04
82177.0550 18.7741 8.3968e+04
82198.4750 12.8742 1.9533e+04
82217.6350 17.5182 4.9990e+04
82225.4050 16.3303 2.1371e+04
82244.2250 13.3291 3.7652e+04
82273.9050 21.2357 9.1544e+04
82324.9850 19.1603 1.8758e+04
82365.6450 10.3169 1.6722e+04
82376.9050 21.4650 8.2061e+04
82397.1450 10.3559 2.3480e+04
82398.1350 12.3850 2.3480e+04
82425.9950 18.4350 6.8126e+04
82429.3550 22.5056 6.5238e+04
82450.0350 18.6282 2.3900e+04
82458.6750 15.3746 1.8793e+04
82485.0050 22.3640 1.2467e+05
82530.3850 16.6825 1.3140e+05
82531.6850 13.4751 1.3140e+05
82532.3950 21.9960 9.0175e+04
82559.2650 15.6417 1.2267e+04
82568.0450 12.7031 3.1967e+04
82575.4850 17.5383 5.9415e+04
82594.1550 22.6231 1.3778e+05
82618.5750 13.6366 1.9244e+04
82630.2650 10.3269 1.2686e+05
82633.9550 24.2601 1.2686e+05
82639.6250 15.2281 2.0158e+04
82691.8750 23.9571 1.0515e+05
82738.2350 10.9536 3.0004e+04
82752.7051 18.1999 7.1474e+04
82775.2951 16.8687 2.3679e+04
82798.8251 22.2083 1.0570e+05
82824.3651 10.6082 2.3782e+04
82829.9451 10.6074 3.2651e+04
82856.3551 14.3449 2.6315e+04
82866.0651 21.7439 1.4166e+04
82916.7251 22.8753 1.3246e+05
82959.4851 13.8385 3.1616e+04
82982.0751 18.1545 1.4727e+04
82996.0151 12.5615 1.0776e+04
83041.2251 23.4530 1.0309e+05
83100.1551 19.9692 4.2620e+04
83118.9951 18.2237 2.4111e+04
83144.0451 12.7220 1.4210e+04
83169.6151 24.3060 1.5524e+05
83195.1751 19.6205 1.0862e+05
83215.7151 11.6654 1.7004e+04
83224.7551 21.2751 3.2787e+04
83235.2751 10.4996 1.6366e+04
83259.4751 10.2556 1.4568e+04
83266.0351 26.5351 1.4239e+05
83284.1551 22.5774 1.0320e+05
83345.5351 19.9835 9.8624e+04
83354.5351 19.6458 2.1476e+04
83384.6851 10.7502 2.2043e+04
83396.2051 22.5906 1.1863e+05
83470.6751 21.8754 7.0218e+04
83482.9851 13.9685 4.6829e+04
83492.5051 15.8268 1.5405e+04
83519.3251 18.6305 7.8847e+04
83587.6651 12.1095 3.6844e+04
83607.6351 18.7357 3.1776e+04
83651.0451 19.2912 7.8209e+04
83667.2351 12.4020 4.5167e+04
83697.2451 19.7906 1.8518e+04
83735.5151 21.0012 1.5304e+04
83788.4251 22.6977 1.0653e+05
83801.8551 11.1055 7.2774e+04
83803.7851 12.0988 6.5403e+04
83918.3951 13.1097 1.0531e+05
83930.7151 12.1373 7.8680e+04
84062.0451 23.5078 7.8274e+04
84073.7351 18.3222 8.3537e+04
84219.4651 11.8968 5.9785e+04
84268.7351 13.9797 4.3453e+04
84689.0752 11.7162 5.0711e+04
84801.5652 12.0784 3.6059e+04
84822.1652 10.1114 4.8507e+04
84923.5352 24.3895 3.1659e+05
85247.9952 21.3963 6.2011e+04
86290.4653 22.7628 1.0809e+05
86327.7853 14.1425 2.5815e+04
