    1   2023 04 24 00:15:42.016      942.016  0.3935 85.4193  27.8173  12.00  6.238 0.262  18  39  57  30 354.12
   4W     A004     P     944.1900    2.1738 7.70e+03 -0.0440   0.6250 180.7813
   4W     A004     S     946.3800    4.3638 7.70e+03  0.2009   0.7130 180.7813
   4W     A004     P     944.1900    2.1738 7.70e+03 -0.0440   0.6250 180.7813
   4W     A004     S     946.3800    4.3638 7.70e+03  0.2009   0.7130 180.7813
   4W     A004     P     944.1900    2.1738 7.70e+03 -0.0440   0.6250 180.7813
   4W     A004     S     946.3800    4.3638 7.70e+03  0.2009   0.7130 180.7813
   4W     A064     S     946.4600    4.4438 1.93e+04 -0.0087   0.6930 182.3042
   4W     A064     S     946.4600    4.4438 1.93e+04 -0.0087   0.6930 182.3042
   4W     A064     S     946.4600    4.4438 1.93e+04 -0.0087   0.6930 182.3042
   4W     A079     S     946.5600    4.5438 9.16e+03 -0.0467   0.7390 182.5908
   4W     A079     S     946.5600    4.5438 9.16e+03 -0.0467   0.7390 182.5908
   4W     A079     P     944.0300    2.0138 9.70e+03 -0.4259   0.7740 182.5908
   4W     A079     P     944.0300    2.0138 9.70e+03 -0.4259   0.7740 182.5908
   4W     A079     P     944.0300    2.0138 9.70e+03 -0.4259   0.7740 182.5908
   4W     A079     S     946.5600    4.5438 9.16e+03 -0.0467   0.7390 182.5908
   4W     A094     S     946.7100    4.6938 3.16e+04  0.0482   0.5870 182.7723
   4W     A094     S     946.7100    4.6938 3.16e+04  0.0482   0.5870 182.7723
   4W     A094     S     946.7100    4.6938 3.16e+04  0.0482   0.5870 182.7723
   4W     A100     P     944.6400    2.6238 1.63e+04  0.1501   0.7020 182.8707
   4W     A100     S     946.8000    4.7838 1.63e+04  0.1278   0.8690 182.8707
   4W     A100     P     944.6400    2.6238 1.63e+04  0.1501   0.7020 182.8707
   4W     A100     S     946.8000    4.7838 1.63e+04  0.1278   0.8690 182.8707
   4W     A100     P     944.6400    2.6238 1.63e+04  0.1501   0.7020 182.8707
   4W     A100     S     946.8000    4.7838 1.63e+04  0.1278   0.8690 182.8707
   4W      AX6     S     946.7500    4.7338 2.19e+04  0.0773   0.5860 183.1598
   4W      AX6     S     946.7500    4.7338 2.19e+04  0.0773   0.5860 183.1598
   4W      AX6     S     946.7500    4.7338 2.19e+04  0.0773   0.5860 183.1598
   4W     A132     S     946.9600    4.9438 4.24e+04  0.1966   0.5300 183.7918
   4W     A132     S     946.9600    4.9438 4.24e+04  0.1966   0.5300 183.7918
   4W     A132     S     946.9600    4.9438 4.24e+04  0.1966   0.5300 183.7918
   4W     A139     S     947.0800    5.0638 7.46e+03  0.2819   0.7360 184.0147
   4W     A139     P     944.5500    2.5338 7.46e+03 -0.0052   0.9370 184.0147
   4W     A139     S     947.0800    5.0638 7.46e+03  0.2819   0.7360 184.0147
   4W     A139     P     944.5500    2.5338 7.46e+03 -0.0052   0.9370 184.0147
   4W     A139     S     947.0800    5.0638 7.46e+03  0.2819   0.7360 184.0147
   4W     A139     P     944.5500    2.5338 7.46e+03 -0.0052   0.9370 184.0147
   4W     2D07     S     945.6000    3.5838 2.56e+04 -0.7821   0.5510 184.2170
   4W     2D07     S     945.6000    3.5838 2.56e+04 -0.7821   0.5510 184.2170
   4W     2D07     S     945.6000    3.5838 2.56e+04 -0.7821   0.5510 184.2170
   4W     A154     P     944.5600    2.5438 1.31e+04 -0.0327   0.6960 184.5242
   4W     A154     S     946.9600    4.9438 1.31e+04  0.0897   0.6540 184.5242
   4W     A154     S     946.9600    4.9438 1.31e+04  0.0897   0.6540 184.5242
   4W     A154     P     944.5600    2.5438 1.31e+04 -0.0327   0.6960 184.5242
   4W     A154     S     946.9600    4.9438 1.31e+04  0.0897   0.6540 184.5242
   4W     A154     P     944.5600    2.5438 1.31e+04 -0.0327   0.6960 184.5242
   4W     2D06     P     943.7500    1.7338 3.91e+04 -0.5130   0.8830 185.0190
   4W     2D06     P     943.7500    1.7338 3.91e+04 -0.5130   0.8830 185.0190
   4W     2D06     S     945.5900    3.5738 3.91e+04 -0.6450   0.9080 185.0190
   4W     2D06     S     945.5900    3.5738 3.91e+04 -0.6450   0.9080 185.0190
   4W     2D06     S     945.5900    3.5738 3.91e+04 -0.6450   0.9080 185.0190
   4W     2D06     P     943.7500    1.7338 3.91e+04 -0.5130   0.8830 185.0190
   4W      C15     S     946.7500    4.7338 9.16e+03  0.0052   0.6700 185.8667
   4W      C15     S     946.7500    4.7338 9.16e+03  0.0052   0.6700 185.8667
   4W      C15     S     946.7500    4.7338 9.16e+03  0.0052   0.6700 185.8667
   4W     2D14     S     945.4100    3.3938 1.40e+04 -1.1065   0.9400 186.6622
   4W     2D14     S     945.4100    3.3938 1.40e+04 -1.1065   0.9400 186.6622
   4W     2D14     S     945.4100    3.3938 1.40e+04 -1.1065   0.9400 186.6622
    2   2023 04 24 02:08:28.853     7708.853  0.3534 85.5081  27.5450  14.00  6.676 0.255 120 102 222 152 235.92
   4W     2D19     P    7712.1700    3.3175 4.18e+04  0.6281   0.9620 191.7284
   4W     2D19     S    7714.3700    5.5175 4.18e+04  0.4877   0.8510 191.7284
   4W     2D19     P    7712.1700    3.3175 4.18e+04  0.6281   0.9620 191.7284
   4W     2D19     S    7714.3700    5.5175 4.18e+04  0.4877   0.8510 191.7284
   4W     2D19     P    7712.1700    3.3175 4.18e+04  0.6281   0.9620 191.7284
   4W     2D19     S    7714.3700    5.5175 4.18e+04  0.4877   0.8510 191.7284
   4W     2D17     S    7713.9200    5.0675 3.56e+04  0.2233   0.6580 192.3711
   4W     2D17     S    7713.9200    5.0675 3.56e+04  0.2233   0.6580 192.3711
   4W     2D17     S    7713.9200    5.0675 3.56e+04  0.2233   0.6580 192.3711
   4W     2D22     S    7714.8000    5.9475 3.88e+04  0.9498   0.9400 192.6780
   4W     2D22     S    7714.8000    5.9475 3.88e+04  0.9498   0.9400 192.6780
   4W     2D22     S    7714.8000    5.9475 3.88e+04  0.9498   0.9400 192.6780
   4W     A100     P    7711.6700    2.8175 6.05e+04  0.0320   0.9770 198.3998
   4W     A100     S    7713.5700    4.7175 5.55e+04 -0.4976   0.8950 198.3998
   4W     A100     P    7711.6700    2.8175 6.05e+04  0.0320   0.9770 198.3998
   4W     A100     S    7713.5700    4.7175 5.55e+04 -0.4976   0.8950 198.3998
   4W     A100     P    7711.6700    2.8175 6.05e+04  0.0320   0.9770 198.3998
   4W     A100     S    7713.5700    4.7175 5.55e+04 -0.4976   0.8950 198.3998
   4W     A094     P    7711.6300    2.7775 5.34e+04 -0.0027   0.9800 198.5849
   4W     A094     S    7713.5500    4.6975 5.34e+04 -0.5072   0.8990 198.5849
   4W     A094     P    7711.6300    2.7775 5.34e+04 -0.0027   0.9800 198.5849
   4W     A094     S    7713.5500    4.6975 5.34e+04 -0.5072   0.8990 198.5849
   4W     A094     P    7711.6300    2.7775 5.34e+04 -0.0027   0.9800 198.5849
   4W     A094     S    7713.5500    4.6975 5.34e+04 -0.5072   0.8990 198.5849
   4W     A109     P    7711.6800    2.8275 1.91e+05  0.0407   0.9840 198.8896
   4W     A109     S    7713.6000    4.7475 7.60e+04 -0.4700   0.8200 198.8896
   4W     A109     P    7711.6800    2.8275 1.91e+05  0.0407   0.9840 198.8896
   4W     A109     S    7713.6000    4.7475 7.60e+04 -0.4700   0.8200 198.8896
   4W     A109     P    7711.6800    2.8275 1.91e+05  0.0407   0.9840 198.8896
   4W     A109     S    7713.6000    4.7475 7.60e+04 -0.4700   0.8200 198.8896
   4W      AX6     P    7711.6700    2.8175 6.61e+04  0.0317   0.9760 199.0365
   4W      AX6     S    7713.5700    4.7175 3.15e+04 -0.4981   0.6800 199.0365
   4W      AX6     P    7711.6700    2.8175 6.61e+04  0.0317   0.9760 199.0365
   4W      AX6     S    7713.5700    4.7175 3.15e+04 -0.4981   0.6800 199.0365
   4W      AX6     P    7711.6700    2.8175 6.61e+04  0.0317   0.9760 199.0365
   4W      AX6     S    7713.5700    4.7175 3.15e+04 -0.4981   0.6800 199.0365
   4W     A004     P    7711.4700    2.6175 3.67e+04  0.0878   0.6170 199.8958
   4W     A004     S    7713.1900    4.3375 3.67e+04 -0.3845   0.9250 199.8958
   4W     A004     P    7711.4700    2.6175 3.67e+04  0.0878   0.6170 199.8958
   4W     A004     S    7713.1900    4.3375 3.67e+04 -0.3845   0.9250 199.8958
   4W     A004     P    7711.4700    2.6175 3.67e+04  0.0878   0.6170 199.8958
   4W     A004     S    7713.1900    4.3375 3.67e+04 -0.3845   0.9250 199.8958
   4W     A084     P    7711.5100    2.6575 5.93e+04 -0.1018   0.8930 199.9652
   4W     A084     S    7713.3500    4.4975 5.93e+04 -0.6669   0.9150 199.9652
   4W     A084     P    7711.5100    2.6575 5.93e+04 -0.1018   0.8930 199.9652
   4W     A084     S    7713.3500    4.4975 5.93e+04 -0.6669   0.9150 199.9652
   4W     A084     P    7711.5100    2.6575 5.93e+04 -0.1018   0.8930 199.9652
   4W     A084     S    7713.3500    4.4975 5.93e+04 -0.6669   0.9150 199.9652
   4W     A074     P    7711.5200    2.6675 7.52e+04 -0.0628   0.9660 200.5003
   4W     A074     S    7713.3900    4.5375 7.52e+04 -0.5711   0.8880 200.5003
   4W     A074     P    7711.5200    2.6675 7.52e+04 -0.0628   0.9660 200.5003
   4W     A074     S    7713.3900    4.5375 7.52e+04 -0.5711   0.8880 200.5003
   4W     A074     P    7711.5200    2.6675 7.52e+04 -0.0628   0.9660 200.5003
   4W     A074     S    7713.3900    4.5375 7.52e+04 -0.5711   0.8880 200.5003
   4W     A079     P    7711.5100    2.6575 3.38e+04 -0.0941   0.9750 200.5079
   4W     A079     S    7713.4400    4.5875 3.38e+04 -0.5621   0.7840 200.5079
   4W     A079     P    7711.5100    2.6575 3.38e+04 -0.0941   0.9750 200.5079
   4W     A079     S    7713.4400    4.5875 3.38e+04 -0.5621   0.7840 200.5079
   4W     A079     P    7711.5100    2.6575 3.38e+04 -0.0941   0.9750 200.5079
   4W     A079     S    7713.4400    4.5875 3.38e+04 -0.5621   0.7840 200.5079
   4W     A069     P    7711.4700    2.6175 1.05e+05 -0.0776   0.9390 201.0331
   4W     A069     S    7713.3000    4.4475 1.05e+05 -0.5932   0.9630 201.0331
   4W     A069     P    7711.4700    2.6175 1.05e+05 -0.0776   0.9390 201.0331
   4W     A069     S    7713.3000    4.4475 1.05e+05 -0.5932   0.9630 201.0331
   4W     A069     P    7711.4700    2.6175 1.05e+05 -0.0776   0.9390 201.0331
   4W     A069     S    7713.3000    4.4475 1.05e+05 -0.5932   0.9630 201.0331
   4W     A132     P    7711.8000    2.9475 5.41e+04  0.1146   0.9740 201.5520
   4W     A132     S    7713.9700    5.1175 3.27e+04 -0.1889   0.6350 201.5520
   4W     A132     P    7711.8000    2.9475 5.41e+04  0.1146   0.9740 201.5520
   4W     A132     S    7713.9700    5.1175 3.27e+04 -0.1889   0.6350 201.5520
   4W     A132     P    7711.8000    2.9475 5.41e+04  0.1146   0.9740 201.5520
   4W     A132     S    7713.9700    5.1175 3.27e+04 -0.1889   0.6350 201.5520
   4W     A134     P    7711.8500    2.9975 3.55e+04  0.1528   0.9790 201.9922
   4W     A134     P    7711.8500    2.9975 3.55e+04  0.1528   0.9790 201.9922
   4W     A134     P    7711.8500    2.9975 3.55e+04  0.1528   0.9790 201.9922
   4W     A014     P    7711.5100    2.6575 9.98e+04  0.0901   0.5760 202.1388
   4W     A014     S    7713.0700    4.2175 9.98e+04 -0.5771   0.9140 202.1388
   4W     A014     S    7713.0700    4.2175 9.98e+04 -0.5771   0.9140 202.1388
   4W     A014     P    7711.5100    2.6575 9.98e+04  0.0901   0.5760 202.1388
   4W     A014     S    7713.0700    4.2175 9.98e+04 -0.5771   0.9140 202.1388
   4W     A014     P    7711.5100    2.6575 9.98e+04  0.0901   0.5760 202.1388
   4W     A139     P    7711.8700    3.0175 4.81e+04  0.1666   0.9290 202.4623
   4W     A139     P    7711.8700    3.0175 4.81e+04  0.1666   0.9290 202.4623
   4W     A139     P    7711.8700    3.0175 4.81e+04  0.1666   0.9290 202.4623
   4W     A144     P    7711.9100    3.0575 3.91e+04  0.1918   0.9470 203.0118
   4W     A144     P    7711.9100    3.0575 3.91e+04  0.1918   0.9470 203.0118
   4W     A144     P    7711.9100    3.0575 3.91e+04  0.1918   0.9470 203.0118
   4W     A049     S    7713.4100    4.5575 3.03e+04 -0.4008   0.5670 204.0873
   4W     A049     P    7711.3500    2.4975 3.03e+04 -0.1548   0.9060 204.0873
   4W     A049     S    7713.4100    4.5575 3.03e+04 -0.4008   0.5670 204.0873
   4W     A049     P    7711.3500    2.4975 3.03e+04 -0.1548   0.9060 204.0873
   4W     A049     P    7711.3500    2.4975 3.03e+04 -0.1548   0.9060 204.0873
   4W     A049     S    7713.4100    4.5575 3.03e+04 -0.4008   0.5670 204.0873
   4W     A149     P    7711.9600    3.1075 1.92e+04  0.2117   0.9660 204.1280
   4W     A149     P    7711.9600    3.1075 1.92e+04  0.2117   0.9660 204.1280
   4W     A149     P    7711.9600    3.1075 1.92e+04  0.2117   0.9660 204.1280
   4W     A149     S    7714.5200    5.6675 1.47e+04  0.2399   0.7300 204.1280
   4W     A149     S    7714.5200    5.6675 1.47e+04  0.2399   0.7300 204.1280
   4W     A149     S    7714.5200    5.6675 1.47e+04  0.2399   0.7300 204.1280
   4W     A154     S    7714.0400    5.1875 6.60e+04 -0.2258   0.5660 204.5920
   4W     A154     S    7714.0400    5.1875 6.60e+04 -0.2258   0.5660 204.5920
   4W     A154     P    7711.9400    3.0875 6.60e+04  0.1991   0.9740 204.5920
   4W     A154     S    7714.0400    5.1875 6.60e+04 -0.2258   0.5660 204.5920
   4W     A154     P    7711.9400    3.0875 6.60e+04  0.1991   0.9740 204.5920
   4W     A154     P    7711.9400    3.0875 6.60e+04  0.1991   0.9740 204.5920
   4W     A159     P    7712.0000    3.1475 6.85e+04  0.2496   0.9680 205.1904
   4W     A159     P    7712.0000    3.1475 6.85e+04  0.2496   0.9680 205.1904
   4W     A159     P    7712.0000    3.1475 6.85e+04  0.2496   0.9680 205.1904
   4W     A159     S    7714.4600    5.6075 4.59e+04  0.1758   0.6290 205.1904
   4W     A159     S    7714.4600    5.6075 4.59e+04  0.1758   0.6290 205.1904
   4W     A159     S    7714.4600    5.6075 4.59e+04  0.1758   0.6290 205.1904
   4W     A164     S    7714.3000    5.4475 1.54e+05  0.0010   0.5870 206.2930
   4W     A164     S    7714.3000    5.4475 1.54e+05  0.0010   0.5870 206.2930
   4W     A164     P    7712.0300    3.1775 1.54e+05  0.2719   0.9680 206.2930
   4W     A164     S    7714.3000    5.4475 1.54e+05  0.0010   0.5870 206.2930
   4W     A164     P    7712.0300    3.1775 1.54e+05  0.2719   0.9680 206.2930
   4W     A164     P    7712.0300    3.1775 1.54e+05  0.2719   0.9680 206.2930
   4W     A169     P    7712.0400    3.1875 3.01e+04  0.2786   0.9720 208.5885
   4W     A169     P    7712.0400    3.1875 3.01e+04  0.2786   0.9720 208.5885
   4W     A169     P    7712.0400    3.1875 3.01e+04  0.2786   0.9720 208.5885
   4W      AX4     P    7711.9900    3.1375 4.31e+04  0.2472   0.9590 210.3993
   4W      AX4     S    7714.1600    5.3075 2.37e+04 -0.1095   0.6930 210.3993
   4W      AX4     P    7711.9900    3.1375 4.31e+04  0.2472   0.9590 210.3993
   4W      AX4     S    7714.1600    5.3075 2.37e+04 -0.1095   0.6930 210.3993
   4W      AX4     P    7711.9900    3.1375 4.31e+04  0.2472   0.9590 210.3993
   4W      AX4     S    7714.1600    5.3075 2.37e+04 -0.1095   0.6930 210.3993
   4W     A174     P    7712.0400    3.1875 2.15e+04  0.2827   0.9720 210.7003
   4W     A174     S    7714.3600    5.5075 1.91e+04  0.0626   0.7620 210.7003
   4W     A174     P    7712.0400    3.1875 2.15e+04  0.2827   0.9720 210.7003
   4W     A174     S    7714.3600    5.5075 1.91e+04  0.0626   0.7620 210.7003
   4W     A174     P    7712.0400    3.1875 2.15e+04  0.2827   0.9720 210.7003
   4W     A174     S    7714.3600    5.5075 1.91e+04  0.0626   0.7620 210.7003
   4W     A179     P    7712.1100    3.2575 4.07e+04  0.3593   0.9540 211.2651
   4W     A179     S    7714.4800    5.6275 2.98e+04  0.1954   0.6390 211.2651
   4W     A179     P    7712.1100    3.2575 4.07e+04  0.3593   0.9540 211.2651
   4W     A179     S    7714.4800    5.6275 2.98e+04  0.1954   0.6390 211.2651
   4W     A179     P    7712.1100    3.2575 4.07e+04  0.3593   0.9540 211.2651
   4W     A179     S    7714.4800    5.6275 2.98e+04  0.1954   0.6390 211.2651
   4W      C05     P    7712.0400    3.1875 6.45e+04  0.3094   0.8750 212.2016
   4W      C05     P    7712.0400    3.1875 6.45e+04  0.3094   0.8750 212.2016
   4W      C05     P    7712.0400    3.1875 6.45e+04  0.3094   0.8750 212.2016
   4W      C10     P    7711.9500    3.0975 2.57e+04  0.2516   0.9410 213.3732
   4W      C10     P    7711.9500    3.0975 2.57e+04  0.2516   0.9410 213.3732
   4W      C10     P    7711.9500    3.0975 2.57e+04  0.2516   0.9410 213.3732
   4W      C15     P    7711.9500    3.0975 2.03e+04  0.2743   0.9730 214.6820
   4W      C15     S    7714.0300    5.1775 2.03e+04 -0.1102   0.7350 214.6820
   4W      C15     P    7711.9500    3.0975 2.03e+04  0.2743   0.9730 214.6820
   4W      C15     S    7714.0300    5.1775 2.03e+04 -0.1102   0.7350 214.6820
   4W      C15     P    7711.9500    3.0975 2.03e+04  0.2743   0.9730 214.6820
   4W      C15     S    7714.0300    5.1775 2.03e+04 -0.1102   0.7350 214.6820
   4W     2D09     P    7711.5800    2.7275 2.40e+04 -0.0118   0.9700 215.6273
   4W     2D09     P    7711.5800    2.7275 2.40e+04 -0.0118   0.9700 215.6273
   4W     2D09     P    7711.5800    2.7275 2.40e+04 -0.0118   0.9700 215.6273
   4W      C21     S    7714.1600    5.3075 4.34e+04  0.0542   0.6720 216.2586
   4W      C21     S    7714.1600    5.3075 4.34e+04  0.0542   0.6720 216.2586
   4W      C21     P    7711.9400    3.0875 4.73e+04  0.2821   0.9740 216.2586
   4W      C21     P    7711.9400    3.0875 4.73e+04  0.2821   0.9740 216.2586
   4W      C21     P    7711.9400    3.0875 4.73e+04  0.2821   0.9740 216.2586
   4W      C21     S    7714.1600    5.3075 4.34e+04  0.0542   0.6720 216.2586
   4W     2D06     S    7712.8700    4.0175 1.05e+05 -0.7605   0.7870 220.4670
   4W     2D06     P    7711.2600    2.4075 1.05e+05 -0.1512   0.9660 220.4670
   4W     2D06     P    7711.2600    2.4075 1.05e+05 -0.1512   0.9660 220.4670
   4W     2D06     S    7712.8700    4.0175 1.05e+05 -0.7605   0.7870 220.4670
   4W     2D06     S    7712.8700    4.0175 1.05e+05 -0.7605   0.7870 220.4670
   4W     2D06     P    7711.2600    2.4075 1.05e+05 -0.1512   0.9660 220.4670
   4W     2D07     S    7713.0000    4.1475 5.91e+04 -0.7775   0.6510 220.7707
   4W     2D07     S    7713.0000    4.1475 5.91e+04 -0.7775   0.6510 220.7707
   4W     2D07     S    7713.0000    4.1475 5.91e+04 -0.7775   0.6510 220.7707
   4W     2D07     P    7711.2100    2.3575 7.21e+04 -0.2776   0.9810 220.7707
   4W     2D07     P    7711.2100    2.3575 7.21e+04 -0.2776   0.9810 220.7707
   4W     2D07     P    7711.2100    2.3575 7.21e+04 -0.2776   0.9810 220.7707
   4W     2D05     P    7711.0300    2.1775 1.41e+05 -0.3271   0.5010 220.9179
   4W     2D05     P    7711.0300    2.1775 1.41e+05 -0.3271   0.5010 220.9179
   4W     2D05     P    7711.0300    2.1775 1.41e+05 -0.3271   0.5010 220.9179
   4W      C56     P    7711.8900    3.0375 6.66e+04  0.3078   0.9650 222.5794
   4W      C56     S    7713.9600    5.1075 6.21e+04  0.0000   0.8260 222.5794
   4W      C56     P    7711.8900    3.0375 6.66e+04  0.3078   0.9650 222.5794
   4W      C56     S    7713.9600    5.1075 6.21e+04  0.0000   0.8260 222.5794
   4W      C56     P    7711.8900    3.0375 6.66e+04  0.3078   0.9650 222.5794
   4W      C56     S    7713.9600    5.1075 6.21e+04  0.0000   0.8260 222.5794
   4W      C69     P    7711.8200    2.9675 6.09e+04  0.2729   0.9660 226.8574
   4W      C69     S    7713.9600    5.1075 3.59e+04  0.0678   0.8230 226.8574
   4W      C69     P    7711.8200    2.9675 6.09e+04  0.2729   0.9660 226.8574
   4W      C69     S    7713.9600    5.1075 3.59e+04  0.0678   0.8230 226.8574
   4W      C69     P    7711.8200    2.9675 6.09e+04  0.2729   0.9660 226.8574
   4W      C69     S    7713.9600    5.1075 3.59e+04  0.0678   0.8230 226.8574
   4W     2D03     P    7711.4300    2.5775 1.64e+05 -0.0380   0.8180 230.3434
   4W     2D03     S    7713.2800    4.4275 1.64e+05 -0.4598   0.6580 230.3434
   4W     2D03     P    7711.4300    2.5775 1.64e+05 -0.0380   0.8180 230.3434
   4W     2D03     S    7713.2800    4.4275 1.64e+05 -0.4598   0.6580 230.3434
   4W     2D03     P    7711.4300    2.5775 1.64e+05 -0.0380   0.8180 230.3434
   4W     2D03     S    7713.2800    4.4275 1.64e+05 -0.4598   0.6580 230.3434
   4W     2D12     P    7711.6500    2.7975 3.08e+04  0.2979   0.9500 252.3835
   4W     2D12     S    7713.6900    4.8375 3.08e+04  0.1736   0.7970 252.3835
   4W     2D12     P    7711.6500    2.7975 3.08e+04  0.2979   0.9500 252.3835
   4W     2D12     S    7713.6900    4.8375 3.08e+04  0.1736   0.7970 252.3835
   4W     2D12     P    7711.6500    2.7975 3.08e+04  0.2979   0.9500 252.3835
   4W     2D12     S    7713.6900    4.8375 3.08e+04  0.1736   0.7970 252.3835
   4W     2D04     P    7711.3100    2.4575 4.47e+04 -0.1784   0.7320 253.3475
   4W     2D04     S    7713.0900    4.2375 4.47e+04 -0.6892   0.8370 253.3475
   4W     2D04     P    7711.3100    2.4575 4.47e+04 -0.1784   0.7320 253.3475
   4W     2D04     S    7713.0900    4.2375 4.47e+04 -0.6892   0.8370 253.3475
   4W     2D04     P    7711.3100    2.4575 4.47e+04 -0.1784   0.7320 253.3475
   4W     2D04     S    7713.0900    4.2375 4.47e+04 -0.6892   0.8370 253.3475
   4W     2D08     S    7713.3700    4.5175 3.09e+04 -0.6651   0.5150 269.6811
   4W     2D08     P    7711.4300    2.5775 5.95e+04 -0.1912   0.8650 269.6811
   4W     2D08     S    7713.3700    4.5175 3.09e+04 -0.6651   0.5150 269.6811
   4W     2D08     P    7711.4300    2.5775 5.95e+04 -0.1912   0.8650 269.6811
   4W     2D08     S    7713.3700    4.5175 3.09e+04 -0.6651   0.5150 269.6811
   4W     2D08     P    7711.4300    2.5775 5.95e+04 -0.1912   0.8650 269.6811
   4W     2D15     P    7711.5500    2.6975 7.76e+04  0.1582   0.8940 312.9879
   4W     2D15     S    7713.3900    4.5375 5.41e+04 -0.2030   0.7590 312.9879
   4W     2D15     P    7711.5500    2.6975 7.76e+04  0.1582   0.8940 312.9879
   4W     2D15     S    7713.3900    4.5375 5.41e+04 -0.2030   0.7590 312.9879
   4W     2D15     P    7711.5500    2.6975 7.76e+04  0.1582   0.8940 312.9879
   4W     2D15     S    7713.3900    4.5375 5.41e+04 -0.2030   0.7590 312.9879
   4W     2D14     P    7711.4300    2.5775 2.24e+04 -0.1273   0.8850 315.8090
   4W     2D14     S    7713.3700    4.5175 2.24e+04 -0.5420   0.8710 315.8090
   4W     2D14     P    7711.4300    2.5775 2.24e+04 -0.1273   0.8850 315.8090
   4W     2D14     S    7713.3700    4.5175 2.24e+04 -0.5420   0.8710 315.8090
   4W     2D14     P    7711.4300    2.5775 2.24e+04 -0.1273   0.8850 315.8090
   4W     2D14     S    7713.3700    4.5175 2.24e+04 -0.5420   0.8710 315.8090
    3   2023 04 24 02:08:51.953     7731.953  0.3961 85.5238  27.7285  14.00  6.564 0.274  96  78 174 123 217.98
   4W     2D20     P    7734.0700    2.1172 6.20e+04 -0.6064   0.7730 184.4439
   4W     2D20     P    7734.0700    2.1172 6.20e+04 -0.6064   0.7730 184.4439
   4W     2D20     P    7734.0700    2.1172 6.20e+04 -0.6064   0.7730 184.4439
   4W     2D19     P    7735.2800    3.3272 3.27e+04  0.6378   0.9330 187.0956
   4W     2D19     S    7737.4800    5.5272 3.27e+04  0.4975   0.7320 187.0956
   4W     2D19     S    7737.4800    5.5272 3.27e+04  0.4975   0.7320 187.0956
   4W     2D19     P    7735.2800    3.3272 3.27e+04  0.6378   0.9330 187.0956
   4W     2D19     S    7737.4800    5.5272 3.27e+04  0.4975   0.7320 187.0956
   4W     2D19     P    7735.2800    3.3272 3.27e+04  0.6378   0.9330 187.0956
   4W     2D22     S    7737.8900    5.9372 2.91e+04  0.9396   0.9300 188.2984
   4W     2D22     S    7737.8900    5.9372 2.91e+04  0.9396   0.9300 188.2984
   4W     2D22     S    7737.8900    5.9372 2.91e+04  0.9396   0.9300 188.2984
   4W     A004     P    7734.5500    2.5972 3.38e+04  0.0675   0.6550 190.4001
   4W     A004     S    7736.3100    4.3572 3.38e+04 -0.3648   0.8950 190.4001
   4W     A004     P    7734.5500    2.5972 3.38e+04  0.0675   0.6550 190.4001
   4W     A004     S    7736.3100    4.3572 3.38e+04 -0.3648   0.8950 190.4001
   4W     A004     P    7734.5500    2.5972 3.38e+04  0.0675   0.6550 190.4001
   4W     A004     S    7736.3100    4.3572 3.38e+04 -0.3648   0.8950 190.4001
   4W     A100     P    7734.7800    2.8272 4.44e+04  0.0417   0.9710 191.8469
   4W     A100     S    7736.6800    4.7272 4.39e+04 -0.4878   0.9130 191.8469
   4W     A100     P    7734.7800    2.8272 4.44e+04  0.0417   0.9710 191.8469
   4W     A100     S    7736.6800    4.7272 4.39e+04 -0.4878   0.9130 191.8469
   4W     A100     P    7734.7800    2.8272 4.44e+04  0.0417   0.9710 191.8469
   4W     A100     S    7736.6800    4.7272 4.39e+04 -0.4878   0.9130 191.8469
   4W     A094     P    7734.7500    2.7972 1.13e+05  0.0171   0.9730 191.8860
   4W     A094     S    7736.6500    4.6972 1.13e+05 -0.5074   0.8890 191.8860
   4W     A094     P    7734.7500    2.7972 1.13e+05  0.0171   0.9730 191.8860
   4W     A094     S    7736.6500    4.6972 1.13e+05 -0.5074   0.8890 191.8860
   4W     A094     P    7734.7500    2.7972 1.13e+05  0.0171   0.9730 191.8860
   4W     A094     S    7736.6500    4.6972 1.13e+05 -0.5074   0.8890 191.8860
   4W     A089     P    7734.7200    2.7672 1.04e+05  0.0020   0.6830 192.2866
   4W     A089     S    7736.6200    4.6672 1.04e+05 -0.5087   0.5070 192.2866
   4W     A089     P    7734.7200    2.7672 1.04e+05  0.0020   0.6830 192.2866
   4W     A089     S    7736.6200    4.6672 1.04e+05 -0.5087   0.5070 192.2866
   4W     A089     P    7734.7200    2.7672 1.04e+05  0.0020   0.6830 192.2866
   4W     A089     S    7736.6200    4.6672 1.04e+05 -0.5087   0.5070 192.2866
   4W     A109     P    7734.7900    2.8372 1.18e+05  0.0505   0.9610 192.4207
   4W     A109     S    7736.7300    4.7772 7.51e+04 -0.4402   0.8100 192.4207
   4W     A109     P    7734.7900    2.8372 1.18e+05  0.0505   0.9610 192.4207
   4W     A109     S    7736.7300    4.7772 7.51e+04 -0.4402   0.8100 192.4207
   4W     A109     P    7734.7900    2.8372 1.18e+05  0.0505   0.9610 192.4207
   4W     A109     S    7736.7300    4.7772 7.51e+04 -0.4402   0.8100 192.4207
   4W     A014     P    7735.2300    3.2772 1.07e+05  0.7099   0.5130 192.5394
   4W     A014     S    7735.9200    3.9672 1.07e+05 -0.8274   0.7650 192.5394
   4W     A014     P    7735.2300    3.2772 1.07e+05  0.7099   0.5130 192.5394
   4W     A014     S    7735.9200    3.9672 1.07e+05 -0.8274   0.7650 192.5394
   4W     A014     P    7735.2300    3.2772 1.07e+05  0.7099   0.5130 192.5394
   4W     A014     S    7735.9200    3.9672 1.07e+05 -0.8274   0.7650 192.5394
   4W      AX6     P    7734.7900    2.8372 5.29e+04  0.0515   0.9780 192.5930
   4W      AX6     S    7736.8400    4.8872 2.56e+04 -0.3283   0.5620 192.5930
   4W      AX6     P    7734.7900    2.8372 5.29e+04  0.0515   0.9780 192.5930
   4W      AX6     S    7736.8400    4.8872 2.56e+04 -0.3283   0.5620 192.5930
   4W      AX6     P    7734.7900    2.8372 5.29e+04  0.0515   0.9780 192.5930
   4W      AX6     S    7736.8400    4.8872 2.56e+04 -0.3283   0.5620 192.5930
   4W     A084     P    7734.5500    2.5972 5.22e+04 -0.1620   0.6240 192.8138
   4W     A084     S    7736.4600    4.5072 7.93e+04 -0.6571   0.9080 192.8138
   4W     A084     P    7734.5500    2.5972 5.22e+04 -0.1620   0.6240 192.8138
   4W     A084     S    7736.4600    4.5072 7.93e+04 -0.6571   0.9080 192.8138
   4W     A084     P    7734.5500    2.5972 5.22e+04 -0.1620   0.6240 192.8138
   4W     A084     S    7736.4600    4.5072 7.93e+04 -0.6571   0.9080 192.8138
   4W     A074     P    7734.6400    2.6872 5.83e+04 -0.0430   0.9720 193.0261
   4W     A074     S    7736.5100    4.5572 5.83e+04 -0.5514   0.8460 193.0261
   4W     A074     P    7734.6400    2.6872 5.83e+04 -0.0430   0.9720 193.0261
   4W     A074     S    7736.5100    4.5572 5.83e+04 -0.5514   0.8460 193.0261
   4W     A074     P    7734.6400    2.6872 5.83e+04 -0.0430   0.9720 193.0261
   4W     A074     S    7736.5100    4.5572 5.83e+04 -0.5514   0.8460 193.0261
   4W     A079     P    7734.6300    2.6772 2.27e+04 -0.0743   0.8820 193.1529
   4W     A079     S    7736.6000    4.6472 2.27e+04 -0.5024   0.6540 193.1529
   4W     A079     P    7734.6300    2.6772 2.27e+04 -0.0743   0.8820 193.1529
   4W     A079     S    7736.6000    4.6472 2.27e+04 -0.5024   0.6540 193.1529
   4W     A079     P    7734.6300    2.6772 2.27e+04 -0.0743   0.8820 193.1529
   4W     A079     S    7736.6000    4.6472 2.27e+04 -0.5024   0.6540 193.1529
   4W     A069     P    7734.5900    2.6372 7.00e+04 -0.0578   0.8460 193.3523
   4W     A069     S    7736.4300    4.4772 7.00e+04 -0.5634   0.9490 193.3523
   4W     A069     P    7734.5900    2.6372 7.00e+04 -0.0578   0.8460 193.3523
   4W     A069     S    7736.4300    4.4772 7.00e+04 -0.5634   0.9490 193.3523
   4W     A069     P    7734.5900    2.6372 7.00e+04 -0.0578   0.8460 193.3523
   4W     A069     S    7736.4300    4.4772 7.00e+04 -0.5634   0.9490 193.3523
   4W     A132     P    7734.9100    2.9572 3.92e+04  0.1243   0.6920 195.1557
   4W     A132     P    7734.9100    2.9572 3.92e+04  0.1243   0.6920 195.1557
   4W     A132     P    7734.9100    2.9572 3.92e+04  0.1243   0.6920 195.1557
   4W     A134     P    7734.9600    3.0072 2.24e+04  0.1626   0.9670 195.5932
   4W     A134     P    7734.9600    3.0072 2.24e+04  0.1626   0.9670 195.5932
   4W     A134     P    7734.9600    3.0072 2.24e+04  0.1626   0.9670 195.5932
   4W     A134     S    7737.0700    5.1172 1.90e+04 -0.2118   0.6030 195.5932
   4W     A134     S    7737.0700    5.1172 1.90e+04 -0.2118   0.6030 195.5932
   4W     A134     S    7737.0700    5.1172 1.90e+04 -0.2118   0.6030 195.5932
   4W     A144     P    7735.0200    3.0672 3.36e+04  0.2016   0.9430 196.7252
   4W     A144     P    7735.0200    3.0672 3.36e+04  0.2016   0.9430 196.7252
   4W     A144     P    7735.0200    3.0672 3.36e+04  0.2016   0.9430 196.7252
   4W     A149     P    7735.0600    3.1072 1.67e+04  0.2114   0.9360 197.8990
   4W     A149     S    7737.4900    5.5372 1.67e+04  0.1096   0.5390 197.8990
   4W     A149     P    7735.0600    3.1072 1.67e+04  0.2114   0.9360 197.8990
   4W     A149     S    7737.4900    5.5372 1.67e+04  0.1096   0.5390 197.8990
   4W     A149     P    7735.0600    3.1072 1.67e+04  0.2114   0.9360 197.8990
   4W     A149     S    7737.4900    5.5372 1.67e+04  0.1096   0.5390 197.8990
   4W     A159     P    7735.1300    3.1772 4.65e+04  0.2793   0.9640 199.1320
   4W     A159     S    7737.5000    5.5472 3.17e+04  0.1156   0.5170 199.1320
   4W     A159     P    7735.1300    3.1772 4.65e+04  0.2793   0.9640 199.1320
   4W     A159     S    7737.5000    5.5472 3.17e+04  0.1156   0.5170 199.1320
   4W     A159     P    7735.1300    3.1772 4.65e+04  0.2793   0.9640 199.1320
   4W     A159     S    7737.5000    5.5472 3.17e+04  0.1156   0.5170 199.1320
   4W     A169     P    7735.1500    3.1972 1.85e+04  0.2883   0.9800 202.9456
   4W     A169     S    7737.3400    5.3872 1.85e+04 -0.0656   0.5010 202.9456
   4W     A169     P    7735.1500    3.1972 1.85e+04  0.2883   0.9800 202.9456
   4W     A169     S    7737.3400    5.3872 1.85e+04 -0.0656   0.5010 202.9456
   4W     A169     P    7735.1500    3.1972 1.85e+04  0.2883   0.9800 202.9456
   4W     A169     S    7737.3400    5.3872 1.85e+04 -0.0656   0.5010 202.9456
   4W      AX4     P    7735.1100    3.1572 4.31e+04  0.2669   0.9030 205.0368
   4W      AX4     S    7737.3500    5.3972 2.29e+04 -0.0197   0.6360 205.0368
   4W      AX4     P    7735.1100    3.1572 4.31e+04  0.2669   0.9030 205.0368
   4W      AX4     S    7737.3500    5.3972 2.29e+04 -0.0197   0.6360 205.0368
   4W      AX4     P    7735.1100    3.1572 4.31e+04  0.2669   0.9030 205.0368
   4W      AX4     S    7737.3500    5.3972 2.29e+04 -0.0197   0.6360 205.0368
   4W     A174     P    7735.1500    3.1972 2.12e+04  0.2924   0.9190 205.4766
   4W     A174     P    7735.1500    3.1972 2.12e+04  0.2924   0.9190 205.4766
   4W     A174     P    7735.1500    3.1972 2.12e+04  0.2924   0.9190 205.4766
   4W      C05     P    7735.1600    3.2072 4.42e+04  0.3292   0.6610 207.3335
   4W      C05     P    7735.1600    3.2072 4.42e+04  0.3292   0.6610 207.3335
   4W      C05     P    7735.1600    3.2072 4.42e+04  0.3292   0.6610 207.3335
   4W      C10     P    7735.0700    3.1172 1.92e+04  0.2713   0.9130 208.8157
   4W      C10     P    7735.0700    3.1172 1.92e+04  0.2713   0.9130 208.8157
   4W      C10     P    7735.0700    3.1172 1.92e+04  0.2713   0.9130 208.8157
   4W      C15     P    7735.0700    3.1172 1.81e+04  0.2940   0.9650 210.5478
   4W      C15     P    7735.0700    3.1172 1.81e+04  0.2940   0.9650 210.5478
   4W      C15     S    7737.2900    5.3372 1.81e+04  0.0495   0.5630 210.5478
   4W      C15     S    7737.2900    5.3372 1.81e+04  0.0495   0.5630 210.5478
   4W      C15     P    7735.0700    3.1172 1.81e+04  0.2940   0.9650 210.5478
   4W      C15     S    7737.2900    5.3372 1.81e+04  0.0495   0.5630 210.5478
   4W     2D09     P    7734.6900    2.7372 1.80e+04 -0.0020   0.9760 211.4489
   4W     2D09     P    7734.6900    2.7372 1.80e+04 -0.0020   0.9760 211.4489
   4W     2D09     P    7734.6900    2.7372 1.80e+04 -0.0020   0.9760 211.4489
   4W      C21     P    7735.0500    3.0972 3.52e+04  0.2919   0.9660 212.7226
   4W      C21     S    7737.3200    5.3672 2.41e+04  0.1139   0.6200 212.7226
   4W      C21     P    7735.0500    3.0972 3.52e+04  0.2919   0.9660 212.7226
   4W      C21     S    7737.3200    5.3672 2.41e+04  0.1139   0.6200 212.7226
   4W      C21     P    7735.0500    3.0972 3.52e+04  0.2919   0.9660 212.7226
   4W      C21     S    7737.3200    5.3672 2.41e+04  0.1139   0.6200 212.7226
   4W     2D06     P    7734.3800    2.4272 8.25e+04 -0.1315   0.7440 218.8030
   4W     2D06     S    7735.9500    3.9972 8.25e+04 -0.7807   0.6860 218.8030
   4W     2D06     P    7734.3800    2.4272 8.25e+04 -0.1315   0.7440 218.8030
   4W     2D06     S    7735.9500    3.9972 8.25e+04 -0.7807   0.6860 218.8030
   4W     2D06     P    7734.3800    2.4272 8.25e+04 -0.1315   0.7440 218.8030
   4W     2D06     S    7735.9500    3.9972 8.25e+04 -0.7807   0.6860 218.8030
   4W     2D07     P    7734.3100    2.3572 4.80e+04 -0.2778   0.9620 219.1671
   4W     2D07     S    7735.9900    4.0372 3.90e+04 -0.8878   0.5960 219.1671
   4W     2D07     P    7734.3100    2.3572 4.80e+04 -0.2778   0.9620 219.1671
   4W     2D07     S    7735.9900    4.0372 3.90e+04 -0.8878   0.5960 219.1671
   4W     2D07     P    7734.3100    2.3572 4.80e+04 -0.2778   0.9620 219.1671
   4W     2D07     S    7735.9900    4.0372 3.90e+04 -0.8878   0.5960 219.1671
   4W      C56     P    7735.0200    3.0672 6.63e+04  0.3375   0.8680 222.4751
   4W      C56     S    7737.1100    5.1572 6.63e+04  0.0498   0.7800 222.4751
   4W      C56     P    7735.0200    3.0672 6.63e+04  0.3375   0.8680 222.4751
   4W      C56     S    7737.1100    5.1572 6.63e+04  0.0498   0.7800 222.4751
   4W      C56     P    7735.0200    3.0672 6.63e+04  0.3375   0.8680 222.4751
   4W      C56     S    7737.1100    5.1572 6.63e+04  0.0498   0.7800 222.4751
   4W     2D03     P    7734.5500    2.5972 1.20e+05 -0.0182   0.8090 248.2497
   4W     2D03     S    7736.3500    4.3972 1.20e+05 -0.4900   0.7640 248.2497
   4W     2D03     P    7734.5500    2.5972 1.20e+05 -0.0182   0.8090 248.2497
   4W     2D03     S    7736.3500    4.3972 1.20e+05 -0.4900   0.7640 248.2497
   4W     2D03     P    7734.5500    2.5972 1.20e+05 -0.0182   0.8090 248.2497
   4W     2D03     S    7736.3500    4.3972 1.20e+05 -0.4900   0.7640 248.2497
   4W     2D04     P    7734.4300    2.4772 3.32e+04 -0.1586   0.8020 304.8035
   4W     2D04     S    7736.2100    4.2572 3.32e+04 -0.6694   0.8590 304.8035
   4W     2D04     P    7734.4300    2.4772 3.32e+04 -0.1586   0.8020 304.8035
   4W     2D04     S    7736.2100    4.2572 3.32e+04 -0.6694   0.8590 304.8035
   4W     2D04     P    7734.4300    2.4772 3.32e+04 -0.1586   0.8020 304.8035
   4W     2D04     S    7736.2100    4.2572 3.32e+04 -0.6694   0.8590 304.8035
   4W     2D12     S    7736.7600    4.8072 2.22e+04  0.1433   0.8320 326.4601
   4W     2D12     P    7734.7900    2.8372 2.22e+04  0.3377   0.9340 326.4601
   4W     2D12     S    7736.7600    4.8072 2.22e+04  0.1433   0.8320 326.4601
   4W     2D12     P    7734.7900    2.8372 2.22e+04  0.3377   0.9340 326.4601
   4W     2D12     S    7736.7600    4.8072 2.22e+04  0.1433   0.8320 326.4601
   4W     2D12     P    7734.7900    2.8372 2.22e+04  0.3377   0.9340 326.4601
    4   2023 04 24 02:45:44.486     9944.486  0.3489 85.7217  27.9613  12.00  6.682 0.256  42  75 117  64 350.88
   4W     A134     P    9946.9500    2.4639 3.93e+04 -0.0689   0.8840   0.0132
   4W     A134     S    9949.1800    4.6939 3.93e+04 -0.0759   0.9370   0.0132
   4W     A134     P    9946.9500    2.4639 3.93e+04 -0.0689   0.8840   0.0132
   4W     A134     S    9949.1800    4.6939 3.93e+04 -0.0759   0.9370   0.0132
   4W     A134     P    9946.9500    2.4639 3.93e+04 -0.0689   0.8840   0.0132
   4W     A134     S    9949.1800    4.6939 3.93e+04 -0.0759   0.9370   0.0132
   4W     A132     S    9949.0500    4.5639 6.86e+04 -0.1832   0.9190   0.0686
   4W     A132     S    9949.0500    4.5639 6.86e+04 -0.1832   0.9190   0.0686
   4W     A132     S    9949.0500    4.5639 6.86e+04 -0.1832   0.9190   0.0686
   4W     2D07     S    9949.2700    4.7839 2.95e+04  0.4179   0.6470   0.7079
   4W     2D07     S    9949.2700    4.7839 2.95e+04  0.4179   0.6470   0.7079
   4W     2D07     S    9949.2700    4.7839 2.95e+04  0.4179   0.6470   0.7079
   4W     A100     S    9948.7400    4.2539 3.80e+04 -0.4019   0.8640   1.0892
   4W     A100     S    9948.7400    4.2539 3.80e+04 -0.4019   0.8640   1.0892
   4W     A100     S    9948.7400    4.2539 3.80e+04 -0.4019   0.8640   1.0892
   4W     A084     S    9948.7700    4.2839 2.10e+04 -0.3213   0.9250   1.4570
   4W     A084     S    9948.7700    4.2839 2.10e+04 -0.3213   0.9250   1.4570
   4W     A084     S    9948.7700    4.2839 2.10e+04 -0.3213   0.9250   1.4570
   4W     A069     S    9948.8700    4.3839 8.68e+04 -0.0976   0.8980   1.8028
   4W     A069     P    9946.8300    2.3439 8.68e+04 -0.0392   0.8140   1.8028
   4W     A069     S    9948.8700    4.3839 8.68e+04 -0.0976   0.8980   1.8028
   4W     A069     P    9946.8300    2.3439 8.68e+04 -0.0392   0.8140   1.8028
   4W     A069     S    9948.8700    4.3839 8.68e+04 -0.0976   0.8980   1.8028
   4W     A069     P    9946.8300    2.3439 8.68e+04 -0.0392   0.8140   1.8028
   4W     A059     S    9948.8600    4.3739 8.88e+04 -0.0492   0.6760   1.9967
   4W     A059     S    9948.8600    4.3739 8.88e+04 -0.0492   0.6760   1.9967
   4W     A059     S    9948.8600    4.3739 8.88e+04 -0.0492   0.6760   1.9967
   4W     A049     S    9949.0900    4.6039 3.83e+04  0.2048   0.8730   2.1358
   4W     A049     S    9949.0900    4.6039 3.83e+04  0.2048   0.8730   2.1358
   4W     A049     P    9947.0200    2.5339 3.83e+04  0.1935   0.8310   2.1358
   4W     A049     S    9949.0900    4.6039 3.83e+04  0.2048   0.8730   2.1358
   4W     A049     P    9947.0200    2.5339 3.83e+04  0.1935   0.8310   2.1358
   4W     A049     P    9947.0200    2.5339 3.83e+04  0.1935   0.8310   2.1358
   4W     A014     P    9946.8300    2.3439 6.28e+04  0.0884   0.5990   3.0112
   4W     A014     P    9946.8300    2.3439 6.28e+04  0.0884   0.5990   3.0112
   4W     A014     P    9946.8300    2.3439 6.28e+04  0.0884   0.5990   3.0112
   4W     2D16     S    9948.4800    3.9939 6.91e+04 -0.0674   0.6870   3.4572
   4W     2D16     P    9946.5900    2.1039 6.91e+04 -0.0612   0.6800   3.4572
   4W     2D16     S    9948.4800    3.9939 6.91e+04 -0.0674   0.6870   3.4572
   4W     2D16     P    9946.5900    2.1039 6.91e+04 -0.0612   0.6800   3.4572
   4W     2D16     S    9948.4800    3.9939 6.91e+04 -0.0674   0.6870   3.4572
   4W     2D16     P    9946.5900    2.1039 6.91e+04 -0.0612   0.6800   3.4572
   4W     2D17     S    9948.9300    4.4439 6.58e+04  0.1590   0.7830   5.1227
   4W     2D17     P    9946.7600    2.2739 6.58e+04 -0.0072   0.9270   5.1227
   4W     2D17     S    9948.9300    4.4439 6.58e+04  0.1590   0.7830   5.1227
   4W     2D17     P    9946.7600    2.2739 6.58e+04 -0.0072   0.9270   5.1227
   4W     2D17     S    9948.9300    4.4439 6.58e+04  0.1590   0.7830   5.1227
   4W     2D17     P    9946.7600    2.2739 6.58e+04 -0.0072   0.9270   5.1227
   4W     2D20     S    9948.1200    3.6339 5.02e+05 -0.9024   0.9240   7.3299
   4W     2D20     P    9946.2400    1.7539 5.02e+05 -0.6577   0.9880   7.3299
   4W     2D20     S    9948.1200    3.6339 5.02e+05 -0.9024   0.9240   7.3299
   4W     2D20     P    9946.2400    1.7539 5.02e+05 -0.6577   0.9880   7.3299
   4W     2D20     S    9948.1200    3.6339 5.02e+05 -0.9024   0.9240   7.3299
   4W     2D20     P    9946.2400    1.7539 5.02e+05 -0.6577   0.9880   7.3299
   4W     2D22     S    9948.5500    4.0639 5.91e+04 -0.3744   0.9350 358.2062
   4W     2D22     P    9946.5000    2.0139 5.91e+04 -0.3468   0.9630 358.2062
   4W     2D22     S    9948.5500    4.0639 5.91e+04 -0.3744   0.9350 358.2062
   4W     2D22     P    9946.5000    2.0139 5.91e+04 -0.3468   0.9630 358.2062
   4W     2D22     S    9948.5500    4.0639 5.91e+04 -0.3744   0.9350 358.2062
   4W     2D22     P    9946.5000    2.0139 5.91e+04 -0.3468   0.9630 358.2062
   4W      C56     S    9949.9800    5.4939 4.05e+04  0.9455   0.7690 358.9951
   4W      C56     S    9949.9800    5.4939 4.05e+04  0.9455   0.7690 358.9951
   4W      C56     S    9949.9800    5.4939 4.05e+04  0.9455   0.7690 358.9951
   4W     A174     S    9949.7900    5.3039 2.95e+04  0.4181   0.8450 359.0116
   4W     A174     S    9949.7900    5.3039 2.95e+04  0.4181   0.8450 359.0116
   4W     A174     S    9949.7900    5.3039 2.95e+04  0.4181   0.8450 359.0116
   4W      C10     S    9949.7400    5.2539 3.55e+04  0.4816   0.7210 359.0364
   4W      C10     S    9949.7400    5.2539 3.55e+04  0.4816   0.7210 359.0364
   4W      C10     S    9949.7400    5.2539 3.55e+04  0.4816   0.7210 359.0364
   4W      C15     S    9949.7800    5.2939 2.05e+04  0.5653   0.8080 359.0454
   4W      C15     S    9949.7800    5.2939 2.05e+04  0.5653   0.8080 359.0454
   4W      C15     S    9949.7800    5.2939 2.05e+04  0.5653   0.8080 359.0454
   4W      C21     S    9949.8500    5.3639 5.21e+04  0.6697   0.9140 359.0560
   4W      C21     P    9947.3800    2.8939 5.21e+04  0.4004   0.8510 359.0560
   4W      C21     S    9949.8500    5.3639 5.21e+04  0.6697   0.9140 359.0560
   4W      C21     P    9947.3800    2.8939 5.21e+04  0.4004   0.8510 359.0560
   4W      C21     S    9949.8500    5.3639 5.21e+04  0.6697   0.9140 359.0560
   4W      C21     P    9947.3800    2.8939 5.21e+04  0.4004   0.8510 359.0560
   4W     A169     S    9949.1200    4.6339 3.23e+04 -0.2598   0.5480 359.1076
   4W     A169     S    9949.1200    4.6339 3.23e+04 -0.2598   0.5480 359.1076
   4W     A169     S    9949.1200    4.6339 3.23e+04 -0.2598   0.5480 359.1076
   4W     A164     S    9949.5700    5.0839 2.74e+04  0.1966   0.8810 359.2021
   4W     A164     S    9949.5700    5.0839 2.74e+04  0.1966   0.8810 359.2021
   4W     A164     S    9949.5700    5.0839 2.74e+04  0.1966   0.8810 359.2021
   4W     A159     P    9947.1500    2.6639 4.66e+04  0.0779   0.9040 359.3279
   4W     A159     S    9949.5100    5.0239 4.66e+04  0.1514   0.8130 359.3279
   4W     A159     P    9947.1500    2.6639 4.66e+04  0.0779   0.9040 359.3279
   4W     A159     S    9949.5100    5.0239 4.66e+04  0.1514   0.8130 359.3279
   4W     A159     P    9947.1500    2.6639 4.66e+04  0.0779   0.9040 359.3279
   4W     A159     S    9949.5100    5.0239 4.66e+04  0.1514   0.8130 359.3279
   4W     A154     P    9947.0500    2.5639 4.49e+04 -0.0126   0.9560 359.4595
   4W     A154     S    9949.3800    4.8939 4.49e+04  0.0398   0.9510 359.4595
   4W     A154     P    9947.0500    2.5639 4.49e+04 -0.0126   0.9560 359.4595
   4W     A154     S    9949.3800    4.8939 4.49e+04  0.0398   0.9510 359.4595
   4W     A154     P    9947.0500    2.5639 4.49e+04 -0.0126   0.9560 359.4595
   4W     A154     S    9949.3800    4.8939 4.49e+04  0.0398   0.9510 359.4595
   4W     A149     P    9947.0700    2.5839 2.99e+04  0.0000   0.7910 359.5925
   4W     A149     S    9949.4100    4.9239 2.99e+04  0.0555   0.8500 359.5925
   4W     A149     P    9947.0700    2.5839 2.99e+04  0.0000   0.7910 359.5925
   4W     A149     S    9949.4100    4.9239 2.99e+04  0.0555   0.8500 359.5925
   4W     A149     P    9947.0700    2.5839 2.99e+04  0.0000   0.7910 359.5925
   4W     A149     S    9949.4100    4.9239 2.99e+04  0.0555   0.8500 359.5925
   4W     A144     P    9947.0200    2.5339 3.94e+04 -0.0198   0.8320 359.7291
   4W     A144     S    9949.3100    4.8239 3.94e+04  0.0136   0.9300 359.7291
   4W     A144     P    9947.0200    2.5339 3.94e+04 -0.0198   0.8320 359.7291
   4W     A144     S    9949.3100    4.8239 3.94e+04  0.0136   0.9300 359.7291
   4W     A144     P    9947.0200    2.5339 3.94e+04 -0.0198   0.8320 359.7291
   4W     A144     S    9949.3100    4.8239 3.94e+04  0.0136   0.9300 359.7291
   4W     2D09     S    9949.4100    4.9239 2.03e+04  0.3572   0.8140 359.8067
   4W     2D09     P    9947.1900    2.7039 2.03e+04  0.2765   0.8890 359.8067
   4W     2D09     S    9949.4100    4.9239 2.03e+04  0.3572   0.8140 359.8067
   4W     2D09     P    9947.1900    2.7039 2.03e+04  0.2765   0.8890 359.8067
   4W     2D09     S    9949.4100    4.9239 2.03e+04  0.3572   0.8140 359.8067
   4W     2D09     P    9947.1900    2.7039 2.03e+04  0.2765   0.8890 359.8067
   4W     A139     S    9949.1800    4.6939 3.43e+04 -0.0879   0.8980 359.8703
   4W     A139     S    9949.1800    4.6939 3.43e+04 -0.0879   0.8980 359.8703
   4W     A139     S    9949.1800    4.6939 3.43e+04 -0.0879   0.8980 359.8703
    5   2023 04 24 03:18:09.786    11889.786  0.2560 85.5989  27.8753  10.00  6.181 0.275  60  36  96  54 153.10
   4W     2D03     P   11891.9300    2.1437 4.88e+04  0.1556   0.7210   2.1794
   4W     2D03     S   11893.5100    3.7237 4.88e+04 -0.0358   0.9000   2.1794
   4W     2D03     P   11891.9300    2.1437 4.88e+04  0.1556   0.7210   2.1794
   4W     2D03     S   11893.5100    3.7237 4.88e+04 -0.0358   0.9000   2.1794
   4W     2D03     P   11891.9300    2.1437 4.88e+04  0.1556   0.7210   2.1794
   4W     2D03     S   11893.5100    3.7237 4.88e+04 -0.0358   0.9000   2.1794
   4W     A014     P   11891.5300    1.7437 5.11e+04 -0.1963   0.5620   3.1819
   4W     A014     S   11893.1500    3.3637 5.11e+04 -0.3031   0.6570   3.1819
   4W     A014     P   11891.5300    1.7437 5.11e+04 -0.1963   0.5620   3.1819
   4W     A014     S   11893.1500    3.3637 5.11e+04 -0.3031   0.6570   3.1819
   4W     A014     P   11891.5300    1.7437 5.11e+04 -0.1963   0.5620   3.1819
   4W     A014     S   11893.1500    3.3637 5.11e+04 -0.3031   0.6570   3.1819
   4W     2D12     P   11891.9200    2.1337 2.76e+04  0.2614   0.5010   3.5907
   4W     2D12     P   11891.9200    2.1337 2.76e+04  0.2614   0.5010   3.5907
   4W     2D12     P   11891.9200    2.1337 2.76e+04  0.2614   0.5010   3.5907
   4W     2D17     S   11893.8000    4.0137 3.37e+04  0.2974   0.5890 156.6953
   4W     2D17     S   11893.8000    4.0137 3.37e+04  0.2974   0.5890 156.6953
   4W     2D17     S   11893.8000    4.0137 3.37e+04  0.2974   0.5890 156.6953
   4W     2D20     P   11892.1700    2.3837 6.97e+04  0.2875   0.9600 180.0724
   4W     2D20     S   11894.1400    4.3537 6.97e+04  0.3859   0.9110 180.0724
   4W     2D20     P   11892.1700    2.3837 6.97e+04  0.2875   0.9600 180.0724
   4W     2D20     S   11894.1400    4.3537 6.97e+04  0.3859   0.9110 180.0724
   4W     2D20     P   11892.1700    2.3837 6.97e+04  0.2875   0.9600 180.0724
   4W     2D20     S   11894.1400    4.3537 6.97e+04  0.3859   0.9110 180.0724
   4W     A100     P   11891.7900    2.0037 2.96e+04 -0.1544   0.9680 271.6446
   4W     A100     S   11893.6500    3.8637 1.53e+04 -0.2234   0.7900 271.6446
   4W     A100     P   11891.7900    2.0037 2.96e+04 -0.1544   0.9680 271.6446
   4W     A100     S   11893.6500    3.8637 1.53e+04 -0.2234   0.7900 271.6446
   4W     A100     P   11891.7900    2.0037 2.96e+04 -0.1544   0.9680 271.6446
   4W     A100     S   11893.6500    3.8637 1.53e+04 -0.2234   0.7900 271.6446
   4W     A109     P   11891.7900    2.0037 3.63e+04 -0.1557   0.9560 278.5620
   4W     A109     P   11891.7900    2.0037 3.63e+04 -0.1557   0.9560 278.5620
   4W     A109     P   11891.7900    2.0037 3.63e+04 -0.1557   0.9560 278.5620
   4W      AX6     P   11891.8200    2.0337 1.95e+04 -0.1247   0.9230 280.2919
   4W      AX6     P   11891.8200    2.0337 1.95e+04 -0.1247   0.9230 280.2919
   4W      AX6     P   11891.8200    2.0337 1.95e+04 -0.1247   0.9230 280.2919
   4W     A094     P   11891.7500    1.9637 2.80e+04 -0.1891   0.9280 301.2136
   4W     A094     S   11893.6800    3.8937 1.18e+04 -0.1831   0.6760 301.2136
   4W     A094     P   11891.7500    1.9637 2.80e+04 -0.1891   0.9280 301.2136
   4W     A094     S   11893.6800    3.8937 1.18e+04 -0.1831   0.6760 301.2136
   4W     A094     P   11891.7500    1.9637 2.80e+04 -0.1891   0.9280 301.2136
   4W     A094     S   11893.6800    3.8937 1.18e+04 -0.1831   0.6760 301.2136
   4W     A132     P   11891.9800    2.1937 2.80e+04 -0.0118   0.9630 323.2371
   4W     A132     P   11891.9800    2.1937 2.80e+04 -0.0118   0.9630 323.2371
   4W     A132     P   11891.9800    2.1937 2.80e+04 -0.0118   0.9630 323.2371
   4W     A139     P   11892.0600    2.2737 1.66e+04  0.0502   0.9570 328.1328
   4W     A139     P   11892.0600    2.2737 1.66e+04  0.0502   0.9570 328.1328
   4W     A139     P   11892.0600    2.2737 1.66e+04  0.0502   0.9570 328.1328
   4W     A144     P   11892.1400    2.3537 2.20e+04  0.1154   0.6770 329.6627
   4W     A144     P   11892.1400    2.3537 2.20e+04  0.1154   0.6770 329.6627
   4W     A144     P   11892.1400    2.3537 2.20e+04  0.1154   0.6770 329.6627
   4W     A154     P   11892.1900    2.4037 1.69e+04  0.1427   0.8370 334.2579
   4W     A154     P   11892.1900    2.4037 1.69e+04  0.1427   0.8370 334.2579
   4W     A154     P   11892.1900    2.4037 1.69e+04  0.1427   0.8370 334.2579
   4W     A159     P   11892.2300    2.4437 5.42e+04  0.1731   0.6090 334.9452
   4W     A159     P   11892.2300    2.4437 5.42e+04  0.1731   0.6090 334.9452
   4W     A159     P   11892.2300    2.4437 5.42e+04  0.1731   0.6090 334.9452
   4W     A164     S   11894.3100    4.5237 1.14e+04  0.2051   0.5560 337.1281
   4W     A164     P   11892.3000    2.5137 2.13e+04  0.2355   0.9590 337.1281
   4W     A164     P   11892.3000    2.5137 2.13e+04  0.2355   0.9590 337.1281
   4W     A164     P   11892.3000    2.5137 2.13e+04  0.2355   0.9590 337.1281
   4W     A164     S   11894.3100    4.5237 1.14e+04  0.2051   0.5560 337.1281
   4W     A164     S   11894.3100    4.5237 1.14e+04  0.2051   0.5560 337.1281
   4W     A181     P   11892.4300    2.6437 2.47e+04  0.3652   0.6840 343.0901
   4W     A181     P   11892.4300    2.6437 2.47e+04  0.3652   0.6840 343.0901
   4W     A181     P   11892.4300    2.6437 2.47e+04  0.3652   0.6840 343.0901
   4W     A084     P   11891.6400    1.8537 2.22e+04 -0.2782   0.8890 344.0311
   4W     A084     S   11893.4600    3.6737 1.88e+04 -0.3628   0.7350 344.0311
   4W     A084     P   11891.6400    1.8537 2.22e+04 -0.2782   0.8890 344.0311
   4W     A084     S   11893.4600    3.6737 1.88e+04 -0.3628   0.7350 344.0311
   4W     A084     P   11891.6400    1.8537 2.22e+04 -0.2782   0.8890 344.0311
   4W     A084     S   11893.4600    3.6737 1.88e+04 -0.3628   0.7350 344.0311
   4W     A079     P   11891.6400    1.8537 2.11e+04 -0.2705   0.9700 349.0196
   4W     A079     S   11893.5500    3.7637 3.26e+04 -0.2581   0.8390 349.0196
   4W     A079     P   11891.6400    1.8537 2.11e+04 -0.2705   0.9700 349.0196
   4W     A079     S   11893.5500    3.7637 3.26e+04 -0.2581   0.8390 349.0196
   4W     A079     P   11891.6400    1.8537 2.11e+04 -0.2705   0.9700 349.0196
   4W     A079     S   11893.5500    3.7637 3.26e+04 -0.2581   0.8390 349.0196
   4W      C56     P   11892.2700    2.4837 5.66e+04  0.3813   0.9330 349.3343
   4W      C56     S   11894.3100    4.5237 5.66e+04  0.5440   0.9310 349.3343
   4W      C56     P   11892.2700    2.4837 5.66e+04  0.3813   0.9330 349.3343
   4W      C56     S   11894.3100    4.5237 5.66e+04  0.5440   0.9310 349.3343
   4W      C56     P   11892.2700    2.4837 5.66e+04  0.3813   0.9330 349.3343
   4W      C56     S   11894.3100    4.5237 5.66e+04  0.5440   0.9310 349.3343
   4W     2D09     P   11891.9100    2.1237 9.63e+03  0.0118   0.9480 350.8218
   4W     2D09     S   11894.1500    4.3637 7.84e+03  0.3657   0.6830 350.8218
   4W     2D09     P   11891.9100    2.1237 9.63e+03  0.0118   0.9480 350.8218
   4W     2D09     S   11894.1500    4.3637 7.84e+03  0.3657   0.6830 350.8218
   4W     2D09     P   11891.9100    2.1237 9.63e+03  0.0118   0.9480 350.8218
   4W     2D09     S   11894.1500    4.3637 7.84e+03  0.3657   0.6830 350.8218
   4W     A069     P   11891.5800    1.7937 3.85e+04 -0.2740   0.8440 353.5760
   4W     A069     S   11893.4700    3.6837 3.85e+04 -0.2291   0.8630 353.5760
   4W     A069     P   11891.5800    1.7937 3.85e+04 -0.2740   0.8440 353.5760
   4W     A069     S   11893.4700    3.6837 3.85e+04 -0.2291   0.8630 353.5760
   4W     A069     P   11891.5800    1.7937 3.85e+04 -0.2740   0.8440 353.5760
   4W     A069     S   11893.4700    3.6837 3.85e+04 -0.2291   0.8630 353.5760
    6   2023 04 24 03:22:03.326    12123.326  0.2793 85.6930  27.6716  10.00  6.535 0.307  75  69 144  87 326.33
   4W     2D20     P   12125.7000    2.3738 1.25e+05  0.2776   0.9510 323.0843
   4W     2D20     S   12127.6700    4.3438 1.25e+05  0.3760   0.9340 323.0843
   4W     2D20     P   12125.7000    2.3738 1.25e+05  0.2776   0.9510 323.0843
   4W     2D20     S   12127.6700    4.3438 1.25e+05  0.3760   0.9340 323.0843
   4W     2D20     P   12125.7000    2.3738 1.25e+05  0.2776   0.9510 323.0843
   4W     2D20     S   12127.6700    4.3438 1.25e+05  0.3760   0.9340 323.0843
   4W      AX6     P   12125.3700    2.0438 2.64e+04 -0.1147   0.8190 347.9883
   4W      AX6     P   12125.3700    2.0438 2.64e+04 -0.1147   0.8190 347.9883
   4W      AX6     P   12125.3700    2.0438 2.64e+04 -0.1147   0.8190 347.9883
   4W     A109     S   12127.2600    3.9338 4.52e+04 -0.1559   0.7660 348.0731
   4W     A109     P   12125.3300    2.0038 5.71e+04 -0.1557   0.9480 348.0731
   4W     A109     P   12125.3300    2.0038 5.71e+04 -0.1557   0.9480 348.0731
   4W     A109     P   12125.3300    2.0038 5.71e+04 -0.1557   0.9480 348.0731
   4W     A109     S   12127.2600    3.9338 4.52e+04 -0.1559   0.7660 348.0731
   4W     A109     S   12127.2600    3.9338 4.52e+04 -0.1559   0.7660 348.0731
   4W     A144     P   12125.6700    2.3438 8.61e+04  0.1054   0.7250 348.1235
   4W     A144     P   12125.6700    2.3438 8.61e+04  0.1054   0.7250 348.1235
   4W     A144     P   12125.6700    2.3438 8.61e+04  0.1054   0.7250 348.1235
   4W     A132     P   12125.5100    2.1838 5.40e+04 -0.0218   0.9440 348.1265
   4W     A132     P   12125.5100    2.1838 5.40e+04 -0.0218   0.9440 348.1265
   4W     A132     P   12125.5100    2.1838 5.40e+04 -0.0218   0.9440 348.1265
   4W     A139     P   12125.5900    2.2638 2.56e+04  0.0402   0.9110 348.1591
   4W     A139     P   12125.5900    2.2638 2.56e+04  0.0402   0.9110 348.1591
   4W     A139     P   12125.5900    2.2638 2.56e+04  0.0402   0.9110 348.1591
   4W     A154     P   12125.7100    2.3838 3.35e+04  0.1227   0.9690 348.2134
   4W     A154     P   12125.7100    2.3838 3.35e+04  0.1227   0.9690 348.2134
   4W     A154     P   12125.7100    2.3838 3.35e+04  0.1227   0.9690 348.2134
   4W     A134     P   12125.5800    2.2538 2.45e+04  0.0364   0.9750 348.2235
   4W     A134     S   12127.2000    3.8738 1.43e+04 -0.3275   0.5640 348.2235
   4W     A134     P   12125.5800    2.2538 2.45e+04  0.0364   0.9750 348.2235
   4W     A134     P   12125.5800    2.2538 2.45e+04  0.0364   0.9750 348.2235
   4W     A134     S   12127.2000    3.8738 1.43e+04 -0.3275   0.5640 348.2235
   4W     A134     S   12127.2000    3.8738 1.43e+04 -0.3275   0.5640 348.2235
   4W     A164     S   12127.9100    4.5838 1.49e+04  0.2650   0.7070 348.2867
   4W     A164     P   12125.8300    2.5038 3.16e+04  0.2255   0.9610 348.2867
   4W     A164     P   12125.8300    2.5038 3.16e+04  0.2255   0.9610 348.2867
   4W     A164     P   12125.8300    2.5038 3.16e+04  0.2255   0.9610 348.2867
   4W     A164     S   12127.9100    4.5838 1.49e+04  0.2650   0.7070 348.2867
   4W     A164     S   12127.9100    4.5838 1.49e+04  0.2650   0.7070 348.2867
   4W     A149     P   12125.7200    2.3938 1.54e+04  0.1253   0.9680 348.2909
   4W     A149     S   12128.0100    4.6838 1.45e+04  0.3839   0.7380 348.2909
   4W     A149     P   12125.7200    2.3938 1.54e+04  0.1253   0.9680 348.2909
   4W     A149     P   12125.7200    2.3938 1.54e+04  0.1253   0.9680 348.2909
   4W     A149     S   12128.0100    4.6838 1.45e+04  0.3839   0.7380 348.2909
   4W     A149     S   12128.0100    4.6838 1.45e+04  0.3839   0.7380 348.2909
   4W     A100     S   12127.1900    3.8638 2.09e+04 -0.2235   0.8540 348.3633
   4W     A100     P   12125.3300    2.0038 4.61e+04 -0.1544   0.9840 348.3633
   4W     A100     P   12125.3300    2.0038 4.61e+04 -0.1544   0.9840 348.3633
   4W     A100     P   12125.3300    2.0038 4.61e+04 -0.1544   0.9840 348.3633
   4W     A100     S   12127.1900    3.8638 2.09e+04 -0.2235   0.8540 348.3633
   4W     A100     S   12127.1900    3.8638 2.09e+04 -0.2235   0.8540 348.3633
   4W     A169     P   12125.8800    2.5538 2.28e+04  0.2721   0.9750 348.6961
   4W     A169     S   12128.0600    4.7338 1.55e+04  0.4086   0.5190 348.6961
   4W     A169     S   12128.0600    4.7338 1.55e+04  0.4086   0.5190 348.6961
   4W     A169     P   12125.8800    2.5538 2.28e+04  0.2721   0.9750 348.6961
   4W     A169     S   12128.0600    4.7338 1.55e+04  0.4086   0.5190 348.6961
   4W     A169     P   12125.8800    2.5538 2.28e+04  0.2721   0.9750 348.6961
   4W     A094     S   12127.1900    3.8638 1.92e+04 -0.2132   0.7650 348.8419
   4W     A094     S   12127.1900    3.8638 1.92e+04 -0.2132   0.7650 348.8419
   4W     A094     S   12127.1900    3.8638 1.92e+04 -0.2132   0.7650 348.8419
   4W     A094     P   12125.2800    1.9538 4.33e+04 -0.1991   0.9770 348.8419
   4W     A094     P   12125.2800    1.9538 4.33e+04 -0.1991   0.9770 348.8419
   4W     A094     P   12125.2800    1.9538 4.33e+04 -0.1991   0.9770 348.8419
   4W     A174     P   12125.8800    2.5538 5.72e+04  0.2762   0.9420 348.9629
   4W     A174     S   12128.0000    4.6738 5.72e+04  0.3566   0.7750 348.9629
   4W     A174     S   12128.0000    4.6738 5.72e+04  0.3566   0.7750 348.9629
   4W     A174     P   12125.8800    2.5538 5.72e+04  0.2762   0.9420 348.9629
   4W     A174     S   12128.0000    4.6738 5.72e+04  0.3566   0.7750 348.9629
   4W     A174     P   12125.8800    2.5538 5.72e+04  0.2762   0.9420 348.9629
   4W      C05     S   12128.1100    4.7838 3.99e+04  0.5181   0.5650 349.2011
   4W      C05     S   12128.1100    4.7838 3.99e+04  0.5181   0.5650 349.2011
   4W      C05     P   12125.9000    2.5738 4.28e+04  0.3230   0.7310 349.2011
   4W      C05     P   12125.9000    2.5738 4.28e+04  0.3230   0.7310 349.2011
   4W      C05     P   12125.9000    2.5738 4.28e+04  0.3230   0.7310 349.2011
   4W      C05     S   12128.1100    4.7838 3.99e+04  0.5181   0.5650 349.2011
   4W     A089     S   12127.1000    3.7738 3.43e+04 -0.2744   0.5710 349.4789
   4W     A089     P   12125.2300    1.9038 5.83e+04 -0.2341   0.8570 349.4789
   4W     A089     P   12125.2300    1.9038 5.83e+04 -0.2341   0.8570 349.4789
   4W     A089     S   12127.1000    3.7738 3.43e+04 -0.2744   0.5710 349.4789
   4W     A089     S   12127.1000    3.7738 3.43e+04 -0.2744   0.5710 349.4789
   4W     A089     P   12125.2300    1.9038 5.83e+04 -0.2341   0.8570 349.4789
   4W      C15     S   12127.8900    4.5638 1.04e+04  0.4038   0.7600 349.6193
   4W      C15     S   12127.8900    4.5638 1.04e+04  0.4038   0.7600 349.6193
   4W      C15     P   12125.8300    2.5038 1.04e+04  0.3078   0.9580 349.6193
   4W      C15     P   12125.8300    2.5038 1.04e+04  0.3078   0.9580 349.6193
   4W      C15     P   12125.8300    2.5038 1.04e+04  0.3078   0.9580 349.6193
   4W      C15     S   12127.8900    4.5638 1.04e+04  0.4038   0.7600 349.6193
   4W      C21     P   12125.8200    2.4938 1.81e+04  0.3157   0.6420 349.8261
   4W      C21     P   12125.8200    2.4938 1.81e+04  0.3157   0.6420 349.8261
   4W      C21     S   12127.9200    4.5938 1.81e+04  0.4681   0.5420 349.8261
   4W      C21     S   12127.9200    4.5938 1.81e+04  0.4681   0.5420 349.8261
   4W      C21     P   12125.8200    2.4938 1.81e+04  0.3157   0.6420 349.8261
   4W      C21     S   12127.9200    4.5938 1.81e+04  0.4681   0.5420 349.8261
   4W     A084     S   12127.0100    3.6838 2.88e+04 -0.3528   0.9220 350.0884
   4W     A084     S   12127.0100    3.6838 2.88e+04 -0.3528   0.9220 350.0884
   4W     A084     S   12127.0100    3.6838 2.88e+04 -0.3528   0.9220 350.0884
   4W     A084     P   12125.1900    1.8638 3.51e+04 -0.2681   0.8360 350.0884
   4W     A084     P   12125.1900    1.8638 3.51e+04 -0.2681   0.8360 350.0884
   4W     A084     P   12125.1900    1.8638 3.51e+04 -0.2681   0.8360 350.0884
   4W     A079     P   12125.2100    1.8838 3.64e+04 -0.2405   0.8990 350.5653
   4W     A079     S   12127.0700    3.7438 3.64e+04 -0.2781   0.8410 350.5653
   4W     A079     S   12127.0700    3.7438 3.64e+04 -0.2781   0.8410 350.5653
   4W     A079     P   12125.2100    1.8838 3.64e+04 -0.2405   0.8990 350.5653
   4W     A079     S   12127.0700    3.7438 3.64e+04 -0.2781   0.8410 350.5653
   4W     A079     P   12125.2100    1.8838 3.64e+04 -0.2405   0.8990 350.5653
   4W     2D09     S   12127.4000    4.0738 9.30e+03  0.0756   0.6470 350.8451
   4W     2D09     S   12127.4000    4.0738 9.30e+03  0.0756   0.6470 350.8451
   4W     2D09     S   12127.4000    4.0738 9.30e+03  0.0756   0.6470 350.8451
   4W     2D09     P   12125.4600    2.1338 1.42e+04  0.0218   0.9780 350.8451
   4W     2D09     P   12125.4600    2.1338 1.42e+04  0.0218   0.9780 350.8451
   4W     2D09     P   12125.4600    2.1338 1.42e+04  0.0218   0.9780 350.8451
   4W     A069     S   12126.9800    3.6538 6.26e+04 -0.2591   0.9320 351.2358
   4W     A069     P   12125.1300    1.8038 6.26e+04 -0.2640   0.8870 351.2358
   4W     A069     S   12126.9800    3.6538 6.26e+04 -0.2591   0.9320 351.2358
   4W     A069     P   12125.1300    1.8038 6.26e+04 -0.2640   0.8870 351.2358
   4W     A069     P   12125.1300    1.8038 6.26e+04 -0.2640   0.8870 351.2358
   4W     A069     S   12126.9800    3.6538 6.26e+04 -0.2591   0.9320 351.2358
   4W     A064     S   12127.0000    3.6738 4.02e+04 -0.2100   0.8330 351.5577
   4W     A064     S   12127.0000    3.6738 4.02e+04 -0.2100   0.8330 351.5577
   4W     A064     S   12127.0000    3.6738 4.02e+04 -0.2100   0.8330 351.5577
   4W     A064     P   12125.1600    1.8338 4.69e+04 -0.2189   0.9630 351.5577
   4W     A064     P   12125.1600    1.8338 4.69e+04 -0.2189   0.9630 351.5577
   4W     A064     P   12125.1600    1.8338 4.69e+04 -0.2189   0.9630 351.5577
   4W     A054     P   12125.1000    1.7738 6.13e+04 -0.2667   0.9310 352.3568
   4W     A054     S   12126.9000    3.5738 6.13e+04 -0.2867   0.9050 352.3568
   4W     A054     S   12126.9000    3.5738 6.13e+04 -0.2867   0.9050 352.3568
   4W     A054     P   12125.1000    1.7738 6.13e+04 -0.2667   0.9310 352.3568
   4W     A054     S   12126.9000    3.5738 6.13e+04 -0.2867   0.9050 352.3568
   4W     A054     P   12125.1000    1.7738 6.13e+04 -0.2667   0.9310 352.3568
   4W     A000     S   12126.7600    3.4338 7.53e+04 -0.1226   0.7810 354.0121
   4W     A000     S   12126.7600    3.4338 7.53e+04 -0.1226   0.7810 354.0121
   4W     A000     S   12126.7600    3.4338 7.53e+04 -0.1226   0.7810 354.0121
   4W      B35     S   12126.4600    3.1338 3.93e+05 -0.3995   0.7960 354.0812
   4W      B35     S   12126.4600    3.1338 3.93e+05 -0.3995   0.7960 354.0812
   4W      B35     S   12126.4600    3.1338 3.93e+05 -0.3995   0.7960 354.0812
   4W     2D03     S   12127.0300    3.7038 7.97e+04 -0.0559   0.9200 355.6404
   4W     2D03     S   12127.0300    3.7038 7.97e+04 -0.0559   0.9200 355.6404
   4W     2D03     S   12127.0300    3.7038 7.97e+04 -0.0559   0.9200 355.6404
   4W     2D12     S   12127.4500    4.1238 3.41e+04  0.5874   0.8720 356.7507
   4W     2D12     P   12125.5000    2.1738 3.41e+04  0.3014   0.9460 356.7507
   4W     2D12     S   12127.4500    4.1238 3.41e+04  0.5874   0.8720 356.7507
   4W     2D12     P   12125.5000    2.1738 3.41e+04  0.3014   0.9460 356.7507
   4W     2D12     S   12127.4500    4.1238 3.41e+04  0.5874   0.8720 356.7507
   4W     2D12     P   12125.5000    2.1738 3.41e+04  0.3014   0.9460 356.7507
    7   2023 04 24 03:35:13.318    12913.318  0.2665 85.6650  27.8400  10.00  6.610 0.275 102  87 189 124 199.25
   4W     2D03     S   12917.0100    3.6919 8.54e+04 -0.0677   0.9260   0.0058
   4W     2D03     S   12917.0100    3.6919 8.54e+04 -0.0677   0.9260   0.0058
   4W     2D03     S   12917.0100    3.6919 8.54e+04 -0.0677   0.9260   0.0058
   4W     2D15     P   12915.5100    2.1919 7.59e+04  0.2799   0.9120   0.3775
   4W     2D15     P   12915.5100    2.1919 7.59e+04  0.2799   0.9120   0.3775
   4W     2D15     S   12917.4100    4.0919 7.59e+04  0.4791   0.9240   0.3775
   4W     2D15     S   12917.4100    4.0919 7.59e+04  0.4791   0.9240   0.3775
   4W     2D15     P   12915.5100    2.1919 7.59e+04  0.2799   0.9120   0.3775
   4W     2D15     S   12917.4100    4.0919 7.59e+04  0.4791   0.9240   0.3775
   4W     2D12     P   12915.4700    2.1519 3.71e+04  0.2796   0.9330   0.9671
   4W     2D12     P   12915.4700    2.1519 3.71e+04  0.2796   0.9330   0.9671
   4W     2D12     P   12915.4700    2.1519 3.71e+04  0.2796   0.9330   0.9671
   4W     2D12     S   12917.4300    4.1119 3.71e+04  0.5756   0.9330   0.9671
   4W     2D12     S   12917.4300    4.1119 3.71e+04  0.5756   0.9330   0.9671
   4W     2D12     S   12917.4300    4.1119 3.71e+04  0.5756   0.9330   0.9671
   4W     2D20     P   12915.6800    2.3619 1.61e+05  0.2658   0.9760 200.2145
   4W     2D20     P   12915.6800    2.3619 1.61e+05  0.2658   0.9760 200.2145
   4W     2D20     S   12917.6600    4.3419 1.61e+05  0.3742   0.9420 200.2145
   4W     2D20     S   12917.6600    4.3419 1.61e+05  0.3742   0.9420 200.2145
   4W     2D20     P   12915.6800    2.3619 1.61e+05  0.2658   0.9760 200.2145
   4W     2D20     S   12917.6600    4.3419 1.61e+05  0.3742   0.9420 200.2145
   4W     A159     S   12917.8000    4.4819 2.70e+04  0.1781   0.5040 352.6347
   4W     A159     S   12917.8000    4.4819 2.70e+04  0.1781   0.5040 352.6347
   4W     A159     P   12915.7800    2.4619 1.06e+05  0.1913   0.9340 352.6347
   4W     A159     P   12915.7800    2.4619 1.06e+05  0.1913   0.9340 352.6347
   4W     A159     P   12915.7800    2.4619 1.06e+05  0.1913   0.9340 352.6347
   4W     A159     S   12917.8000    4.4819 2.70e+04  0.1781   0.5040 352.6347
   4W     A164     P   12915.8200    2.5019 3.83e+04  0.2237   0.9830 352.6385
   4W     A164     P   12915.8200    2.5019 3.83e+04  0.2237   0.9830 352.6385
   4W     A164     S   12917.8800    4.5619 1.79e+04  0.2433   0.7760 352.6385
   4W     A164     S   12917.8800    4.5619 1.79e+04  0.2433   0.7760 352.6385
   4W     A164     P   12915.8200    2.5019 3.83e+04  0.2237   0.9830 352.6385
   4W     A164     S   12917.8800    4.5619 1.79e+04  0.2433   0.7760 352.6385
   4W     A154     P   12915.7100    2.3919 3.64e+04  0.1310   0.9460 352.7553
   4W     A154     S   12917.6000    4.2819 2.48e+04 -0.0035   0.8030 352.7553
   4W     A154     S   12917.6000    4.2819 2.48e+04 -0.0035   0.8030 352.7553
   4W     A154     S   12917.6000    4.2819 2.48e+04 -0.0035   0.8030 352.7553
   4W     A154     P   12915.7100    2.3919 3.64e+04  0.1310   0.9460 352.7553
   4W     A154     P   12915.7100    2.3919 3.64e+04  0.1310   0.9460 352.7553
   4W     A144     P   12915.6600    2.3419 3.91e+04  0.1037   0.9830 352.8730
   4W     A144     P   12915.6600    2.3419 3.91e+04  0.1037   0.9830 352.8730
   4W     A144     S   12918.1800    4.8619 2.27e+04  0.6203   0.6040 352.8730
   4W     A144     S   12918.1800    4.8619 2.27e+04  0.6203   0.6040 352.8730
   4W     A144     P   12915.6600    2.3419 3.91e+04  0.1037   0.9830 352.8730
   4W     A144     S   12918.1800    4.8619 2.27e+04  0.6203   0.6040 352.8730
   4W     A169     S   12918.0300    4.7119 1.81e+04  0.3869   0.5700 352.9018
   4W     A169     S   12918.0300    4.7119 1.81e+04  0.3869   0.5700 352.9018
   4W     A169     P   12915.8400    2.5219 2.10e+04  0.2403   0.9740 352.9018
   4W     A169     P   12915.8400    2.5219 2.10e+04  0.2403   0.9740 352.9018
   4W     A169     P   12915.8400    2.5219 2.10e+04  0.2403   0.9740 352.9018
   4W     A169     S   12918.0300    4.7119 1.81e+04  0.3869   0.5700 352.9018
   4W     A149     S   12917.9800    4.6619 1.85e+04  0.3621   0.6100 352.9114
   4W     A149     S   12917.9800    4.6619 1.85e+04  0.3621   0.6100 352.9114
   4W     A149     P   12915.6900    2.3719 2.53e+04  0.1035   0.9310 352.9114
   4W     A149     S   12917.9800    4.6619 1.85e+04  0.3621   0.6100 352.9114
   4W     A149     P   12915.6900    2.3719 2.53e+04  0.1035   0.9310 352.9114
   4W     A149     P   12915.6900    2.3719 2.53e+04  0.1035   0.9310 352.9114
   4W     A139     P   12915.5700    2.2519 3.02e+04  0.0285   0.6470 353.0045
   4W     A139     P   12915.5700    2.2519 3.02e+04  0.0285   0.6470 353.0045
   4W     A139     P   12915.5700    2.2519 3.02e+04  0.0285   0.6470 353.0045
   4W     A174     P   12915.8700    2.5519 2.01e+04  0.2744   0.9620 353.0467
   4W     A174     S   12917.9900    4.6719 2.01e+04  0.3548   0.7680 353.0467
   4W     A174     P   12915.8700    2.5519 2.01e+04  0.2744   0.9620 353.0467
   4W     A174     S   12917.9900    4.6719 2.01e+04  0.3548   0.7680 353.0467
   4W     A174     P   12915.8700    2.5519 2.01e+04  0.2744   0.9620 353.0467
   4W     A174     S   12917.9900    4.6719 2.01e+04  0.3548   0.7680 353.0467
   4W     A132     P   12915.4900    2.1719 5.23e+04 -0.0336   0.8400 353.1251
   4W     A132     P   12915.4900    2.1719 5.23e+04 -0.0336   0.8400 353.1251
   4W     A132     P   12915.4900    2.1719 5.23e+04 -0.0336   0.8400 353.1251
   4W     A134     P   12915.5500    2.2319 3.18e+04  0.0147   0.9710 353.1625
   4W     A134     P   12915.5500    2.2319 3.18e+04  0.0147   0.9710 353.1625
   4W     A134     P   12915.5500    2.2319 3.18e+04  0.0147   0.9710 353.1625
   4W      C05     P   12915.8800    2.5619 5.24e+04  0.3112   0.6330 353.2235
   4W      C05     P   12915.8800    2.5619 5.24e+04  0.3112   0.6330 353.2235
   4W      C05     P   12915.8800    2.5619 5.24e+04  0.3112   0.6330 353.2235
   4W      C10     P   12915.8100    2.4919 2.11e+04  0.2733   0.8850 353.4187
   4W      C10     P   12915.8100    2.4919 2.11e+04  0.2733   0.8850 353.4187
   4W      C10     P   12915.8100    2.4919 2.11e+04  0.2733   0.8850 353.4187
   4W      AX6     P   12915.3200    2.0019 3.81e+04 -0.1565   0.8120 353.5139
   4W      AX6     P   12915.3200    2.0019 3.81e+04 -0.1565   0.8120 353.5139
   4W      AX6     P   12915.3200    2.0019 3.81e+04 -0.1565   0.8120 353.5139
   4W     A109     P   12915.3400    2.0219 6.63e+04 -0.1375   0.7620 353.6546
   4W     A109     P   12915.3400    2.0219 6.63e+04 -0.1375   0.7620 353.6546
   4W     A109     P   12915.3400    2.0219 6.63e+04 -0.1375   0.7620 353.6546
   4W      C56     P   12915.7800    2.4619 1.11e+05  0.3595   0.9790 354.0563
   4W      C56     S   12917.8400    4.5219 1.11e+05  0.5422   0.9130 354.0563
   4W      C56     P   12915.7800    2.4619 1.11e+05  0.3595   0.9790 354.0563
   4W      C56     S   12917.8400    4.5219 1.11e+05  0.5422   0.9130 354.0563
   4W      C56     P   12915.7800    2.4619 1.11e+05  0.3595   0.9790 354.0563
   4W      C56     S   12917.8400    4.5219 1.11e+05  0.5422   0.9130 354.0563
   4W     A100     S   12917.1700    3.8519 2.78e+04 -0.2352   0.9050 354.1365
   4W     A100     P   12915.3000    1.9819 5.65e+04 -0.1762   0.9820 354.1365
   4W     A100     S   12917.1700    3.8519 2.78e+04 -0.2352   0.9050 354.1365
   4W     A100     P   12915.3000    1.9819 5.65e+04 -0.1762   0.9820 354.1365
   4W     A100     S   12917.1700    3.8519 2.78e+04 -0.2352   0.9050 354.1365
   4W     A100     P   12915.3000    1.9819 5.65e+04 -0.1762   0.9820 354.1365
   4W     2D18     S   12916.7000    3.3819 1.24e+05 -0.1512   0.8240 354.4560
   4W     2D18     P   12915.0700    1.7519 1.24e+05 -0.1188   0.8910 354.4560
   4W     2D18     S   12916.7000    3.3819 1.24e+05 -0.1512   0.8240 354.4560
   4W     2D18     P   12915.0700    1.7519 1.24e+05 -0.1188   0.8910 354.4560
   4W     2D18     S   12916.7000    3.3819 1.24e+05 -0.1512   0.8240 354.4560
   4W     2D18     P   12915.0700    1.7519 1.24e+05 -0.1188   0.8910 354.4560
   4W     A094     S   12917.1600    3.8419 2.80e+04 -0.2349   0.6770 354.6474
   4W     A094     P   12915.2600    1.9419 5.23e+04 -0.2109   0.9770 354.6474
   4W     A094     S   12917.1600    3.8419 2.80e+04 -0.2349   0.6770 354.6474
   4W     A094     P   12915.2600    1.9419 5.23e+04 -0.2109   0.9770 354.6474
   4W     A094     S   12917.1600    3.8419 2.80e+04 -0.2349   0.6770 354.6474
   4W     A094     P   12915.2600    1.9419 5.23e+04 -0.2109   0.9770 354.6474
   4W     2D09     S   12917.4400    4.1219 1.27e+04  0.1238   0.5950 354.9637
   4W     2D09     P   12915.4300    2.1119 1.82e+04  0.0000   0.9760 354.9637
   4W     2D09     S   12917.4400    4.1219 1.27e+04  0.1238   0.5950 354.9637
   4W     2D09     P   12915.4300    2.1119 1.82e+04  0.0000   0.9760 354.9637
   4W     2D09     S   12917.4400    4.1219 1.27e+04  0.1238   0.5950 354.9637
   4W     2D09     P   12915.4300    2.1119 1.82e+04  0.0000   0.9760 354.9637
   4W     A084     S   12916.9900    3.6719 3.92e+04 -0.3646   0.9510 355.7441
   4W     A084     P   12915.1700    1.8519 4.74e+04 -0.2799   0.9820 355.7441
   4W     A084     S   12916.9900    3.6719 3.92e+04 -0.3646   0.9510 355.7441
   4W     A084     P   12915.1700    1.8519 4.74e+04 -0.2799   0.9820 355.7441
   4W     A084     S   12916.9900    3.6719 3.92e+04 -0.3646   0.9510 355.7441
   4W     A084     P   12915.1700    1.8519 4.74e+04 -0.2799   0.9820 355.7441
   4W     2D06     S   12916.7400    3.4219 4.27e+04 -0.2283   0.8600 355.7680
   4W     2D06     P   12915.1400    1.8219 9.16e+04 -0.1095   0.9760 355.7680
   4W     2D06     S   12916.7400    3.4219 4.27e+04 -0.2283   0.8600 355.7680
   4W     2D06     P   12915.1400    1.8219 9.16e+04 -0.1095   0.9760 355.7680
   4W     2D06     S   12916.7400    3.4219 4.27e+04 -0.2283   0.8600 355.7680
   4W     2D06     P   12915.1400    1.8219 9.16e+04 -0.1095   0.9760 355.7680
   4W     A079     S   12917.0500    3.7319 4.74e+04 -0.2899   0.9310 356.1704
   4W     A079     P   12915.1700    1.8519 4.74e+04 -0.2723   0.9870 356.1704
   4W     A079     S   12917.0500    3.7319 4.74e+04 -0.2899   0.9310 356.1704
   4W     A079     P   12915.1700    1.8519 4.74e+04 -0.2723   0.9870 356.1704
   4W     A079     S   12917.0500    3.7319 4.74e+04 -0.2899   0.9310 356.1704
   4W     A079     P   12915.1700    1.8519 4.74e+04 -0.2723   0.9870 356.1704
   4W     A074     S   12917.1000    3.7819 8.74e+04 -0.1989   0.9190 356.4572
   4W     A074     P   12915.1800    1.8619 8.74e+04 -0.2410   0.8910 356.4572
   4W     A074     S   12917.1000    3.7819 8.74e+04 -0.1989   0.9190 356.4572
   4W     A074     P   12915.1800    1.8619 8.74e+04 -0.2410   0.8910 356.4572
   4W     A074     S   12917.1000    3.7819 8.74e+04 -0.1989   0.9190 356.4572
   4W     A074     P   12915.1800    1.8619 8.74e+04 -0.2410   0.8910 356.4572
   4W     2D07     S   12916.7500    3.4319 4.75e+04 -0.3654   0.7940 356.7391
   4W     2D07     P   12915.0500    1.7319 4.75e+04 -0.2758   0.8010 356.7391
   4W     2D07     S   12916.7500    3.4319 4.75e+04 -0.3654   0.7940 356.7391
   4W     2D07     P   12915.0500    1.7319 4.75e+04 -0.2758   0.8010 356.7391
   4W     2D07     S   12916.7500    3.4319 4.75e+04 -0.3654   0.7940 356.7391
   4W     2D07     P   12915.0500    1.7319 4.75e+04 -0.2758   0.8010 356.7391
   4W     A069     S   12916.9700    3.6519 8.61e+04 -0.2609   0.9470 356.8202
   4W     A069     P   12915.1100    1.7919 8.61e+04 -0.2757   0.9400 356.8202
   4W     A069     S   12916.9700    3.6519 8.61e+04 -0.2609   0.9470 356.8202
   4W     A069     P   12915.1100    1.7919 8.61e+04 -0.2757   0.9400 356.8202
   4W     A069     S   12916.9700    3.6519 8.61e+04 -0.2609   0.9470 356.8202
   4W     A069     P   12915.1100    1.7919 8.61e+04 -0.2757   0.9400 356.8202
   4W     2D08     S   12917.4700    4.1519 2.92e+04  0.0969   0.7100 356.9578
   4W     2D08     P   12915.4900    2.1719 4.46e+04  0.0305   0.9260 356.9578
   4W     2D08     S   12917.4700    4.1519 2.92e+04  0.0969   0.7100 356.9578
   4W     2D08     P   12915.4900    2.1719 4.46e+04  0.0305   0.9260 356.9578
   4W     2D08     S   12917.4700    4.1519 2.92e+04  0.0969   0.7100 356.9578
   4W     2D08     P   12915.4900    2.1719 4.46e+04  0.0305   0.9260 356.9578
   4W     A064     S   12916.9900    3.6719 5.04e+04 -0.2118   0.8890 357.1149
   4W     A064     P   12915.1100    1.7919 5.04e+04 -0.2607   0.9640 357.1149
   4W     A064     S   12916.9900    3.6719 5.04e+04 -0.2118   0.8890 357.1149
   4W     A064     P   12915.1100    1.7919 5.04e+04 -0.2607   0.9640 357.1149
   4W     A064     S   12916.9900    3.6719 5.04e+04 -0.2118   0.8890 357.1149
   4W     A064     P   12915.1100    1.7919 5.04e+04 -0.2607   0.9640 357.1149
   4W     A044     P   12915.1000    1.7819 5.95e+04 -0.2170   0.5250 358.2097
   4W     A044     P   12915.1000    1.7819 5.95e+04 -0.2170   0.5250 358.2097
   4W     A044     P   12915.1000    1.7819 5.95e+04 -0.2170   0.5250 358.2097
   4W      B13     S   12916.5600    3.2419 9.69e+04 -0.3969   0.6850 358.8125
   4W      B13     S   12916.5600    3.2419 9.69e+04 -0.3969   0.6850 358.8125
   4W      B13     S   12916.5600    3.2419 9.69e+04 -0.3969   0.6850 358.8125
   4W      B09     S   12916.5800    3.2619 8.29e+04 -0.4103   0.5470 358.8463
   4W      B09     S   12916.5800    3.2619 8.29e+04 -0.4103   0.5470 358.8463
   4W      B09     S   12916.5800    3.2619 8.29e+04 -0.4103   0.5470 358.8463
   4W     A009     P   12915.3200    2.0019 8.91e+04  0.0769   0.5740 359.6354
   4W     A009     S   12916.7500    3.4319 8.91e+04 -0.2061   0.8900 359.6354
   4W     A009     P   12915.3200    2.0019 8.91e+04  0.0769   0.5740 359.6354
   4W     A009     P   12915.3200    2.0019 8.91e+04  0.0769   0.5740 359.6354
   4W     A009     S   12916.7500    3.4319 8.91e+04 -0.2061   0.8900 359.6354
   4W     A009     S   12916.7500    3.4319 8.91e+04 -0.2061   0.8900 359.6354
   4W     A004     S   12916.7100    3.3919 9.65e+04 -0.2023   0.8970 359.8364
   4W     A004     S   12916.7100    3.3919 9.65e+04 -0.2023   0.8970 359.8364
   4W     A004     P   12915.3000    1.9819 9.65e+04  0.0796   0.6810 359.8364
   4W     A004     P   12915.3000    1.9819 9.65e+04  0.0796   0.6810 359.8364
   4W     A004     P   12915.3000    1.9819 9.65e+04  0.0796   0.6810 359.8364
   4W     A004     S   12916.7100    3.3919 9.65e+04 -0.2023   0.8970 359.8364
   4W     A000     S   12916.7800    3.4619 9.94e+04 -0.0943   0.9250 359.9718
   4W     A000     S   12916.7800    3.4619 9.94e+04 -0.0943   0.9250 359.9718
   4W     A000     P   12915.3200    2.0019 9.94e+04  0.1192   0.5080 359.9718
   4W     A000     S   12916.7800    3.4619 9.94e+04 -0.0943   0.9250 359.9718
   4W     A000     P   12915.3200    2.0019 9.94e+04  0.1192   0.5080 359.9718
   4W     A000     P   12915.3200    2.0019 9.94e+04  0.1192   0.5080 359.9718
    8   2023 04 24 03:38:25.709    13105.709  0.3730 85.6413  27.6533  12.00  6.274 0.370  36  36  72  49 215.64
   4W     2D20     P   13108.5700    2.8609 6.39e+04  0.4493   0.9470 208.5606
   4W     2D20     S   13110.5400    4.8309 6.39e+04  0.2945   0.9220 208.5606
   4W     2D20     P   13108.5700    2.8609 6.39e+04  0.4493   0.9470 208.5606
   4W     2D20     S   13110.5400    4.8309 6.39e+04  0.2945   0.9220 208.5606
   4W     2D20     P   13108.5700    2.8609 6.39e+04  0.4493   0.9470 208.5606
   4W     2D20     S   13110.5400    4.8309 6.39e+04  0.2945   0.9220 208.5606
   4W     A100     P   13108.2200    2.5109 2.84e+04  0.0373   0.9490 333.7138
   4W     A100     S   13110.0900    4.3809 1.32e+04 -0.2749   0.8130 333.7138
   4W     A100     P   13108.2200    2.5109 2.84e+04  0.0373   0.9490 333.7138
   4W     A100     S   13110.0900    4.3809 1.32e+04 -0.2749   0.8130 333.7138
   4W     A100     P   13108.2200    2.5109 2.84e+04  0.0373   0.9490 333.7138
   4W     A100     S   13110.0900    4.3809 1.32e+04 -0.2749   0.8130 333.7138
   4W     A094     P   13108.1400    2.4309 2.08e+04 -0.0373   0.9520 335.2461
   4W     A094     S   13110.1600    4.4509 1.10e+04 -0.1945   0.6340 335.2461
   4W     A094     P   13108.1400    2.4309 2.08e+04 -0.0373   0.9520 335.2461
   4W     A094     S   13110.1600    4.4509 1.10e+04 -0.1945   0.6340 335.2461
   4W     A094     P   13108.1400    2.4309 2.08e+04 -0.0373   0.9520 335.2461
   4W     A094     S   13110.1600    4.4509 1.10e+04 -0.1945   0.6340 335.2461
   4W     A154     P   13108.5900    2.8809 2.24e+04  0.3045   0.8340 337.2275
   4W     A154     S   13110.8800    5.1709 2.24e+04  0.3169   0.5460 337.2275
   4W     A154     P   13108.5900    2.8809 2.24e+04  0.3045   0.8340 337.2275
   4W     A154     S   13110.8800    5.1709 2.24e+04  0.3169   0.5460 337.2275
   4W     A154     P   13108.5900    2.8809 2.24e+04  0.3045   0.8340 337.2275
   4W     A154     S   13110.8800    5.1709 2.24e+04  0.3169   0.5460 337.2275
   4W     A159     P   13108.6700    2.9609 4.00e+04  0.3749   0.6650 337.3785
   4W     A159     P   13108.6700    2.9609 4.00e+04  0.3749   0.6650 337.3785
   4W     A159     P   13108.6700    2.9609 4.00e+04  0.3749   0.6650 337.3785
   4W     A164     P   13108.7000    2.9909 1.55e+04  0.3972   0.9040 338.0008
   4W     A164     P   13108.7000    2.9909 1.55e+04  0.3972   0.9040 338.0008
   4W     A164     S   13110.7800    5.0709 1.50e+04  0.1836   0.6640 338.0008
   4W     A164     S   13110.7800    5.0709 1.50e+04  0.1836   0.6640 338.0008
   4W     A164     P   13108.7000    2.9909 1.55e+04  0.3972   0.9040 338.0008
   4W     A164     S   13110.7800    5.0709 1.50e+04  0.1836   0.6640 338.0008
   4W     A084     P   13108.0500    2.3409 1.50e+04 -0.1064   0.9610 339.4767
   4W     A084     P   13108.0500    2.3409 1.50e+04 -0.1064   0.9610 339.4767
   4W     A084     S   13109.8900    4.1809 1.29e+04 -0.4242   0.9510 339.4767
   4W     A084     S   13109.8900    4.1809 1.29e+04 -0.4242   0.9510 339.4767
   4W     A084     S   13109.8900    4.1809 1.29e+04 -0.4242   0.9510 339.4767
   4W     A084     P   13108.0500    2.3409 1.50e+04 -0.1064   0.9610 339.4767
   4W     A079     S   13109.9500    4.2409 2.16e+04 -0.3495   0.9100 340.8991
   4W     A079     P   13108.0700    2.3609 2.16e+04 -0.0787   0.8850 340.8991
   4W     A079     P   13108.0700    2.3609 2.16e+04 -0.0787   0.8850 340.8991
   4W     A079     S   13109.9500    4.2409 2.16e+04 -0.3495   0.9100 340.8991
   4W     A079     S   13109.9500    4.2409 2.16e+04 -0.3495   0.9100 340.8991
   4W     A079     P   13108.0700    2.3609 2.16e+04 -0.0787   0.8850 340.8991
   4W     A074     S   13110.1600    4.4509 3.47e+04 -0.0985   0.5330 341.4965
   4W     A074     P   13108.0700    2.3609 3.47e+04 -0.0575   0.7740 341.4965
   4W     A074     P   13108.0700    2.3609 3.47e+04 -0.0575   0.7740 341.4965
   4W     A074     P   13108.0700    2.3609 3.47e+04 -0.0575   0.7740 341.4965
   4W     A074     S   13110.1600    4.4509 3.47e+04 -0.0985   0.5330 341.4965
   4W     A074     S   13110.1600    4.4509 3.47e+04 -0.0985   0.5330 341.4965
   4W     A069     S   13109.8700    4.1609 3.22e+04 -0.3206   0.9290 342.6652
   4W     A069     P   13108.0300    2.3209 3.22e+04 -0.0622   0.8670 342.6652
   4W     A069     S   13109.8700    4.1609 3.22e+04 -0.3206   0.9290 342.6652
   4W     A069     P   13108.0300    2.3209 3.22e+04 -0.0622   0.8670 342.6652
   4W     A069     P   13108.0300    2.3209 3.22e+04 -0.0622   0.8670 342.6652
   4W     A069     S   13109.8700    4.1609 3.22e+04 -0.3206   0.9290 342.6652
   4W      C90     S   13111.5100    5.8009 5.60e+05  1.1590   0.6220 343.7205
   4W      C90     S   13111.5100    5.8009 5.60e+05  1.1590   0.6220 343.7205
   4W      C90     S   13111.5100    5.8009 5.60e+05  1.1590   0.6220 343.7205
   4W      C56     P   13108.6700    2.9609 3.92e+04  0.5431   0.8160 344.2749
   4W      C56     S   13110.7400    5.0309 3.14e+04  0.4826   0.6240 344.2749
   4W      C56     P   13108.6700    2.9609 3.92e+04  0.5431   0.8160 344.2749
   4W      C56     S   13110.7400    5.0309 3.14e+04  0.4826   0.6240 344.2749
   4W      C56     P   13108.6700    2.9609 3.92e+04  0.5431   0.8160 344.2749
   4W      C56     S   13110.7400    5.0309 3.14e+04  0.4826   0.6240 344.2749
   4W     2D09     P   13108.3200    2.6109 7.81e+03  0.1836   0.8210 344.5674
   4W     2D09     P   13108.3200    2.6109 7.81e+03  0.1836   0.8210 344.5674
   4W     2D09     P   13108.3200    2.6109 7.81e+03  0.1836   0.8210 344.5674
   4W     2D03     S   13109.9000    4.1909 3.06e+04 -0.1373   0.5060 352.9162
   4W     2D03     S   13109.9000    4.1909 3.06e+04 -0.1373   0.5060 352.9162
   4W     2D03     S   13109.9000    4.1909 3.06e+04 -0.1373   0.5060 352.9162
    9   2023 04 24 10:10:07.240    36607.240  0.3804 85.4951  28.0108  12.00  6.662 0.300  87  87 174 111 208.22
   4W     2D14     P   36609.2300    1.9898 4.41e+04 -0.4030   0.9170  27.5659
   4W     2D14     S   36611.0500    3.8098 4.41e+04 -0.6904   0.9230  27.5659
   4W     2D14     P   36609.2300    1.9898 4.41e+04 -0.4030   0.9170  27.5659
   4W     2D14     S   36611.0500    3.8098 4.41e+04 -0.6904   0.9230  27.5659
   4W     2D14     P   36609.2300    1.9898 4.41e+04 -0.4030   0.9170  27.5659
   4W     2D14     S   36611.0500    3.8098 4.41e+04 -0.6904   0.9230  27.5659
   4W     2D12     P   36609.6300    2.3898 2.60e+04  0.2022   0.9500 140.4991
   4W     2D12     S   36611.9400    4.6998 2.60e+04  0.5951   0.8990 140.4991
   4W     2D12     P   36609.6300    2.3898 2.60e+04  0.2022   0.9500 140.4991
   4W     2D12     S   36611.9400    4.6998 2.60e+04  0.5951   0.8990 140.4991
   4W     2D12     P   36609.6300    2.3898 2.60e+04  0.2022   0.9500 140.4991
   4W     2D12     S   36611.9400    4.6998 2.60e+04  0.5951   0.8990 140.4991
   4W     2D04     P   36609.2600    2.0198 6.44e+04 -0.3041   0.9810 152.7414
   4W     2D04     S   36611.0900    3.8498 5.85e+04 -0.5176   0.6860 152.7414
   4W     2D04     P   36609.2600    2.0198 6.44e+04 -0.3041   0.9810 152.7414
   4W     2D04     S   36611.0900    3.8498 5.85e+04 -0.5176   0.6860 152.7414
   4W     2D04     P   36609.2600    2.0198 6.44e+04 -0.3041   0.9810 152.7414
   4W     2D04     S   36611.0900    3.8498 5.85e+04 -0.5176   0.6860 152.7414
   4W     2D03     P   36609.4300    2.1898 5.66e+04 -0.1137   0.9640 157.3151
   4W     2D03     S   36611.5000    4.2598 4.99e+04 -0.0682   0.5940 157.3151
   4W     2D03     P   36609.4300    2.1898 5.66e+04 -0.1137   0.9640 157.3151
   4W     2D03     S   36611.5000    4.2598 4.99e+04 -0.0682   0.5940 157.3151
   4W     2D03     P   36609.4300    2.1898 5.66e+04 -0.1137   0.9640 157.3151
   4W     2D03     S   36611.5000    4.2598 4.99e+04 -0.0682   0.5940 157.3151
   4W     2D08     P   36609.2700    2.0298 5.41e+04 -0.4269   0.5070 160.2128
   4W     2D08     P   36609.2700    2.0298 5.41e+04 -0.4269   0.5070 160.2128
   4W     2D08     P   36609.2700    2.0298 5.41e+04 -0.4269   0.5070 160.2128
   4W      B35     P   36609.1800    1.9398 1.35e+05 -0.2463   0.7350 168.5319
   4W      B35     P   36609.1800    1.9398 1.35e+05 -0.2463   0.7350 168.5319
   4W      B35     S   36610.8800    3.6398 1.35e+05 -0.4619   0.6830 168.5319
   4W      B35     S   36610.8800    3.6398 1.35e+05 -0.4619   0.6830 168.5319
   4W      B35     P   36609.1800    1.9398 1.35e+05 -0.2463   0.7350 168.5319
   4W      B35     S   36610.8800    3.6398 1.35e+05 -0.4619   0.6830 168.5319
   4W     A000     P   36609.5400    2.2998 3.57e+04  0.1017   0.9280 170.1303
   4W     A000     P   36609.5400    2.2998 3.57e+04  0.1017   0.9280 170.1303
   4W     A000     P   36609.5400    2.2998 3.57e+04  0.1017   0.9280 170.1303
   4W     A009     P   36609.4800    2.2398 4.16e+04 -0.0007   0.6660 170.3499
   4W     A009     P   36609.4800    2.2398 4.16e+04 -0.0007   0.6660 170.3499
   4W     A009     P   36609.4800    2.2398 4.16e+04 -0.0007   0.6660 170.3499
   4W     A039     S   36611.2800    4.0398 2.87e+04 -0.2662   0.8330 171.9144
   4W     A039     S   36611.2800    4.0398 2.87e+04 -0.2662   0.8330 171.9144
   4W     A039     P   36609.4300    2.1898 4.41e+04 -0.1023   0.9810 171.9144
   4W     A039     S   36611.2800    4.0398 2.87e+04 -0.2662   0.8330 171.9144
   4W     A039     P   36609.4300    2.1898 4.41e+04 -0.1023   0.9810 171.9144
   4W     A039     P   36609.4300    2.1898 4.41e+04 -0.1023   0.9810 171.9144
   4W     A049     P   36609.4700    2.2298 3.66e+04 -0.1105   0.8560 172.1873
   4W     A049     P   36609.4700    2.2298 3.66e+04 -0.1105   0.8560 172.1873
   4W     A049     P   36609.4700    2.2298 3.66e+04 -0.1105   0.8560 172.1873
   4W     2D17     S   36612.3200    5.0798 1.63e+04  0.7949   0.6960 172.6139
   4W     2D17     P   36609.9800    2.7398 2.77e+04  0.4586   0.9280 172.6139
   4W     2D17     S   36612.3200    5.0798 1.63e+04  0.7949   0.6960 172.6139
   4W     2D17     P   36609.9800    2.7398 2.77e+04  0.4586   0.9280 172.6139
   4W     2D17     S   36612.3200    5.0798 1.63e+04  0.7949   0.6960 172.6139
   4W     2D17     P   36609.9800    2.7398 2.77e+04  0.4586   0.9280 172.6139
   4W     2D07     P   36609.1900    1.9498 7.13e+04 -0.3733   0.9340 172.6551
   4W     2D07     S   36610.8600    3.6198 7.13e+04 -0.7459   0.9100 172.6551
   4W     2D07     P   36609.1900    1.9498 7.13e+04 -0.3733   0.9340 172.6551
   4W     2D07     S   36610.8600    3.6198 7.13e+04 -0.7459   0.9100 172.6551
   4W     2D07     P   36609.1900    1.9498 7.13e+04 -0.3733   0.9340 172.6551
   4W     2D07     S   36610.8600    3.6198 7.13e+04 -0.7459   0.9100 172.6551
   4W     A079     P   36609.5700    2.3298 3.03e+04 -0.1098   0.9550 175.0057
   4W     A079     S   36611.6400    4.3998 3.03e+04 -0.1906   0.7390 175.0057
   4W     A079     P   36609.5700    2.3298 3.03e+04 -0.1098   0.9550 175.0057
   4W     A079     S   36611.6400    4.3998 3.03e+04 -0.1906   0.7390 175.0057
   4W     A079     P   36609.5700    2.3298 3.03e+04 -0.1098   0.9550 175.0057
   4W     A079     S   36611.6400    4.3998 3.03e+04 -0.1906   0.7390 175.0057
   4W     A084     P   36609.6000    2.3598 2.50e+04 -0.0875   0.9430 175.4075
   4W     A084     S   36611.4900    4.2498 2.50e+04 -0.3553   0.8020 175.4075
   4W     A084     P   36609.6000    2.3598 2.50e+04 -0.0875   0.9430 175.4075
   4W     A084     S   36611.4900    4.2498 2.50e+04 -0.3553   0.8020 175.4075
   4W     A084     P   36609.6000    2.3598 2.50e+04 -0.0875   0.9430 175.4075
   4W     A084     S   36611.4900    4.2498 2.50e+04 -0.3553   0.8020 175.4075
   4W     A089     P   36609.7100    2.4698 8.69e+04  0.0165   0.7480 175.8178
   4W     A089     S   36611.7600    4.5198 8.69e+04 -0.0969   0.6250 175.8178
   4W     A089     P   36609.7100    2.4698 8.69e+04  0.0165   0.7480 175.8178
   4W     A089     S   36611.7600    4.5198 8.69e+04 -0.0969   0.6250 175.8178
   4W     A089     P   36609.7100    2.4698 8.69e+04  0.0165   0.7480 175.8178
   4W     A089     S   36611.7600    4.5198 8.69e+04 -0.0969   0.6250 175.8178
   4W     2D18     S   36611.6700    4.4298 1.29e+05  0.3279   0.7290 175.9193
   4W     2D18     P   36609.7100    2.4698 1.29e+05  0.2836   0.7820 175.9193
   4W     2D18     S   36611.6700    4.4298 1.29e+05  0.3279   0.7290 175.9193
   4W     2D18     P   36609.7100    2.4698 1.29e+05  0.2836   0.7820 175.9193
   4W     2D18     S   36611.6700    4.4298 1.29e+05  0.3279   0.7290 175.9193
   4W     2D18     P   36609.7100    2.4698 1.29e+05  0.2836   0.7820 175.9193
   4W     A094     P   36609.7100    2.4698 4.92e+04  0.0016   0.9690 176.1913
   4W     A094     S   36611.6900    4.4498 4.92e+04 -0.1957   0.7320 176.1913
   4W     A094     P   36609.7100    2.4698 4.92e+04  0.0016   0.9690 176.1913
   4W     A094     S   36611.6900    4.4498 4.92e+04 -0.1957   0.7320 176.1913
   4W     A094     P   36609.7100    2.4698 4.92e+04  0.0016   0.9690 176.1913
   4W     A094     S   36611.6900    4.4498 4.92e+04 -0.1957   0.7320 176.1913
   4W     2D20     S   36612.8900    5.6498 1.22e+05  1.1132   0.7600 176.5981
   4W     2D20     S   36612.8900    5.6498 1.22e+05  1.1132   0.7600 176.5981
   4W     2D20     S   36612.8900    5.6498 1.22e+05  1.1132   0.7600 176.5981
   4W     2D09     S   36611.3100    4.0698 3.68e+04 -0.4968   0.7890 176.8237
   4W     2D09     S   36611.3100    4.0698 3.68e+04 -0.4968   0.7890 176.8237
   4W     2D09     P   36609.5000    2.2598 3.68e+04 -0.1675   0.8910 176.8237
   4W     2D09     P   36609.5000    2.2598 3.68e+04 -0.1675   0.8910 176.8237
   4W     2D09     P   36609.5000    2.2598 3.68e+04 -0.1675   0.8910 176.8237
   4W     2D09     S   36611.3100    4.0698 3.68e+04 -0.4968   0.7890 176.8237
   4W     A109     S   36611.7600    4.5198 2.50e+05 -0.1384   0.9120 176.8382
   4W     A109     S   36611.7600    4.5198 2.50e+05 -0.1384   0.9120 176.8382
   4W     A109     P   36609.7500    2.5098 2.50e+05  0.0350   0.7030 176.8382
   4W     A109     S   36611.7600    4.5198 2.50e+05 -0.1384   0.9120 176.8382
   4W     A109     P   36609.7500    2.5098 2.50e+05  0.0350   0.7030 176.8382
   4W     A109     P   36609.7500    2.5098 2.50e+05  0.0350   0.7030 176.8382
   4W      AX6     P   36609.7600    2.5198 7.97e+04  0.0460   0.9310 176.9406
   4W      AX6     P   36609.7600    2.5198 7.97e+04  0.0460   0.9310 176.9406
   4W      AX6     P   36609.7600    2.5198 7.97e+04  0.0460   0.9310 176.9406
   4W      AX6     S   36611.7100    4.4698 7.97e+04 -0.1865   0.9460 176.9406
   4W      AX6     S   36611.7100    4.4698 7.97e+04 -0.1865   0.9460 176.9406
   4W      AX6     S   36611.7100    4.4698 7.97e+04 -0.1865   0.9460 176.9406
   4W     A132     P   36609.8300    2.5898 1.59e+05  0.0688   0.9670 177.5605
   4W     A132     S   36611.9200    4.6798 2.19e+05 -0.0673   0.7950 177.5605
   4W     A132     P   36609.8300    2.5898 1.59e+05  0.0688   0.9670 177.5605
   4W     A132     P   36609.8300    2.5898 1.59e+05  0.0688   0.9670 177.5605
   4W     A132     S   36611.9200    4.6798 2.19e+05 -0.0673   0.7950 177.5605
   4W     A132     S   36611.9200    4.6798 2.19e+05 -0.0673   0.7950 177.5605
   4W     A134     P   36609.8700    2.6298 1.25e+05  0.0971   0.9630 177.6034
   4W     A134     S   36612.0100    4.7698 1.25e+05  0.0000   0.7580 177.6034
   4W     A134     S   36612.0100    4.7698 1.25e+05  0.0000   0.7580 177.6034
   4W     A134     S   36612.0100    4.7698 1.25e+05  0.0000   0.7580 177.6034
   4W     A134     P   36609.8700    2.6298 1.25e+05  0.0971   0.9630 177.6034
   4W     A134     P   36609.8700    2.6298 1.25e+05  0.0971   0.9630 177.6034
   4W     A139     P   36609.9000    2.6598 9.01e+04  0.1209   0.9350 177.7939
   4W     A139     S   36612.1100    4.8698 9.01e+04  0.0881   0.7610 177.7939
   4W     A139     P   36609.9000    2.6598 9.01e+04  0.1209   0.9350 177.7939
   4W     A139     P   36609.9000    2.6598 9.01e+04  0.1209   0.9350 177.7939
   4W     A139     S   36612.1100    4.8698 9.01e+04  0.0881   0.7610 177.7939
   4W     A139     S   36612.1100    4.8698 9.01e+04  0.0881   0.7610 177.7939
   4W     A144     P   36610.0000    2.7598 9.03e+04  0.2061   0.5500 177.9843
   4W     A144     S   36612.0900    4.8498 9.03e+04  0.0396   0.8800 177.9843
   4W     A144     S   36612.0900    4.8498 9.03e+04  0.0396   0.8800 177.9843
   4W     A144     S   36612.0900    4.8498 9.03e+04  0.0396   0.8800 177.9843
   4W     A144     P   36610.0000    2.7598 9.03e+04  0.2061   0.5500 177.9843
   4W     A144     P   36610.0000    2.7598 9.03e+04  0.2061   0.5500 177.9843
   4W     2D19     S   36612.6300    5.3898 3.64e+04  0.9192   0.7400 178.1258
   4W     2D19     S   36612.6300    5.3898 3.64e+04  0.9192   0.7400 178.1258
   4W     2D19     S   36612.6300    5.3898 3.64e+04  0.9192   0.7400 178.1258
   4W     A149     S   36612.4400    5.1998 5.18e+04  0.3314   0.5880 178.1463
   4W     A149     S   36612.4400    5.1998 5.18e+04  0.3314   0.5880 178.1463
   4W     A149     S   36612.4400    5.1998 5.18e+04  0.3314   0.5880 178.1463
   4W     A159     P   36609.9800    2.7398 8.59e+04  0.1538   0.9640 178.5660
   4W     A159     S   36612.1600    4.9198 8.59e+04  0.0474   0.8770 178.5660
   4W     A159     S   36612.1600    4.9198 8.59e+04  0.0474   0.8770 178.5660
   4W     A159     S   36612.1600    4.9198 8.59e+04  0.0474   0.8770 178.5660
   4W     A159     P   36609.9800    2.7398 8.59e+04  0.1538   0.9640 178.5660
   4W     A159     P   36609.9800    2.7398 8.59e+04  0.1538   0.9640 178.5660
   4W     A169     P   36609.9700    2.7298 1.28e+05  0.1328   0.7990 178.9314
   4W     A169     P   36609.9700    2.7298 1.28e+05  0.1328   0.7990 178.9314
   4W     A169     P   36609.9700    2.7298 1.28e+05  0.1328   0.7990 178.9314
   4W      C21     P   36609.8400    2.5998 5.11e+04  0.1064   0.8830 179.0438
   4W      C21     S   36611.9100    4.6698 5.11e+04 -0.0243   0.9380 179.0438
   4W      C21     P   36609.8400    2.5998 5.11e+04  0.1064   0.8830 179.0438
   4W      C21     S   36611.9100    4.6698 5.11e+04 -0.0243   0.9380 179.0438
   4W      C21     P   36609.8400    2.5998 5.11e+04  0.1064   0.8830 179.0438
   4W      C21     S   36611.9100    4.6698 5.11e+04 -0.0243   0.9380 179.0438
   4W      C15     P   36609.8500    2.6098 3.92e+04  0.0985   0.9420 179.0704
   4W      C15     S   36611.9300    4.6898 3.92e+04 -0.0387   0.9210 179.0704
   4W      C15     P   36609.8500    2.6098 3.92e+04  0.0985   0.9420 179.0704
   4W      C15     S   36611.9300    4.6898 3.92e+04 -0.0387   0.9210 179.0704
   4W      C15     P   36609.8500    2.6098 3.92e+04  0.0985   0.9420 179.0704
   4W      C15     S   36611.9300    4.6898 3.92e+04 -0.0387   0.9210 179.0704
   4W      C10     P   36609.8700    2.6298 4.64e+04  0.0958   0.9230 179.0902
   4W      C10     S   36611.9600    4.7198 4.64e+04 -0.0524   0.9230 179.0902
   4W      C10     P   36609.8700    2.6298 4.64e+04  0.0958   0.9230 179.0902
   4W      C10     S   36611.9600    4.7198 4.64e+04 -0.0524   0.9230 179.0902
   4W      C10     P   36609.8700    2.6298 4.64e+04  0.0958   0.9230 179.0902
   4W      C10     S   36611.9600    4.7198 4.64e+04 -0.0524   0.9230 179.0902
   4W      C56     S   36611.7100    4.4698 1.26e+05 -0.0784   0.7820 179.2655
   4W      C56     S   36611.7100    4.4698 1.26e+05 -0.0784   0.7820 179.2655
   4W      C56     S   36611.7100    4.4698 1.26e+05 -0.0784   0.7820 179.2655
   4W     2D22     S   36612.9800    5.7398 4.04e+04  1.3014   0.9350 179.3411
   4W     2D22     S   36612.9800    5.7398 4.04e+04  1.3014   0.9350 179.3411
   4W     2D22     S   36612.9800    5.7398 4.04e+04  1.3014   0.9350 179.3411
   10   2023 04 24 14:34:20.179    52460.179  0.3886 85.6683  28.2919   8.00  6.451 0.332  90 111 201 107 271.67
   4W     2D08     P   52462.5600    2.3809 1.59e+04  0.5583   0.5990   9.1637
   4W     2D08     P   52462.5600    2.3809 1.59e+04  0.5583   0.5990   9.1637
   4W     2D08     P   52462.5600    2.3809 1.59e+04  0.5583   0.5990   9.1637
   4W      C69     P   52462.4500    2.2709 5.60e+05  0.5225   0.7440   9.8100
   4W      C69     P   52462.4500    2.2709 5.60e+05  0.5225   0.7440   9.8100
   4W      C69     P   52462.4500    2.2709 5.60e+05  0.5225   0.7440   9.8100
   4W      C56     P   52462.3900    2.2109 3.64e+04  0.4273   0.6700  10.2327
   4W      C56     P   52462.3900    2.2109 3.64e+04  0.4273   0.6700  10.2327
   4W      C56     P   52462.3900    2.2109 3.64e+04  0.4273   0.6700  10.2327
   4W     2D04     P   52462.2700    2.0909 1.89e+04  0.4011   0.9010  11.6705
   4W     2D04     P   52462.2700    2.0909 1.89e+04  0.4011   0.9010  11.6705
   4W     2D04     P   52462.2700    2.0909 1.89e+04  0.4011   0.9010  11.6705
   4W     2D06     S   52463.8300    3.6509 4.62e+04  0.5788   0.6400  11.6911
   4W     2D06     S   52463.8300    3.6509 4.62e+04  0.5788   0.6400  11.6911
   4W     2D06     S   52463.8300    3.6509 4.62e+04  0.5788   0.6400  11.6911
   4W     2D09     S   52464.2400    4.0609 1.15e+04  0.6409   0.9240  12.0958
   4W     2D09     S   52464.2400    4.0609 1.15e+04  0.6409   0.9240  12.0958
   4W     2D09     P   52462.0300    1.8509 1.15e+04  0.0578   0.8870  12.0958
   4W     2D09     S   52464.2400    4.0609 1.15e+04  0.6409   0.9240  12.0958
   4W     2D09     P   52462.0300    1.8509 1.15e+04  0.0578   0.8870  12.0958
   4W     2D09     P   52462.0300    1.8509 1.15e+04  0.0578   0.8870  12.0958
   4W     2D07     S   52464.2800    4.1009 1.43e+04  0.8817   0.5410  12.2691
   4W     2D07     S   52464.2800    4.1009 1.43e+04  0.8817   0.5410  12.2691
   4W     2D07     S   52464.2800    4.1009 1.43e+04  0.8817   0.5410  12.2691
   4W     2D07     P   52461.8900    1.7109 1.43e+04  0.0220   0.9800  12.2691
   4W     2D07     P   52461.8900    1.7109 1.43e+04  0.0220   0.9800  12.2691
   4W     2D07     P   52461.8900    1.7109 1.43e+04  0.0220   0.9800  12.2691
   4W     A174     S   52464.6500    4.4709 2.11e+04  0.7319   0.9270  12.4961
   4W     A174     S   52464.6500    4.4709 2.11e+04  0.7319   0.9270  12.4961
   4W     A174     P   52462.2900    2.1109 2.11e+04  0.1523   0.9140  12.4961
   4W     A174     S   52464.6500    4.4709 2.11e+04  0.7319   0.9270  12.4961
   4W     A174     P   52462.2900    2.1109 2.11e+04  0.1523   0.9140  12.4961
   4W     A174     P   52462.2900    2.1109 2.11e+04  0.1523   0.9140  12.4961
   4W     2D05     P   52461.8000    1.6209 3.08e+04  0.0624   0.9150  12.9899
   4W     2D05     S   52463.7600    3.5809 1.79e+04  0.6131   0.6070  12.9899
   4W     2D05     S   52463.7600    3.5809 1.79e+04  0.6131   0.6070  12.9899
   4W     2D05     S   52463.7600    3.5809 1.79e+04  0.6131   0.6070  12.9899
   4W     2D05     P   52461.8000    1.6209 3.08e+04  0.0624   0.9150  12.9899
   4W     2D05     P   52461.8000    1.6209 3.08e+04  0.0624   0.9150  12.9899
   4W     A169     P   52462.2100    2.0309 2.73e+04  0.0682   0.9720  13.2775
   4W     A169     S   52464.5200    4.3409 2.73e+04  0.5940   0.9250  13.2775
   4W     A169     P   52462.2100    2.0309 2.73e+04  0.0682   0.9720  13.2775
   4W     A169     P   52462.2100    2.0309 2.73e+04  0.0682   0.9720  13.2775
   4W     A169     S   52464.5200    4.3409 2.73e+04  0.5940   0.9250  13.2775
   4W     A169     S   52464.5200    4.3409 2.73e+04  0.5940   0.9250  13.2775
   4W     2D03     P   52462.2100    2.0309 2.04e+04  0.3616   0.9780  13.5984
   4W     2D03     P   52462.2100    2.0309 2.04e+04  0.3616   0.9780  13.5984
   4W     2D03     P   52462.2100    2.0309 2.04e+04  0.3616   0.9780  13.5984
   4W     A164     S   52464.4100    4.2309 2.46e+04  0.4904   0.8370  14.3166
   4W     A164     S   52464.4100    4.2309 2.46e+04  0.4904   0.8370  14.3166
   4W     A164     S   52464.4100    4.2309 2.46e+04  0.4904   0.8370  14.3166
   4W     A154     S   52464.1500    3.9709 4.87e+04  0.2636   0.9420  15.3847
   4W     A154     S   52464.1500    3.9709 4.87e+04  0.2636   0.9420  15.3847
   4W     A154     S   52464.1500    3.9709 4.87e+04  0.2636   0.9420  15.3847
   4W     A149     S   52464.1800    4.0009 2.53e+04  0.2793   0.9190  15.7378
   4W     A149     S   52464.1800    4.0009 2.53e+04  0.2793   0.9190  15.7378
   4W     A149     S   52464.1800    4.0009 2.53e+04  0.2793   0.9190  15.7378
   4W      B23     P   52461.6500    1.4709 6.44e+04 -0.1080   0.8950  15.9488
   4W      B23     P   52461.6500    1.4709 6.44e+04 -0.1080   0.8950  15.9488
   4W      B23     P   52461.6500    1.4709 6.44e+04 -0.1080   0.8950  15.9488
   4W      B23     S   52463.5800    3.4009 3.98e+04  0.3936   0.8160  15.9488
   4W      B23     S   52463.5800    3.4009 3.98e+04  0.3936   0.8160  15.9488
   4W      B23     S   52463.5800    3.4009 3.98e+04  0.3936   0.8160  15.9488
   4W     A144     S   52464.0700    3.8909 3.19e+04  0.2274   0.8330  16.5538
   4W     A144     S   52464.0700    3.8909 3.19e+04  0.2274   0.8330  16.5538
   4W     A144     S   52464.0700    3.8909 3.19e+04  0.2274   0.8330  16.5538
   4W      B09     P   52461.6600    1.4809 2.49e+04 -0.1431   0.9720  16.8702
   4W      B09     S   52463.6000    3.4209 2.40e+04  0.3269   0.7810  16.8702
   4W      B09     P   52461.6600    1.4809 2.49e+04 -0.1431   0.9720  16.8702
   4W      B09     S   52463.6000    3.4209 2.40e+04  0.3269   0.7810  16.8702
   4W      B09     P   52461.6600    1.4809 2.49e+04 -0.1431   0.9720  16.8702
   4W      B09     S   52463.6000    3.4209 2.40e+04  0.3269   0.7810  16.8702
   4W     A139     S   52463.9000    3.7209 2.95e+04  0.0859   0.8660  17.0233
   4W     A139     S   52463.9000    3.7209 2.95e+04  0.0859   0.8660  17.0233
   4W     A139     S   52463.9000    3.7209 2.95e+04  0.0859   0.8660  17.0233
   4W     A044     S   52463.6400    3.4609 2.39e+04  0.2588   0.8900  17.4459
   4W     A044     P   52461.6100    1.4309 2.39e+04 -0.2491   0.9650  17.4459
   4W     A044     S   52463.6400    3.4609 2.39e+04  0.2588   0.8900  17.4459
   4W     A044     P   52461.6100    1.4309 2.39e+04 -0.2491   0.9650  17.4459
   4W     A044     P   52461.6100    1.4309 2.39e+04 -0.2491   0.9650  17.4459
   4W     A044     S   52463.6400    3.4609 2.39e+04  0.2588   0.8900  17.4459
   4W     A134     P   52461.7800    1.6009 8.50e+04 -0.2975   0.9110  17.4497
   4W     A134     P   52461.7800    1.6009 8.50e+04 -0.2975   0.9110  17.4497
   4W     A134     S   52463.9100    3.7309 8.50e+04  0.1079   0.9300  17.4497
   4W     A134     S   52463.9100    3.7309 8.50e+04  0.1079   0.9300  17.4497
   4W     A134     S   52463.9100    3.7309 8.50e+04  0.1079   0.9300  17.4497
   4W     A134     P   52461.7800    1.6009 8.50e+04 -0.2975   0.9110  17.4497
   4W     A054     S   52463.6300    3.4509 7.82e+04  0.1687   0.8290  17.4698
   4W     A054     P   52461.6700    1.4909 7.82e+04 -0.2307   0.8920  17.4698
   4W     A054     P   52461.6700    1.4909 7.82e+04 -0.2307   0.8920  17.4698
   4W     A054     S   52463.6300    3.4509 7.82e+04  0.1687   0.8290  17.4698
   4W     A054     S   52463.6300    3.4509 7.82e+04  0.1687   0.8290  17.4698
   4W     A054     P   52461.6700    1.4909 7.82e+04 -0.2307   0.8920  17.4698
   4W     A039     P   52461.5900    1.4109 2.00e+04 -0.2469   0.9500  17.7523
   4W     A039     P   52461.5900    1.4109 2.00e+04 -0.2469   0.9500  17.7523
   4W     A039     S   52463.5200    3.3409 1.50e+04  0.1816   0.7460  17.7523
   4W     A039     S   52463.5200    3.3409 1.50e+04  0.1816   0.7460  17.7523
   4W     A039     S   52463.5200    3.3409 1.50e+04  0.1816   0.7460  17.7523
   4W     A039     P   52461.5900    1.4109 2.00e+04 -0.2469   0.9500  17.7523
   4W     A132     S   52463.7700    3.5909 7.98e+04 -0.0094   0.9240  17.8453
   4W     A132     P   52461.7400    1.5609 7.98e+04 -0.3258   0.9470  17.8453
   4W     A132     P   52461.7400    1.5609 7.98e+04 -0.3258   0.9470  17.8453
   4W     A132     S   52463.7700    3.5909 7.98e+04 -0.0094   0.9240  17.8453
   4W     A132     S   52463.7700    3.5909 7.98e+04 -0.0094   0.9240  17.8453
   4W     A132     P   52461.7400    1.5609 7.98e+04 -0.3258   0.9470  17.8453
   4W     A059     S   52463.4200    3.2409 5.06e+04 -0.0354   0.6600  17.9885
   4W     A059     P   52461.5800    1.4009 5.06e+04 -0.3176   0.7430  17.9885
   4W     A059     P   52461.5800    1.4009 5.06e+04 -0.3176   0.7430  17.9885
   4W     A059     P   52461.5800    1.4009 5.06e+04 -0.3176   0.7430  17.9885
   4W     A059     S   52463.4200    3.2409 5.06e+04 -0.0354   0.6600  17.9885
   4W     A059     S   52463.4200    3.2409 5.06e+04 -0.0354   0.6600  17.9885
   4W     A014     S   52463.5900    3.4109 5.06e+04  0.3222   0.9070  18.1734
   4W     A014     P   52461.6500    1.4709 9.61e+04 -0.1503   0.9780  18.1734
   4W     A014     S   52463.5900    3.4109 5.06e+04  0.3222   0.9070  18.1734
   4W     A014     P   52461.6500    1.4709 9.61e+04 -0.1503   0.9780  18.1734
   4W     A014     P   52461.6500    1.4709 9.61e+04 -0.1503   0.9780  18.1734
   4W     A014     S   52463.5900    3.4109 5.06e+04  0.3222   0.9070  18.1734
   4W     A064     S   52463.4800    3.3009 4.69e+04 -0.0047   0.9040  18.3617
   4W     A064     P   52461.6100    1.4309 4.69e+04 -0.3028   0.9650  18.3617
   4W     A064     P   52461.6100    1.4309 4.69e+04 -0.3028   0.9650  18.3617
   4W     A064     P   52461.6100    1.4309 4.69e+04 -0.3028   0.9650  18.3617
   4W     A064     S   52463.4800    3.3009 4.69e+04 -0.0047   0.9040  18.3617
   4W     A064     S   52463.4800    3.3009 4.69e+04 -0.0047   0.9040  18.3617
   4W     A069     P   52461.5500    1.3709 1.27e+05 -0.3779   0.9490  18.5949
   4W     A069     S   52463.4500    3.2709 1.27e+05 -0.0638   0.9570  18.5949
   4W     A069     S   52463.4500    3.2709 1.27e+05 -0.0638   0.9570  18.5949
   4W     A069     P   52461.5500    1.3709 1.27e+05 -0.3779   0.9490  18.5949
   4W     A069     S   52463.4500    3.2709 1.27e+05 -0.0638   0.9570  18.5949
   4W     A069     P   52461.5500    1.3709 1.27e+05 -0.3779   0.9490  18.5949
   4W     A009     P   52461.6500    1.4709 3.30e+04 -0.1353   0.9720  18.8767
   4W     A009     P   52461.6500    1.4709 3.30e+04 -0.1353   0.9720  18.8767
   4W     A009     S   52463.6400    3.4609 3.30e+04  0.4011   0.8560  18.8767
   4W     A009     S   52463.6400    3.4609 3.30e+04  0.4011   0.8560  18.8767
   4W     A009     S   52463.6400    3.4609 3.30e+04  0.4011   0.8560  18.8767
   4W     A009     P   52461.6500    1.4709 3.30e+04 -0.1353   0.9720  18.8767
   4W     A074     S   52463.5100    3.3309 6.70e+04 -0.0717   0.7910  19.0042
   4W     A074     S   52463.5100    3.3309 6.70e+04 -0.0717   0.7910  19.0042
   4W     A074     S   52463.5100    3.3309 6.70e+04 -0.0717   0.7910  19.0042
   4W     A000     P   52461.6300    1.4509 2.70e+04 -0.1129   0.7910  19.4642
   4W     A000     P   52461.6300    1.4509 2.70e+04 -0.1129   0.7910  19.4642
   4W     A000     P   52461.6300    1.4509 2.70e+04 -0.1129   0.7910  19.4642
   4W     A084     S   52463.3200    3.1409 3.08e+04 -0.3175   0.9460  19.4829
   4W     A084     P   52461.5000    1.3209 3.08e+04 -0.4921   0.8680  19.4829
   4W     A084     P   52461.5000    1.3209 3.08e+04 -0.4921   0.8680  19.4829
   4W     A084     P   52461.5000    1.3209 3.08e+04 -0.4921   0.8680  19.4829
   4W     A084     S   52463.3200    3.1409 3.08e+04 -0.3175   0.9460  19.4829
   4W     A084     S   52463.3200    3.1409 3.08e+04 -0.3175   0.9460  19.4829
   4W     A004     S   52463.5300    3.3509 2.02e+04  0.3348   0.9370  19.4867
   4W     A004     S   52463.5300    3.3509 2.02e+04  0.3348   0.9370  19.4867
   4W     A004     P   52461.6100    1.4309 2.23e+04 -0.1526   0.9780  19.4867
   4W     A004     S   52463.5300    3.3509 2.02e+04  0.3348   0.9370  19.4867
   4W     A004     P   52461.6100    1.4309 2.23e+04 -0.1526   0.9780  19.4867
   4W     A004     P   52461.6100    1.4309 2.23e+04 -0.1526   0.9780  19.4867
   4W     A114     S   52463.3600    3.1809 1.28e+05 -0.3280   0.8430  19.9384
   4W     A114     P   52461.5100    1.3309 1.28e+05 -0.5083   0.8470  19.9384
   4W     A114     P   52461.5100    1.3309 1.28e+05 -0.5083   0.8470  19.9384
   4W     A114     P   52461.5100    1.3309 1.28e+05 -0.5083   0.8470  19.9384
   4W     A114     S   52463.3600    3.1809 1.28e+05 -0.3280   0.8430  19.9384
   4W     A114     S   52463.3600    3.1809 1.28e+05 -0.3280   0.8430  19.9384
   4W     A113     S   52463.4200    3.2409 1.13e+05 -0.2800   0.5070  20.1465
   4W     A113     S   52463.4200    3.2409 1.13e+05 -0.2800   0.5070  20.1465
   4W     A113     S   52463.4200    3.2409 1.13e+05 -0.2800   0.5070  20.1465
   4W     A089     S   52463.3300    3.1509 6.41e+04 -0.3191   0.6200  20.3075
   4W     A089     S   52463.3300    3.1509 6.41e+04 -0.3191   0.6200  20.3075
   4W     A089     S   52463.3300    3.1509 6.41e+04 -0.3191   0.6200  20.3075
   4W     A109     S   52463.3500    3.1709 2.06e+05 -0.3405   0.9100  20.8318
   4W     A109     S   52463.3500    3.1709 2.06e+05 -0.3405   0.9100  20.8318
   4W     A109     S   52463.3500    3.1709 2.06e+05 -0.3405   0.9100  20.8318
   4W     A100     S   52463.3300    3.1509 5.25e+04 -0.3581   0.9350  21.4477
   4W     A100     P   52461.4700    1.2909 5.25e+04 -0.5484   0.9060  21.4477
   4W     A100     S   52463.3300    3.1509 5.25e+04 -0.3581   0.9350  21.4477
   4W     A100     P   52461.4700    1.2909 5.25e+04 -0.5484   0.9060  21.4477
   4W     A100     S   52463.3300    3.1509 5.25e+04 -0.3581   0.9350  21.4477
   4W     A100     P   52461.4700    1.2909 5.25e+04 -0.5484   0.9060  21.4477
   4W     2D17     P   52461.5000    1.3209 4.72e+04 -0.3259   0.9260  30.2637
   4W     2D17     S   52463.3700    3.1909 4.72e+04  0.0528   0.8210  30.2637
   4W     2D17     P   52461.5000    1.3209 4.72e+04 -0.3259   0.9260  30.2637
   4W     2D17     S   52463.3700    3.1909 4.72e+04  0.0528   0.8210  30.2637
   4W     2D17     P   52461.5000    1.3209 4.72e+04 -0.3259   0.9260  30.2637
   4W     2D17     S   52463.3700    3.1909 4.72e+04  0.0528   0.8210  30.2637
   4W     2D18     S   52462.4600    2.2809 1.89e+05 -0.6741   0.9550  32.2897
   4W     2D18     S   52462.4600    2.2809 1.89e+05 -0.6741   0.9550  32.2897
   4W     2D18     S   52462.4600    2.2809 1.89e+05 -0.6741   0.9550  32.2897
   4W     2D21     P   52461.8300    1.6509 1.83e+04  0.0000   0.9560  36.9532
   4W     2D21     P   52461.8300    1.6509 1.83e+04  0.0000   0.9560  36.9532
   4W     2D21     S   52463.9300    3.7509 1.61e+04  0.6049   0.8780  36.9532
   4W     2D21     S   52463.9300    3.7509 1.61e+04  0.6049   0.8780  36.9532
   4W     2D21     P   52461.8300    1.6509 1.83e+04  0.0000   0.9560  36.9532
   4W     2D21     S   52463.9300    3.7509 1.61e+04  0.6049   0.8780  36.9532
   4W     2D19     S   52462.7900    2.6109 1.63e+05 -0.7127   0.9530  68.9894
   4W     2D19     S   52462.7900    2.6109 1.63e+05 -0.7127   0.9530  68.9894
   4W     2D19     S   52462.7900    2.6109 1.63e+05 -0.7127   0.9530  68.9894
   4W     2D22     P   52461.4300    1.2509 5.65e+04 -0.4755   0.9720  74.2791
   4W     2D22     S   52463.3000    3.1209 4.32e+04 -0.1706   0.9650  74.2791
   4W     2D22     P   52461.4300    1.2509 5.65e+04 -0.4755   0.9720  74.2791
   4W     2D22     S   52463.3000    3.1209 4.32e+04 -0.1706   0.9650  74.2791
   4W     2D22     P   52461.4300    1.2509 5.65e+04 -0.4755   0.9720  74.2791
   4W     2D22     S   52463.3000    3.1209 4.32e+04 -0.1706   0.9650  74.2791
   4W     2D20     S   52462.5700    2.3909 4.67e+05 -0.9987   0.8780  97.4890
   4W     2D20     S   52462.5700    2.3909 4.67e+05 -0.9987   0.8780  97.4890
   4W     2D20     S   52462.5700    2.3909 4.67e+05 -0.9987   0.8780  97.4890
   11   2023 04 24 14:37:54.967    52674.967  0.1684 85.5229  28.2739  10.00  5.990 0.284  39  33  72  38 326.33
   4W     2D07     P   52676.7700    1.8032 1.00e+04 -0.2044   0.9510 127.2046
   4W     2D07     S   52678.4500    3.4832 1.00e+04 -0.3139   0.8900 127.2046
   4W     2D07     P   52676.7700    1.8032 1.00e+04 -0.2044   0.9510 127.2046
   4W     2D07     S   52678.4500    3.4832 1.00e+04 -0.3139   0.8900 127.2046
   4W     2D07     P   52676.7700    1.8032 1.00e+04 -0.2044   0.9510 127.2046
   4W     2D07     S   52678.4500    3.4832 1.00e+04 -0.3139   0.8900 127.2046
   4W     2D09     P   52677.1500    2.1832 6.69e+03  0.0714   0.8610 142.9166
   4W     2D09     P   52677.1500    2.1832 6.69e+03  0.0714   0.8610 142.9166
   4W     2D09     P   52677.1500    2.1832 6.69e+03  0.0714   0.8610 142.9166
   4W     A014     S   52678.5200    3.5532 3.39e+04 -0.1135   0.9170 143.3680
   4W     A014     S   52678.5200    3.5532 3.39e+04 -0.1135   0.9170 143.3680
   4W     A014     S   52678.5200    3.5532 3.39e+04 -0.1135   0.9170 143.3680
   4W     A009     S   52678.6700    3.7032 3.08e+04  0.0653   0.7190 144.8921
   4W     A009     P   52677.0600    2.0932 3.08e+04  0.1682   0.7840 144.8921
   4W     A009     S   52678.6700    3.7032 3.08e+04  0.0653   0.7190 144.8921
   4W     A009     P   52677.0600    2.0932 3.08e+04  0.1682   0.7840 144.8921
   4W     A009     S   52678.6700    3.7032 3.08e+04  0.0653   0.7190 144.8921
   4W     A009     P   52677.0600    2.0932 3.08e+04  0.1682   0.7840 144.8921
   4W     A004     S   52678.5900    3.6232 1.25e+04  0.0291   0.5970 145.9109
   4W     A004     S   52678.5900    3.6232 1.25e+04  0.0291   0.5970 145.9109
   4W     A004     S   52678.5900    3.6232 1.25e+04  0.0291   0.5970 145.9109
   4W     A064     S   52678.7900    3.8232 1.50e+04 -0.0605   0.7870 152.1614
   4W     A064     S   52678.7900    3.8232 1.50e+04 -0.0605   0.7870 152.1614
   4W     A064     S   52678.7900    3.8232 1.50e+04 -0.0605   0.7870 152.1614
   4W     A069     P   52676.8600    1.8932 2.18e+04 -0.1745   0.6550 153.3226
   4W     A069     S   52678.7800    3.8132 2.18e+04 -0.0996   0.9340 153.3226
   4W     A069     P   52676.8600    1.8932 2.18e+04 -0.1745   0.6550 153.3226
   4W     A069     S   52678.7800    3.8132 2.18e+04 -0.0996   0.9340 153.3226
   4W     A069     P   52676.8600    1.8932 2.18e+04 -0.1745   0.6550 153.3226
   4W     A069     S   52678.7800    3.8132 2.18e+04 -0.0996   0.9340 153.3226
   4W     A084     P   52676.9500    1.9832 6.71e+03 -0.1486   0.8920 156.7433
   4W     A084     S   52678.8400    3.8732 5.65e+03 -0.1633   0.7860 156.7433
   4W     A084     P   52676.9500    1.9832 6.71e+03 -0.1486   0.8920 156.7433
   4W     A084     S   52678.8400    3.8732 5.65e+03 -0.1633   0.7860 156.7433
   4W     A084     P   52676.9500    1.9832 6.71e+03 -0.1486   0.8920 156.7433
   4W     A084     S   52678.8400    3.8732 5.65e+03 -0.1633   0.7860 156.7433
   4W     A089     P   52677.0300    2.0632 1.57e+04 -0.0746   0.8910 158.3260
   4W     A089     S   52679.1100    4.1432 1.34e+04  0.0951   0.8360 158.3260
   4W     A089     P   52677.0300    2.0632 1.57e+04 -0.0746   0.8910 158.3260
   4W     A089     S   52679.1100    4.1432 1.34e+04  0.0951   0.8360 158.3260
   4W     A089     P   52677.0300    2.0632 1.57e+04 -0.0746   0.8910 158.3260
   4W     A089     S   52679.1100    4.1432 1.34e+04  0.0951   0.8360 158.3260
   4W     A149     P   52677.4600    2.4932 7.44e+03  0.2248   0.9410 158.8078
   4W     A149     P   52677.4600    2.4932 7.44e+03  0.2248   0.9410 158.8078
   4W     A149     P   52677.4600    2.4932 7.44e+03  0.2248   0.9410 158.8078
   4W     A154     S   52679.6600    4.6932 7.91e+03  0.4078   0.5930 158.8229
   4W     A154     S   52679.6600    4.6932 7.91e+03  0.4078   0.5930 158.8229
   4W     A154     P   52677.4700    2.5032 8.57e+03  0.2422   0.6690 158.8229
   4W     A154     P   52677.4700    2.5032 8.57e+03  0.2422   0.6690 158.8229
   4W     A154     P   52677.4700    2.5032 8.57e+03  0.2422   0.6690 158.8229
   4W     A154     S   52679.6600    4.6932 7.91e+03  0.4078   0.5930 158.8229
   4W     A144     P   52677.4300    2.4632 1.65e+04  0.2249   0.8280 159.5131
   4W     A144     P   52677.4300    2.4632 1.65e+04  0.2249   0.8280 159.5131
   4W     A144     P   52677.4300    2.4632 1.65e+04  0.2249   0.8280 159.5131
   4W     A114     P   52677.1100    2.1432 4.26e+04 -0.0148   0.5900 160.3988
   4W     A114     P   52677.1100    2.1432 4.26e+04 -0.0148   0.5900 160.3988
   4W     A114     P   52677.1100    2.1432 4.26e+04 -0.0148   0.5900 160.3988
   4W     A100     S   52678.8700    3.9032 3.48e+04 -0.1840   0.9400 160.4910
   4W     A100     S   52678.8700    3.9032 3.48e+04 -0.1840   0.9400 160.4910
   4W     A100     S   52678.8700    3.9032 3.48e+04 -0.1840   0.9400 160.4910
   4W     A100     P   52677.1100    2.1432 3.48e+04 -0.0149   0.9450 160.4910
   4W     A100     P   52677.1100    2.1432 3.48e+04 -0.0149   0.9450 160.4910
   4W     A100     P   52677.1100    2.1432 3.48e+04 -0.0149   0.9450 160.4910
   4W     A113     P   52677.1500    2.1832 2.92e+04  0.0189   0.9060 160.5321
   4W     A113     P   52677.1500    2.1832 2.92e+04  0.0189   0.9060 160.5321
   4W     A113     P   52677.1500    2.1832 2.92e+04  0.0189   0.9060 160.5321
   4W      AX6     P   52677.1400    2.1732 1.30e+04  0.0148   0.9460 160.8764
   4W      AX6     S   52678.9600    3.9932 7.04e+03 -0.0945   0.7380 160.8764
   4W      AX6     P   52677.1400    2.1732 1.30e+04  0.0148   0.9460 160.8764
   4W      AX6     S   52678.9600    3.9932 7.04e+03 -0.0945   0.7380 160.8764
   4W      AX6     P   52677.1400    2.1732 1.30e+04  0.0148   0.9460 160.8764
   4W      AX6     S   52678.9600    3.9932 7.04e+03 -0.0945   0.7380 160.8764
   12   2023 04 24 14:44:20.077    53060.077  0.4942 85.6587  28.0068  24.00  6.435 0.228  66  51 117  69 207.26
   4W     A159     P   53065.0900    5.0134 3.03e+04  0.6054   0.9760   1.3124
   4W     A159     P   53065.0900    5.0134 3.03e+04  0.6054   0.9760   1.3124
   4W     A159     P   53065.0900    5.0134 3.03e+04  0.6054   0.9760   1.3124
   4W     A154     P   53065.0200    4.9434 2.05e+04  0.5450   0.9480   1.5889
   4W     A154     S   53069.2400    9.1634 1.04e+04  1.0842   0.6280   1.5889
   4W     A154     S   53069.2400    9.1634 1.04e+04  1.0842   0.6280   1.5889
   4W     A154     P   53065.0200    4.9434 2.05e+04  0.5450   0.9480   1.5889
   4W     A154     S   53069.2400    9.1634 1.04e+04  1.0842   0.6280   1.5889
   4W     A154     P   53065.0200    4.9434 2.05e+04  0.5450   0.9480   1.5889
   4W     A144     P   53064.9100    4.8334 1.73e+04  0.4577   0.6990   2.2218
   4W     A144     P   53064.9100    4.8334 1.73e+04  0.4577   0.6990   2.2218
   4W     A144     S   53068.9300    8.8534 1.73e+04  0.8180   0.6600   2.2218
   4W     A144     S   53068.9300    8.8534 1.73e+04  0.8180   0.6600   2.2218
   4W     A144     S   53068.9300    8.8534 1.73e+04  0.8180   0.6600   2.2218
   4W     A144     P   53064.9100    4.8334 1.73e+04  0.4577   0.6990   2.2218
   4W     A139     S   53068.5200    8.4434 1.02e+04  0.4365   0.6540   2.5369
   4W     A139     P   53064.8600    4.7834 1.02e+04  0.4225   0.9010   2.5369
   4W     A139     P   53064.8600    4.7834 1.02e+04  0.4225   0.9010   2.5369
   4W     A139     S   53068.5200    8.4434 1.02e+04  0.4365   0.6540   2.5369
   4W     A139     S   53068.5200    8.4434 1.02e+04  0.4365   0.6540   2.5369
   4W     A139     P   53064.8600    4.7834 1.02e+04  0.4225   0.9010   2.5369
   4W     2D07     S   53068.6400    8.5634 9.27e+03  0.9724   0.6520   2.8200
   4W     2D07     P   53064.8600    4.7834 9.27e+03  0.6382   0.9510   2.8200
   4W     2D07     P   53064.8600    4.7834 9.27e+03  0.6382   0.9510   2.8200
   4W     2D07     P   53064.8600    4.7834 9.27e+03  0.6382   0.9510   2.8200
   4W     2D07     S   53068.6400    8.5634 9.27e+03  0.9724   0.6520   2.8200
   4W     2D07     S   53068.6400    8.5634 9.27e+03  0.9724   0.6520   2.8200
   4W     A134     P   53064.7800    4.7034 1.79e+04  0.3487   0.9400   2.8509
   4W     A134     S   53068.4800    8.4034 1.79e+04  0.4085   0.7240   2.8509
   4W     A134     S   53068.4800    8.4034 1.79e+04  0.4085   0.7240   2.8509
   4W     A134     P   53064.7800    4.7034 1.79e+04  0.3487   0.9400   2.8509
   4W     A134     S   53068.4800    8.4034 1.79e+04  0.4085   0.7240   2.8509
   4W     A134     P   53064.7800    4.7034 1.79e+04  0.3487   0.9400   2.8509
   4W     A132     P   53064.7000    4.6234 1.77e+04  0.2805   0.9300   3.0199
   4W     A132     P   53064.7000    4.6234 1.77e+04  0.2805   0.9300   3.0199
   4W     A132     S   53068.3600    8.2834 1.77e+04  0.3112   0.8110   3.0199
   4W     A132     S   53068.3600    8.2834 1.77e+04  0.3112   0.8110   3.0199
   4W     A132     S   53068.3600    8.2834 1.77e+04  0.3112   0.8110   3.0199
   4W     A132     P   53064.7000    4.6234 1.77e+04  0.2805   0.9300   3.0199
   4W     A113     S   53068.1400    8.0634 2.00e+04  0.1706   0.5160   4.5047
   4W     A113     P   53064.4200    4.3434 2.00e+04  0.0417   0.8250   4.5047
   4W     A113     P   53064.4200    4.3434 2.00e+04  0.0417   0.8250   4.5047
   4W     A113     S   53068.1400    8.0634 2.00e+04  0.1706   0.5160   4.5047
   4W     A113     S   53068.1400    8.0634 2.00e+04  0.1706   0.5160   4.5047
   4W     A113     P   53064.4200    4.3434 2.00e+04  0.0417   0.8250   4.5047
   4W      AX6     P   53064.3500    4.2734 1.32e+04 -0.0224   0.9680   4.7094
   4W      AX6     P   53064.3500    4.2734 1.32e+04 -0.0224   0.9680   4.7094
   4W      AX6     P   53064.3500    4.2734 1.32e+04 -0.0224   0.9680   4.7094
   4W     A109     P   53064.3100    4.2334 2.90e+04 -0.0634   0.9630   4.9001
   4W     A109     S   53067.9800    7.9034 2.90e+04  0.0201   0.5450   4.9001
   4W     A109     P   53064.3100    4.2334 2.90e+04 -0.0634   0.9630   4.9001
   4W     A109     S   53067.9800    7.9034 2.90e+04  0.0201   0.5450   4.9001
   4W     A109     P   53064.3100    4.2334 2.90e+04 -0.0634   0.9630   4.9001
   4W     A109     S   53067.9800    7.9034 2.90e+04  0.0201   0.5450   4.9001
   4W     A100     P   53064.3000    4.2234 9.36e+03 -0.0722   0.9060   5.5489
   4W     A100     S   53067.7400    7.6634 9.36e+03 -0.2175   0.5860   5.5489
   4W     A100     P   53064.3000    4.2234 9.36e+03 -0.0722   0.9060   5.5489
   4W     A100     S   53067.7400    7.6634 9.36e+03 -0.2175   0.5860   5.5489
   4W     A100     P   53064.3000    4.2234 9.36e+03 -0.0722   0.9060   5.5489
   4W     A100     S   53067.7400    7.6634 9.36e+03 -0.2175   0.5860   5.5489
   4W     A084     P   53064.3100    4.2334 9.19e+03 -0.0359   0.7180   5.5779
   4W     A084     S   53067.7400    7.6634 9.19e+03 -0.1669   0.5160   5.5779
   4W     A084     P   53064.3100    4.2334 9.19e+03 -0.0359   0.7180   5.5779
   4W     A084     S   53067.7400    7.6634 9.19e+03 -0.1669   0.5160   5.5779
   4W     A084     P   53064.3100    4.2334 9.19e+03 -0.0359   0.7180   5.5779
   4W     A084     S   53067.7400    7.6634 9.19e+03 -0.1669   0.5160   5.5779
   4W     A094     P   53064.2700    4.1934 4.79e+04 -0.0968   0.6300   5.7144
   4W     A094     P   53064.2700    4.1934 4.79e+04 -0.0968   0.6300   5.7144
   4W     A094     P   53064.2700    4.1934 4.79e+04 -0.0968   0.6300   5.7144
   4W     A069     P   53064.2600    4.1834 1.36e+04 -0.0217   0.8850   5.8273
   4W     A069     P   53064.2600    4.1834 1.36e+04 -0.0217   0.8850   5.8273
   4W     A069     P   53064.2600    4.1834 1.36e+04 -0.0217   0.8850   5.8273
   4W     A044     P   53064.3100    4.2334 9.47e+03  0.0971   0.7700   6.1514
   4W     A044     P   53064.3100    4.2334 9.47e+03  0.0971   0.7700   6.1514
   4W     A044     P   53064.3100    4.2334 9.47e+03  0.0971   0.7700   6.1514
   4W      B09     P   53064.1200    4.0434 1.37e+04 -0.0368   0.8280   6.2777
   4W      B09     P   53064.1200    4.0434 1.37e+04 -0.0368   0.8280   6.2777
   4W      B09     P   53064.1200    4.0434 1.37e+04 -0.0368   0.8280   6.2777
   4W     A039     S   53068.2000    8.1234 1.60e+04  0.5922   0.5150   6.4172
   4W     A039     S   53068.2000    8.1234 1.60e+04  0.5922   0.5150   6.4172
   4W     A039     S   53068.2000    8.1234 1.60e+04  0.5922   0.5150   6.4172
   4W     A014     P   53063.9800    3.9034 1.89e+04 -0.1741   0.9520   7.2879
   4W     A014     P   53063.9800    3.9034 1.89e+04 -0.1741   0.9520   7.2879
   4W     A014     P   53063.9800    3.9034 1.89e+04 -0.1741   0.9520   7.2879
   4W     A009     P   53063.9600    3.8834 2.09e+04 -0.1791   0.6840   7.7527
   4W     A009     P   53063.9600    3.8834 2.09e+04 -0.1791   0.6840   7.7527
   4W     A009     P   53063.9600    3.8834 2.09e+04 -0.1791   0.6840   7.7527
   4W     2D10     S   53067.6800    7.6034 1.13e+04  0.3227   0.6690   8.1050
   4W     2D10     P   53064.0500    3.9734 1.13e+04 -0.0108   0.9800   8.1050
   4W     2D10     S   53067.6800    7.6034 1.13e+04  0.3227   0.6690   8.1050
   4W     2D10     P   53064.0500    3.9734 1.13e+04 -0.0108   0.9800   8.1050
   4W     2D10     P   53064.0500    3.9734 1.13e+04 -0.0108   0.9800   8.1050
   4W     2D10     S   53067.6800    7.6034 1.13e+04  0.3227   0.6690   8.1050
   4W     A004     P   53063.8300    3.7534 8.28e+03 -0.2864   0.9590   8.1837
   4W     A004     P   53063.8300    3.7534 8.28e+03 -0.2864   0.9590   8.1837
   4W     A004     S   53066.9600    6.8834 8.28e+03 -0.5045   0.5610   8.1837
   4W     A004     S   53066.9600    6.8834 8.28e+03 -0.5045   0.5610   8.1837
   4W     A004     S   53066.9600    6.8834 8.28e+03 -0.5045   0.5610   8.1837
   4W     A004     P   53063.8300    3.7534 8.28e+03 -0.2864   0.9590   8.1837
   4W     2D16     S   53066.4700    6.3934 3.49e+04 -0.8930   0.5800   9.7045
   4W     2D16     P   53063.5600    3.4834 3.49e+04 -0.5037   0.9490   9.7045
   4W     2D16     P   53063.5600    3.4834 3.49e+04 -0.5037   0.9490   9.7045
   4W     2D16     S   53066.4700    6.3934 3.49e+04 -0.8930   0.5800   9.7045
   4W     2D16     S   53066.4700    6.3934 3.49e+04 -0.8930   0.5800   9.7045
   4W     2D16     P   53063.5600    3.4834 3.49e+04 -0.5037   0.9490   9.7045
   4W     2D17     S   53066.3000    6.2234 1.27e+04 -1.2866   0.5570  15.2048
   4W     2D17     S   53066.3000    6.2234 1.27e+04 -1.2866   0.5570  15.2048
   4W     2D17     S   53066.3000    6.2234 1.27e+04 -1.2866   0.5570  15.2048
   4W     2D19     S   53067.1200    7.0434 4.44e+04 -0.6521   0.5800  84.8645
   4W     2D19     P   53063.6300    3.5534 4.44e+04 -0.6459   0.9390  84.8645
   4W     2D19     S   53067.1200    7.0434 4.44e+04 -0.6521   0.5800  84.8645
   4W     2D19     P   53063.6300    3.5534 4.44e+04 -0.6459   0.9390  84.8645
   4W     2D19     S   53067.1200    7.0434 4.44e+04 -0.6521   0.5800  84.8645
   4W     2D19     P   53063.6300    3.5534 4.44e+04 -0.6459   0.9390  84.8645
   4W     2D22     S   53067.7400    7.6634 5.84e+04  0.0000   0.5710 154.0520
   4W     2D22     S   53067.7400    7.6634 5.84e+04  0.0000   0.5710 154.0520
   4W     2D22     S   53067.7400    7.6634 5.84e+04  0.0000   0.5710 154.0520
   13   2023 04 24 15:23:47.507    55427.507  0.0888 85.4838  27.9550  10.00  5.798 0.188  15  12  27  20 357.83
   4W     A064     P   55429.5600    2.0526 6.10e+03  0.0000   0.6870 177.2729
   4W     A064     S   55431.4500    3.9426 6.10e+03  0.0588   0.7960 177.2729
   4W     A064     P   55429.5600    2.0526 6.10e+03  0.0000   0.6870 177.2729
   4W     A064     S   55431.4500    3.9426 6.10e+03  0.0588   0.7960 177.2729
   4W     A064     P   55429.5600    2.0526 6.10e+03  0.0000   0.6870 177.2729
   4W     A064     S   55431.4500    3.9426 6.10e+03  0.0588   0.7960 177.2729
   4W     A079     P   55429.5800    2.0726 7.77e+03 -0.0516   0.7170 178.0391
   4W     A079     S   55431.4500    3.9426 7.77e+03 -0.0792   0.7280 178.0391
   4W     A079     P   55429.5800    2.0726 7.77e+03 -0.0516   0.7170 178.0391
   4W     A079     S   55431.4500    3.9426 7.77e+03 -0.0792   0.7280 178.0391
   4W     A079     P   55429.5800    2.0726 7.77e+03 -0.0516   0.7170 178.0391
   4W     A079     S   55431.4500    3.9426 7.77e+03 -0.0792   0.7280 178.0391
   4W     2D07     P   55429.4500    1.9426 4.16e+03 -0.0651   0.8770 178.2407
   4W     2D07     S   55431.1600    3.6526 4.02e+03 -0.1446   0.5150 178.2407
   4W     2D07     P   55429.4500    1.9426 4.16e+03 -0.0651   0.8770 178.2407
   4W     2D07     S   55431.1600    3.6526 4.02e+03 -0.1446   0.5150 178.2407
   4W     2D07     P   55429.4500    1.9426 4.16e+03 -0.0651   0.8770 178.2407
   4W     2D07     S   55431.1600    3.6526 4.02e+03 -0.1446   0.5150 178.2407
   4W     A094     P   55429.7400    2.2326 8.06e+03  0.0798   0.6680 178.7937
   4W     A094     P   55429.7400    2.2326 8.06e+03  0.0798   0.6680 178.7937
   4W     A094     P   55429.7400    2.2326 8.06e+03  0.0798   0.6680 178.7937
   4W      AX6     S   55431.6900    4.1826 6.81e+03  0.0949   0.6250 179.4408
   4W      AX6     S   55431.6900    4.1826 6.81e+03  0.0949   0.6250 179.4408
   4W      AX6     P   55429.7900    2.2826 6.81e+03  0.1242   0.7900 179.4408
   4W      AX6     P   55429.7900    2.2826 6.81e+03  0.1242   0.7900 179.4408
   4W      AX6     P   55429.7900    2.2826 6.81e+03  0.1242   0.7900 179.4408
   4W      AX6     S   55431.6900    4.1826 6.81e+03  0.0949   0.6250 179.4408
   14   2023 04 24 16:30:35.711    59435.711  0.4986 85.6783  27.5845  24.00  6.344 0.343  24  72  96  27 295.23
   4W     2D20     P   59439.3800    3.6692 1.21e+05 -0.5644   0.9710 284.9290
   4W     2D20     P   59439.3800    3.6692 1.21e+05 -0.5644   0.9710 284.9290
   4W     2D20     P   59439.3800    3.6692 1.21e+05 -0.5644   0.9710 284.9290
   4W     2D22     S   59443.4500    7.7392 1.90e+04  0.0758   0.7840 298.7127
   4W     2D22     S   59443.4500    7.7392 1.90e+04  0.0758   0.7840 298.7127
   4W     2D22     S   59443.4500    7.7392 1.90e+04  0.0758   0.7840 298.7127
   4W     2D18     S   59442.1400    6.4292 9.02e+04 -0.8977   0.5650 337.6963
   4W     2D18     S   59442.1400    6.4292 9.02e+04 -0.8977   0.5650 337.6963
   4W     2D18     S   59442.1400    6.4292 9.02e+04 -0.8977   0.5650 337.6963
   4W      AX6     S   59443.5700    7.8592 1.51e+04 -0.0222   0.8030 341.5392
   4W      AX6     S   59443.5700    7.8592 1.51e+04 -0.0222   0.8030 341.5392
   4W      AX6     S   59443.5700    7.8592 1.51e+04 -0.0222   0.8030 341.5392
   4W     A109     S   59443.5500    7.8392 9.45e+04 -0.0441   0.6390 341.6195
   4W     A109     S   59443.5500    7.8392 9.45e+04 -0.0441   0.6390 341.6195
   4W     A109     S   59443.5500    7.8392 9.45e+04 -0.0441   0.6390 341.6195
   4W     A100     S   59443.4400    7.7292 1.35e+04 -0.1517   0.8050 341.8961
   4W     A100     S   59443.4400    7.7292 1.35e+04 -0.1517   0.8050 341.8961
   4W     A100     S   59443.4400    7.7292 1.35e+04 -0.1517   0.8050 341.8961
   4W     A132     S   59444.1700    8.4592 1.46e+04  0.4870   0.8570 342.2368
   4W     A132     S   59444.1700    8.4592 1.46e+04  0.4870   0.8570 342.2368
   4W     A132     S   59444.1700    8.4592 1.46e+04  0.4870   0.8570 342.2368
   4W     A139     S   59444.2800    8.5692 5.05e+03  0.5623   0.7280 342.4300
   4W     A139     S   59444.2800    8.5692 5.05e+03  0.5623   0.7280 342.4300
   4W     A139     S   59444.2800    8.5692 5.05e+03  0.5623   0.7280 342.4300
   4W     A134     S   59444.2900    8.5792 2.12e+04  0.5843   0.7950 342.4383
   4W     A134     S   59444.2900    8.5792 2.12e+04  0.5843   0.7950 342.4383
   4W     A134     S   59444.2900    8.5792 2.12e+04  0.5843   0.7950 342.4383
   4W     A094     S   59443.4600    7.7492 2.11e+04 -0.1214   0.7730 342.5966
   4W     A094     S   59443.4600    7.7492 2.11e+04 -0.1214   0.7730 342.5966
   4W     A094     S   59443.4600    7.7492 2.11e+04 -0.1214   0.7730 342.5966
   4W     A089     S   59443.3900    7.6792 3.14e+04 -0.1627   0.6220 343.5960
   4W     A089     S   59443.3900    7.6792 3.14e+04 -0.1627   0.6220 343.5960
   4W     A089     S   59443.3900    7.6792 3.14e+04 -0.1627   0.6220 343.5960
   4W     A084     S   59443.4200    7.7092 1.30e+04 -0.1211   0.9080 344.5549
   4W     A084     S   59443.4200    7.7092 1.30e+04 -0.1211   0.9080 344.5549
   4W     A084     S   59443.4200    7.7092 1.30e+04 -0.1211   0.9080 344.5549
   4W     A079     S   59443.5600    7.8492 1.32e+04  0.0337   0.7060 345.2747
   4W     A079     S   59443.5600    7.8492 1.32e+04  0.0337   0.7060 345.2747
   4W     A079     S   59443.5600    7.8492 1.32e+04  0.0337   0.7060 345.2747
   4W     2D17     P   59439.8400    4.1292 8.96e+03  0.0261   0.8850 345.5931
   4W     2D17     S   59442.2300    6.5192 8.96e+03 -0.9908   0.7910 345.5931
   4W     2D17     S   59442.2300    6.5192 8.96e+03 -0.9908   0.7910 345.5931
   4W     2D17     P   59439.8400    4.1292 8.96e+03  0.0261   0.8850 345.5931
   4W     2D17     S   59442.2300    6.5192 8.96e+03 -0.9908   0.7910 345.5931
   4W     2D17     P   59439.8400    4.1292 8.96e+03  0.0261   0.8850 345.5931
   4W     2D21     S   59442.1600    6.4492 8.29e+03 -1.0687   0.8320 345.7942
   4W     2D21     S   59442.1600    6.4492 8.29e+03 -1.0687   0.8320 345.7942
   4W     2D21     S   59442.1600    6.4492 8.29e+03 -1.0687   0.8320 345.7942
   4W     2D21     P   59439.8200    4.1092 8.32e+03  0.0020   0.9030 345.7942
   4W     2D21     P   59439.8200    4.1092 8.32e+03  0.0020   0.9030 345.7942
   4W     2D21     P   59439.8200    4.1092 8.32e+03  0.0020   0.9030 345.7942
   4W     A069     S   59443.4400    7.7292 1.65e+04  0.0226   0.8510 346.2298
   4W     A069     S   59443.4400    7.7292 1.65e+04  0.0226   0.8510 346.2298
   4W     A069     S   59443.4400    7.7292 1.65e+04  0.0226   0.8510 346.2298
   4W     2D16     P   59440.0300    4.3192 5.32e+04  0.3321   0.9710 346.6504
   4W     2D16     S   59442.4000    6.6892 5.32e+04 -0.5972   0.8570 346.6504
   4W     2D16     P   59440.0300    4.3192 5.32e+04  0.3321   0.9710 346.6504
   4W     2D16     S   59442.4000    6.6892 5.32e+04 -0.5972   0.8570 346.6504
   4W     2D16     P   59440.0300    4.3192 5.32e+04  0.3321   0.9710 346.6504
   4W     2D16     S   59442.4000    6.6892 5.32e+04 -0.5972   0.8570 346.6504
   4W     A064     S   59443.5600    7.8492 1.32e+04  0.1717   0.5670 346.6942
   4W     A064     P   59439.1800    3.4692 1.32e+04 -0.7208   0.6200 346.6942
   4W     A064     S   59443.5600    7.8492 1.32e+04  0.1717   0.5670 346.6942
   4W     A064     P   59439.1800    3.4692 1.32e+04 -0.7208   0.6200 346.6942
   4W     A064     S   59443.5600    7.8492 1.32e+04  0.1717   0.5670 346.6942
   4W     A064     P   59439.1800    3.4692 1.32e+04 -0.7208   0.6200 346.6942
   4W     A059     S   59443.4200    7.7092 1.97e+04  0.0611   0.9370 347.2561
   4W     A059     S   59443.4200    7.7092 1.97e+04  0.0611   0.9370 347.2561
   4W     A059     S   59443.4200    7.7092 1.97e+04  0.0611   0.9370 347.2561
   4W     A054     S   59443.4600    7.7492 1.39e+04  0.0951   0.9070 347.8947
   4W     A054     S   59443.4600    7.7492 1.39e+04  0.0951   0.9070 347.8947
   4W     A054     S   59443.4600    7.7492 1.39e+04  0.0951   0.9070 347.8947
   4W     A049     S   59443.4700    7.7592 8.26e+03  0.1350   0.8000 348.4816
   4W     A049     S   59443.4700    7.7592 8.26e+03  0.1350   0.8000 348.4816
   4W     A049     S   59443.4700    7.7592 8.26e+03  0.1350   0.8000 348.4816
   4W     A039     P   59440.5300    4.8192 1.16e+04  0.7051   0.9710 348.5659
   4W     A039     S   59443.2400    7.5292 1.16e+04 -0.0020   0.7800 348.5659
   4W     A039     P   59440.5300    4.8192 1.16e+04  0.7051   0.9710 348.5659
   4W     A039     P   59440.5300    4.8192 1.16e+04  0.7051   0.9710 348.5659
   4W     A039     S   59443.2400    7.5292 1.16e+04 -0.0020   0.7800 348.5659
   4W     A039     S   59443.2400    7.5292 1.16e+04 -0.0020   0.7800 348.5659
   4W     2D07     S   59444.3500    8.6392 9.47e+03  1.0482   0.7380 349.0414
   4W     2D07     S   59444.3500    8.6392 9.47e+03  1.0482   0.7380 349.0414
   4W     2D07     S   59444.3500    8.6392 9.47e+03  1.0482   0.7380 349.0414
   4W     A004     P   59440.4700    4.7592 7.64e+03  0.7194   0.6460 349.5382
   4W     A004     S   59442.9600    7.2492 7.64e+03 -0.1387   0.6190 349.5382
   4W     A004     P   59440.4700    4.7592 7.64e+03  0.7194   0.6460 349.5382
   4W     A004     S   59442.9600    7.2492 7.64e+03 -0.1387   0.6190 349.5382
   4W     A004     P   59440.4700    4.7592 7.64e+03  0.7194   0.6460 349.5382
   4W     A004     S   59442.9600    7.2492 7.64e+03 -0.1387   0.6190 349.5382
   4W     A009     P   59439.1000    3.3892 1.11e+04 -0.6733   0.6240 349.5881
   4W     A009     P   59439.1000    3.3892 1.11e+04 -0.6733   0.6240 349.5881
   4W     A009     P   59439.1000    3.3892 1.11e+04 -0.6733   0.6240 349.5881
   4W     A014     S   59443.0800    7.3692 2.26e+04 -0.0914   0.8150 349.6994
   4W     A014     S   59443.0800    7.3692 2.26e+04 -0.0914   0.8150 349.6994
   4W     A014     S   59443.0800    7.3692 2.26e+04 -0.0914   0.8150 349.6994
   15   2023 04 24 17:00:48.627    61248.627  0.3249 85.4950  28.0374  10.00  6.231 0.264  93  96 189 107 215.91
   4W     2D14     P   61250.7700    2.1428 8.80e+03  0.0653   0.9480  33.3055
   4W     2D14     S   61252.6400    4.0128 7.57e+03  0.0811   0.7960  33.3055
   4W     2D14     P   61250.7700    2.1428 8.80e+03  0.0653   0.9480  33.3055
   4W     2D14     S   61252.6400    4.0128 7.57e+03  0.0811   0.7960  33.3055
   4W     2D14     P   61250.7700    2.1428 8.80e+03  0.0653   0.9480  33.3055
   4W     2D14     S   61252.6400    4.0128 7.57e+03  0.0811   0.7960  33.3055
   4W     2D15     P   61250.8700    2.2428 2.37e+04  0.3309   0.9230  66.3652
   4W     2D15     S   61252.6300    4.0028 2.37e+04  0.3902   0.8420  66.3652
   4W     2D15     P   61250.8700    2.2428 2.37e+04  0.3309   0.9230  66.3652
   4W     2D15     S   61252.6300    4.0028 2.37e+04  0.3902   0.8420  66.3652
   4W     2D15     P   61250.8700    2.2428 2.37e+04  0.3309   0.9230  66.3652
   4W     2D15     S   61252.6300    4.0028 2.37e+04  0.3902   0.8420  66.3652
   4W     2D12     S   61252.9200    4.2928 1.31e+04  0.7567   0.6220 137.1771
   4W     2D12     S   61252.9200    4.2928 1.31e+04  0.7567   0.6220 137.1771
   4W     2D12     S   61252.9200    4.2928 1.31e+04  0.7567   0.6220 137.1771
   4W     2D08     S   61251.7900    3.1628 1.72e+04 -0.8920   0.6360 152.8335
   4W     2D08     P   61250.7500    2.1228 2.16e+04 -0.0186   0.8780 152.8335
   4W     2D08     P   61250.7500    2.1228 2.16e+04 -0.0186   0.8780 152.8335
   4W     2D08     S   61251.7900    3.1628 1.72e+04 -0.8920   0.6360 152.8335
   4W     2D08     S   61251.7900    3.1628 1.72e+04 -0.8920   0.6360 152.8335
   4W     2D08     P   61250.7500    2.1228 2.16e+04 -0.0186   0.8780 152.8335
   4W     2D03     S   61252.4700    3.8428 4.55e+04  0.0833   0.8180 154.2936
   4W     2D03     S   61252.4700    3.8428 4.55e+04  0.0833   0.8180 154.2936
   4W     2D03     S   61252.4700    3.8428 4.55e+04  0.0833   0.8180 154.2936
   4W     2D10     S   61253.0500    4.4228 7.38e+03  0.9358   0.6070 160.1714
   4W     2D10     S   61253.0500    4.4228 7.38e+03  0.9358   0.6070 160.1714
   4W     2D10     S   61253.0500    4.4228 7.38e+03  0.9358   0.6070 160.1714
   4W      B50     S   61251.8300    3.2028 6.16e+04 -0.2946   0.6850 164.1399
   4W      B50     S   61251.8300    3.2028 6.16e+04 -0.2946   0.6850 164.1399
   4W      B50     S   61251.8300    3.2028 6.16e+04 -0.2946   0.6850 164.1399
   4W      B35     S   61251.8700    3.2428 9.89e+04 -0.2904   0.9110 166.4838
   4W      B35     S   61251.8700    3.2428 9.89e+04 -0.2904   0.9110 166.4838
   4W      B35     S   61251.8700    3.2428 9.89e+04 -0.2904   0.9110 166.4838
   4W     2D05     P   61250.2900    1.6628 3.43e+04 -0.2145   0.9590 166.6532
   4W     2D05     S   61251.8300    3.2028 2.86e+04 -0.3430   0.9320 166.6532
   4W     2D05     S   61251.8300    3.2028 2.86e+04 -0.3430   0.9320 166.6532
   4W     2D05     S   61251.8300    3.2028 2.86e+04 -0.3430   0.9320 166.6532
   4W     2D05     P   61250.2900    1.6628 3.43e+04 -0.2145   0.9590 166.6532
   4W     2D05     P   61250.2900    1.6628 3.43e+04 -0.2145   0.9590 166.6532
   4W      B23     S   61251.8700    3.2428 4.97e+04 -0.3425   0.6460 167.5020
   4W      B23     S   61251.8700    3.2428 4.97e+04 -0.3425   0.6460 167.5020
   4W      B23     S   61251.8700    3.2428 4.97e+04 -0.3425   0.6460 167.5020
   4W      B13     S   61251.9800    3.3528 1.65e+04 -0.2860   0.5500 168.5774
   4W      B13     S   61251.9800    3.3528 1.65e+04 -0.2860   0.5500 168.5774
   4W      B13     S   61251.9800    3.3528 1.65e+04 -0.2860   0.5500 168.5774
   4W     A014     S   61252.2000    3.5728 4.58e+04 -0.0940   0.7500 168.6373
   4W     A014     S   61252.2000    3.5728 4.58e+04 -0.0940   0.7500 168.6373
   4W     A014     S   61252.2000    3.5728 4.58e+04 -0.0940   0.7500 168.6373
   4W      B09     P   61250.5500    1.9228 2.51e+04 -0.0200   0.6480 168.8244
   4W      B09     S   61252.0600    3.4328 2.51e+04 -0.2394   0.9470 168.8244
   4W      B09     P   61250.5500    1.9228 2.51e+04 -0.0200   0.6480 168.8244
   4W      B09     S   61252.0600    3.4328 2.51e+04 -0.2394   0.9470 168.8244
   4W      B09     P   61250.5500    1.9228 2.51e+04 -0.0200   0.6480 168.8244
   4W      B09     S   61252.0600    3.4328 2.51e+04 -0.2394   0.9470 168.8244
   4W     A009     S   61252.3700    3.7428 3.13e+04  0.1048   0.7900 168.8281
   4W     A009     P   61250.6600    2.0328 3.13e+04  0.1077   0.8930 168.8281
   4W     A009     S   61252.3700    3.7428 3.13e+04  0.1048   0.7900 168.8281
   4W     A009     P   61250.6600    2.0328 3.13e+04  0.1077   0.8930 168.8281
   4W     A009     S   61252.3700    3.7428 3.13e+04  0.1048   0.7900 168.8281
   4W     A009     P   61250.6600    2.0328 3.13e+04  0.1077   0.8930 168.8281
   4W     A004     S   61252.2800    3.6528 2.32e+04  0.0586   0.8150 168.9080
   4W     A004     P   61250.7800    2.1528 2.32e+04  0.2504   0.9050 168.9080
   4W     A004     S   61252.2800    3.6528 2.32e+04  0.0586   0.8150 168.9080
   4W     A004     P   61250.7800    2.1528 2.32e+04  0.2504   0.9050 168.9080
   4W     A004     S   61252.2800    3.6528 2.32e+04  0.0586   0.8150 168.9080
   4W     A004     P   61250.7800    2.1528 2.32e+04  0.2504   0.9050 168.9080
   4W     2D07     S   61252.0000    3.3728 1.65e+04 -0.4244   0.6640 170.2509
   4W     2D07     P   61250.4500    1.8228 1.76e+04 -0.1849   0.9700 170.2509
   4W     2D07     S   61252.0000    3.3728 1.65e+04 -0.4244   0.6640 170.2509
   4W     2D07     P   61250.4500    1.8228 1.76e+04 -0.1849   0.9700 170.2509
   4W     2D07     S   61252.0000    3.3728 1.65e+04 -0.4244   0.6640 170.2509
   4W     2D07     P   61250.4500    1.8228 1.76e+04 -0.1849   0.9700 170.2509
   4W     A039     S   61252.1300    3.5028 1.15e+04 -0.2347   0.8460 170.3715
   4W     A039     S   61252.1300    3.5028 1.15e+04 -0.2347   0.8460 170.3715
   4W     A039     S   61252.1300    3.5028 1.15e+04 -0.2347   0.8460 170.3715
   4W     A044     P   61250.5500    1.9228 1.69e+04 -0.0761   0.9600 170.5277
   4W     A044     P   61250.5500    1.9228 1.69e+04 -0.0761   0.9600 170.5277
   4W     A044     S   61252.2400    3.6128 1.69e+04 -0.1675   0.8690 170.5277
   4W     A044     S   61252.2400    3.6128 1.69e+04 -0.1675   0.8690 170.5277
   4W     A044     P   61250.5500    1.9228 1.69e+04 -0.0761   0.9600 170.5277
   4W     A044     S   61252.2400    3.6128 1.69e+04 -0.1675   0.8690 170.5277
   4W     A049     P   61250.6100    1.9828 1.00e+04 -0.0422   0.9420 170.5882
   4W     A049     P   61250.6100    1.9828 1.00e+04 -0.0422   0.9420 170.5882
   4W     A049     P   61250.6100    1.9828 1.00e+04 -0.0422   0.9420 170.5882
   4W     A054     P   61250.6200    1.9928 1.29e+04 -0.0477   0.8370 171.3201
   4W     A054     P   61250.6200    1.9928 1.29e+04 -0.0477   0.8370 171.3201
   4W     A054     P   61250.6200    1.9928 1.29e+04 -0.0477   0.8370 171.3201
   4W     A064     P   61250.6800    2.0528 2.02e+04  0.0002   0.9770 172.5214
   4W     A064     P   61250.6800    2.0528 2.02e+04  0.0002   0.9770 172.5214
   4W     A064     S   61252.4400    3.8128 2.02e+04 -0.0710   0.8960 172.5214
   4W     A064     S   61252.4400    3.8128 2.02e+04 -0.0710   0.8960 172.5214
   4W     A064     P   61250.6800    2.0528 2.02e+04  0.0002   0.9770 172.5214
   4W     A064     S   61252.4400    3.8128 2.02e+04 -0.0710   0.8960 172.5214
   4W     2D06     P   61250.5000    1.8728 3.84e+04 -0.0586   0.9680 172.8992
   4W     2D06     S   61251.6500    3.0228 3.36e+04 -0.6273   0.6290 172.8992
   4W     2D06     S   61251.6500    3.0228 3.36e+04 -0.6273   0.6290 172.8992
   4W     2D06     S   61251.6500    3.0228 3.36e+04 -0.6273   0.6290 172.8992
   4W     2D06     P   61250.5000    1.8728 3.84e+04 -0.0586   0.9680 172.8992
   4W     2D06     P   61250.5000    1.8728 3.84e+04 -0.0586   0.9680 172.8992
   4W     A069     P   61250.6600    2.0328 2.75e+04 -0.0349   0.9280 172.9304
   4W     A069     P   61250.6600    2.0328 2.75e+04 -0.0349   0.9280 172.9304
   4W     A069     S   61252.4300    3.8028 2.75e+04 -0.1101   0.9470 172.9304
   4W     A069     S   61252.4300    3.8028 2.75e+04 -0.1101   0.9470 172.9304
   4W     A069     P   61250.6600    2.0328 2.75e+04 -0.0349   0.9280 172.9304
   4W     A069     S   61252.4300    3.8028 2.75e+04 -0.1101   0.9470 172.9304
   4W     A074     S   61252.5500    3.9228 3.24e+04 -0.0580   0.7430 173.3992
   4W     A074     S   61252.5500    3.9228 3.24e+04 -0.0580   0.7430 173.3992
   4W     A074     P   61250.7300    2.1028 3.24e+04 -0.0002   0.9340 173.3992
   4W     A074     P   61250.7300    2.1028 3.24e+04 -0.0002   0.9340 173.3992
   4W     A074     P   61250.7300    2.1028 3.24e+04 -0.0002   0.9340 173.3992
   4W     A074     S   61252.5500    3.9228 3.24e+04 -0.0580   0.7430 173.3992
   4W     A079     P   61250.7000    2.0728 1.21e+04 -0.0515   0.9390 173.6935
   4W     A079     P   61250.7000    2.0728 1.21e+04 -0.0515   0.9390 173.6935
   4W     A079     S   61252.4800    3.8528 9.99e+03 -0.1690   0.7070 173.6935
   4W     A079     S   61252.4800    3.8528 9.99e+03 -0.1690   0.7070 173.6935
   4W     A079     P   61250.7000    2.0728 1.21e+04 -0.0515   0.9390 173.6935
   4W     A079     S   61252.4800    3.8528 9.99e+03 -0.1690   0.7070 173.6935
   4W     A084     S   61252.4700    3.8428 1.84e+04 -0.1938   0.9240 174.1394
   4W     A084     S   61252.4700    3.8428 1.84e+04 -0.1938   0.9240 174.1394
   4W     A084     P   61250.7000    2.0728 1.84e+04 -0.0591   0.7210 174.1394
   4W     A084     P   61250.7000    2.0728 1.84e+04 -0.0591   0.7210 174.1394
   4W     A084     P   61250.7000    2.0728 1.84e+04 -0.0591   0.7210 174.1394
   4W     A084     S   61252.4700    3.8428 1.84e+04 -0.1938   0.9240 174.1394
   4W     A089     P   61250.7500    2.1228 2.09e+04 -0.0151   0.5090 174.6053
   4W     A089     P   61250.7500    2.1228 2.09e+04 -0.0151   0.5090 174.6053
   4W     A089     P   61250.7500    2.1228 2.09e+04 -0.0151   0.5090 174.6053
   4W     2D09     P   61250.8300    2.2028 7.99e+03  0.0909   0.7070 174.8320
   4W     2D09     P   61250.8300    2.2028 7.99e+03  0.0909   0.7070 174.8320
   4W     2D09     P   61250.8300    2.2028 7.99e+03  0.0909   0.7070 174.8320
   4W     2D18     S   61252.3400    3.7128 5.19e+04  0.1795   0.8480 174.9811
   4W     2D18     S   61252.3400    3.7128 5.19e+04  0.1795   0.8480 174.9811
   4W     2D18     S   61252.3400    3.7128 5.19e+04  0.1795   0.8480 174.9811
   4W     A094     P   61250.8200    2.1928 1.35e+04  0.0399   0.9550 175.0262
   4W     A094     S   61252.7600    4.1328 1.22e+04  0.0558   0.5750 175.0262
   4W     A094     P   61250.8200    2.1928 1.35e+04  0.0399   0.9550 175.0262
   4W     A094     S   61252.7600    4.1328 1.22e+04  0.0558   0.5750 175.0262
   4W     A094     P   61250.8200    2.1928 1.35e+04  0.0399   0.9550 175.0262
   4W     A094     S   61252.7600    4.1328 1.22e+04  0.0558   0.5750 175.0262
   4W     A100     P   61250.8500    2.2228 2.53e+04  0.0646   0.9170 175.3536
   4W     A100     S   61252.7100    4.0828 2.53e+04 -0.0045   0.9040 175.3536
   4W     A100     P   61250.8500    2.2228 2.53e+04  0.0646   0.9170 175.3536
   4W     A100     S   61252.7100    4.0828 2.53e+04 -0.0045   0.9040 175.3536
   4W     A100     P   61250.8500    2.2228 2.53e+04  0.0646   0.9170 175.3536
   4W     A100     S   61252.7100    4.0828 2.53e+04 -0.0045   0.9040 175.3536
   4W     A109     P   61250.8700    2.2428 4.61e+04  0.0833   0.9670 175.6883
   4W     A109     S   61252.7200    4.0928 4.61e+04  0.0031   0.7410 175.6883
   4W     A109     P   61250.8700    2.2428 4.61e+04  0.0833   0.9670 175.6883
   4W     A109     S   61252.7200    4.0928 4.61e+04  0.0031   0.7410 175.6883
   4W     A109     P   61250.8700    2.2428 4.61e+04  0.0833   0.9670 175.6883
   4W     A109     S   61252.7200    4.0928 4.61e+04  0.0031   0.7410 175.6883
   4W     A113     P   61250.8900    2.2628 3.56e+04  0.0984   0.9370 175.7687
   4W     A113     P   61250.8900    2.2628 3.56e+04  0.0984   0.9370 175.7687
   4W     A113     P   61250.8900    2.2628 3.56e+04  0.0984   0.9370 175.7687
   4W      AX6     P   61250.8700    2.2428 5.10e+04  0.0843   0.9830 175.7883
   4W      AX6     P   61250.8700    2.2428 5.10e+04  0.0843   0.9830 175.7883
   4W      AX6     P   61250.8700    2.2428 5.10e+04  0.0843   0.9830 175.7883
   4W     2D20     S   61253.5700    4.9428 2.79e+04  0.9747   0.6990 175.9297
   4W     2D20     P   61251.4400    2.8128 2.79e+04  0.7164   0.8100 175.9297
   4W     2D20     S   61253.5700    4.9428 2.79e+04  0.9747   0.6990 175.9297
   4W     2D20     P   61251.4400    2.8128 2.79e+04  0.7164   0.8100 175.9297
   4W     2D20     S   61253.5700    4.9428 2.79e+04  0.9747   0.6990 175.9297
   4W     2D20     P   61251.4400    2.8128 2.79e+04  0.7164   0.8100 175.9297
   4W     A134     P   61251.0400    2.4128 1.37e+04  0.1954   0.8620 176.3361
   4W     A134     P   61251.0400    2.4128 1.37e+04  0.1954   0.8620 176.3361
   4W     A134     P   61251.0400    2.4128 1.37e+04  0.1954   0.8620 176.3361
   4W     A139     S   61252.2900    3.6628 1.06e+04 -0.5504   0.7110 176.5122
   4W     A139     P   61251.0900    2.4628 1.19e+04  0.2392   0.9640 176.5122
   4W     A139     P   61251.0900    2.4628 1.19e+04  0.2392   0.9640 176.5122
   4W     A139     P   61251.0900    2.4628 1.19e+04  0.2392   0.9640 176.5122
   4W     A139     S   61252.2900    3.6628 1.06e+04 -0.5504   0.7110 176.5122
   4W     A139     S   61252.2900    3.6628 1.06e+04 -0.5504   0.7110 176.5122
   4W     A144     P   61251.1500    2.5228 2.16e+04  0.2844   0.8100 176.6841
   4W     A144     S   61253.2000    4.5728 2.16e+04  0.3311   0.7020 176.6841
   4W     A144     S   61253.2000    4.5728 2.16e+04  0.3311   0.7020 176.6841
   4W     A144     P   61251.1500    2.5228 2.16e+04  0.2844   0.8100 176.6841
   4W     A144     S   61253.2000    4.5728 2.16e+04  0.3311   0.7020 176.6841
   4W     A144     P   61251.1500    2.5228 2.16e+04  0.2844   0.8100 176.6841
   4W     A149     P   61251.2100    2.5828 1.57e+04  0.3143   0.9120 176.7978
   4W     A149     P   61251.2100    2.5828 1.57e+04  0.3143   0.9120 176.7978
   4W     A149     P   61251.2100    2.5828 1.57e+04  0.3143   0.9120 176.7978
   4W     A159     S   61253.3100    4.6828 2.79e+04  0.3789   0.7680 177.1834
   4W     A159     P   61251.2300    2.6028 2.79e+04  0.3322   0.8930 177.1834
   4W     A159     S   61253.3100    4.6828 2.79e+04  0.3789   0.7680 177.1834
   4W     A159     P   61251.2300    2.6028 2.79e+04  0.3322   0.8930 177.1834
   4W     A159     S   61253.3100    4.6828 2.79e+04  0.3789   0.7680 177.1834
   4W     A159     P   61251.2300    2.6028 2.79e+04  0.3322   0.8930 177.1834
   4W     A169     P   61251.2600    2.6328 1.18e+04  0.3512   0.6830 177.3929
   4W     A169     P   61251.2600    2.6328 1.18e+04  0.3512   0.6830 177.3929
   4W     A169     P   61251.2600    2.6328 1.18e+04  0.3512   0.6830 177.3929
   16   2023 04 24 17:54:19.920    64459.920  0.4795 85.6008  28.1051  16.00  6.212 0.251  78 105 183 119 225.43
   4W     2D14     P   64462.7800    2.8601 6.99e+03 -0.1533   0.8850   7.1963
   4W     2D14     S   64464.8400    4.9201 6.99e+03 -0.6896   0.8180   7.1963
   4W     2D14     P   64462.7800    2.8601 6.99e+03 -0.1533   0.8850   7.1963
   4W     2D14     S   64464.8400    4.9201 6.99e+03 -0.6896   0.8180   7.1963
   4W     2D14     P   64462.7800    2.8601 6.99e+03 -0.1533   0.8850   7.1963
   4W     2D14     S   64464.8400    4.9201 6.99e+03 -0.6896   0.8180   7.1963
   4W     2D08     P   64462.5700    2.6501 1.48e+04 -0.4271   0.9070   7.3248
   4W     2D08     S   64464.5900    4.6701 1.17e+04 -1.0627   0.8740   7.3248
   4W     2D08     P   64462.5700    2.6501 1.48e+04 -0.4271   0.9070   7.3248
   4W     2D08     S   64464.5900    4.6701 1.17e+04 -1.0627   0.8740   7.3248
   4W     2D08     P   64462.5700    2.6501 1.48e+04 -0.4271   0.9070   7.3248
   4W     2D08     S   64464.5900    4.6701 1.17e+04 -1.0627   0.8740   7.3248
   4W     2D15     P   64463.3500    3.4301 9.98e+03  0.5823   0.7940  10.7709
   4W     2D15     S   64465.8800    5.9601 9.98e+03  0.6694   0.6030  10.7709
   4W     2D15     P   64463.3500    3.4301 9.98e+03  0.5823   0.7940  10.7709
   4W     2D15     S   64465.8800    5.9601 9.98e+03  0.6694   0.6030  10.7709
   4W     2D15     P   64463.3500    3.4301 9.98e+03  0.5823   0.7940  10.7709
   4W     2D15     S   64465.8800    5.9601 9.98e+03  0.6694   0.6030  10.7709
   4W     2D04     P   64463.2800    3.3601 1.08e+04  0.4156   0.6350  11.7483
   4W     2D04     S   64465.1500    5.2301 1.08e+04 -0.2468   0.8590  11.7483
   4W     2D04     P   64463.2800    3.3601 1.08e+04  0.4156   0.6350  11.7483
   4W     2D04     S   64465.1500    5.2301 1.08e+04 -0.2468   0.8590  11.7483
   4W     2D04     P   64463.2800    3.3601 1.08e+04  0.4156   0.6350  11.7483
   4W     2D04     S   64465.1500    5.2301 1.08e+04 -0.2468   0.8590  11.7483
   4W     2D07     P   64462.5700    2.6501 2.11e+04 -0.2935   0.9330  13.0169
   4W     2D07     S   64464.3600    4.4401 2.11e+04 -1.0351   0.8450  13.0169
   4W     2D07     P   64462.5700    2.6501 2.11e+04 -0.2935   0.9330  13.0169
   4W     2D07     S   64464.3600    4.4401 2.11e+04 -1.0351   0.8450  13.0169
   4W     2D07     P   64462.5700    2.6501 2.11e+04 -0.2935   0.9330  13.0169
   4W     2D07     S   64464.3600    4.4401 2.11e+04 -1.0351   0.8450  13.0169
   4W     2D05     P   64462.6800    2.7601 2.23e+04 -0.0530   0.5290  14.5257
   4W     2D05     S   64464.5000    4.5801 2.23e+04 -0.6437   0.8410  14.5257
   4W     2D05     P   64462.6800    2.7601 2.23e+04 -0.0530   0.5290  14.5257
   4W     2D05     S   64464.5000    4.5801 2.23e+04 -0.6437   0.8410  14.5257
   4W     2D05     P   64462.6800    2.7601 2.23e+04 -0.0530   0.5290  14.5257
   4W     2D05     S   64464.5000    4.5801 2.23e+04 -0.6437   0.8410  14.5257
   4W     2D03     S   64465.7900    5.8701 1.90e+04  0.4326   0.6170  15.4613
   4W     2D03     S   64465.7900    5.8701 1.90e+04  0.4326   0.6170  15.4613
   4W     2D03     S   64465.7900    5.8701 1.90e+04  0.4326   0.6170  15.4613
   4W     2D10     S   64466.2800    6.3601 3.79e+03  1.1951   0.8150  23.8069
   4W     2D10     S   64466.2800    6.3601 3.79e+03  1.1951   0.8150  23.8069
   4W     2D10     S   64466.2800    6.3601 3.79e+03  1.1951   0.8150  23.8069
   4W      B13     P   64463.0700    3.1501 8.61e+03  0.2888   0.8220  24.2875
   4W      B13     S   64465.2000    5.2801 8.61e+03 -0.0366   0.8770  24.2875
   4W      B13     P   64463.0700    3.1501 8.61e+03  0.2888   0.8220  24.2875
   4W      B13     S   64465.2000    5.2801 8.61e+03 -0.0366   0.8770  24.2875
   4W      B13     P   64463.0700    3.1501 8.61e+03  0.2888   0.8220  24.2875
   4W      B13     S   64465.2000    5.2801 8.61e+03 -0.0366   0.8770  24.2875
   4W      B09     P   64463.1300    3.2101 2.04e+04  0.3315   0.9650  25.5455
   4W      B09     S   64465.2700    5.3501 2.04e+04  0.0000   0.8980  25.5455
   4W      B09     P   64463.1300    3.2101 2.04e+04  0.3315   0.9650  25.5455
   4W      B09     S   64465.2700    5.3501 2.04e+04  0.0000   0.8980  25.5455
   4W      B09     P   64463.1300    3.2101 2.04e+04  0.3315   0.9650  25.5455
   4W      B09     S   64465.2700    5.3501 2.04e+04  0.0000   0.8980  25.5455
   4W     A049     P   64463.1800    3.2601 1.19e+04  0.2993   0.8600  27.0030
   4W     A049     S   64465.2800    5.3601 1.19e+04 -0.1483   0.9200  27.0030
   4W     A049     P   64463.1800    3.2601 1.19e+04  0.2993   0.8600  27.0030
   4W     A049     S   64465.2800    5.3601 1.19e+04 -0.1483   0.9200  27.0030
   4W     A049     P   64463.1800    3.2601 1.19e+04  0.2993   0.8600  27.0030
   4W     A049     S   64465.2800    5.3601 1.19e+04 -0.1483   0.9200  27.0030
   4W     A044     P   64463.1800    3.2601 1.92e+04  0.3254   0.7330  28.7667
   4W     A044     S   64465.3800    5.4601 1.92e+04  0.0019   0.9310  28.7667
   4W     A044     P   64463.1800    3.2601 1.92e+04  0.3254   0.7330  28.7667
   4W     A044     S   64465.3800    5.4601 1.92e+04  0.0019   0.9310  28.7667
   4W     A044     P   64463.1800    3.2601 1.92e+04  0.3254   0.7330  28.7667
   4W     A044     S   64465.3800    5.4601 1.92e+04  0.0019   0.9310  28.7667
   4W     A054     P   64463.1500    3.2301 1.50e+04  0.2538   0.8510  29.6207
   4W     A054     S   64465.2900    5.3701 1.50e+04 -0.1682   0.7950  29.6207
   4W     A054     P   64463.1500    3.2301 1.50e+04  0.2538   0.8510  29.6207
   4W     A054     S   64465.2900    5.3701 1.50e+04 -0.1682   0.7950  29.6207
   4W     A054     P   64463.1500    3.2301 1.50e+04  0.2538   0.8510  29.6207
   4W     A054     S   64465.2900    5.3701 1.50e+04 -0.1682   0.7950  29.6207
   4W     A149     S   64465.3900    5.4701 1.05e+04 -0.5076   0.7640  29.7785
   4W     A149     S   64465.3900    5.4701 1.05e+04 -0.5076   0.7640  29.7785
   4W     A149     S   64465.3900    5.4701 1.05e+04 -0.5076   0.7640  29.7785
   4W     A039     S   64465.3300    5.4101 2.07e+04 -0.0053   0.9440  29.8593
   4W     A039     P   64463.1500    3.2301 2.07e+04  0.3176   0.6990  29.8593
   4W     A039     P   64463.1500    3.2301 2.07e+04  0.3176   0.6990  29.8593
   4W     A039     S   64465.3300    5.4101 2.07e+04 -0.0053   0.9440  29.8593
   4W     A039     S   64465.3300    5.4101 2.07e+04 -0.0053   0.9440  29.8593
   4W     A039     P   64463.1500    3.2301 2.07e+04  0.3176   0.6990  29.8593
   4W     A014     S   64465.4200    5.5001 1.71e+04  0.1553   0.8950  30.0376
   4W     A014     P   64463.2100    3.2901 1.71e+04  0.4142   0.9650  30.0376
   4W     A014     P   64463.2100    3.2901 1.71e+04  0.4142   0.9650  30.0376
   4W     A014     P   64463.2100    3.2901 1.71e+04  0.4142   0.9650  30.0376
   4W     A014     S   64465.4200    5.5001 1.71e+04  0.1553   0.8950  30.0376
   4W     A014     S   64465.4200    5.5001 1.71e+04  0.1553   0.8950  30.0376
   4W     A009     S   64465.7200    5.8001 2.01e+04  0.4842   0.8920  32.9180
   4W     A009     P   64463.3100    3.3901 2.01e+04  0.5292   0.7480  32.9180
   4W     A009     S   64465.7200    5.8001 2.01e+04  0.4842   0.8920  32.9180
   4W     A009     P   64463.3100    3.3901 2.01e+04  0.5292   0.7480  32.9180
   4W     A009     P   64463.3100    3.3901 2.01e+04  0.5292   0.7480  32.9180
   4W     A009     S   64465.7200    5.8001 2.01e+04  0.4842   0.8920  32.9180
   4W     A000     S   64465.6900    5.7701 1.48e+04  0.5359   0.8620  35.1169
   4W     A000     S   64465.6900    5.7701 1.48e+04  0.5359   0.8620  35.1169
   4W     A000     S   64465.6900    5.7701 1.48e+04  0.5359   0.8620  35.1169
   4W     A000     P   64463.3700    3.4501 1.48e+04  0.6316   0.9630  35.1169
   4W     A000     P   64463.3700    3.4501 1.48e+04  0.6316   0.9630  35.1169
   4W     A000     P   64463.3700    3.4501 1.48e+04  0.6316   0.9630  35.1169
   4W     A004     S   64465.6600    5.7401 1.10e+04  0.4679   0.5000  35.5183
   4W     A004     S   64465.6600    5.7401 1.10e+04  0.4679   0.5000  35.5183
   4W     A004     S   64465.6600    5.7401 1.10e+04  0.4679   0.5000  35.5183
   4W     A064     S   64465.2500    5.3301 1.17e+04 -0.2316   0.7230  35.7080
   4W     A064     P   64463.1200    3.2001 1.17e+04  0.2117   0.7640  35.7080
   4W     A064     S   64465.2500    5.3301 1.17e+04 -0.2316   0.7230  35.7080
   4W     A064     P   64463.1200    3.2001 1.17e+04  0.2117   0.7640  35.7080
   4W     A064     S   64465.2500    5.3301 1.17e+04 -0.2316   0.7230  35.7080
   4W     A064     P   64463.1200    3.2001 1.17e+04  0.2117   0.7640  35.7080
   4W     A069     S   64465.1900    5.2701 1.62e+04 -0.3207   0.9290  37.9688
   4W     A069     P   64463.0700    3.1501 1.62e+04  0.1466   0.6250  37.9688
   4W     A069     S   64465.1900    5.2701 1.62e+04 -0.3207   0.9290  37.9688
   4W     A069     P   64463.0700    3.1501 1.62e+04  0.1466   0.6250  37.9688
   4W     A069     S   64465.1900    5.2701 1.62e+04 -0.3207   0.9290  37.9688
   4W     A069     P   64463.0700    3.1501 1.62e+04  0.1466   0.6250  37.9688
   4W     A139     S   64465.2000    5.2801 7.56e+03 -0.6110   0.5540  39.5421
   4W     A139     S   64465.2000    5.2801 7.56e+03 -0.6110   0.5540  39.5421
   4W     A139     S   64465.2000    5.2801 7.56e+03 -0.6110   0.5540  39.5421
   4W     A079     S   64465.2500    5.3301 1.06e+04 -0.3696   0.6620  42.9154
   4W     A079     S   64465.2500    5.3301 1.06e+04 -0.3696   0.6620  42.9154
   4W     A079     P   64463.0700    3.1501 1.06e+04  0.0900   0.6360  42.9154
   4W     A079     P   64463.0700    3.1501 1.06e+04  0.0900   0.6360  42.9154
   4W     A079     P   64463.0700    3.1501 1.06e+04  0.0900   0.6360  42.9154
   4W     A079     S   64465.2500    5.3301 1.06e+04 -0.3696   0.6620  42.9154
   4W     A132     S   64465.1000    5.1801 1.78e+04 -0.6764   0.6580  46.8684
   4W     A132     S   64465.1000    5.1801 1.78e+04 -0.6764   0.6580  46.8684
   4W     A132     S   64465.1000    5.1801 1.78e+04 -0.6764   0.6580  46.8684
   4W     A084     S   64465.1500    5.2301 1.74e+04 -0.4844   0.8340  48.7849
   4W     A084     P   64463.1000    3.1801 1.74e+04  0.1124   0.8990  48.7849
   4W     A084     S   64465.1500    5.2301 1.74e+04 -0.4844   0.8340  48.7849
   4W     A084     P   64463.1000    3.1801 1.74e+04  0.1124   0.8990  48.7849
   4W     A084     S   64465.1500    5.2301 1.74e+04 -0.4844   0.8340  48.7849
   4W     A084     P   64463.1000    3.1801 1.74e+04  0.1124   0.8990  48.7849
   4W     A089     S   64465.3200    5.4001 4.55e+04 -0.3260   0.5110  59.6967
   4W     A089     P   64463.4000    3.4801 4.55e+04  0.4064   0.6910  59.6967
   4W     A089     S   64465.3200    5.4001 4.55e+04 -0.3260   0.5110  59.6967
   4W     A089     P   64463.4000    3.4801 4.55e+04  0.4064   0.6910  59.6967
   4W     A089     S   64465.3200    5.4001 4.55e+04 -0.3260   0.5110  59.6967
   4W     A089     P   64463.4000    3.4801 4.55e+04  0.4064   0.6910  59.6967
   4W     A114     S   64465.0600    5.1401 3.96e+04 -0.6250   0.5980  67.5430
   4W     A114     S   64465.0600    5.1401 3.96e+04 -0.6250   0.5980  67.5430
   4W     A114     S   64465.0600    5.1401 3.96e+04 -0.6250   0.5980  67.5430
   4W     A113     P   64463.0000    3.0801 4.38e+04 -0.0201   0.6170  70.3449
   4W     A113     P   64463.0000    3.0801 4.38e+04 -0.0201   0.6170  70.3449
   4W     A113     P   64463.0000    3.0801 4.38e+04 -0.0201   0.6170  70.3449
   4W     A113     S   64465.1000    5.1801 4.38e+04 -0.5969   0.5440  70.3449
   4W     A113     S   64465.1000    5.1801 4.38e+04 -0.5969   0.5440  70.3449
   4W     A113     S   64465.1000    5.1801 4.38e+04 -0.5969   0.5440  70.3449
   4W     A094     P   64463.1500    3.2301 2.88e+04  0.1415   0.9280  73.1824
   4W     A094     S   64465.2500    5.3301 2.88e+04 -0.4247   0.8820  73.1824
   4W     A094     P   64463.1500    3.2301 2.88e+04  0.1415   0.9280  73.1824
   4W     A094     P   64463.1500    3.2301 2.88e+04  0.1415   0.9280  73.1824
   4W     A094     S   64465.2500    5.3301 2.88e+04 -0.4247   0.8820  73.1824
   4W     A094     S   64465.2500    5.3301 2.88e+04 -0.4247   0.8820  73.1824
   4W      AX6     P   64463.0400    3.1201 2.38e+04  0.0259   0.6750  77.5256
   4W      AX6     S   64465.1100    5.1901 2.38e+04 -0.5755   0.8490  77.5256
   4W      AX6     S   64465.1100    5.1901 2.38e+04 -0.5755   0.8490  77.5256
   4W      AX6     S   64465.1100    5.1901 2.38e+04 -0.5755   0.8490  77.5256
   4W      AX6     P   64463.0400    3.1201 2.38e+04  0.0259   0.6750  77.5256
   4W      AX6     P   64463.0400    3.1201 2.38e+04  0.0259   0.6750  77.5256
   4W     A109     P   64463.1900    3.2701 7.94e+04  0.1749   0.7180  78.4935
   4W     A109     P   64463.1900    3.2701 7.94e+04  0.1749   0.7180  78.4935
   4W     A109     S   64465.1200    5.2001 7.94e+04 -0.5675   0.6940  78.4935
   4W     A109     S   64465.1200    5.2001 7.94e+04 -0.5675   0.6940  78.4935
   4W     A109     P   64463.1900    3.2701 7.94e+04  0.1749   0.7180  78.4935
   4W     A109     S   64465.1200    5.2001 7.94e+04 -0.5675   0.6940  78.4935
   4W     A100     P   64462.9400    3.0201 8.34e+04 -0.0739   0.7260  81.5348
   4W     A100     P   64462.9400    3.0201 8.34e+04 -0.0739   0.7260  81.5348
   4W     A100     P   64462.9400    3.0201 8.34e+04 -0.0739   0.7260  81.5348
   4W     A100     S   64465.3000    5.3801 2.75e+04 -0.3850   0.9140  81.5348
   4W     A100     S   64465.3000    5.3801 2.75e+04 -0.3850   0.9140  81.5348
   4W     A100     S   64465.3000    5.3801 2.75e+04 -0.3850   0.9140  81.5348
   4W     A104     S   64465.1800    5.2601 2.53e+04 -0.5169   0.5350  81.9356
   4W     A104     S   64465.1800    5.2601 2.53e+04 -0.5169   0.5350  81.9356
   4W     A104     S   64465.1800    5.2601 2.53e+04 -0.5169   0.5350  81.9356
   4W     2D17     S   64466.4500    6.5301 9.04e+03  1.1358   0.7430 108.3247
   4W     2D17     S   64466.4500    6.5301 9.04e+03  1.1358   0.7430 108.3247
   4W     2D17     S   64466.4500    6.5301 9.04e+03  1.1358   0.7430 108.3247
   4W     2D18     P   64463.2300    3.3101 3.26e+04  0.5035   0.8790 141.7668
   4W     2D18     P   64463.2300    3.3101 3.26e+04  0.5035   0.8790 141.7668
   4W     2D18     P   64463.2300    3.3101 3.26e+04  0.5035   0.8790 141.7668
   4W     2D18     S   64465.5000    5.5801 3.26e+04  0.3689   0.7930 141.7668
   4W     2D18     S   64465.5000    5.5801 3.26e+04  0.3689   0.7930 141.7668
   4W     2D18     S   64465.5000    5.5801 3.26e+04  0.3689   0.7930 141.7668
   17   2023 04 24 18:12:37.501    65557.501  0.2485 85.6829  28.2286  10.00  6.219 0.269  63  66 129  67 345.10
   4W      C56     P   65559.9500    2.4487 3.22e+04  0.3462   0.7560   7.1512
   4W      C56     P   65559.9500    2.4487 3.22e+04  0.3462   0.7560   7.1512
   4W      C56     P   65559.9500    2.4487 3.22e+04  0.3462   0.7560   7.1512
   4W     2D06     P   65559.3500    1.8487 5.09e+04 -0.0828   0.8690   8.5013
   4W     2D06     S   65561.0500    3.5487 4.16e+04 -0.1016   0.9460   8.5013
   4W     2D06     S   65561.0500    3.5487 4.16e+04 -0.1016   0.9460   8.5013
   4W     2D06     P   65559.3500    1.8487 5.09e+04 -0.0828   0.8690   8.5013
   4W     2D06     S   65561.0500    3.5487 4.16e+04 -0.1016   0.9460   8.5013
   4W     2D06     P   65559.3500    1.8487 5.09e+04 -0.0828   0.8690   8.5013
   4W     2D04     P   65559.6300    2.1287 1.15e+04  0.1200   0.8760   9.0552
   4W     2D04     P   65559.6300    2.1287 1.15e+04  0.1200   0.8760   9.0552
   4W     2D04     S   65561.5500    4.0487 1.15e+04  0.2495   0.6030   9.0552
   4W     2D04     S   65561.5500    4.0487 1.15e+04  0.2495   0.6030   9.0552
   4W     2D04     S   65561.5500    4.0487 1.15e+04  0.2495   0.6030   9.0552
   4W     2D04     P   65559.6300    2.1287 1.15e+04  0.1200   0.8760   9.0552
   4W     2D07     P   65559.3500    1.8487 9.77e+03 -0.1591   0.9700   9.0888
   4W     2D07     S   65561.0900    3.5887 9.77e+03 -0.2087   0.8940   9.0888
   4W     2D07     S   65561.0900    3.5887 9.77e+03 -0.2087   0.8940   9.0888
   4W     2D07     P   65559.3500    1.8487 9.77e+03 -0.1591   0.9700   9.0888
   4W     2D07     S   65561.0900    3.5887 9.77e+03 -0.2087   0.8940   9.0888
   4W     2D07     P   65559.3500    1.8487 9.77e+03 -0.1591   0.9700   9.0888
   4W     A154     S   65562.0100    4.5087 1.24e+04  0.2232   0.5310  10.5914
   4W     A154     P   65559.8300    2.3287 1.24e+04  0.0676   0.9470  10.5914
   4W     A154     P   65559.8300    2.3287 1.24e+04  0.0676   0.9470  10.5914
   4W     A154     P   65559.8300    2.3287 1.24e+04  0.0676   0.9470  10.5914
   4W     A154     S   65562.0100    4.5087 1.24e+04  0.2232   0.5310  10.5914
   4W     A154     S   65562.0100    4.5087 1.24e+04  0.2232   0.5310  10.5914
   4W     2D03     S   65561.7200    4.2187 2.39e+04  0.4590   0.7530  10.6419
   4W     2D03     P   65559.8800    2.3787 2.39e+04  0.3904   0.7030  10.6419
   4W     2D03     S   65561.7200    4.2187 2.39e+04  0.4590   0.7530  10.6419
   4W     2D03     P   65559.8800    2.3787 2.39e+04  0.3904   0.7030  10.6419
   4W     2D03     P   65559.8800    2.3787 2.39e+04  0.3904   0.7030  10.6419
   4W     2D03     S   65561.7200    4.2187 2.39e+04  0.4590   0.7530  10.6419
   4W     2D12     P   65559.9900    2.4887 7.04e+03  0.6163   0.6790  10.6861
   4W     2D12     P   65559.9900    2.4887 7.04e+03  0.6163   0.6790  10.6861
   4W     2D12     P   65559.9900    2.4887 7.04e+03  0.6163   0.6790  10.6861
   4W      B39     S   65561.0700    3.5687 6.32e+04  0.0364   0.8290  11.2877
   4W      B39     S   65561.0700    3.5687 6.32e+04  0.0364   0.8290  11.2877
   4W      B39     S   65561.0700    3.5687 6.32e+04  0.0364   0.8290  11.2877
   4W      B35     S   65561.0200    3.5187 7.02e+04 -0.0146   0.8360  11.5147
   4W      B35     S   65561.0200    3.5187 7.02e+04 -0.0146   0.8360  11.5147
   4W      B35     S   65561.0200    3.5187 7.02e+04 -0.0146   0.8360  11.5147
   4W     A139     P   65559.7400    2.2387 9.14e+03  0.0151   0.8550  11.7633
   4W     A139     P   65559.7400    2.2387 9.14e+03  0.0151   0.8550  11.7633
   4W     A139     P   65559.7400    2.2387 9.14e+03  0.0151   0.8550  11.7633
   4W      B09     S   65561.1400    3.6387 1.99e+04 -0.0336   0.5620  12.7345
   4W      B09     S   65561.1400    3.6387 1.99e+04 -0.0336   0.5620  12.7345
   4W      B09     S   65561.1400    3.6387 1.99e+04 -0.0336   0.5620  12.7345
   4W     A054     S   65561.3500    3.8487 2.71e+04 -0.0118   0.8440  12.9412
   4W     A054     P   65559.4200    1.9187 1.32e+04 -0.1219   0.5180  12.9412
   4W     A054     S   65561.3500    3.8487 2.71e+04 -0.0118   0.8440  12.9412
   4W     A054     P   65559.4200    1.9187 1.32e+04 -0.1219   0.5180  12.9412
   4W     A054     S   65561.3500    3.8487 2.71e+04 -0.0118   0.8440  12.9412
   4W     A054     P   65559.4200    1.9187 1.32e+04 -0.1219   0.5180  12.9412
   4W     A044     S   65561.3100    3.8087 1.46e+04  0.0283   0.8690  13.0117
   4W     A044     S   65561.3100    3.8087 1.46e+04  0.0283   0.8690  13.0117
   4W     A044     S   65561.3100    3.8087 1.46e+04  0.0283   0.8690  13.0117
   4W     A039     S   65561.1400    3.6387 1.41e+04 -0.0989   0.8990  13.2579
   4W     A039     S   65561.1400    3.6387 1.41e+04 -0.0989   0.8990  13.2579
   4W     A039     S   65561.1400    3.6387 1.41e+04 -0.0989   0.8990  13.2579
   4W     A064     S   65561.4000    3.8987 1.92e+04  0.0148   0.7700  13.4328
   4W     A064     P   65559.4600    1.9587 1.92e+04 -0.0940   0.9020  13.4328
   4W     A064     S   65561.4000    3.8987 1.92e+04  0.0148   0.7700  13.4328
   4W     A064     P   65559.4600    1.9587 1.92e+04 -0.0940   0.9020  13.4328
   4W     A064     S   65561.4000    3.8987 1.92e+04  0.0148   0.7700  13.4328
   4W     A064     P   65559.4600    1.9587 1.92e+04 -0.0940   0.9020  13.4328
   4W     2D10     P   65559.9400    2.4387 3.41e+03  0.5918   0.9240  13.4540
   4W     2D10     P   65559.9400    2.4387 3.41e+03  0.5918   0.9240  13.4540
   4W     2D10     P   65559.9400    2.4387 3.41e+03  0.5918   0.9240  13.4540
   4W     A069     S   65561.3500    3.8487 1.08e+04 -0.0642   0.9100  13.5362
   4W     A069     P   65559.4300    1.9287 1.08e+04 -0.1391   0.9400  13.5362
   4W     A069     P   65559.4300    1.9287 1.08e+04 -0.1391   0.9400  13.5362
   4W     A069     P   65559.4300    1.9287 1.08e+04 -0.1391   0.9400  13.5362
   4W     A069     S   65561.3500    3.8487 1.08e+04 -0.0642   0.9100  13.5362
   4W     A069     S   65561.3500    3.8487 1.08e+04 -0.0642   0.9100  13.5362
   4W     A014     S   65561.1800    3.6787 1.93e+04  0.0118   0.7000  13.7510
   4W     A014     P   65559.4900    1.9887 1.93e+04  0.0486   0.9490  13.7510
   4W     A014     S   65561.1800    3.6787 1.93e+04  0.0118   0.7000  13.7510
   4W     A014     P   65559.4900    1.9887 1.93e+04  0.0486   0.9490  13.7510
   4W     A014     P   65559.4900    1.9887 1.93e+04  0.0486   0.9490  13.7510
   4W     A014     S   65561.1800    3.6787 1.93e+04  0.0118   0.7000  13.7510
   4W     A114     S   65561.3900    3.8887 2.10e+04 -0.1985   0.8860  13.8486
   4W     A114     P   65559.5100    2.0087 7.08e+04 -0.1495   0.8260  13.8486
   4W     A114     P   65559.5100    2.0087 7.08e+04 -0.1495   0.8260  13.8486
   4W     A114     P   65559.5100    2.0087 7.08e+04 -0.1495   0.8260  13.8486
   4W     A114     S   65561.3900    3.8887 2.10e+04 -0.1985   0.8860  13.8486
   4W     A114     S   65561.3900    3.8887 2.10e+04 -0.1985   0.8860  13.8486
   4W     A113     S   65561.4700    3.9687 1.66e+04 -0.1305   0.8300  13.9838
   4W     A113     P   65559.5400    2.0387 4.56e+04 -0.1257   0.9400  13.9838
   4W     A113     S   65561.4700    3.9687 1.66e+04 -0.1305   0.8300  13.9838
   4W     A113     P   65559.5400    2.0387 4.56e+04 -0.1257   0.9400  13.9838
   4W     A113     P   65559.5400    2.0387 4.56e+04 -0.1257   0.9400  13.9838
   4W     A113     S   65561.4700    3.9687 1.66e+04 -0.1305   0.8300  13.9838
   4W     A009     P   65559.6200    2.1187 2.10e+04  0.1935   0.8220  14.2695
   4W     A009     P   65559.6200    2.1187 2.10e+04  0.1935   0.8220  14.2695
   4W     A009     S   65561.3500    3.8487 2.10e+04  0.2106   0.9140  14.2695
   4W     A009     S   65561.3500    3.8487 2.10e+04  0.2106   0.9140  14.2695
   4W     A009     S   65561.3500    3.8487 2.10e+04  0.2106   0.9140  14.2695
   4W     A009     P   65559.6200    2.1187 2.10e+04  0.1935   0.8220  14.2695
   4W      AX6     P   65559.5000    1.9987 3.66e+04 -0.1598   0.8440  14.3033
   4W      AX6     P   65559.5000    1.9987 3.66e+04 -0.1598   0.8440  14.3033
   4W      AX6     P   65559.5000    1.9987 3.66e+04 -0.1598   0.8440  14.3033
   4W     A089     P   65559.5800    2.0787 1.57e+04 -0.0593   0.6830  14.3932
   4W     A089     S   65561.4000    3.8987 1.57e+04 -0.1495   0.5640  14.3932
   4W     A089     P   65559.5800    2.0787 1.57e+04 -0.0593   0.6830  14.3932
   4W     A089     S   65561.4000    3.8987 1.57e+04 -0.1495   0.5640  14.3932
   4W     A089     P   65559.5800    2.0787 1.57e+04 -0.0593   0.6830  14.3932
   4W     A089     S   65561.4000    3.8987 1.57e+04 -0.1495   0.5640  14.3932
   4W     A109     P   65559.5100    2.0087 3.61e+04 -0.1508   0.6830  14.4512
   4W     A109     P   65559.5100    2.0087 3.61e+04 -0.1508   0.6830  14.4512
   4W     A109     P   65559.5100    2.0087 3.61e+04 -0.1508   0.6830  14.4512
   4W     A004     S   65561.2900    3.7887 1.48e+04  0.1944   0.9580  14.7249
   4W     A004     P   65559.5500    2.0487 1.48e+04  0.1462   0.8450  14.7249
   4W     A004     S   65561.2900    3.7887 1.48e+04  0.1944   0.9580  14.7249
   4W     A004     P   65559.5500    2.0487 1.48e+04  0.1462   0.8450  14.7249
   4W     A004     P   65559.5500    2.0487 1.48e+04  0.1462   0.8450  14.7249
   4W     A004     S   65561.2900    3.7887 1.48e+04  0.1944   0.9580  14.7249
   4W     A000     S   65561.3600    3.8587 2.02e+04  0.3023   0.6320  14.7363
   4W     A000     S   65561.3600    3.8587 2.02e+04  0.3023   0.6320  14.7363
   4W     A000     S   65561.3600    3.8587 2.02e+04  0.3023   0.6320  14.7363
   4W     A104     S   65561.4000    3.8987 2.51e+04 -0.2005   0.6240  14.7932
   4W     A104     S   65561.4000    3.8987 2.51e+04 -0.2005   0.6240  14.7932
   4W     A104     S   65561.4000    3.8987 2.51e+04 -0.2005   0.6240  14.7932
   4W     A094     P   65559.5000    1.9987 1.59e+04 -0.1542   0.7050  14.8314
   4W     A094     P   65559.5000    1.9987 1.59e+04 -0.1542   0.7050  14.8314
   4W     A094     P   65559.5000    1.9987 1.59e+04 -0.1542   0.7050  14.8314
   4W     2D17     S   65562.0000    4.4987 1.23e+04  0.7823   0.6650  22.0493
   4W     2D17     S   65562.0000    4.4987 1.23e+04  0.7823   0.6650  22.0493
   4W     2D17     S   65562.0000    4.4987 1.23e+04  0.7823   0.6650  22.0493
   18   2023 04 24 18:15:11.172    65711.172  0.4419 85.5230  28.0728  14.00  6.522 0.301 174 189 363 263 199.43
   4W     2D14     P   65713.5600    2.3880 3.28e+04 -0.3168   0.9640  16.6528
   4W     2D14     S   65715.3500    4.1780 3.28e+04 -0.8815   0.9100  16.6528
   4W     2D14     P   65713.5600    2.3880 3.28e+04 -0.3168   0.9640  16.6528
   4W     2D14     S   65715.3500    4.1780 3.28e+04 -0.8815   0.9100  16.6528
   4W     2D14     P   65713.5600    2.3880 3.28e+04 -0.3168   0.9640  16.6528
   4W     2D14     S   65715.3500    4.1780 3.28e+04 -0.8815   0.9100  16.6528
   4W     2D13     P   65714.4200    3.2480 3.66e+04  0.5491   0.9390  16.7802
   4W     2D13     S   65716.8400    5.6680 3.66e+04  0.6199   0.7920  16.7802
   4W     2D13     P   65714.4200    3.2480 3.66e+04  0.5491   0.9390  16.7802
   4W     2D13     S   65716.8400    5.6680 3.66e+04  0.6199   0.7920  16.7802
   4W     2D13     P   65714.4200    3.2480 3.66e+04  0.5491   0.9390  16.7802
   4W     2D13     S   65716.8400    5.6680 3.66e+04  0.6199   0.7920  16.7802
   4W     2D15     P   65714.0700    2.8980 3.67e+04  0.3587   0.9790  28.7587
   4W     2D15     S   65716.1200    4.9480 3.12e+04  0.2076   0.6880  28.7587
   4W     2D15     P   65714.0700    2.8980 3.67e+04  0.3587   0.9790  28.7587
   4W     2D15     S   65716.1200    4.9480 3.12e+04  0.2076   0.6880  28.7587
   4W     2D15     P   65714.0700    2.8980 3.67e+04  0.3587   0.9790  28.7587
   4W     2D15     S   65716.1200    4.9480 3.12e+04  0.2076   0.6880  28.7587
   4W     2D08     P   65713.5100    2.3380 3.47e+04 -0.4307   0.8950  33.1806
   4W     2D08     S   65715.2100    4.0380 3.47e+04 -1.1446   0.9320  33.1806
   4W     2D08     P   65713.5100    2.3380 3.47e+04 -0.4307   0.8950  33.1806
   4W     2D08     S   65715.2100    4.0380 3.47e+04 -1.1446   0.9320  33.1806
   4W     2D08     P   65713.5100    2.3380 3.47e+04 -0.4307   0.8950  33.1806
   4W     2D08     S   65715.2100    4.0380 3.47e+04 -1.1446   0.9320  33.1806
   4W     2D04     P   65713.7000    2.5280 2.55e+04 -0.1079   0.9680  65.1778
   4W     2D04     S   65715.6200    4.4480 2.55e+04 -0.4787   0.9080  65.1778
   4W     2D04     P   65713.7000    2.5280 2.55e+04 -0.1079   0.9680  65.1778
   4W     2D04     S   65715.6200    4.4480 2.55e+04 -0.4787   0.9080  65.1778
   4W     2D04     P   65713.7000    2.5280 2.55e+04 -0.1079   0.9680  65.1778
   4W     2D04     S   65715.6200    4.4480 2.55e+04 -0.4787   0.9080  65.1778
   4W     2D12     P   65714.2400    3.0680 2.10e+04  0.5685   0.9650  67.9474
   4W     2D12     S   65716.5200    5.3480 2.10e+04  0.6841   0.6440  67.9474
   4W     2D12     P   65714.2400    3.0680 2.10e+04  0.5685   0.9650  67.9474
   4W     2D12     S   65716.5200    5.3480 2.10e+04  0.6841   0.6440  67.9474
   4W     2D12     P   65714.2400    3.0680 2.10e+04  0.5685   0.9650  67.9474
   4W     2D12     S   65716.5200    5.3480 2.10e+04  0.6841   0.6440  67.9474
   4W     2D03     P   65713.9800    2.8080 2.39e+04  0.1926   0.9630 103.1086
   4W     2D03     S   65716.2200    5.0480 2.39e+04  0.1607   0.5030 103.1086
   4W     2D03     P   65713.9800    2.8080 2.39e+04  0.1926   0.9630 103.1086
   4W     2D03     S   65716.2200    5.0480 2.39e+04  0.1607   0.5030 103.1086
   4W     2D03     P   65713.9800    2.8080 2.39e+04  0.1926   0.9630 103.1086
   4W     2D03     S   65716.2200    5.0480 2.39e+04  0.1607   0.5030 103.1086
   4W     2D10     S   65716.7600    5.5880 5.53e+03  0.9732   0.5470 138.4795
   4W     2D10     S   65716.7600    5.5880 5.53e+03  0.9732   0.5470 138.4795
   4W     2D10     S   65716.7600    5.5880 5.53e+03  0.9732   0.5470 138.4795
   4W      B50     S   65715.3100    4.1380 3.92e+04 -0.4872   0.7280 139.5942
   4W      B50     S   65715.3100    4.1380 3.92e+04 -0.4872   0.7280 139.5942
   4W      B50     P   65713.6600    2.4880 6.38e+04  0.0085   0.9430 139.5942
   4W      B50     P   65713.6600    2.4880 6.38e+04  0.0085   0.9430 139.5942
   4W      B50     P   65713.6600    2.4880 6.38e+04  0.0085   0.9430 139.5942
   4W      B50     S   65715.3100    4.1380 3.92e+04 -0.4872   0.7280 139.5942
   4W      B48     S   65715.3200    4.1480 7.04e+04 -0.4784   0.6030 140.6735
   4W      B48     S   65715.3200    4.1480 7.04e+04 -0.4784   0.6030 140.6735
   4W      B48     P   65713.6500    2.4780 1.18e+05 -0.0021   0.9340 140.6735
   4W      B48     S   65715.3200    4.1480 7.04e+04 -0.4784   0.6030 140.6735
   4W      B48     P   65713.6500    2.4780 1.18e+05 -0.0021   0.9340 140.6735
   4W      B48     P   65713.6500    2.4780 1.18e+05 -0.0021   0.9340 140.6735
   4W     2D05     P   65713.4300    2.2580 5.19e+04 -0.2466   0.9710 142.1102
   4W     2D05     P   65713.4300    2.2580 5.19e+04 -0.2466   0.9710 142.1102
   4W     2D05     S   65715.0400    3.8680 5.19e+04 -0.8056   0.9570 142.1102
   4W     2D05     S   65715.0400    3.8680 5.19e+04 -0.8056   0.9570 142.1102
   4W     2D05     S   65715.0400    3.8680 5.19e+04 -0.8056   0.9570 142.1102
   4W     2D05     P   65713.4300    2.2580 5.19e+04 -0.2466   0.9710 142.1102
   4W      B39     P   65713.7300    2.5580 4.92e+04  0.0606   0.9410 146.3853
   4W      B39     S   65715.4700    4.2980 4.92e+04 -0.3619   0.6170 146.3853
   4W      B39     P   65713.7300    2.5580 4.92e+04  0.0606   0.9410 146.3853
   4W      B39     P   65713.7300    2.5580 4.92e+04  0.0606   0.9410 146.3853
   4W      B39     S   65715.4700    4.2980 4.92e+04 -0.3619   0.6170 146.3853
   4W      B39     S   65715.4700    4.2980 4.92e+04 -0.3619   0.6170 146.3853
   4W      B35     S   65715.4700    4.2980 4.87e+04 -0.3630   0.8400 149.5312
   4W      B35     S   65715.4700    4.2980 4.87e+04 -0.3630   0.8400 149.5312
   4W      B35     P   65713.7000    2.5280 1.35e+05  0.0300   0.9780 149.5312
   4W      B35     P   65713.7000    2.5280 1.35e+05  0.0300   0.9780 149.5312
   4W      B35     P   65713.7000    2.5280 1.35e+05  0.0300   0.9780 149.5312
   4W      B35     S   65715.4700    4.2980 4.87e+04 -0.3630   0.8400 149.5312
   4W     2D07     P   65713.4900    2.3180 1.95e+05 -0.3170   0.9470 151.5078
   4W     2D07     S   65715.0100    3.8380 1.95e+05 -1.0870   0.9130 151.5078
   4W     2D07     S   65715.0100    3.8380 1.95e+05 -1.0870   0.9130 151.5078
   4W     2D07     P   65713.4900    2.3180 1.95e+05 -0.3170   0.9470 151.5078
   4W     2D07     S   65715.0100    3.8380 1.95e+05 -1.0870   0.9130 151.5078
   4W     2D07     P   65713.4900    2.3180 1.95e+05 -0.3170   0.9470 151.5078
   4W      B28     P   65713.7500    2.5780 7.23e+04  0.0628   0.9530 151.8602
   4W      B28     P   65713.7500    2.5780 7.23e+04  0.0628   0.9530 151.8602
   4W      B28     P   65713.7500    2.5780 7.23e+04  0.0628   0.9530 151.8602
   4W      B19     S   65715.6000    4.4280 2.86e+04 -0.3051   0.5330 154.9763
   4W      B19     P   65713.8100    2.6380 5.29e+04  0.1025   0.9460 154.9763
   4W      B19     S   65715.6000    4.4280 2.86e+04 -0.3051   0.5330 154.9763
   4W      B19     P   65713.8100    2.6380 5.29e+04  0.1025   0.9460 154.9763
   4W      B19     S   65715.6000    4.4280 2.86e+04 -0.3051   0.5330 154.9763
   4W      B19     P   65713.8100    2.6380 5.29e+04  0.1025   0.9460 154.9763
   4W      B13     S   65715.6400    4.4680 1.21e+04 -0.2986   0.8110 157.0278
   4W      B13     P   65713.8200    2.6480 2.31e+04  0.0952   0.9760 157.0278
   4W      B13     S   65715.6400    4.4680 1.21e+04 -0.2986   0.8110 157.0278
   4W      B13     P   65713.8200    2.6480 2.31e+04  0.0952   0.9760 157.0278
   4W      B13     S   65715.6400    4.4680 1.21e+04 -0.2986   0.8110 157.0278
   4W      B13     P   65713.8200    2.6480 2.31e+04  0.0952   0.9760 157.0278
   4W      B09     S   65715.7500    4.5780 2.15e+04 -0.2219   0.8870 157.9577
   4W      B09     P   65713.9000    2.7280 2.65e+04  0.1579   0.9830 157.9577
   4W      B09     S   65715.7500    4.5780 2.15e+04 -0.2219   0.8870 157.9577
   4W      B09     P   65713.9000    2.7280 2.65e+04  0.1579   0.9830 157.9577
   4W      B09     S   65715.7500    4.5780 2.15e+04 -0.2219   0.8870 157.9577
   4W      B09     P   65713.9000    2.7280 2.65e+04  0.1579   0.9830 157.9577
   4W     2D06     P   65713.3900    2.2180 2.86e+05 -0.3407   0.9370 158.4329
   4W     2D06     S   65714.8500    3.6780 2.86e+05 -1.0999   0.8730 158.4329
   4W     2D06     P   65713.3900    2.2180 2.86e+05 -0.3407   0.9370 158.4329
   4W     2D06     S   65714.8500    3.6780 2.86e+05 -1.0999   0.8730 158.4329
   4W     2D06     P   65713.3900    2.2180 2.86e+05 -0.3407   0.9370 158.4329
   4W     2D06     S   65714.8500    3.6780 2.86e+05 -1.0999   0.8730 158.4329
   4W     A014     S   65715.9000    4.7280 3.21e+04 -0.0666   0.9300 158.7694
   4W     A014     P   65713.9700    2.7980 3.21e+04  0.2306   0.9710 158.7694
   4W     A014     S   65715.9000    4.7280 3.21e+04 -0.0666   0.9300 158.7694
   4W     A014     P   65713.9700    2.7980 3.21e+04  0.2306   0.9710 158.7694
   4W     A014     S   65715.9000    4.7280 3.21e+04 -0.0666   0.9300 158.7694
   4W     A014     P   65713.9700    2.7980 3.21e+04  0.2306   0.9710 158.7694
   4W      B03     S   65716.1200    4.9480 3.82e+04  0.1216   0.6030 159.2627
   4W      B03     P   65713.9100    2.7380 6.55e+04  0.1541   0.9470 159.2627
   4W      B03     S   65716.1200    4.9480 3.82e+04  0.1216   0.6030 159.2627
   4W      B03     P   65713.9100    2.7380 6.55e+04  0.1541   0.9470 159.2627
   4W      B03     S   65716.1200    4.9480 3.82e+04  0.1216   0.6030 159.2627
   4W      B03     P   65713.9100    2.7380 6.55e+04  0.1541   0.9470 159.2627
   4W     A009     S   65716.4000    5.2280 2.09e+04  0.4623   0.7680 159.6525
   4W     A009     P   65714.0600    2.8880 2.09e+04  0.3356   0.9760 159.6525
   4W     A009     S   65716.4000    5.2280 2.09e+04  0.4623   0.7680 159.6525
   4W     A009     P   65714.0600    2.8880 2.09e+04  0.3356   0.9760 159.6525
   4W     A009     S   65716.4000    5.2280 2.09e+04  0.4623   0.7680 159.6525
   4W     A009     P   65714.0600    2.8880 2.09e+04  0.3356   0.9760 159.6525
   4W     A000     P   65714.1100    2.9380 1.53e+04  0.4280   0.9350 159.6783
   4W     A000     P   65714.1100    2.9380 1.53e+04  0.4280   0.9350 159.6783
   4W     A000     P   65714.1100    2.9380 1.53e+04  0.4280   0.9350 159.6783
   4W     A004     P   65714.0700    2.8980 1.32e+04  0.3683   0.9790 160.1840
   4W     A004     P   65714.0700    2.8980 1.32e+04  0.3683   0.9790 160.1840
   4W     A004     S   65716.5200    5.3480 1.32e+04  0.6260   0.8920 160.1840
   4W     A004     S   65716.5200    5.3480 1.32e+04  0.6260   0.8920 160.1840
   4W     A004     S   65716.5200    5.3480 1.32e+04  0.6260   0.8920 160.1840
   4W     A004     P   65714.0700    2.8980 1.32e+04  0.3683   0.9790 160.1840
   4W     A029     P   65713.9400    2.7680 2.01e+04  0.1785   0.9340 160.2921
   4W     A029     P   65713.9400    2.7680 2.01e+04  0.1785   0.9340 160.2921
   4W     A029     P   65713.9400    2.7680 2.01e+04  0.1785   0.9340 160.2921
   4W     A034     S   65715.3900    4.2180 7.99e+04 -0.6231   0.8080 161.3067
   4W     A034     P   65713.9400    2.7680 7.99e+04  0.1765   0.9560 161.3067
   4W     A034     S   65715.3900    4.2180 7.99e+04 -0.6231   0.8080 161.3067
   4W     A034     P   65713.9400    2.7680 7.99e+04  0.1765   0.9560 161.3067
   4W     A034     S   65715.3900    4.2180 7.99e+04 -0.6231   0.8080 161.3067
   4W     A034     P   65713.9400    2.7680 7.99e+04  0.1765   0.9560 161.3067
   4W     A049     S   65715.7700    4.5980 2.42e+04 -0.3603   0.7910 161.7182
   4W     A049     P   65713.9400    2.7680 2.79e+04  0.1157   0.8720 161.7182
   4W     A049     S   65715.7700    4.5980 2.42e+04 -0.3603   0.7910 161.7182
   4W     A049     P   65713.9400    2.7680 2.79e+04  0.1157   0.8720 161.7182
   4W     A049     S   65715.7700    4.5980 2.42e+04 -0.3603   0.7910 161.7182
   4W     A049     P   65713.9400    2.7680 2.79e+04  0.1157   0.8720 161.7182
   4W     A039     S   65715.8600    4.6880 2.81e+04 -0.1772   0.9030 161.8588
   4W     A039     P   65713.9100    2.7380 3.07e+04  0.1340   0.9840 161.8588
   4W     A039     S   65715.8600    4.6880 2.81e+04 -0.1772   0.9030 161.8588
   4W     A039     P   65713.9100    2.7380 3.07e+04  0.1340   0.9840 161.8588
   4W     A039     S   65715.8600    4.6880 2.81e+04 -0.1772   0.9030 161.8588
   4W     A039     P   65713.9100    2.7380 3.07e+04  0.1340   0.9840 161.8588
   4W     A044     S   65715.8800    4.7080 2.38e+04 -0.2000   0.8380 161.9493
   4W     A044     P   65713.9300    2.7580 2.61e+04  0.1318   0.9820 161.9493
   4W     A044     S   65715.8800    4.7080 2.38e+04 -0.2000   0.8380 161.9493
   4W     A044     P   65713.9300    2.7580 2.61e+04  0.1318   0.9820 161.9493
   4W     A044     S   65715.8800    4.7080 2.38e+04 -0.2000   0.8380 161.9493
   4W     A044     P   65713.9300    2.7580 2.61e+04  0.1318   0.9820 161.9493
   4W     A054     S   65715.8000    4.6280 5.47e+04 -0.3602   0.9330 163.5046
   4W     A054     P   65713.9300    2.7580 5.47e+04  0.0902   0.9670 163.5046
   4W     A054     S   65715.8000    4.6280 5.47e+04 -0.3602   0.9330 163.5046
   4W     A054     P   65713.9300    2.7580 5.47e+04  0.0902   0.9670 163.5046
   4W     A054     S   65715.8000    4.6280 5.47e+04 -0.3602   0.9330 163.5046
   4W     A054     P   65713.9300    2.7580 5.47e+04  0.0902   0.9670 163.5046
   4W      C69     P   65713.7700    2.5980 6.64e+04 -0.0965   0.9290 163.6039
   4W      C69     S   65715.5100    4.3380 3.16e+04 -0.7017   0.8920 163.6039
   4W      C69     P   65713.7700    2.5980 6.64e+04 -0.0965   0.9290 163.6039
   4W      C69     S   65715.5100    4.3380 3.16e+04 -0.7017   0.8920 163.6039
   4W      C69     P   65713.7700    2.5980 6.64e+04 -0.0965   0.9290 163.6039
   4W      C69     S   65715.5100    4.3380 3.16e+04 -0.7017   0.8920 163.6039
   4W     A059     S   65715.7400    4.5680 9.73e+04 -0.4142   0.9210 165.0611
   4W     A059     P   65714.0300    2.8580 9.73e+04  0.1933   0.6570 165.0611
   4W     A059     S   65715.7400    4.5680 9.73e+04 -0.4142   0.9210 165.0611
   4W     A059     P   65714.0300    2.8580 9.73e+04  0.1933   0.6570 165.0611
   4W     A059     S   65715.7400    4.5680 9.73e+04 -0.4142   0.9210 165.0611
   4W     A059     P   65714.0300    2.8580 9.73e+04  0.1933   0.6570 165.0611
   4W     2D09     P   65713.6900    2.5180 1.85e+04 -0.2212   0.9740 165.5552
   4W     2D09     S   65715.3300    4.1580 1.85e+04 -0.9678   0.8750 165.5552
   4W     2D09     P   65713.6900    2.5180 1.85e+04 -0.2212   0.9740 165.5552
   4W     2D09     S   65715.3300    4.1580 1.85e+04 -0.9678   0.8750 165.5552
   4W     2D09     P   65713.6900    2.5180 1.85e+04 -0.2212   0.9740 165.5552
   4W     2D09     S   65715.3300    4.1580 1.85e+04 -0.9678   0.8750 165.5552
   4W     A064     S   65715.7900    4.6180 4.99e+04 -0.3936   0.9410 166.1890
   4W     A064     P   65713.9500    2.7780 4.99e+04  0.0981   0.8820 166.1890
   4W     A064     S   65715.7900    4.6180 4.99e+04 -0.3936   0.9410 166.1890
   4W     A064     P   65713.9500    2.7780 4.99e+04  0.0981   0.8820 166.1890
   4W     A064     S   65715.7900    4.6180 4.99e+04 -0.3936   0.9410 166.1890
   4W     A064     P   65713.9500    2.7780 4.99e+04  0.0981   0.8820 166.1890
   4W     2D16     S   65716.0000    4.8280 3.40e+04  0.2075   0.8320 166.2493
   4W     2D16     P   65714.0400    2.8680 3.40e+04  0.3910   0.9640 166.2493
   4W     2D16     S   65716.0000    4.8280 3.40e+04  0.2075   0.8320 166.2493
   4W     2D16     P   65714.0400    2.8680 3.40e+04  0.3910   0.9640 166.2493
   4W     2D16     S   65716.0000    4.8280 3.40e+04  0.2075   0.8320 166.2493
   4W     2D16     P   65714.0400    2.8680 3.40e+04  0.3910   0.9640 166.2493
   4W     A069     S   65715.7800    4.6080 5.67e+04 -0.4327   0.9580 167.0040
   4W     A069     S   65715.7800    4.6080 5.67e+04 -0.4327   0.9580 167.0040
   4W     A069     S   65715.7800    4.6080 5.67e+04 -0.4327   0.9580 167.0040
   4W     2D17     S   65717.1100    5.9380 1.25e+04  1.0939   0.6480 167.1476
   4W     2D17     S   65717.1100    5.9380 1.25e+04  1.0939   0.6480 167.1476
   4W     2D17     S   65717.1100    5.9380 1.25e+04  1.0939   0.6480 167.1476
   4W      C56     P   65713.8700    2.6980 7.71e+04 -0.0317   0.9670 167.1826
   4W      C56     S   65715.6700    4.4980 7.21e+04 -0.6095   0.9420 167.1826
   4W      C56     P   65713.8700    2.6980 7.71e+04 -0.0317   0.9670 167.1826
   4W      C56     S   65715.6700    4.4980 7.21e+04 -0.6095   0.9420 167.1826
   4W      C56     P   65713.8700    2.6980 7.71e+04 -0.0317   0.9670 167.1826
   4W      C56     S   65715.6700    4.4980 7.21e+04 -0.6095   0.9420 167.1826
   4W     A074     S   65715.8300    4.6580 6.36e+04 -0.4506   0.6910 167.9542
   4W     A074     S   65715.8300    4.6580 6.36e+04 -0.4506   0.6910 167.9542
   4W     A074     S   65715.8300    4.6580 6.36e+04 -0.4506   0.6910 167.9542
   4W     A084     S   65715.7900    4.6180 3.17e+04 -0.5463   0.9350 169.3288
   4W     A084     S   65715.7900    4.6180 3.17e+04 -0.5463   0.9350 169.3288
   4W     A084     S   65715.7900    4.6180 3.17e+04 -0.5463   0.9350 169.3288
   4W      C25     P   65713.9400    2.7680 3.94e+04 -0.0157   0.9680 169.5200
   4W      C25     S   65715.8600    4.6880 3.94e+04 -0.5236   0.9330 169.5200
   4W      C25     P   65713.9400    2.7680 3.94e+04 -0.0157   0.9680 169.5200
   4W      C25     S   65715.8600    4.6880 3.94e+04 -0.5236   0.9330 169.5200
   4W      C25     P   65713.9400    2.7680 3.94e+04 -0.0157   0.9680 169.5200
   4W      C25     S   65715.8600    4.6880 3.94e+04 -0.5236   0.9330 169.5200
   4W     A089     S   65715.8600    4.6880 1.45e+05 -0.4879   0.9220 170.2697
   4W     A089     S   65715.8600    4.6880 1.45e+05 -0.4879   0.9220 170.2697
   4W     A089     S   65715.8600    4.6880 1.45e+05 -0.4879   0.9220 170.2697
   4W      C15     S   65715.8900    4.7180 2.71e+04 -0.5697   0.9460 170.8343
   4W      C15     S   65715.8900    4.7180 2.71e+04 -0.5697   0.9460 170.8343
   4W      C15     P   65714.0100    2.8380 2.71e+04  0.0148   0.9660 170.8343
   4W      C15     P   65714.0100    2.8380 2.71e+04  0.0148   0.9660 170.8343
   4W      C15     P   65714.0100    2.8380 2.71e+04  0.0148   0.9660 170.8343
   4W      C15     S   65715.8900    4.7180 2.71e+04 -0.5697   0.9460 170.8343
   4W      C10     S   65715.9600    4.7880 3.15e+04 -0.5434   0.7030 171.4002
   4W      C10     S   65715.9600    4.7880 3.15e+04 -0.5434   0.7030 171.4002
   4W      C10     P   65714.0200    2.8480 3.15e+04  0.0021   0.9530 171.4002
   4W      C10     S   65715.9600    4.7880 3.15e+04 -0.5434   0.7030 171.4002
   4W      C10     P   65714.0200    2.8480 3.15e+04  0.0021   0.9530 171.4002
   4W      C10     P   65714.0200    2.8480 3.15e+04  0.0021   0.9530 171.4002
   4W     A100     P   65714.4300    3.2580 9.13e+04  0.4725   0.6900 171.6305
   4W     A100     P   65714.4300    3.2580 9.13e+04  0.4725   0.6900 171.6305
   4W     A100     S   65716.0200    4.8480 9.13e+04 -0.3670   0.9240 171.6305
   4W     A100     S   65716.0200    4.8480 9.13e+04 -0.3670   0.9240 171.6305
   4W     A100     S   65716.0200    4.8480 9.13e+04 -0.3670   0.9240 171.6305
   4W     A100     P   65714.4300    3.2580 9.13e+04  0.4725   0.6900 171.6305
   4W     A104     S   65715.9600    4.7880 6.17e+04 -0.4389   0.5310 171.8626
   4W     A104     S   65715.9600    4.7880 6.17e+04 -0.4389   0.5310 171.8626
   4W     A104     S   65715.9600    4.7880 6.17e+04 -0.4389   0.5310 171.8626
   4W      AX4     S   65716.0200    4.8480 3.84e+04 -0.5690   0.9290 171.9926
   4W      AX4     P   65714.0700    2.8980 3.84e+04  0.0077   0.9540 171.9926
   4W      AX4     S   65716.0200    4.8480 3.84e+04 -0.5690   0.9290 171.9926
   4W      AX4     P   65714.0700    2.8980 3.84e+04  0.0077   0.9540 171.9926
   4W      AX4     S   65716.0200    4.8480 3.84e+04 -0.5690   0.9290 171.9926
   4W      AX4     P   65714.0700    2.8980 3.84e+04  0.0077   0.9540 171.9926
   4W      C05     P   65714.1100    2.9380 7.69e+04  0.0600   0.8960 171.9951
   4W      C05     S   65716.0700    4.8980 7.69e+04 -0.4954   0.8710 171.9951
   4W      C05     P   65714.1100    2.9380 7.69e+04  0.0600   0.8960 171.9951
   4W      C05     S   65716.0700    4.8980 7.69e+04 -0.4954   0.8710 171.9951
   4W      C05     P   65714.1100    2.9380 7.69e+04  0.0600   0.8960 171.9951
   4W      C05     S   65716.0700    4.8980 7.69e+04 -0.4954   0.8710 171.9951
   4W     2D18     P   65714.1700    2.9980 1.06e+05  0.4999   0.9490 172.0081
   4W     2D18     S   65716.1300    4.9580 1.06e+05  0.2969   0.9260 172.0081
   4W     2D18     P   65714.1700    2.9980 1.06e+05  0.4999   0.9490 172.0081
   4W     2D18     S   65716.1300    4.9580 1.06e+05  0.2969   0.9260 172.0081
   4W     2D18     P   65714.1700    2.9980 1.06e+05  0.4999   0.9490 172.0081
   4W     2D18     S   65716.1300    4.9580 1.06e+05  0.2969   0.9260 172.0081
   4W     A114     S   65715.8100    4.6380 1.09e+05 -0.5769   0.8820 172.0326
   4W     A114     P   65714.0300    2.8580 1.09e+05  0.0725   0.9160 172.0326
   4W     A114     S   65715.8100    4.6380 1.09e+05 -0.5769   0.8820 172.0326
   4W     A114     P   65714.0300    2.8580 1.09e+05  0.0725   0.9160 172.0326
   4W     A114     S   65715.8100    4.6380 1.09e+05 -0.5769   0.8820 172.0326
   4W     A114     P   65714.0300    2.8580 1.09e+05  0.0725   0.9160 172.0326
   4W     A109     S   65715.8700    4.6980 1.55e+05 -0.5194   0.8260 172.0505
   4W     A109     P   65714.0700    2.8980 1.55e+05  0.1112   0.6720 172.0505
   4W     A109     S   65715.8700    4.6980 1.55e+05 -0.5194   0.8260 172.0505
   4W     A109     P   65714.0700    2.8980 1.55e+05  0.1112   0.6720 172.0505
   4W     A109     S   65715.8700    4.6980 1.55e+05 -0.5194   0.8260 172.0505
   4W     A109     P   65714.0700    2.8980 1.55e+05  0.1112   0.6720 172.0505
   4W     A113     S   65715.8500    4.6780 1.01e+05 -0.5489   0.8780 172.0669
   4W     A113     P   65714.0700    2.8980 1.01e+05  0.1063   0.8550 172.0669
   4W     A113     S   65715.8500    4.6780 1.01e+05 -0.5489   0.8780 172.0669
   4W     A113     P   65714.0700    2.8980 1.01e+05  0.1063   0.8550 172.0669
   4W     A113     S   65715.8500    4.6780 1.01e+05 -0.5489   0.8780 172.0669
   4W     A113     P   65714.0700    2.8980 1.01e+05  0.1063   0.8550 172.0669
   4W      AX6     S   65715.8700    4.6980 5.34e+04 -0.5175   0.9270 172.1763
   4W      AX6     P   65714.0400    2.8680 5.34e+04  0.0822   0.9320 172.1763
   4W      AX6     S   65715.8700    4.6980 5.34e+04 -0.5175   0.9270 172.1763
   4W      AX6     P   65714.0400    2.8680 5.34e+04  0.0822   0.9320 172.1763
   4W      AX6     S   65715.8700    4.6980 5.34e+04 -0.5175   0.9270 172.1763
   4W      AX6     P   65714.0400    2.8680 5.34e+04  0.0822   0.9320 172.1763
   4W     A134     S   65715.9600    4.7880 3.27e+04 -0.5410   0.5530 172.4382
   4W     A134     P   65714.1000    2.9280 3.27e+04  0.0833   0.9410 172.4382
   4W     A134     S   65715.9600    4.7880 3.27e+04 -0.5410   0.5530 172.4382
   4W     A134     P   65714.1000    2.9280 3.27e+04  0.0833   0.9410 172.4382
   4W     A134     S   65715.9600    4.7880 3.27e+04 -0.5410   0.5530 172.4382
   4W     A134     P   65714.1000    2.9280 3.27e+04  0.0833   0.9410 172.4382
   4W     A174     S   65716.0600    4.8880 2.80e+04 -0.5569   0.7810 172.4631
   4W     A174     P   65714.1300    2.9580 2.80e+04  0.0532   0.8990 172.4631
   4W     A174     S   65716.0600    4.8880 2.80e+04 -0.5569   0.7810 172.4631
   4W     A174     P   65714.1300    2.9580 2.80e+04  0.0532   0.8990 172.4631
   4W     A174     S   65716.0600    4.8880 2.80e+04 -0.5569   0.7810 172.4631
   4W     A174     P   65714.1300    2.9580 2.80e+04  0.0532   0.8990 172.4631
   4W     A132     S   65715.9800    4.8080 2.78e+04 -0.4983   0.5410 172.4919
   4W     A132     P   65714.0700    2.8980 2.78e+04  0.0651   0.9770 172.4919
   4W     A132     S   65715.9800    4.8080 2.78e+04 -0.4983   0.5410 172.4919
   4W     A132     P   65714.0700    2.8980 2.78e+04  0.0651   0.9770 172.4919
   4W     A132     S   65715.9800    4.8080 2.78e+04 -0.4983   0.5410 172.4919
   4W     A132     P   65714.0700    2.8980 2.78e+04  0.0651   0.9770 172.4919
   4W     A139     S   65716.1200    4.9480 2.18e+04 -0.3929   0.8000 172.6244
   4W     A139     P   65714.1000    2.9280 2.18e+04  0.0772   0.9650 172.6244
   4W     A139     S   65716.1200    4.9480 2.18e+04 -0.3929   0.8000 172.6244
   4W     A139     P   65714.1000    2.9280 2.18e+04  0.0772   0.9650 172.6244
   4W     A139     S   65716.1200    4.9480 2.18e+04 -0.3929   0.8000 172.6244
   4W     A139     P   65714.1000    2.9280 2.18e+04  0.0772   0.9650 172.6244
   4W     A149     P   65714.1500    2.9780 2.37e+04  0.0822   0.7850 172.7435
   4W     A149     P   65714.1500    2.9780 2.37e+04  0.0822   0.7850 172.7435
   4W     A149     P   65714.1500    2.9780 2.37e+04  0.0822   0.7850 172.7435
   4W     A169     S   65716.1300    4.9580 3.04e+04 -0.4948   0.8870 172.7762
   4W     A169     P   65714.1300    2.9580 3.04e+04  0.0491   0.9710 172.7762
   4W     A169     P   65714.1300    2.9580 3.04e+04  0.0491   0.9710 172.7762
   4W     A169     S   65716.1300    4.9580 3.04e+04 -0.4948   0.8870 172.7762
   4W     A169     S   65716.1300    4.9580 3.04e+04 -0.4948   0.8870 172.7762
   4W     A169     P   65714.1300    2.9580 3.04e+04  0.0491   0.9710 172.7762
   4W     A144     P   65714.1800    3.0080 7.29e+04  0.1424   0.8150 172.7891
   4W     A144     P   65714.1800    3.0080 7.29e+04  0.1424   0.8150 172.7891
   4W     A144     P   65714.1800    3.0080 7.29e+04  0.1424   0.8150 172.7891
   4W     A144     S   65716.1500    4.9780 7.29e+04 -0.3915   0.8850 172.7891
   4W     A144     S   65716.1500    4.9780 7.29e+04 -0.3915   0.8850 172.7891
   4W     A144     S   65716.1500    4.9780 7.29e+04 -0.3915   0.8850 172.7891
   4W     A179     S   65716.1900    5.0180 5.47e+04 -0.4141   0.8360 172.7988
   4W     A179     P   65714.1500    2.9780 5.47e+04  0.0799   0.8780 172.7988
   4W     A179     S   65716.1900    5.0180 5.47e+04 -0.4141   0.8360 172.7988
   4W     A179     P   65714.1500    2.9780 5.47e+04  0.0799   0.8780 172.7988
   4W     A179     P   65714.1500    2.9780 5.47e+04  0.0799   0.8780 172.7988
   4W     A179     S   65716.1900    5.0180 5.47e+04 -0.4141   0.8360 172.7988
   4W     A181     P   65714.1700    2.9980 4.45e+04  0.0921   0.9700 172.9097
   4W     A181     P   65714.1700    2.9980 4.45e+04  0.0921   0.9700 172.9097
   4W     A181     S   65716.2300    5.0580 4.45e+04 -0.3890   0.8510 172.9097
   4W     A181     S   65716.2300    5.0580 4.45e+04 -0.3890   0.8510 172.9097
   4W     A181     S   65716.2300    5.0580 4.45e+04 -0.3890   0.8510 172.9097
   4W     A181     P   65714.1700    2.9980 4.45e+04  0.0921   0.9700 172.9097
   4W     A154     S   65716.0700    4.8980 4.79e+04 -0.5152   0.9430 172.9685
   4W     A154     P   65714.1100    2.9380 4.79e+04  0.0497   0.9610 172.9685
   4W     A154     P   65714.1100    2.9380 4.79e+04  0.0497   0.9610 172.9685
   4W     A154     S   65716.0700    4.8980 4.79e+04 -0.5152   0.9430 172.9685
   4W     A154     S   65716.0700    4.8980 4.79e+04 -0.5152   0.9430 172.9685
   4W     A154     P   65714.1100    2.9380 4.79e+04  0.0497   0.9610 172.9685
   4W     A159     S   65716.1300    4.9580 7.45e+04 -0.4737   0.9370 173.1581
   4W     A159     S   65716.1300    4.9580 7.45e+04 -0.4737   0.9370 173.1581
   4W     A159     S   65716.1300    4.9580 7.45e+04 -0.4737   0.9370 173.1581
   4W     A159     P   65714.1800    3.0080 7.45e+04  0.1101   0.9610 173.1581
   4W     A159     P   65714.1800    3.0080 7.45e+04  0.1101   0.9610 173.1581
   4W     A159     P   65714.1800    3.0080 7.45e+04  0.1101   0.9610 173.1581
   4W     A164     S   65716.1700    4.9980 4.89e+04 -0.4485   0.8940 173.1902
   4W     A164     P   65714.1700    2.9980 4.89e+04  0.0924   0.9740 173.1902
   4W     A164     P   65714.1700    2.9980 4.89e+04  0.0924   0.9740 173.1902
   4W     A164     S   65716.1700    4.9980 4.89e+04 -0.4485   0.8940 173.1902
   4W     A164     S   65716.1700    4.9980 4.89e+04 -0.4485   0.8940 173.1902
   4W     A164     P   65714.1700    2.9980 4.89e+04  0.0924   0.9740 173.1902
   4W     2D19     S   65716.9100    5.7380 3.65e+04  0.7082   0.9210 175.7100
   4W     2D19     S   65716.9100    5.7380 3.65e+04  0.7082   0.9210 175.7100
   4W     2D19     S   65716.9100    5.7380 3.65e+04  0.7082   0.9210 175.7100
   4W     2D22     S   65717.1300    5.9580 2.95e+04  0.9604   0.9100 177.2186
   4W     2D22     S   65717.1300    5.9580 2.95e+04  0.9604   0.9100 177.2186
   4W     2D22     S   65717.1300    5.9580 2.95e+04  0.9604   0.9100 177.2186
   19   2023 04 24 18:37:02.840    67022.840  0.3190 85.5678  27.8658  24.00  6.238 0.255  27  15  42  25 167.17
   4W     2D15     P   67026.3900    3.5500 1.23e+04 -0.4993   0.8310   2.2806
   4W     2D15     S   67030.2800    7.4400 1.23e+04  0.0336   0.5750   2.2806
   4W     2D15     P   67026.3900    3.5500 1.23e+04 -0.4993   0.8310   2.2806
   4W     2D15     S   67030.2800    7.4400 1.23e+04  0.0336   0.5750   2.2806
   4W     2D15     P   67026.3900    3.5500 1.23e+04 -0.4993   0.8310   2.2806
   4W     2D15     S   67030.2800    7.4400 1.23e+04  0.0336   0.5750   2.2806
   4W     2D03     P   67026.6500    3.8100 2.24e+04 -0.3155   0.9120   2.8374
   4W     2D03     S   67030.3600    7.5200 2.24e+04 -0.0332   0.6010   2.8374
   4W     2D03     P   67026.6500    3.8100 2.24e+04 -0.3155   0.9120   2.8374
   4W     2D03     S   67030.3600    7.5200 2.24e+04 -0.0332   0.6010   2.8374
   4W     2D03     P   67026.6500    3.8100 2.24e+04 -0.3155   0.9120   2.8374
   4W     2D03     S   67030.3600    7.5200 2.24e+04 -0.0332   0.6010   2.8374
   4W     2D12     P   67026.7800    3.9400 7.42e+03 -0.0696   0.9650   4.9318
   4W     2D12     S   67030.8400    8.0000 7.42e+03  0.6702   0.8080   4.9318
   4W     2D12     P   67026.7800    3.9400 7.42e+03 -0.0696   0.9650   4.9318
   4W     2D12     S   67030.8400    8.0000 7.42e+03  0.6702   0.8080   4.9318
   4W     2D12     P   67026.7800    3.9400 7.42e+03 -0.0696   0.9650   4.9318
   4W     2D12     S   67030.8400    8.0000 7.42e+03  0.6702   0.8080   4.9318
   4W     2D10     P   67027.1600    4.3200 2.94e+03  0.3359   0.7010  14.4843
   4W     2D10     P   67027.1600    4.3200 2.94e+03  0.3359   0.7010  14.4843
   4W     2D10     P   67027.1600    4.3200 2.94e+03  0.3359   0.7010  14.4843
   4W     A014     S   67030.4200    7.5800 1.32e+04  0.1195   0.6470  63.2881
   4W     A014     S   67030.4200    7.5800 1.32e+04  0.1195   0.6470  63.2881
   4W     A014     P   67026.5800    3.7400 1.32e+04 -0.3374   0.8400  63.2881
   4W     A014     P   67026.5800    3.7400 1.32e+04 -0.3374   0.8400  63.2881
   4W     A014     P   67026.5800    3.7400 1.32e+04 -0.3374   0.8400  63.2881
   4W     A014     S   67030.4200    7.5800 1.32e+04  0.1195   0.6470  63.2881
   4W     A009     P   67026.6300    3.7900 8.25e+03 -0.2724   0.9650 151.3825
   4W     A009     P   67026.6300    3.7900 8.25e+03 -0.2724   0.9650 151.3825
   4W     A009     P   67026.6300    3.7900 8.25e+03 -0.2724   0.9650 151.3825
   4W     A000     P   67026.8600    4.0200 1.04e+04  0.0000   0.5140 154.8362
   4W     A000     P   67026.8600    4.0200 1.04e+04  0.0000   0.5140 154.8362
   4W     A000     P   67026.8600    4.0200 1.04e+04  0.0000   0.5140 154.8362
   4W     A004     P   67026.7100    3.8700 5.93e+03 -0.1697   0.9340 160.5276
   4W     A004     P   67026.7100    3.8700 5.93e+03 -0.1697   0.9340 160.5276
   4W     A004     S   67030.5600    7.7200 5.93e+03  0.3321   0.6300 160.5276
   4W     A004     S   67030.5600    7.7200 5.93e+03  0.3321   0.6300 160.5276
   4W     A004     S   67030.5600    7.7200 5.93e+03  0.3321   0.6300 160.5276
   4W     A004     P   67026.7100    3.8700 5.93e+03 -0.1697   0.9340 160.5276
   4W     A059     P   67026.6200    3.7800 2.28e+04 -0.3947   0.7530 195.1134
   4W     A059     P   67026.6200    3.7800 2.28e+04 -0.3947   0.7530 195.1134
   4W     A059     P   67026.6200    3.7800 2.28e+04 -0.3947   0.7530 195.1134
   20   2023 04 24 19:16:48.462    69408.462  0.3402 85.6708  27.8259  14.00  5.915 0.172  51  45  96  55 243.15
   4W     2D15     S   69414.3000    5.8383 1.13e+04  1.0977   0.7790   0.0314
   4W     2D15     S   69414.3000    5.8383 1.13e+04  1.0977   0.7790   0.0314
   4W     2D15     S   69414.3000    5.8383 1.13e+04  1.0977   0.7790   0.0314
   4W     2D17     S   69412.9200    4.4583 8.05e+03 -0.3858   0.7850   0.0856
   4W     2D17     S   69412.9200    4.4583 8.05e+03 -0.3858   0.7850   0.0856
   4W     2D17     S   69412.9200    4.4583 8.05e+03 -0.3858   0.7850   0.0856
   4W     2D10     P   69411.2400    2.7783 8.58e+03  0.3042   0.7030   1.0000
   4W     2D10     S   69413.5600    5.0983 8.58e+03  0.4835   0.5390   1.0000
   4W     2D10     P   69411.2400    2.7783 8.58e+03  0.3042   0.7030   1.0000
   4W     2D10     S   69413.5600    5.0983 8.58e+03  0.4835   0.5390   1.0000
   4W     2D10     P   69411.2400    2.7783 8.58e+03  0.3042   0.7030   1.0000
   4W     2D10     S   69413.5600    5.0983 8.58e+03  0.4835   0.5390   1.0000
   4W     2D21     P   69411.0300    2.5683 9.37e+03 -0.0288   0.7250   3.1008
   4W     2D21     S   69413.0800    4.6183 9.37e+03 -0.2337   0.8250   3.1008
   4W     2D21     P   69411.0300    2.5683 9.37e+03 -0.0288   0.7250   3.1008
   4W     2D21     S   69413.0800    4.6183 9.37e+03 -0.2337   0.8250   3.1008
   4W     2D21     P   69411.0300    2.5683 9.37e+03 -0.0288   0.7250   3.1008
   4W     2D21     S   69413.0800    4.6183 9.37e+03 -0.2337   0.8250   3.1008
   4W     2D20     P   69410.8300    2.3683 2.03e+04 -0.3552   0.9590 246.2475
   4W     2D20     S   69413.2400    4.7783 2.03e+04 -0.3173   0.8060 246.2475
   4W     2D20     P   69410.8300    2.3683 2.03e+04 -0.3552   0.9590 246.2475
   4W     2D20     S   69413.2400    4.7783 2.03e+04 -0.3173   0.8060 246.2475
   4W     2D20     P   69410.8300    2.3683 2.03e+04 -0.3552   0.9590 246.2475
   4W     2D20     S   69413.2400    4.7783 2.03e+04 -0.3173   0.8060 246.2475
   4W     A154     P   69411.9100    3.4483 7.44e+03  0.5599   0.8970 352.5567
   4W     A154     S   69414.5200    6.0583 7.44e+03  0.6451   0.8070 352.5567
   4W     A154     P   69411.9100    3.4483 7.44e+03  0.5599   0.8970 352.5567
   4W     A154     S   69414.5200    6.0583 7.44e+03  0.6451   0.8070 352.5567
   4W     A154     P   69411.9100    3.4483 7.44e+03  0.5599   0.8970 352.5567
   4W     A154     S   69414.5200    6.0583 7.44e+03  0.6451   0.8070 352.5567
   4W     A139     P   69411.7400    3.2783 6.25e+03  0.4275   0.7570 352.7743
   4W     A139     P   69411.7400    3.2783 6.25e+03  0.4275   0.7570 352.7743
   4W     A139     P   69411.7400    3.2783 6.25e+03  0.4275   0.7570 352.7743
   4W     A132     P   69411.6500    3.1883 1.27e+04  0.3554   0.7690 352.8785
   4W     A132     P   69411.6500    3.1883 1.27e+04  0.3554   0.7690 352.8785
   4W     A132     P   69411.6500    3.1883 1.27e+04  0.3554   0.7690 352.8785
   4W     A109     P   69411.3300    2.8683 1.84e+04  0.0816   0.6650 353.3366
   4W     A109     P   69411.3300    2.8683 1.84e+04  0.0816   0.6650 353.3366
   4W     A109     P   69411.3300    2.8683 1.84e+04  0.0816   0.6650 353.3366
   4W     A079     P   69411.2200    2.7583 6.65e+03  0.0067   0.9290 355.7271
   4W     A079     P   69411.2200    2.7583 6.65e+03  0.0067   0.9290 355.7271
   4W     A079     P   69411.2200    2.7583 6.65e+03  0.0067   0.9290 355.7271
   4W     A069     P   69411.1500    2.6883 6.54e+03 -0.0067   0.9380 356.3532
   4W     A069     P   69411.1500    2.6883 6.54e+03 -0.0067   0.9380 356.3532
   4W     A069     P   69411.1500    2.6883 6.54e+03 -0.0067   0.9380 356.3532
   4W     2D07     P   69411.4800    3.0183 6.68e+03  0.3833   0.9460 356.4146
   4W     2D07     P   69411.4800    3.0183 6.68e+03  0.3833   0.9460 356.4146
   4W     2D07     S   69413.8800    5.4183 6.68e+03  0.4932   0.8310 356.4146
   4W     2D07     S   69413.8800    5.4183 6.68e+03  0.4932   0.8310 356.4146
   4W     2D07     S   69413.8800    5.4183 6.68e+03  0.4932   0.8310 356.4146
   4W     2D07     P   69411.4800    3.0183 6.68e+03  0.3833   0.9460 356.4146
   4W     A064     P   69411.1800    2.7183 7.39e+03  0.0384   0.8930 356.6397
   4W     A064     S   69413.6400    5.1783 9.42e+03  0.1667   0.5420 356.6397
   4W     A064     S   69413.6400    5.1783 9.42e+03  0.1667   0.5420 356.6397
   4W     A064     P   69411.1800    2.7183 7.39e+03  0.0384   0.8930 356.6397
   4W     A064     S   69413.6400    5.1783 9.42e+03  0.1667   0.5420 356.6397
   4W     A064     P   69411.1800    2.7183 7.39e+03  0.0384   0.8930 356.6397
   4W     A054     P   69411.1500    2.6883 9.07e+03  0.0205   0.5770 357.2714
   4W     A054     P   69411.1500    2.6883 9.07e+03  0.0205   0.5770 357.2714
   4W     A054     P   69411.1500    2.6883 9.07e+03  0.0205   0.5770 357.2714
   4W     A049     P   69411.1300    2.6683 5.71e+03  0.0160   0.9280 357.5564
   4W     A049     S   69413.4100    4.9483 4.46e+03 -0.0100   0.7860 357.5564
   4W     A049     P   69411.1300    2.6683 5.71e+03  0.0160   0.9280 357.5564
   4W     A049     S   69413.4100    4.9483 4.46e+03 -0.0100   0.7860 357.5564
   4W     A049     P   69411.1300    2.6683 5.71e+03  0.0160   0.9280 357.5564
   4W     A049     S   69413.4100    4.9483 4.46e+03 -0.0100   0.7860 357.5564
   4W     A039     P   69411.0200    2.5583 5.11e+03 -0.0457   0.9540 357.8828
   4W     A039     S   69413.2400    4.7783 5.11e+03 -0.0870   0.8550 357.8828
   4W     A039     P   69411.0200    2.5583 5.11e+03 -0.0457   0.9540 357.8828
   4W     A039     S   69413.2400    4.7783 5.11e+03 -0.0870   0.8550 357.8828
   4W     A039     P   69411.0200    2.5583 5.11e+03 -0.0457   0.9540 357.8828
   4W     A039     S   69413.2400    4.7783 5.11e+03 -0.0870   0.8550 357.8828
   4W      B09     P   69411.0200    2.5583 7.83e+03 -0.0119   0.5820 358.3456
   4W      B09     S   69413.1800    4.7183 7.83e+03 -0.0817   0.7260 358.3456
   4W      B09     P   69411.0200    2.5583 7.83e+03 -0.0119   0.5820 358.3456
   4W      B09     S   69413.1800    4.7183 7.83e+03 -0.0817   0.7260 358.3456
   4W      B09     P   69411.0200    2.5583 7.83e+03 -0.0119   0.5820 358.3456
   4W      B09     S   69413.1800    4.7183 7.83e+03 -0.0817   0.7260 358.3456
   4W     A014     P   69410.9500    2.4883 1.71e+04 -0.0791   0.9750 358.8901
   4W     A014     S   69413.0800    4.6183 1.71e+04 -0.1763   0.9310 358.8901
   4W     A014     P   69410.9500    2.4883 1.71e+04 -0.0791   0.9750 358.8901
   4W     A014     S   69413.0800    4.6183 1.71e+04 -0.1763   0.9310 358.8901
   4W     A014     P   69410.9500    2.4883 1.71e+04 -0.0791   0.9750 358.8901
   4W     A014     S   69413.0800    4.6183 1.71e+04 -0.1763   0.9310 358.8901
   4W     A009     P   69411.2900    2.8283 1.03e+04  0.2759   0.9070 359.0492
   4W     A009     S   69413.0900    4.6283 1.03e+04 -0.1375   0.7190 359.0492
   4W     A009     P   69411.2900    2.8283 1.03e+04  0.2759   0.9070 359.0492
   4W     A009     S   69413.0900    4.6283 1.03e+04 -0.1375   0.7190 359.0492
   4W     A009     P   69411.2900    2.8283 1.03e+04  0.2759   0.9070 359.0492
   4W     A009     S   69413.0900    4.6283 1.03e+04 -0.1375   0.7190 359.0492
   4W     A004     S   69412.9900    4.5283 4.52e+03 -0.1937   0.8390 359.2239
   4W     A004     S   69412.9900    4.5283 4.52e+03 -0.1937   0.8390 359.2239
   4W     A004     S   69412.9900    4.5283 4.52e+03 -0.1937   0.8390 359.2239
   4W     A000     S   69412.9200    4.4583 9.19e+03 -0.2258   0.5660 359.3557
   4W     A000     S   69412.9200    4.4583 9.19e+03 -0.2258   0.5660 359.3557
   4W     A000     S   69412.9200    4.4583 9.19e+03 -0.2258   0.5660 359.3557
   21   2023 04 24 19:19:08.891    69548.891  0.4494 85.6070  27.6760  40.00  6.683 0.227 108  18 126  20 298.47
   4W     A100     P   69554.9800    6.0892 1.38e+04 -0.3400   0.5250 293.0170
   4W     A100     P   69554.9800    6.0892 1.38e+04 -0.3400   0.5250 293.0170
   4W     A100     P   69554.9800    6.0892 1.38e+04 -0.3400   0.5250 293.0170
   4W     A109     P   69555.3700    6.4792 2.85e+04  0.0488   0.7850 293.8282
   4W     A109     P   69555.3700    6.4792 2.85e+04  0.0488   0.7850 293.8282
   4W     A109     P   69555.3700    6.4792 2.85e+04  0.0488   0.7850 293.8282
   4W     A113     S   69560.0200   11.1292 8.52e+04 -0.6593   0.5950 297.8030
   4W     A113     S   69560.0200   11.1292 8.52e+04 -0.6593   0.5950 297.8030
   4W     A113     S   69560.0200   11.1292 8.52e+04 -0.6593   0.5950 297.8030
   4W     A094     P   69555.2000    6.3092 1.60e+04 -0.1146   0.6170 298.7199
   4W     A094     P   69555.2000    6.3092 1.60e+04 -0.1146   0.6170 298.7199
   4W     A094     P   69555.2000    6.3092 1.60e+04 -0.1146   0.6170 298.7199
   4W     A089     P   69555.2900    6.3992 3.24e+04 -0.0097   0.8300 307.8801
   4W     A089     P   69555.2900    6.3992 3.24e+04 -0.0097   0.8300 307.8801
   4W     A089     P   69555.2900    6.3992 3.24e+04 -0.0097   0.8300 307.8801
   4W     A134     P   69555.3200    6.4292 2.01e+04 -0.0591   0.6680 309.8995
   4W     A134     P   69555.3200    6.4292 2.01e+04 -0.0591   0.6680 309.8995
   4W     A134     P   69555.3200    6.4292 2.01e+04 -0.0591   0.6680 309.8995
   4W     A139     P   69555.4400    6.5492 9.36e+03  0.0547   0.8400 310.9959
   4W     A139     P   69555.4400    6.5492 9.36e+03  0.0547   0.8400 310.9959
   4W     A139     P   69555.4400    6.5492 9.36e+03  0.0547   0.8400 310.9959
   4W     A144     P   69555.6500    6.7592 4.20e+04  0.2499   0.8250 312.3912
   4W     A144     P   69555.6500    6.7592 4.20e+04  0.2499   0.8250 312.3912
   4W     A144     P   69555.6500    6.7592 4.20e+04  0.2499   0.8250 312.3912
   4W     A084     P   69555.1400    6.2492 1.21e+04 -0.1537   0.8430 315.9365
   4W     A084     S   69561.6500   12.7592 1.21e+04  1.0332   0.5360 315.9365
   4W     A084     P   69555.1400    6.2492 1.21e+04 -0.1537   0.8430 315.9365
   4W     A084     S   69561.6500   12.7592 1.21e+04  1.0332   0.5360 315.9365
   4W     A084     P   69555.1400    6.2492 1.21e+04 -0.1537   0.8430 315.9365
   4W     A084     S   69561.6500   12.7592 1.21e+04  1.0332   0.5360 315.9365
   4W     A149     P   69555.4600    6.5692 4.71e+04  0.0297   0.8750 316.1397
   4W     A149     P   69555.4600    6.5692 4.71e+04  0.0297   0.8750 316.1397
   4W     A149     P   69555.4600    6.5692 4.71e+04  0.0297   0.8750 316.1397
   4W     A154     P   69555.4400    6.5492 1.85e+04  0.0172   0.8070 316.7188
   4W     A154     P   69555.4400    6.5492 1.85e+04  0.0172   0.8070 316.7188
   4W     A154     P   69555.4400    6.5492 1.85e+04  0.0172   0.8070 316.7188
   4W     A079     P   69555.1400    6.2492 1.21e+04 -0.1461   0.8020 321.0317
   4W     A079     P   69555.1400    6.2492 1.21e+04 -0.1461   0.8020 321.0317
   4W     A079     P   69555.1400    6.2492 1.21e+04 -0.1461   0.8020 321.0317
   4W     A074     P   69555.1300    6.2392 2.10e+04 -0.1348   0.7800 322.7149
   4W     A074     P   69555.1300    6.2392 2.10e+04 -0.1348   0.7800 322.7149
   4W     A074     P   69555.1300    6.2392 2.10e+04 -0.1348   0.7800 322.7149
   4W     A069     P   69554.9100    6.0192 1.45e+04 -0.3195   0.9230 326.5776
   4W     A069     P   69554.9100    6.0192 1.45e+04 -0.3195   0.9230 326.5776
   4W     A069     P   69554.9100    6.0192 1.45e+04 -0.3195   0.9230 326.5776
   4W     A181     P   69555.8300    6.9392 5.50e+04  0.3896   0.6560 328.2163
   4W     A181     P   69555.8300    6.9392 5.50e+04  0.3896   0.6560 328.2163
   4W     A181     P   69555.8300    6.9392 5.50e+04  0.3896   0.6560 328.2163
   4W     A064     P   69555.0800    6.1892 1.50e+04 -0.1344   0.7650 329.1233
   4W     A064     P   69555.0800    6.1892 1.50e+04 -0.1344   0.7650 329.1233
   4W     A064     P   69555.0800    6.1892 1.50e+04 -0.1344   0.7650 329.1233
   4W      C15     P   69556.0600    7.1692 1.52e+04  0.7023   0.7870 332.6722
   4W      C15     P   69556.0600    7.1692 1.52e+04  0.7023   0.7870 332.6722
   4W      C15     P   69556.0600    7.1692 1.52e+04  0.7023   0.7870 332.6722
   4W     A054     P   69554.9500    6.0592 2.46e+04 -0.2523   0.5270 335.3326
   4W     A054     P   69554.9500    6.0592 2.46e+04 -0.2523   0.5270 335.3326
   4W     A054     P   69554.9500    6.0592 2.46e+04 -0.2523   0.5270 335.3326
   4W     2D09     P   69555.6400    6.7492 8.00e+03  0.3662   0.6690 336.8887
   4W     2D09     P   69555.6400    6.7492 8.00e+03  0.3662   0.6690 336.8887
   4W     2D09     P   69555.6400    6.7492 8.00e+03  0.3662   0.6690 336.8887
   4W     A039     P   69554.8000    5.9092 1.21e+04 -0.3385   0.9480 337.5549
   4W     A039     P   69554.8000    5.9092 1.21e+04 -0.3385   0.9480 337.5549
   4W     A039     P   69554.8000    5.9092 1.21e+04 -0.3385   0.9480 337.5549
   4W     A049     P   69555.3500    6.4592 3.64e+04  0.1632   0.6410 337.9929
   4W     A049     P   69555.3500    6.4592 3.64e+04  0.1632   0.6410 337.9929
   4W     A049     P   69555.3500    6.4592 3.64e+04  0.1632   0.6410 337.9929
   4W     A004     S   69561.0300   12.1392 1.00e+04  0.8556   0.5080 339.5039
   4W     A004     P   69554.7600    5.8692 8.94e+03 -0.3042   0.6610 339.5039
   4W     A004     S   69561.0300   12.1392 1.00e+04  0.8556   0.5080 339.5039
   4W     A004     P   69554.7600    5.8692 8.94e+03 -0.3042   0.6610 339.5039
   4W     A004     S   69561.0300   12.1392 1.00e+04  0.8556   0.5080 339.5039
   4W     A004     P   69554.7600    5.8692 8.94e+03 -0.3042   0.6610 339.5039
   4W     A000     P   69554.8200    5.9292 2.83e+04 -0.2245   0.9340 340.2167
   4W     A000     P   69554.8200    5.9292 2.83e+04 -0.2245   0.9340 340.2167
   4W     A000     P   69554.8200    5.9292 2.83e+04 -0.2245   0.9340 340.2167
   4W     A009     P   69554.8400    5.9492 1.90e+04 -0.2469   0.7990 340.2432
   4W     A009     P   69554.8400    5.9492 1.90e+04 -0.2469   0.7990 340.2432
   4W     A009     P   69554.8400    5.9492 1.90e+04 -0.2469   0.7990 340.2432
   4W     A014     P   69554.6700    5.7792 1.52e+04 -0.4319   0.8010 341.2102
   4W     A014     P   69554.6700    5.7792 1.52e+04 -0.4319   0.8010 341.2102
   4W     A014     P   69554.6700    5.7792 1.52e+04 -0.4319   0.8010 341.2102
   4W      B09     P   69554.9600    6.0692 1.32e+04 -0.1446   0.5240 341.7321
   4W      B09     P   69554.9600    6.0692 1.32e+04 -0.1446   0.5240 341.7321
   4W      B09     P   69554.9600    6.0692 1.32e+04 -0.1446   0.5240 341.7321
   4W     2D07     P   69555.3000    6.4092 1.37e+04  0.1304   0.9090 342.9203
   4W     2D07     P   69555.3000    6.4092 1.37e+04  0.1304   0.9090 342.9203
   4W     2D07     P   69555.3000    6.4092 1.37e+04  0.1304   0.9090 342.9203
   4W      B35     P   69555.0700    6.1792 1.92e+04  0.0374   0.7560 345.4574
   4W      B35     P   69555.0700    6.1792 1.92e+04  0.0374   0.7560 345.4574
   4W      B35     P   69555.0700    6.1792 1.92e+04  0.0374   0.7560 345.4574
   4W     2D05     P   69555.3000    6.4092 1.64e+04  0.2609   0.8770 345.5466
   4W     2D05     P   69555.3000    6.4092 1.64e+04  0.2609   0.8770 345.5466
   4W     2D05     P   69555.3000    6.4092 1.64e+04  0.2609   0.8770 345.5466
   4W      B39     P   69555.0800    6.1892 2.81e+04  0.0480   0.5670 346.2130
   4W      B39     P   69555.0800    6.1892 2.81e+04  0.0480   0.5670 346.2130
   4W      B39     P   69555.0800    6.1892 2.81e+04  0.0480   0.5670 346.2130
   4W      B50     S   69559.6000   10.7092 1.91e+04 -0.4777   0.5360 347.2824
   4W      B50     P   69554.5500    5.6592 3.18e+04 -0.4640   0.5090 347.2824
   4W      B50     S   69559.6000   10.7092 1.91e+04 -0.4777   0.5360 347.2824
   4W      B50     P   69554.5500    5.6592 3.18e+04 -0.4640   0.5090 347.2824
   4W      B50     S   69559.6000   10.7092 1.91e+04 -0.4777   0.5360 347.2824
   4W      B50     P   69554.5500    5.6592 3.18e+04 -0.4640   0.5090 347.2824
   4W     2D08     P   69556.0000    7.1092 1.34e+04  0.6968   0.5800 347.9885
   4W     2D08     P   69556.0000    7.1092 1.34e+04  0.6968   0.5800 347.9885
   4W     2D08     P   69556.0000    7.1092 1.34e+04  0.6968   0.5800 347.9885
   4W     2D04     P   69555.5600    6.6692 1.71e+04  0.3895   0.5450 350.5191
   4W     2D04     P   69555.5600    6.6692 1.71e+04  0.3895   0.5450 350.5191
   4W     2D04     P   69555.5600    6.6692 1.71e+04  0.3895   0.5450 350.5191
   4W     2D11     S   69561.1200   12.2292 2.67e+04  1.0609   0.5260 350.5414
   4W     2D11     P   69554.6700    5.7792 2.67e+04 -0.3344   0.6420 350.5414
   4W     2D11     S   69561.1200   12.2292 2.67e+04  1.0609   0.5260 350.5414
   4W     2D11     P   69554.6700    5.7792 2.67e+04 -0.3344   0.6420 350.5414
   4W     2D11     S   69561.1200   12.2292 2.67e+04  1.0609   0.5260 350.5414
   4W     2D11     P   69554.6700    5.7792 2.67e+04 -0.3344   0.6420 350.5414
   4W     2D03     P   69555.1500    6.2592 1.79e+04  0.0000   0.5470 351.0590
   4W     2D03     P   69555.1500    6.2592 1.79e+04  0.0000   0.5470 351.0590
   4W     2D03     P   69555.1500    6.2592 1.79e+04  0.0000   0.5470 351.0590
   4W     2D10     P   69554.5400    5.6492 1.08e+04 -0.4686   0.9590 351.1492
   4W     2D10     P   69554.5400    5.6492 1.08e+04 -0.4686   0.9590 351.1492
   4W     2D10     P   69554.5400    5.6492 1.08e+04 -0.4686   0.9590 351.1492
   4W     2D14     S   69561.7300   12.8392 1.14e+04  1.2180   0.5200 352.1937
   4W     2D14     S   69561.7300   12.8392 1.14e+04  1.2180   0.5200 352.1937
   4W     2D14     S   69561.7300   12.8392 1.14e+04  1.2180   0.5200 352.1937
   4W     2D15     P   69555.5900    6.6992 1.06e+04  0.5162   0.6160 354.5512
   4W     2D15     P   69555.5900    6.6992 1.06e+04  0.5162   0.6160 354.5512
   4W     2D15     P   69555.5900    6.6992 1.06e+04  0.5162   0.6160 354.5512
   22   2023 04 24 19:57:49.630    71869.630  0.2132 85.4985  28.2358  10.00  5.904 0.226  84  72 156 101 246.34
   4W     2D14     P   71871.8000    2.1700 6.63e+03  0.0925   0.8890  53.2367
   4W     2D14     P   71871.8000    2.1700 6.63e+03  0.0925   0.8890  53.2367
   4W     2D14     P   71871.8000    2.1700 6.63e+03  0.0925   0.8890  53.2367
   4W     2D15     P   71871.9500    2.3200 1.26e+04  0.4081   0.9200  71.3396
   4W     2D15     P   71871.9500    2.3200 1.26e+04  0.4081   0.9200  71.3396
   4W     2D15     S   71873.9700    4.3400 6.88e+03  0.7274   0.6620  71.3396
   4W     2D15     S   71873.9700    4.3400 6.88e+03  0.7274   0.6620  71.3396
   4W     2D15     P   71871.9500    2.3200 1.26e+04  0.4081   0.9200  71.3396
   4W     2D15     S   71873.9700    4.3400 6.88e+03  0.7274   0.6620  71.3396
   4W     2D08     P   71871.7500    2.1200 1.06e+04 -0.0213   0.8250 113.6031
   4W     2D08     P   71871.7500    2.1200 1.06e+04 -0.0213   0.8250 113.6031
   4W     2D08     S   71873.7300    4.1000 8.05e+03  0.0452   0.7150 113.6031
   4W     2D08     S   71873.7300    4.1000 8.05e+03  0.0452   0.7150 113.6031
   4W     2D08     S   71873.7300    4.1000 8.05e+03  0.0452   0.7150 113.6031
   4W     2D08     P   71871.7500    2.1200 1.06e+04 -0.0213   0.8250 113.6031
   4W     2D04     P   71871.6300    2.0000 9.98e+03 -0.0085   0.8670 121.3624
   4W     2D04     P   71871.6300    2.0000 9.98e+03 -0.0085   0.8670 121.3624
   4W     2D04     P   71871.6300    2.0000 9.98e+03 -0.0085   0.8670 121.3624
   4W     2D03     P   71871.7400    2.1100 1.46e+04  0.1219   0.9460 132.6714
   4W     2D03     S   71873.6800    4.0500 1.46e+04  0.2906   0.7580 132.6714
   4W     2D03     P   71871.7400    2.1100 1.46e+04  0.1219   0.9460 132.6714
   4W     2D03     S   71873.6800    4.0500 1.46e+04  0.2906   0.7580 132.6714
   4W     2D03     P   71871.7400    2.1100 1.46e+04  0.1219   0.9460 132.6714
   4W     2D03     S   71873.6800    4.0500 1.46e+04  0.2906   0.7580 132.6714
   4W     2D05     S   71872.9900    3.3600 8.53e+03 -0.1858   0.9110 147.7549
   4W     2D05     P   71871.2900    1.6600 2.60e+04 -0.2173   0.9570 147.7549
   4W     2D05     S   71872.9900    3.3600 8.53e+03 -0.1858   0.9110 147.7549
   4W     2D05     P   71871.2900    1.6600 2.60e+04 -0.2173   0.9570 147.7549
   4W     2D05     S   71872.9900    3.3600 8.53e+03 -0.1858   0.9110 147.7549
   4W     2D05     P   71871.2900    1.6600 2.60e+04 -0.2173   0.9570 147.7549
   4W      B35     P   71871.3900    1.7600 4.75e+04 -0.1107   0.9320 150.7776
   4W      B35     S   71873.0500    3.4200 1.30e+04 -0.1132   0.7320 150.7776
   4W      B35     P   71871.3900    1.7600 4.75e+04 -0.1107   0.9320 150.7776
   4W      B35     S   71873.0500    3.4200 1.30e+04 -0.1132   0.7320 150.7776
   4W      B35     P   71871.3900    1.7600 4.75e+04 -0.1107   0.9320 150.7776
   4W      B35     S   71873.0500    3.4200 1.30e+04 -0.1132   0.7320 150.7776
   4W     2D07     S   71873.1400    3.5100 1.15e+04 -0.2872   0.9310 151.9161
   4W     2D07     P   71871.4200    1.7900 1.15e+04 -0.2177   0.9480 151.9161
   4W     2D07     S   71873.1400    3.5100 1.15e+04 -0.2872   0.9310 151.9161
   4W     2D07     P   71871.4200    1.7900 1.15e+04 -0.2177   0.9480 151.9161
   4W     2D07     S   71873.1400    3.5100 1.15e+04 -0.2872   0.9310 151.9161
   4W     2D07     P   71871.4200    1.7900 1.15e+04 -0.2177   0.9480 151.9161
   4W      B13     P   71871.4700    1.8400 5.51e+03 -0.0855   0.9570 155.0786
   4W      B13     S   71873.1600    3.5300 5.51e+03 -0.1088   0.6210 155.0786
   4W      B13     P   71871.4700    1.8400 5.51e+03 -0.0855   0.9570 155.0786
   4W      B13     S   71873.1600    3.5300 5.51e+03 -0.1088   0.6210 155.0786
   4W      B13     P   71871.4700    1.8400 5.51e+03 -0.0855   0.9570 155.0786
   4W      B13     S   71873.1600    3.5300 5.51e+03 -0.1088   0.6210 155.0786
   4W      B09     P   71871.5400    1.9100 7.08e+03 -0.0328   0.9450 155.6963
   4W      B09     P   71871.5400    1.9100 7.08e+03 -0.0328   0.9450 155.6963
   4W      B09     P   71871.5400    1.9100 7.08e+03 -0.0328   0.9450 155.6963
   4W     A014     S   71873.3900    3.7600 1.19e+04  0.0932   0.9260 156.3477
   4W     A014     P   71871.5700    1.9400 1.19e+04  0.0000   0.9310 156.3477
   4W     A014     P   71871.5700    1.9400 1.19e+04  0.0000   0.9310 156.3477
   4W     A014     S   71873.3900    3.7600 1.19e+04  0.0932   0.9260 156.3477
   4W     A014     S   71873.3900    3.7600 1.19e+04  0.0932   0.9260 156.3477
   4W     A014     P   71871.5700    1.9400 1.19e+04  0.0000   0.9310 156.3477
   4W     A009     S   71873.5500    3.9200 8.90e+03  0.2820   0.8850 157.0097
   4W     A009     P   71871.6500    2.0200 8.90e+03  0.0950   0.9630 157.0097
   4W     A009     P   71871.6500    2.0200 8.90e+03  0.0950   0.9630 157.0097
   4W     A009     P   71871.6500    2.0200 8.90e+03  0.0950   0.9630 157.0097
   4W     A009     S   71873.5500    3.9200 8.90e+03  0.2820   0.8850 157.0097
   4W     A009     S   71873.5500    3.9200 8.90e+03  0.2820   0.8850 157.0097
   4W     A049     P   71871.5600    1.9300 8.44e+03 -0.0950   0.5220 158.1987
   4W     A049     P   71871.5600    1.9300 8.44e+03 -0.0950   0.5220 158.1987
   4W     A049     P   71871.5600    1.9300 8.44e+03 -0.0950   0.5220 158.1987
   4W     A039     P   71871.5100    1.8800 1.21e+04 -0.0967   0.8180 158.4057
   4W     A039     P   71871.5100    1.8800 1.21e+04 -0.0967   0.8180 158.4057
   4W     A039     P   71871.5100    1.8800 1.21e+04 -0.0967   0.8180 158.4057
   4W     A044     S   71873.4000    3.7700 7.27e+03 -0.0103   0.8230 158.4261
   4W     A044     S   71873.4000    3.7700 7.27e+03 -0.0103   0.8230 158.4261
   4W     A044     P   71871.5500    1.9200 1.03e+04 -0.0789   0.9660 158.4261
   4W     A044     P   71871.5500    1.9200 1.03e+04 -0.0789   0.9660 158.4261
   4W     A044     P   71871.5500    1.9200 1.03e+04 -0.0789   0.9660 158.4261
   4W     A044     S   71873.4000    3.7700 7.27e+03 -0.0103   0.8230 158.4261
   4W      C25     S   71874.1300    4.5000 3.05e+04  0.4162   0.8950 161.5454
   4W      C25     S   71874.1300    4.5000 3.05e+04  0.4162   0.8950 161.5454
   4W      C25     S   71874.1300    4.5000 3.05e+04  0.4162   0.8950 161.5454
   4W     A064     P   71871.6200    1.9900 1.04e+04 -0.0626   0.9550 161.6587
   4W     A064     S   71873.5700    3.9400 1.04e+04  0.0562   0.7720 161.6587
   4W     A064     P   71871.6200    1.9900 1.04e+04 -0.0626   0.9550 161.6587
   4W     A064     S   71873.5700    3.9400 1.04e+04  0.0562   0.7720 161.6587
   4W     A064     P   71871.6200    1.9900 1.04e+04 -0.0626   0.9550 161.6587
   4W     A064     S   71873.5700    3.9400 1.04e+04  0.0562   0.7720 161.6587
   4W      C21     P   71872.1500    2.5200 2.57e+04  0.3420   0.6240 162.1457
   4W      C21     P   71872.1500    2.5200 2.57e+04  0.3420   0.6240 162.1457
   4W      C21     P   71872.1500    2.5200 2.57e+04  0.3420   0.6240 162.1457
   4W     A069     P   71871.6200    1.9900 1.87e+04 -0.0777   0.9440 162.3249
   4W     A069     S   71873.4700    3.8400 1.87e+04 -0.0729   0.9300 162.3249
   4W     A069     S   71873.4700    3.8400 1.87e+04 -0.0729   0.9300 162.3249
   4W     A069     P   71871.6200    1.9900 1.87e+04 -0.0777   0.9440 162.3249
   4W     A069     S   71873.4700    3.8400 1.87e+04 -0.0729   0.9300 162.3249
   4W     A069     P   71871.6200    1.9900 1.87e+04 -0.0777   0.9440 162.3249
   4W      C15     S   71874.0700    4.4400 9.13e+03  0.2801   0.7680 162.9225
   4W      C15     S   71874.0700    4.4400 9.13e+03  0.2801   0.7680 162.9225
   4W      C15     S   71874.0700    4.4400 9.13e+03  0.2801   0.7680 162.9225
   4W     A079     P   71871.6500    2.0200 9.84e+03 -0.1042   0.9070 163.5295
   4W     A079     S   71873.5500    3.9200 9.84e+03 -0.1018   0.9160 163.5295
   4W     A079     P   71871.6500    2.0200 9.84e+03 -0.1042   0.9070 163.5295
   4W     A079     S   71873.5500    3.9200 9.84e+03 -0.1018   0.9160 163.5295
   4W     A079     P   71871.6500    2.0200 9.84e+03 -0.1042   0.9070 163.5295
   4W     A079     S   71873.5500    3.9200 9.84e+03 -0.1018   0.9160 163.5295
   4W     A084     P   71871.6300    2.0000 1.01e+04 -0.1319   0.9300 164.3222
   4W     A084     S   71873.4700    3.8400 1.01e+04 -0.1966   0.9250 164.3222
   4W     A084     P   71871.6300    2.0000 1.01e+04 -0.1319   0.9300 164.3222
   4W     A084     S   71873.4700    3.8400 1.01e+04 -0.1966   0.9250 164.3222
   4W     A084     P   71871.6300    2.0000 1.01e+04 -0.1319   0.9300 164.3222
   4W     A084     S   71873.4700    3.8400 1.01e+04 -0.1966   0.9250 164.3222
   4W     A089     P   71871.7100    2.0800 2.00e+04 -0.0579   0.8560 165.2245
   4W     A089     S   71873.6100    3.9800 2.00e+04 -0.0682   0.7280 165.2245
   4W     A089     P   71871.7100    2.0800 2.00e+04 -0.0579   0.8560 165.2245
   4W     A089     S   71873.6100    3.9800 2.00e+04 -0.0682   0.7280 165.2245
   4W     A089     P   71871.7100    2.0800 2.00e+04 -0.0579   0.8560 165.2245
   4W     A089     S   71873.6100    3.9800 2.00e+04 -0.0682   0.7280 165.2245
   4W     A169     P   71872.2600    2.6300 8.17e+03  0.3485   0.7620 165.5177
   4W     A169     S   71874.2300    4.6000 8.17e+03  0.2749   0.7090 165.5177
   4W     A169     P   71872.2600    2.6300 8.17e+03  0.3485   0.7620 165.5177
   4W     A169     S   71874.2300    4.6000 8.17e+03  0.2749   0.7090 165.5177
   4W     A169     P   71872.2600    2.6300 8.17e+03  0.3485   0.7620 165.5177
   4W     A169     S   71874.2300    4.6000 8.17e+03  0.2749   0.7090 165.5177
   4W     A154     P   71872.0700    2.4400 1.67e+04  0.1790   0.8460 166.4842
   4W     A154     S   71874.0400    4.4100 1.67e+04  0.1246   0.7630 166.4842
   4W     A154     P   71872.0700    2.4400 1.67e+04  0.1790   0.8460 166.4842
   4W     A154     S   71874.0400    4.4100 1.67e+04  0.1246   0.7630 166.4842
   4W     A154     P   71872.0700    2.4400 1.67e+04  0.1790   0.8460 166.4842
   4W     A154     S   71874.0400    4.4100 1.67e+04  0.1246   0.7630 166.4842
   4W     A159     P   71872.1100    2.4800 1.53e+04  0.2094   0.6400 166.5176
   4W     A159     S   71874.1100    4.4800 1.53e+04  0.1761   0.5990 166.5176
   4W     A159     P   71872.1100    2.4800 1.53e+04  0.2094   0.6400 166.5176
   4W     A159     S   71874.1100    4.4800 1.53e+04  0.1761   0.5990 166.5176
   4W     A159     P   71872.1100    2.4800 1.53e+04  0.2094   0.6400 166.5176
   4W     A159     S   71874.1100    4.4800 1.53e+04  0.1761   0.5990 166.5176
   4W     A100     S   71873.6600    4.0300 2.55e+04 -0.0573   0.5320 166.5314
   4W     A100     S   71873.6600    4.0300 2.55e+04 -0.0573   0.5320 166.5314
   4W     A100     S   71873.6600    4.0300 2.55e+04 -0.0573   0.5320 166.5314
   4W     A134     S   71874.0500    4.4200 1.17e+04  0.2188   0.7820 166.5557
   4W     A134     S   71874.0500    4.4200 1.17e+04  0.2188   0.7820 166.5557
   4W     A134     P   71872.2800    2.6500 1.17e+04  0.4327   0.6620 166.5557
   4W     A134     S   71874.0500    4.4200 1.17e+04  0.2188   0.7820 166.5557
   4W     A134     P   71872.2800    2.6500 1.17e+04  0.4327   0.6620 166.5557
   4W     A134     P   71872.2800    2.6500 1.17e+04  0.4327   0.6620 166.5557
   4W     A139     P   71872.0200    2.3900 5.57e+03  0.1665   0.8310 166.6215
   4W     A139     P   71872.0200    2.3900 5.57e+03  0.1665   0.8310 166.6215
   4W     A139     P   71872.0200    2.3900 5.57e+03  0.1665   0.8310 166.6215
   4W     A139     S   71874.0400    4.4100 5.57e+03  0.1968   0.6970 166.6215
   4W     A139     S   71874.0400    4.4100 5.57e+03  0.1968   0.6970 166.6215
   4W     A139     S   71874.0400    4.4100 5.57e+03  0.1968   0.6970 166.6215
   4W     A109     P   71871.8800    2.2500 2.47e+04  0.0905   0.7940 166.8095
   4W     A109     P   71871.8800    2.2500 2.47e+04  0.0905   0.7940 166.8095
   4W     A109     S   71873.6500    4.0200 2.47e+04 -0.0697   0.9310 166.8095
   4W     A109     S   71873.6500    4.0200 2.47e+04 -0.0697   0.9310 166.8095
   4W     A109     P   71871.8800    2.2500 2.47e+04  0.0905   0.7940 166.8095
   4W     A109     S   71873.6500    4.0200 2.47e+04 -0.0697   0.9310 166.8095
   4W      AX6     P   71871.9500    2.3200 1.59e+04  0.1615   0.5450 166.8923
   4W      AX6     P   71871.9500    2.3200 1.59e+04  0.1615   0.5450 166.8923
   4W      AX6     P   71871.9500    2.3200 1.59e+04  0.1615   0.5450 166.8923
   23   2023 04 24 20:16:29.305    72989.305  0.3847 85.6361  27.5538  14.00  7.395 0.227 147  42 189  43 238.45
   4W     2D22     P   72992.3100    3.0049 4.10e+04  0.3322   0.8740 232.0926
   4W     2D22     P   72992.3100    3.0049 4.10e+04  0.3322   0.8740 232.0926
   4W     2D22     P   72992.3100    3.0049 4.10e+04  0.3322   0.8740 232.0926
   4W     2D19     P   72991.7500    2.4449 3.10e+05 -0.2444   0.8640 233.3274
   4W     2D19     P   72991.7500    2.4449 3.10e+05 -0.2444   0.8640 233.3274
   4W     2D19     P   72991.7500    2.4449 3.10e+05 -0.2444   0.8640 233.3274
   4W     2D18     P   72991.4700    2.1649 4.79e+05 -0.3332   0.8560 300.0236
   4W     2D18     S   72993.4400    4.1349 4.79e+05 -0.5261   0.6820 300.0236
   4W     2D18     P   72991.4700    2.1649 4.79e+05 -0.3332   0.8560 300.0236
   4W     2D18     S   72993.4400    4.1349 4.79e+05 -0.5261   0.6820 300.0236
   4W     2D18     P   72991.4700    2.1649 4.79e+05 -0.3332   0.8560 300.0236
   4W     2D18     S   72993.4400    4.1349 4.79e+05 -0.5261   0.6820 300.0236
   4W      AX6     P   72992.0200    2.7149 4.23e+05 -0.0709   0.6580 322.3738
   4W      AX6     S   72994.2000    4.8949 4.23e+05 -0.3206   0.6250 322.3738
   4W      AX6     P   72992.0200    2.7149 4.23e+05 -0.0709   0.6580 322.3738
   4W      AX6     S   72994.2000    4.8949 4.23e+05 -0.3206   0.6250 322.3738
   4W      AX6     P   72992.0200    2.7149 4.23e+05 -0.0709   0.6580 322.3738
   4W      AX6     S   72994.2000    4.8949 4.23e+05 -0.3206   0.6250 322.3738
   4W     A100     P   72991.7900    2.4849 3.47e+05 -0.3006   0.6070 322.5759
   4W     A100     P   72991.7900    2.4849 3.47e+05 -0.3006   0.6070 322.5759
   4W     A100     P   72991.7900    2.4849 3.47e+05 -0.3006   0.6070 322.5759
   4W     A113     P   72992.0600    2.7549 4.46e+05 -0.0368   0.7440 323.4810
   4W     A113     P   72992.0600    2.7549 4.46e+05 -0.0368   0.7440 323.4810
   4W     A113     P   72992.0600    2.7549 4.46e+05 -0.0368   0.7440 323.4810
   4W     A114     P   72992.2300    2.9249 2.46e+05  0.1394   0.7320 323.8992
   4W     A114     P   72992.2300    2.9249 2.46e+05  0.1394   0.7320 323.8992
   4W     A114     P   72992.2300    2.9249 2.46e+05  0.1394   0.7320 323.8992
   4W     A094     P   72992.1900    2.8849 2.62e+05  0.1047   0.7260 324.5050
   4W     A094     P   72992.1900    2.8849 2.62e+05  0.1047   0.7260 324.5050
   4W     A094     P   72992.1900    2.8849 2.62e+05  0.1047   0.7260 324.5050
   4W     A132     S   72994.3900    5.0849 3.36e+05 -0.2214   0.6140 326.1039
   4W     A132     S   72994.3900    5.0849 3.36e+05 -0.2214   0.6140 326.1039
   4W     A132     S   72994.3900    5.0849 3.36e+05 -0.2214   0.6140 326.1039
   4W     A139     P   72992.8200    3.5149 3.46e+05  0.6640   0.8630 327.1034
   4W     A139     P   72992.8200    3.5149 3.46e+05  0.6640   0.8630 327.1034
   4W     A139     P   72992.8200    3.5149 3.46e+05  0.6640   0.8630 327.1034
   4W     A089     P   72992.1800    2.8749 7.83e+05  0.1097   0.7530 327.4603
   4W     A089     S   72994.2000    4.8949 7.83e+05 -0.2811   0.6370 327.4603
   4W     A089     P   72992.1800    2.8749 7.83e+05  0.1097   0.7530 327.4603
   4W     A089     S   72994.2000    4.8949 7.83e+05 -0.2811   0.6370 327.4603
   4W     A089     P   72992.1800    2.8749 7.83e+05  0.1097   0.7530 327.4603
   4W     A089     S   72994.2000    4.8949 7.83e+05 -0.2811   0.6370 327.4603
   4W     A084     P   72991.7400    2.4349 2.87e+05 -0.3243   0.8720 330.2140
   4W     A084     S   72994.0800    4.7749 2.87e+05 -0.3895   0.5330 330.2140
   4W     A084     P   72991.7400    2.4349 2.87e+05 -0.3243   0.8720 330.2140
   4W     A084     S   72994.0800    4.7749 2.87e+05 -0.3895   0.5330 330.2140
   4W     A084     P   72991.7400    2.4349 2.87e+05 -0.3243   0.8720 330.2140
   4W     A084     S   72994.0800    4.7749 2.87e+05 -0.3895   0.5330 330.2140
   4W     A079     P   72992.0900    2.7849 1.64e+05  0.0333   0.8260 332.1279
   4W     A079     S   72994.1200    4.8149 1.64e+05 -0.3347   0.6610 332.1279
   4W     A079     P   72992.0900    2.7849 1.64e+05  0.0333   0.8260 332.1279
   4W     A079     S   72994.1200    4.8149 1.64e+05 -0.3347   0.6610 332.1279
   4W     A079     P   72992.0900    2.7849 1.64e+05  0.0333   0.8260 332.1279
   4W     A079     S   72994.1200    4.8149 1.64e+05 -0.3347   0.6610 332.1279
   4W     A169     P   72992.8000    3.4949 3.49e+05  0.5860   0.5310 332.3602
   4W     A169     P   72992.8000    3.4949 3.49e+05  0.5860   0.5310 332.3602
   4W     A169     P   72992.8000    3.4949 3.49e+05  0.5860   0.5310 332.3602
   4W     2D16     P   72991.1100    1.8049 2.76e+05 -0.6722   0.7210 332.4305
   4W     2D16     P   72991.1100    1.8049 2.76e+05 -0.6722   0.7210 332.4305
   4W     2D16     P   72991.1100    1.8049 2.76e+05 -0.6722   0.7210 332.4305
   4W     A074     P   72992.0600    2.7549 4.22e+05  0.0246   0.8740 332.8502
   4W     A074     P   72992.0600    2.7549 4.22e+05  0.0246   0.8740 332.8502
   4W     A074     P   72992.0600    2.7549 4.22e+05  0.0246   0.8740 332.8502
   4W     A174     S   72994.9200    5.6149 2.96e+05  0.1699   0.5420 333.7733
   4W     A174     S   72994.9200    5.6149 2.96e+05  0.1699   0.5420 333.7733
   4W     A174     P   72992.7500    3.4449 2.96e+05  0.5401   0.8350 333.7733
   4W     A174     S   72994.9200    5.6149 2.96e+05  0.1699   0.5420 333.7733
   4W     A174     P   72992.7500    3.4449 2.96e+05  0.5401   0.8350 333.7733
   4W     A174     P   72992.7500    3.4449 2.96e+05  0.5401   0.8350 333.7733
   4W     A179     S   72995.0800    5.7749 6.46e+05  0.3428   0.5050 333.7785
   4W     A179     S   72995.0800    5.7749 6.46e+05  0.3428   0.5050 333.7785
   4W     A179     S   72995.0800    5.7749 6.46e+05  0.3428   0.5050 333.7785
   4W     A181     S   72995.1600    5.8549 3.91e+05  0.4078   0.5950 333.8356
   4W     A181     S   72995.1600    5.8549 3.91e+05  0.4078   0.5950 333.8356
   4W     A181     S   72995.1600    5.8549 3.91e+05  0.4078   0.5950 333.8356
   4W     A069     P   72991.9400    2.6349 2.22e+05 -0.0602   0.8980 334.4323
   4W     A069     P   72991.9400    2.6349 2.22e+05 -0.0602   0.8980 334.4323
   4W     A069     P   72991.9400    2.6349 2.22e+05 -0.0602   0.8980 334.4323
   4W      C05     S   72995.0800    5.7749 1.33e+06  0.3815   0.5400 334.7628
   4W      C05     S   72995.0800    5.7749 1.33e+06  0.3815   0.5400 334.7628
   4W      C05     S   72995.0800    5.7749 1.33e+06  0.3815   0.5400 334.7628
   4W     A064     P   72991.9000    2.5949 3.09e+05 -0.0851   0.9410 335.5482
   4W     A064     P   72991.9000    2.5949 3.09e+05 -0.0851   0.9410 335.5482
   4W     A064     P   72991.9000    2.5949 3.09e+05 -0.0851   0.9410 335.5482
   4W      C10     S   72994.9400    5.6349 4.51e+05  0.3034   0.8220 335.5618
   4W      C10     S   72994.9400    5.6349 4.51e+05  0.3034   0.8220 335.5618
   4W      C10     S   72994.9400    5.6349 4.51e+05  0.3034   0.8220 335.5618
   4W     A059     P   72992.1500    2.8449 3.41e+05  0.1802   0.5220 336.9187
   4W     A059     P   72992.1500    2.8449 3.41e+05  0.1802   0.5220 336.9187
   4W     A059     S   72993.6000    4.2949 3.41e+05 -0.6873   0.5390 336.9187
   4W     A059     S   72993.6000    4.2949 3.41e+05 -0.6873   0.5390 336.9187
   4W     A059     P   72992.1500    2.8449 3.41e+05  0.1802   0.5220 336.9187
   4W     A059     S   72993.6000    4.2949 3.41e+05 -0.6873   0.5390 336.9187
   4W     A054     P   72991.8200    2.5149 2.90e+05 -0.1529   0.8700 338.4791
   4W     A054     P   72991.8200    2.5149 2.90e+05 -0.1529   0.8700 338.4791
   4W     A054     P   72991.8200    2.5149 2.90e+05 -0.1529   0.8700 338.4791
   4W     2D09     P   72992.7900    3.4849 2.39e+05  0.7456   0.8290 338.8701
   4W     2D09     S   72994.7600    5.4549 2.39e+05  0.3290   0.5470 338.8701
   4W     2D09     P   72992.7900    3.4849 2.39e+05  0.7456   0.8290 338.8701
   4W     2D09     S   72994.7600    5.4549 2.39e+05  0.3290   0.5470 338.8701
   4W     2D09     P   72992.7900    3.4849 2.39e+05  0.7456   0.8290 338.8701
   4W     2D09     S   72994.7600    5.4549 2.39e+05  0.3290   0.5470 338.8701
   4W     A044     P   72991.6700    2.3649 1.94e+05 -0.2614   0.8850 339.6624
   4W     A044     P   72991.6700    2.3649 1.94e+05 -0.2614   0.8850 339.6624
   4W     A044     P   72991.6700    2.3649 1.94e+05 -0.2614   0.8850 339.6624
   4W     A039     P   72991.4300    2.1249 1.70e+05 -0.4792   0.8110 339.6906
   4W     A039     P   72991.4300    2.1249 1.70e+05 -0.4792   0.8110 339.6906
   4W     A039     P   72991.4300    2.1249 1.70e+05 -0.4792   0.8110 339.6906
   4W     A049     P   72991.7500    2.4449 2.25e+05 -0.2074   0.9360 339.8734
   4W     A049     P   72991.7500    2.4449 2.25e+05 -0.2074   0.9360 339.8734
   4W     A049     P   72991.7500    2.4449 2.25e+05 -0.2074   0.9360 339.8734
   4W     A034     P   72991.7800    2.4749 1.65e+05 -0.1166   0.8330 340.0747
   4W     A034     P   72991.7800    2.4749 1.65e+05 -0.1166   0.8330 340.0747
   4W     A034     P   72991.7800    2.4749 1.65e+05 -0.1166   0.8330 340.0747
   4W     A029     P   72991.8700    2.5649 2.51e+05 -0.0246   0.6260 340.7655
   4W     A029     P   72991.8700    2.5649 2.51e+05 -0.0246   0.6260 340.7655
   4W     A029     P   72991.8700    2.5649 2.51e+05 -0.0246   0.6260 340.7655
   4W     A004     P   72991.1500    1.8449 1.25e+05 -0.6848   0.8370 340.8452
   4W     A004     P   72991.1500    1.8449 1.25e+05 -0.6848   0.8370 340.8452
   4W     A004     P   72991.1500    1.8449 1.25e+05 -0.6848   0.8370 340.8452
   4W     A009     P   72991.1900    1.8849 2.69e+05 -0.6675   0.8060 341.2168
   4W     A009     P   72991.1900    1.8849 2.69e+05 -0.6675   0.8060 341.2168
   4W     A009     P   72991.1900    1.8849 2.69e+05 -0.6675   0.8060 341.2168
   4W     A000     P   72991.1700    1.8649 3.74e+05 -0.6451   0.9460 341.2235
   4W     A000     P   72991.1700    1.8649 3.74e+05 -0.6451   0.9460 341.2235
   4W     A000     P   72991.1700    1.8649 3.74e+05 -0.6451   0.9460 341.2235
   4W     2D06     P   72992.4300    3.1249 1.30e+05  0.5661   0.8400 341.2455
   4W     2D06     P   72992.4300    3.1249 1.30e+05  0.5661   0.8400 341.2455
   4W     2D06     P   72992.4300    3.1249 1.30e+05  0.5661   0.8400 341.2455
   4W      B03     P   72991.5800    2.2749 2.63e+05 -0.3090   0.5660 341.3823
   4W      B03     P   72991.5800    2.2749 2.63e+05 -0.3090   0.5660 341.3823
   4W      B03     P   72991.5800    2.2749 2.63e+05 -0.3090   0.5660 341.3823
   4W     A019     P   72991.5000    2.1949 3.34e+05 -0.3805   0.7560 341.6907
   4W     A019     P   72991.5000    2.1949 3.34e+05 -0.3805   0.7560 341.6907
   4W     A019     P   72991.5000    2.1949 3.34e+05 -0.3805   0.7560 341.6907
   4W     A014     P   72991.3100    2.0049 2.28e+05 -0.5625   0.7870 341.7382
   4W     A014     P   72991.3100    2.0049 2.28e+05 -0.5625   0.7870 341.7382
   4W     A014     P   72991.3100    2.0049 2.28e+05 -0.5625   0.7870 341.7382
   4W      B09     P   72991.5100    2.2049 2.03e+05 -0.3653   0.9030 342.0270
   4W      B09     P   72991.5100    2.2049 2.03e+05 -0.3653   0.9030 342.0270
   4W      B09     P   72991.5100    2.2049 2.03e+05 -0.3653   0.9030 342.0270
   4W      B13     P   72991.5000    2.1949 1.14e+05 -0.3580   0.9040 342.4085
   4W      B13     P   72991.5000    2.1949 1.14e+05 -0.3580   0.9040 342.4085
   4W      B13     P   72991.5000    2.1949 1.14e+05 -0.3580   0.9040 342.4085
   4W     2D07     P   72992.3100    3.0049 2.92e+05  0.3698   0.9190 342.8017
   4W     2D07     P   72992.3100    3.0049 2.92e+05  0.3698   0.9190 342.8017
   4W     2D07     P   72992.3100    3.0049 2.92e+05  0.3698   0.9190 342.8017
   4W      B19     P   72991.8800    2.5749 3.30e+05  0.0394   0.6130 343.1790
   4W      B19     P   72991.8800    2.5749 3.30e+05  0.0394   0.6130 343.1790
   4W      B19     P   72991.8800    2.5749 3.30e+05  0.0394   0.6130 343.1790
   4W      B23     P   72991.4600    2.1549 2.94e+05 -0.3702   0.8990 343.5419
   4W      B23     P   72991.4600    2.1549 2.94e+05 -0.3702   0.8990 343.5419
   4W      B23     P   72991.4600    2.1549 2.94e+05 -0.3702   0.8990 343.5419
   4W      B28     P   72992.0700    2.7649 3.02e+05  0.2496   0.6860 344.0067
   4W      B28     P   72992.0700    2.7649 3.02e+05  0.2496   0.6860 344.0067
   4W      B28     P   72992.0700    2.7649 3.02e+05  0.2496   0.6860 344.0067
   4W      B35     P   72991.5100    2.2049 2.20e+05 -0.2932   0.9160 344.4402
   4W      B35     P   72991.5100    2.2049 2.20e+05 -0.2932   0.9160 344.4402
   4W      B35     P   72991.5100    2.2049 2.20e+05 -0.2932   0.9160 344.4402
   4W     2D05     P   72991.9500    2.6449 1.56e+05  0.1402   0.9040 344.6150
   4W     2D05     P   72991.9500    2.6449 1.56e+05  0.1402   0.9040 344.6150
   4W     2D05     P   72991.9500    2.6449 1.56e+05  0.1402   0.9040 344.6150
   4W      B39     P   72991.5800    2.2749 3.68e+05 -0.2226   0.8690 344.9778
   4W      B39     P   72991.5800    2.2749 3.68e+05 -0.2226   0.8690 344.9778
   4W      B39     P   72991.5800    2.2749 3.68e+05 -0.2226   0.8690 344.9778
   4W      B48     P   72992.2700    2.9649 2.43e+05  0.4847   0.9330 345.6659
   4W      B48     P   72992.2700    2.9649 2.43e+05  0.4847   0.9330 345.6659
   4W      B48     P   72992.2700    2.9649 2.43e+05  0.4847   0.9330 345.6659
   4W      B50     P   72991.5800    2.2749 2.10e+05 -0.2046   0.7500 345.7774
   4W      B50     P   72991.5800    2.2749 2.10e+05 -0.2046   0.7500 345.7774
   4W      B50     P   72991.5800    2.2749 2.10e+05 -0.2046   0.7500 345.7774
   4W     2D04     P   72991.9700    2.6649 1.35e+05  0.0289   0.9410 348.5265
   4W     2D04     P   72991.9700    2.6649 1.35e+05  0.0289   0.9410 348.5265
   4W     2D04     P   72991.9700    2.6649 1.35e+05  0.0289   0.9410 348.5265
   4W     2D03     P   72991.5000    2.1949 1.72e+05 -0.4206   0.8600 348.6996
   4W     2D03     P   72991.5000    2.1949 1.72e+05 -0.4206   0.8600 348.6996
   4W     2D03     P   72991.5000    2.1949 1.72e+05 -0.4206   0.8600 348.6996
   4W     2D14     P   72992.7100    3.4049 1.61e+05  0.7000   0.8800 350.3463
   4W     2D14     S   72995.0000    5.6949 1.61e+05  0.6352   0.5340 350.3463
   4W     2D14     S   72995.0000    5.6949 1.61e+05  0.6352   0.5340 350.3463
   4W     2D14     S   72995.0000    5.6949 1.61e+05  0.6352   0.5340 350.3463
   4W     2D14     P   72992.7100    3.4049 1.61e+05  0.7000   0.8800 350.3463
   4W     2D14     P   72992.7100    3.4049 1.61e+05  0.7000   0.8800 350.3463
   4W     2D12     P   72991.4800    2.1749 1.80e+05 -0.3247   0.7510 351.0140
   4W     2D12     P   72991.4800    2.1749 1.80e+05 -0.3247   0.7510 351.0140
   4W     2D12     P   72991.4800    2.1749 1.80e+05 -0.3247   0.7510 351.0140
   4W     2D13     P   72991.9100    2.6049 6.35e+05 -0.0941   0.7360 353.6467
   4W     2D13     P   72991.9100    2.6049 6.35e+05 -0.0941   0.7360 353.6467
   4W     2D13     P   72991.9100    2.6049 6.35e+05 -0.0941   0.7360 353.6467
   24   2023 04 24 20:39:07.181    74347.181  0.4852 85.5506  28.0796   6.00  5.746 0.367  51  54 105  67 215.28
   4W     2D14     S   74349.5000    2.3189 1.71e+04 -0.4443   0.6310  10.7468
   4W     2D14     S   74349.5000    2.3189 1.71e+04 -0.4443   0.6310  10.7468
   4W     2D14     S   74349.5000    2.3189 1.71e+04 -0.4443   0.6310  10.7468
   4W     2D15     S   74350.8400    3.6589 8.33e+03  1.2147   0.6000  17.4595
   4W     2D15     S   74350.8400    3.6589 8.33e+03  1.2147   0.6000  17.4595
   4W     2D15     S   74350.8400    3.6589 8.33e+03  1.2147   0.6000  17.4595
   4W     2D04     P   74348.3500    1.1689 2.25e+04 -0.1977   0.6870  24.5752
   4W     2D04     S   74349.1600    1.9789 1.68e+04 -0.6515   0.5910  24.5752
   4W     2D04     P   74348.3500    1.1689 2.25e+04 -0.1977   0.6870  24.5752
   4W     2D04     S   74349.1600    1.9789 1.68e+04 -0.6515   0.5910  24.5752
   4W     2D04     P   74348.3500    1.1689 2.25e+04 -0.1977   0.6870  24.5752
   4W     2D04     S   74349.1600    1.9789 1.68e+04 -0.6515   0.5910  24.5752
   4W     2D03     P   74349.1100    1.9289 3.89e+04  0.5827   0.7710  38.5249
   4W     2D03     S   74350.2700    3.0889 3.89e+04  0.4979   0.8470  38.5249
   4W     2D03     P   74349.1100    1.9289 3.89e+04  0.5827   0.7710  38.5249
   4W     2D03     S   74350.2700    3.0889 3.89e+04  0.4979   0.8470  38.5249
   4W     2D03     P   74349.1100    1.9289 3.89e+04  0.5827   0.7710  38.5249
   4W     2D03     S   74350.2700    3.0889 3.89e+04  0.4979   0.8470  38.5249
   4W     2D05     P   74347.9900    0.8089 1.16e+05 -0.4264   0.9790  53.3503
   4W     2D05     S   74348.4300    1.2489 1.16e+05 -1.1284   0.9020  53.3503
   4W     2D05     P   74347.9900    0.8089 1.16e+05 -0.4264   0.9790  53.3503
   4W     2D05     S   74348.4300    1.2489 1.16e+05 -1.1284   0.9020  53.3503
   4W     2D05     P   74347.9900    0.8089 1.16e+05 -0.4264   0.9790  53.3503
   4W     2D05     S   74348.4300    1.2489 1.16e+05 -1.1284   0.9020  53.3503
   4W     2D07     P   74348.3000    1.1189 1.65e+04 -0.2468   0.9580  57.4762
   4W     2D07     P   74348.3000    1.1189 1.65e+04 -0.2468   0.9580  57.4762
   4W     2D07     P   74348.3000    1.1189 1.65e+04 -0.2468   0.9580  57.4762
   4W     2D06     S   74349.5400    2.3589 5.16e+04 -0.1227   0.8780  64.0752
   4W     2D06     P   74348.6200    1.4389 5.16e+04  0.1495   0.9790  64.0752
   4W     2D06     S   74349.5400    2.3589 5.16e+04 -0.1227   0.8780  64.0752
   4W     2D06     P   74348.6200    1.4389 5.16e+04  0.1495   0.9790  64.0752
   4W     2D06     P   74348.6200    1.4389 5.16e+04  0.1495   0.9790  64.0752
   4W     2D06     S   74349.5400    2.3589 5.16e+04 -0.1227   0.8780  64.0752
   4W      B39     S   74349.2300    2.0489 5.15e+04 -0.3146   0.5630  77.7327
   4W      B39     S   74349.2300    2.0489 5.15e+04 -0.3146   0.5630  77.7327
   4W      B39     P   74348.3900    1.2089 5.15e+04 -0.0193   0.5280  77.7327
   4W      B39     P   74348.3900    1.2089 5.15e+04 -0.0193   0.5280  77.7327
   4W      B39     P   74348.3900    1.2089 5.15e+04 -0.0193   0.5280  77.7327
   4W      B39     S   74349.2300    2.0489 5.15e+04 -0.3146   0.5630  77.7327
   4W      B35     S   74349.1100    1.9289 5.03e+04 -0.4357   0.8470  88.1005
   4W      B35     S   74349.1100    1.9289 5.03e+04 -0.4357   0.8470  88.1005
   4W      B35     P   74348.3300    1.1489 5.03e+04 -0.0798   0.9210  88.1005
   4W      B35     S   74349.1100    1.9289 5.03e+04 -0.4357   0.8470  88.1005
   4W      B35     P   74348.3300    1.1489 5.03e+04 -0.0798   0.9210  88.1005
   4W      B35     P   74348.3300    1.1489 5.03e+04 -0.0798   0.9210  88.1005
   4W     2D09     S   74350.3600    3.1789 4.60e+03  0.3494   0.6160 114.4321
   4W     2D09     S   74350.3600    3.1789 4.60e+03  0.3494   0.6160 114.4321
   4W     2D09     P   74349.0200    1.8389 4.79e+03  0.3690   0.9130 114.4321
   4W     2D09     P   74349.0200    1.8389 4.79e+03  0.3690   0.9130 114.4321
   4W     2D09     P   74349.0200    1.8389 4.79e+03  0.3690   0.9130 114.4321
   4W     2D09     S   74350.3600    3.1789 4.60e+03  0.3494   0.6160 114.4321
   4W      B13     P   74348.5200    1.3389 7.30e+03  0.0554   0.7660 121.4178
   4W      B13     S   74349.5600    2.3789 7.30e+03 -0.0913   0.7300 121.4178
   4W      B13     P   74348.5200    1.3389 7.30e+03  0.0554   0.7660 121.4178
   4W      B13     P   74348.5200    1.3389 7.30e+03  0.0554   0.7660 121.4178
   4W      B13     S   74349.5600    2.3789 7.30e+03 -0.0913   0.7300 121.4178
   4W      B13     S   74349.5600    2.3789 7.30e+03 -0.0913   0.7300 121.4178
   4W      B09     S   74349.6600    2.4789 9.12e+03 -0.0247   0.7950 126.1289
   4W      B09     S   74349.6600    2.4789 9.12e+03 -0.0247   0.7950 126.1289
   4W      B09     P   74348.6200    1.4389 9.12e+03  0.1381   0.9440 126.1289
   4W      B09     P   74348.6200    1.4389 9.12e+03  0.1381   0.9440 126.1289
   4W      B09     P   74348.6200    1.4389 9.12e+03  0.1381   0.9440 126.1289
   4W      B09     S   74349.6600    2.4789 9.12e+03 -0.0247   0.7950 126.1289
   4W     A014     S   74349.9100    2.7289 2.11e+04  0.2306   0.8560 133.4188
   4W     A014     S   74349.9100    2.7289 2.11e+04  0.2306   0.8560 133.4188
   4W     A014     P   74348.8300    1.6489 2.11e+04  0.3508   0.6260 133.4188
   4W     A014     S   74349.9100    2.7289 2.11e+04  0.2306   0.8560 133.4188
   4W     A014     P   74348.8300    1.6489 2.11e+04  0.3508   0.6260 133.4188
   4W     A014     P   74348.8300    1.6489 2.11e+04  0.3508   0.6260 133.4188
   4W     A009     P   74349.0200    1.8389 1.02e+04  0.5558   0.8790 137.6641
   4W     A009     S   74350.2400    3.0589 1.02e+04  0.5895   0.6650 137.6641
   4W     A009     S   74350.2400    3.0589 1.02e+04  0.5895   0.6650 137.6641
   4W     A009     S   74350.2400    3.0589 1.02e+04  0.5895   0.6650 137.6641
   4W     A009     P   74349.0200    1.8389 1.02e+04  0.5558   0.8790 137.6641
   4W     A009     P   74349.0200    1.8389 1.02e+04  0.5558   0.8790 137.6641
   4W     A049     S   74349.6400    2.4589 1.29e+04 -0.2030   0.5750 138.2004
   4W     A049     S   74349.6400    2.4589 1.29e+04 -0.2030   0.5750 138.2004
   4W     A049     P   74348.5100    1.3289 1.29e+04 -0.0541   0.8340 138.2004
   4W     A049     S   74349.6400    2.4589 1.29e+04 -0.2030   0.5750 138.2004
   4W     A049     P   74348.5100    1.3289 1.29e+04 -0.0541   0.8340 138.2004
   4W     A049     P   74348.5100    1.3289 1.29e+04 -0.0541   0.8340 138.2004
   4W     A000     P   74349.1500    1.9689 2.15e+04  0.7282   0.8300 139.0159
   4W     A000     P   74349.1500    1.9689 2.15e+04  0.7282   0.8300 139.0159
   4W     A000     P   74349.1500    1.9689 2.15e+04  0.7282   0.8300 139.0159
   4W     A000     S   74350.6700    3.4889 2.15e+04  1.1012   0.6090 139.0159
   4W     A000     S   74350.6700    3.4889 2.15e+04  1.1012   0.6090 139.0159
   4W     A000     S   74350.6700    3.4889 2.15e+04  1.1012   0.6090 139.0159
   4W     A044     P   74348.6500    1.4689 7.60e+03  0.1120   0.8360 140.2853
   4W     A044     S   74349.7800    2.5989 7.54e+03 -0.0128   0.6030 140.2853
   4W     A044     P   74348.6500    1.4689 7.60e+03  0.1120   0.8360 140.2853
   4W     A044     P   74348.6500    1.4689 7.60e+03  0.1120   0.8360 140.2853
   4W     A044     S   74349.7800    2.5989 7.54e+03 -0.0128   0.6030 140.2853
   4W     A044     S   74349.7800    2.5989 7.54e+03 -0.0128   0.6030 140.2853
   4W     A004     P   74349.1600    1.9789 8.49e+03  0.7185   0.6920 140.3155
   4W     A004     P   74349.1600    1.9789 8.49e+03  0.7185   0.6920 140.3155
   4W     A004     P   74349.1600    1.9789 8.49e+03  0.7185   0.6920 140.3155
   4W     A039     P   74348.6100    1.4289 1.70e+04  0.0942   0.9630 140.8471
   4W     A039     S   74349.7500    2.5689 9.56e+03  0.0000   0.5650 140.8471
   4W     A039     P   74348.6100    1.4289 1.70e+04  0.0942   0.9630 140.8471
   4W     A039     S   74349.7500    2.5689 9.56e+03  0.0000   0.5650 140.8471
   4W     A039     P   74348.6100    1.4289 1.70e+04  0.0942   0.9630 140.8471
   4W     A039     S   74349.7500    2.5689 9.56e+03  0.0000   0.5650 140.8471
   4W     A069     S   74349.5500    2.3689 1.06e+04 -0.3754   0.7990 155.4693
   4W     A069     S   74349.5500    2.3689 1.06e+04 -0.3754   0.7990 155.4693
   4W     A069     S   74349.5500    2.3689 1.06e+04 -0.3754   0.7990 155.4693
   25   2023 04 24 20:51:50.133    75110.133  0.3501 85.4013  28.1969   8.00  5.925 0.254  24  24  48  25 355.48
   4W     2D08     S   75112.6400    2.5068 1.44e+04 -0.9698   0.6640 169.5231
   4W     2D08     S   75112.6400    2.5068 1.44e+04 -0.9698   0.6640 169.5231
   4W     2D08     S   75112.6400    2.5068 1.44e+04 -0.9698   0.6640 169.5231
   4W     2D05     P   75111.4700    1.3368 1.37e+04 -0.2216   0.8260 170.2950
   4W     2D05     P   75111.4700    1.3368 1.37e+04 -0.2216   0.8260 170.2950
   4W     2D05     P   75111.4700    1.3368 1.37e+04 -0.2216   0.8260 170.2950
   4W     A004     P   75111.8700    1.7368 5.80e+03  0.1533   0.9710 170.6069
   4W     A004     S   75113.7500    3.6168 2.67e+03  0.6006   0.8610 170.6069
   4W     A004     P   75111.8700    1.7368 5.80e+03  0.1533   0.9710 170.6069
   4W     A004     S   75113.7500    3.6168 2.67e+03  0.6006   0.8610 170.6069
   4W     A004     P   75111.8700    1.7368 5.80e+03  0.1533   0.9710 170.6069
   4W     A004     S   75113.7500    3.6168 2.67e+03  0.6006   0.8610 170.6069
   4W      B09     P   75111.7400    1.6068 4.81e+03 -0.0172   0.5330 170.6917
   4W      B09     P   75111.7400    1.6068 4.81e+03 -0.0172   0.5330 170.6917
   4W      B09     P   75111.7400    1.6068 4.81e+03 -0.0172   0.5330 170.6917
   4W      B03     S   75113.8800    3.7468 4.36e+04  0.6261   0.5540 170.8232
   4W      B03     S   75113.8800    3.7468 4.36e+04  0.6261   0.5540 170.8232
   4W      B03     S   75113.8800    3.7468 4.36e+04  0.6261   0.5540 170.8232
   4W     2D07     S   75113.1800    3.0468 6.57e+03 -0.1724   0.7710 171.4804
   4W     2D07     P   75111.5800    1.4468 6.57e+03 -0.2420   0.8750 171.4804
   4W     2D07     S   75113.1800    3.0468 6.57e+03 -0.1724   0.7710 171.4804
   4W     2D07     P   75111.5800    1.4468 6.57e+03 -0.2420   0.8750 171.4804
   4W     2D07     S   75113.1800    3.0468 6.57e+03 -0.1724   0.7710 171.4804
   4W     2D07     P   75111.5800    1.4468 6.57e+03 -0.2420   0.8750 171.4804
   4W     A064     P   75111.8200    1.6868 7.40e+03 -0.0470   0.9020 172.2901
   4W     A064     S   75113.6000    3.4668 7.40e+03  0.1610   0.7790 172.2901
   4W     A064     P   75111.8200    1.6868 7.40e+03 -0.0470   0.9020 172.2901
   4W     A064     S   75113.6000    3.4668 7.40e+03  0.1610   0.7790 172.2901
   4W     A064     P   75111.8200    1.6868 7.40e+03 -0.0470   0.9020 172.2901
   4W     A064     S   75113.6000    3.4668 7.40e+03  0.1610   0.7790 172.2901
   4W     A069     P   75111.7900    1.6568 5.95e+03 -0.0921   0.9480 172.4904
   4W     A069     S   75113.5700    3.4368 5.95e+03  0.1019   0.9300 172.4904
   4W     A069     P   75111.7900    1.6568 5.95e+03 -0.0921   0.9480 172.4904
   4W     A069     S   75113.5700    3.4368 5.95e+03  0.1019   0.9300 172.4904
   4W     A069     P   75111.7900    1.6568 5.95e+03 -0.0921   0.9480 172.4904
   4W     A069     S   75113.5700    3.4368 5.95e+03  0.1019   0.9300 172.4904
   4W     A079     P   75111.8600    1.7268 5.40e+03 -0.0786   0.8930 172.8771
   4W     A079     P   75111.8600    1.7268 5.40e+03 -0.0786   0.8930 172.8771
   4W     A079     P   75111.8600    1.7268 5.40e+03 -0.0786   0.8930 172.8771
   4W     A100     S   75113.7200    3.5868 1.15e+04  0.0775   0.5060 173.8131
   4W     A100     S   75113.7200    3.5868 1.15e+04  0.0775   0.5060 173.8131
   4W     A100     S   75113.7200    3.5868 1.15e+04  0.0775   0.5060 173.8131
   4W      AX6     P   75111.9900    1.8568 6.30e+03  0.0172   0.7720 174.0386
   4W      AX6     S   75113.7200    3.5868 6.30e+03  0.0770   0.8810 174.0386
   4W      AX6     P   75111.9900    1.8568 6.30e+03  0.0172   0.7720 174.0386
   4W      AX6     S   75113.7200    3.5868 6.30e+03  0.0770   0.8810 174.0386
   4W      AX6     P   75111.9900    1.8568 6.30e+03  0.0172   0.7720 174.0386
   4W      AX6     S   75113.7200    3.5868 6.30e+03  0.0770   0.8810 174.0386
   26   2023 04 24 21:28:55.865    77335.865  0.4782 85.6677  27.5006  14.00  6.327 0.274 108 117 225 153 287.09
   4W     2D22     P   77338.2600    2.3947 2.54e+04 -0.2780   0.7240 279.3555
   4W     2D22     S   77341.0200    5.1547 2.54e+04  0.1572   0.8580 279.3555
   4W     2D22     P   77338.2600    2.3947 2.54e+04 -0.2780   0.7240 279.3555
   4W     2D22     S   77341.0200    5.1547 2.54e+04  0.1572   0.8580 279.3555
   4W     2D22     P   77338.2600    2.3947 2.54e+04 -0.2780   0.7240 279.3555
   4W     2D22     S   77341.0200    5.1547 2.54e+04  0.1572   0.8580 279.3555
   4W     2D19     S   77340.1300    4.2647 2.60e+04 -0.7650   0.7340 286.0818
   4W     2D19     S   77340.1300    4.2647 2.60e+04 -0.7650   0.7340 286.0818
   4W     2D19     S   77340.1300    4.2647 2.60e+04 -0.7650   0.7340 286.0818
   4W     2D18     P   77337.6300    1.7647 8.63e+04 -0.7334   0.5090 327.3915
   4W     2D18     P   77337.6300    1.7647 8.63e+04 -0.7334   0.5090 327.3915
   4W     2D18     S   77339.7000    3.8347 8.63e+04 -0.8263   0.8700 327.3915
   4W     2D18     S   77339.7000    3.8347 8.63e+04 -0.8263   0.8700 327.3915
   4W     2D18     S   77339.7000    3.8347 8.63e+04 -0.8263   0.8700 327.3915
   4W     2D18     P   77337.6300    1.7647 8.63e+04 -0.7334   0.5090 327.3915
   4W      AX6     P   77338.3300    2.4647 3.33e+04 -0.3211   0.9550 334.5497
   4W      AX6     P   77338.3300    2.4647 3.33e+04 -0.3211   0.9550 334.5497
   4W      AX6     S   77341.0900    5.2247 3.33e+04  0.0092   0.7880 334.5497
   4W      AX6     S   77341.0900    5.2247 3.33e+04  0.0092   0.7880 334.5497
   4W      AX6     P   77338.3300    2.4647 3.33e+04 -0.3211   0.9550 334.5497
   4W      AX6     S   77341.0900    5.2247 3.33e+04  0.0092   0.7880 334.5497
   4W     A104     P   77338.2700    2.4047 2.59e+04 -0.3870   0.9170 334.6109
   4W     A104     P   77338.2700    2.4047 2.59e+04 -0.3870   0.9170 334.6109
   4W     A104     P   77338.2700    2.4047 2.59e+04 -0.3870   0.9170 334.6109
   4W     A104     S   77340.9500    5.0847 2.59e+04 -0.1422   0.8460 334.6109
   4W     A104     S   77340.9500    5.0847 2.59e+04 -0.1422   0.8460 334.6109
   4W     A104     S   77340.9500    5.0847 2.59e+04 -0.1422   0.8460 334.6109
   4W     A109     S   77341.0300    5.1647 7.36e+04 -0.0528   0.9290 334.6160
   4W     A109     S   77341.0300    5.1647 7.36e+04 -0.0528   0.9290 334.6160
   4W     A109     P   77338.3000    2.4347 7.36e+04 -0.3521   0.9220 334.6160
   4W     A109     S   77341.0300    5.1647 7.36e+04 -0.0528   0.9290 334.6160
   4W     A109     P   77338.3000    2.4347 7.36e+04 -0.3521   0.9220 334.6160
   4W     A109     P   77338.3000    2.4347 7.36e+04 -0.3521   0.9220 334.6160
   4W     A100     S   77340.9400    5.0747 3.19e+04 -0.1403   0.8470 334.8469
   4W     A100     S   77340.9400    5.0747 3.19e+04 -0.1403   0.8470 334.8469
   4W     A100     S   77340.9400    5.0747 3.19e+04 -0.1403   0.8470 334.8469
   4W     A113     P   77338.3900    2.5247 5.76e+04 -0.2670   0.7570 335.0185
   4W     A113     S   77341.1800    5.3147 5.76e+04  0.0878   0.8170 335.0185
   4W     A113     P   77338.3900    2.5247 5.76e+04 -0.2670   0.7570 335.0185
   4W     A113     S   77341.1800    5.3147 5.76e+04  0.0878   0.8170 335.0185
   4W     A113     P   77338.3900    2.5247 5.76e+04 -0.2670   0.7570 335.0185
   4W     A113     S   77341.1800    5.3147 5.76e+04  0.0878   0.8170 335.0185
   4W     A114     P   77338.3900    2.5247 3.90e+04 -0.2608   0.7150 335.1940
   4W     A114     S   77341.0700    5.2047 3.90e+04 -0.0103   0.9370 335.1940
   4W     A114     P   77338.3900    2.5247 3.90e+04 -0.2608   0.7150 335.1940
   4W     A114     S   77341.0700    5.2047 3.90e+04 -0.0103   0.9370 335.1940
   4W     A114     P   77338.3900    2.5247 3.90e+04 -0.2608   0.7150 335.1940
   4W     A114     S   77341.0700    5.2047 3.90e+04 -0.0103   0.9370 335.1940
   4W     A094     S   77341.0000    5.1347 1.82e+04 -0.0700   0.7780 335.7856
   4W     A094     P   77338.2400    2.3747 1.82e+04 -0.4055   0.7750 335.7856
   4W     A094     S   77341.0000    5.1347 1.82e+04 -0.0700   0.7780 335.7856
   4W     A094     P   77338.2400    2.3747 1.82e+04 -0.4055   0.7750 335.7856
   4W     A094     S   77341.0000    5.1347 1.82e+04 -0.0700   0.7780 335.7856
   4W     A094     P   77338.2400    2.3747 1.82e+04 -0.4055   0.7750 335.7856
   4W     A132     P   77338.6300    2.7647 1.59e+05 -0.0682   0.6500 335.9384
   4W     A132     S   77341.6400    5.7747 1.59e+05  0.4683   0.7840 335.9384
   4W     A132     P   77338.6300    2.7647 1.59e+05 -0.0682   0.6500 335.9384
   4W     A132     S   77341.6400    5.7747 1.59e+05  0.4683   0.7840 335.9384
   4W     A132     P   77338.6300    2.7647 1.59e+05 -0.0682   0.6500 335.9384
   4W     A132     S   77341.6400    5.7747 1.59e+05  0.4683   0.7840 335.9384
   4W     A134     P   77338.7100    2.8447 3.56e+04  0.0000   0.9180 336.2617
   4W     A134     S   77341.7500    5.8847 3.56e+04  0.5556   0.7430 336.2617
   4W     A134     P   77338.7100    2.8447 3.56e+04  0.0000   0.9180 336.2617
   4W     A134     S   77341.7500    5.8847 3.56e+04  0.5556   0.7430 336.2617
   4W     A134     P   77338.7100    2.8447 3.56e+04  0.0000   0.9180 336.2617
   4W     A134     S   77341.7500    5.8847 3.56e+04  0.5556   0.7430 336.2617
   4W     A139     P   77338.7900    2.9247 1.31e+04  0.0738   0.8880 336.3281
   4W     A139     S   77341.7600    5.8947 1.31e+04  0.5537   0.8740 336.3281
   4W     A139     P   77338.7900    2.9247 1.31e+04  0.0738   0.8880 336.3281
   4W     A139     S   77341.7600    5.8947 1.31e+04  0.5537   0.8740 336.3281
   4W     A139     P   77338.7900    2.9247 1.31e+04  0.0738   0.8880 336.3281
   4W     A139     S   77341.7600    5.8947 1.31e+04  0.5537   0.8740 336.3281
   4W     2D21     S   77339.6900    3.8247 1.98e+04 -1.0273   0.7600 336.5216
   4W     2D21     S   77339.6900    3.8247 1.98e+04 -1.0273   0.7600 336.5216
   4W     2D21     S   77339.6900    3.8247 1.98e+04 -1.0273   0.7600 336.5216
   4W     A149     S   77342.1900    6.3247 1.85e+04  0.8971   0.5200 337.0684
   4W     A149     S   77342.1900    6.3247 1.85e+04  0.8971   0.5200 337.0684
   4W     A149     S   77342.1900    6.3247 1.85e+04  0.8971   0.5200 337.0684
   4W     A154     P   77338.9400    3.0747 1.17e+04  0.1863   0.9430 337.0825
   4W     A154     S   77342.1100    6.2447 1.17e+04  0.8314   0.8700 337.0825
   4W     A154     P   77338.9400    3.0747 1.17e+04  0.1863   0.9430 337.0825
   4W     A154     S   77342.1100    6.2447 1.17e+04  0.8314   0.8700 337.0825
   4W     A154     P   77338.9400    3.0747 1.17e+04  0.1863   0.9430 337.0825
   4W     A154     S   77342.1100    6.2447 1.17e+04  0.8314   0.8700 337.0825
   4W     A089     P   77338.6400    2.7747 5.45e+04  0.0094   0.5890 337.1901
   4W     A089     S   77341.0400    5.1747 5.45e+04 -0.0013   0.6520 337.1901
   4W     A089     P   77338.6400    2.7747 5.45e+04  0.0094   0.5890 337.1901
   4W     A089     S   77341.0400    5.1747 5.45e+04 -0.0013   0.6520 337.1901
   4W     A089     P   77338.6400    2.7747 5.45e+04  0.0094   0.5890 337.1901
   4W     A089     S   77341.0400    5.1747 5.45e+04 -0.0013   0.6520 337.1901
   4W     A159     P   77339.0200    3.1547 1.77e+04  0.2567   0.9660 337.1905
   4W     A159     S   77342.4600    6.5947 1.77e+04  1.1630   0.5240 337.1905
   4W     A159     P   77339.0200    3.1547 1.77e+04  0.2567   0.9660 337.1905
   4W     A159     S   77342.4600    6.5947 1.77e+04  1.1630   0.5240 337.1905
   4W     A159     P   77339.0200    3.1547 1.77e+04  0.2567   0.9660 337.1905
   4W     A159     S   77342.4600    6.5947 1.77e+04  1.1630   0.5240 337.1905
   4W     2D17     S   77339.7400    3.8747 3.86e+04 -0.9694   0.5260 337.7630
   4W     2D17     S   77339.7400    3.8747 3.86e+04 -0.9694   0.5260 337.7630
   4W     2D17     S   77339.7400    3.8747 3.86e+04 -0.9694   0.5260 337.7630
   4W     A084     S   77340.9300    5.0647 2.31e+04 -0.0997   0.9470 338.5420
   4W     A084     S   77340.9300    5.0647 2.31e+04 -0.0997   0.9470 338.5420
   4W     A084     P   77338.2700    2.4047 2.31e+04 -0.3546   0.6960 338.5420
   4W     A084     S   77340.9300    5.0647 2.31e+04 -0.0997   0.9470 338.5420
   4W     A084     P   77338.2700    2.4047 2.31e+04 -0.3546   0.6960 338.5420
   4W     A084     P   77338.2700    2.4047 2.31e+04 -0.3546   0.6960 338.5420
   4W     A181     P   77339.3500    3.4847 1.97e+04  0.5787   0.7390 339.4490
   4W     A181     P   77339.3500    3.4847 1.97e+04  0.5787   0.7390 339.4490
   4W     A181     P   77339.3500    3.4847 1.97e+04  0.5787   0.7390 339.4490
   4W     A079     S   77341.0300    5.1647 1.81e+04  0.0151   0.8640 339.5318
   4W     A079     P   77338.3400    2.4747 1.81e+04 -0.2769   0.7050 339.5318
   4W     A079     S   77341.0300    5.1647 1.81e+04  0.0151   0.8640 339.5318
   4W     A079     P   77338.3400    2.4747 1.81e+04 -0.2769   0.7050 339.5318
   4W     A079     S   77341.0300    5.1647 1.81e+04  0.0151   0.8640 339.5318
   4W     A079     P   77338.3400    2.4747 1.81e+04 -0.2769   0.7050 339.5318
   4W     2D16     P   77337.6100    1.7447 4.05e+04 -0.7324   0.9590 340.4687
   4W     2D16     S   77339.8900    4.0247 4.05e+04 -0.5959   0.8730 340.4687
   4W     2D16     P   77337.6100    1.7447 4.05e+04 -0.7324   0.9590 340.4687
   4W     2D16     S   77339.8900    4.0247 4.05e+04 -0.5959   0.8730 340.4687
   4W     2D16     P   77337.6100    1.7447 4.05e+04 -0.7324   0.9590 340.4687
   4W     2D16     S   77339.8900    4.0247 4.05e+04 -0.5959   0.8730 340.4687
   4W     A069     S   77340.9600    5.0947 2.66e+04  0.0540   0.8230 340.7959
   4W     A069     S   77340.9600    5.0947 2.66e+04  0.0540   0.8230 340.7959
   4W     A069     S   77340.9600    5.0947 2.66e+04  0.0540   0.8230 340.7959
   4W     A064     S   77341.0400    5.1747 1.91e+04  0.1631   0.9060 341.4167
   4W     A064     S   77341.0400    5.1747 1.91e+04  0.1631   0.9060 341.4167
   4W     A064     P   77338.3100    2.4447 1.91e+04 -0.2353   0.7390 341.4167
   4W     A064     S   77341.0400    5.1747 1.91e+04  0.1631   0.9060 341.4167
   4W     A064     P   77338.3100    2.4447 1.91e+04 -0.2353   0.7390 341.4167
   4W     A064     P   77338.3100    2.4447 1.91e+04 -0.2353   0.7390 341.4167
   4W     A059     S   77340.9400    5.0747 7.19e+04  0.0924   0.5180 342.1827
   4W     A059     S   77340.9400    5.0747 7.19e+04  0.0924   0.5180 342.1827
   4W     A059     S   77340.9400    5.0747 7.19e+04  0.0924   0.5180 342.1827
   4W     2D09     P   77338.9500    3.0847 8.42e+03  0.3454   0.8530 342.6745
   4W     2D09     S   77342.1400    6.2747 1.44e+04  1.1488   0.5100 342.6745
   4W     2D09     P   77338.9500    3.0847 8.42e+03  0.3454   0.8530 342.6745
   4W     2D09     S   77342.1400    6.2747 1.44e+04  1.1488   0.5100 342.6745
   4W     2D09     P   77338.9500    3.0847 8.42e+03  0.3454   0.8530 342.6745
   4W     2D09     S   77342.1400    6.2747 1.44e+04  1.1488   0.5100 342.6745
   4W     A054     S   77340.9800    5.1147 2.31e+04  0.1265   0.9250 343.0672
   4W     A054     P   77338.2600    2.3947 2.31e+04 -0.2732   0.6430 343.0672
   4W     A054     S   77340.9800    5.1147 2.31e+04  0.1265   0.9250 343.0672
   4W     A054     P   77338.2600    2.3947 2.31e+04 -0.2732   0.6430 343.0672
   4W     A054     S   77340.9800    5.1147 2.31e+04  0.1265   0.9250 343.0672
   4W     A054     P   77338.2600    2.3947 2.31e+04 -0.2732   0.6430 343.0672
   4W     A044     S   77340.9200    5.0547 8.83e+03  0.1466   0.8210 343.8004
   4W     A044     P   77338.2700    2.4047 8.83e+03 -0.2216   0.6810 343.8004
   4W     A044     S   77340.9200    5.0547 8.83e+03  0.1466   0.8210 343.8004
   4W     A044     P   77338.2700    2.4047 8.83e+03 -0.2216   0.6810 343.8004
   4W     A044     S   77340.9200    5.0547 8.83e+03  0.1466   0.8210 343.8004
   4W     A044     P   77338.2700    2.4047 8.83e+03 -0.2216   0.6810 343.8004
   4W     A039     S   77340.7300    4.8647 1.18e+04 -0.0006   0.9340 343.8536
   4W     A039     P   77338.0800    2.2147 1.18e+04 -0.3894   0.9520 343.8536
   4W     A039     S   77340.7300    4.8647 1.18e+04 -0.0006   0.9340 343.8536
   4W     A039     P   77338.0800    2.2147 1.18e+04 -0.3894   0.9520 343.8536
   4W     A039     S   77340.7300    4.8647 1.18e+04 -0.0006   0.9340 343.8536
   4W     A039     P   77338.0800    2.2147 1.18e+04 -0.3894   0.9520 343.8536
   4W     A049     S   77341.0800    5.2147 1.73e+04  0.2564   0.7050 343.8798
   4W     A049     P   77339.0000    3.1347 1.73e+04  0.4823   0.5300 343.8798
   4W     A049     S   77341.0800    5.2147 1.73e+04  0.2564   0.7050 343.8798
   4W     A049     P   77339.0000    3.1347 1.73e+04  0.4823   0.5300 343.8798
   4W     A049     S   77341.0800    5.2147 1.73e+04  0.2564   0.7050 343.8798
   4W     A049     P   77339.0000    3.1347 1.73e+04  0.4823   0.5300 343.8798
   4W     A004     S   77340.3600    4.4947 1.58e+04 -0.2274   0.9270 344.7673
   4W     A004     P   77337.8600    1.9947 1.58e+04 -0.5351   0.9650 344.7673
   4W     A004     S   77340.3600    4.4947 1.58e+04 -0.2274   0.9270 344.7673
   4W     A004     P   77337.8600    1.9947 1.58e+04 -0.5351   0.9650 344.7673
   4W     A004     S   77340.3600    4.4947 1.58e+04 -0.2274   0.9270 344.7673
   4W     A004     P   77337.8600    1.9947 1.58e+04 -0.5351   0.9650 344.7673
   4W     A009     S   77340.5100    4.6447 1.46e+04 -0.1211   0.6830 344.9332
   4W     A009     P   77337.9900    2.1247 1.46e+04 -0.4278   0.8010 344.9332
   4W     A009     S   77340.5100    4.6447 1.46e+04 -0.1211   0.6830 344.9332
   4W     A009     P   77337.9900    2.1247 1.46e+04 -0.4278   0.8010 344.9332
   4W     A009     S   77340.5100    4.6447 1.46e+04 -0.1211   0.6830 344.9332
   4W     A009     P   77337.9900    2.1247 1.46e+04 -0.4278   0.8010 344.9332
   4W     A000     P   77337.9100    2.0447 1.52e+04 -0.4654   0.8760 344.9997
   4W     A000     P   77337.9100    2.0447 1.52e+04 -0.4654   0.8760 344.9997
   4W     A000     P   77337.9100    2.0447 1.52e+04 -0.4654   0.8760 344.9997
   4W     A014     S   77340.5600    4.6947 3.67e+04 -0.1000   0.9120 345.1902
   4W     A014     P   77337.9800    2.1147 3.67e+04 -0.4527   0.9780 345.1902
   4W     A014     P   77337.9800    2.1147 3.67e+04 -0.4527   0.9780 345.1902
   4W     A014     P   77337.9800    2.1147 3.67e+04 -0.4527   0.9780 345.1902
   4W     A014     S   77340.5600    4.6947 3.67e+04 -0.1000   0.9120 345.1902
   4W     A014     S   77340.5600    4.6947 3.67e+04 -0.1000   0.9120 345.1902
   4W      B09     P   77338.4800    2.6147 1.23e+04  0.0445   0.5780 345.2478
   4W      B09     P   77338.4800    2.6147 1.23e+04  0.0445   0.5780 345.2478
   4W      B09     S   77340.7200    4.8547 1.23e+04  0.0547   0.6220 345.2478
   4W      B09     S   77340.7200    4.8547 1.23e+04  0.0547   0.6220 345.2478
   4W      B09     P   77338.4800    2.6147 1.23e+04  0.0445   0.5780 345.2478
   4W      B09     S   77340.7200    4.8547 1.23e+04  0.0547   0.6220 345.2478
   4W     2D07     P   77338.7900    2.9247 1.74e+04  0.2896   0.9280 345.3489
   4W     2D07     P   77338.7900    2.9247 1.74e+04  0.2896   0.9280 345.3489
   4W     2D07     S   77341.7100    5.8447 1.74e+04  0.9196   0.7820 345.3489
   4W     2D07     S   77341.7100    5.8447 1.74e+04  0.9196   0.7820 345.3489
   4W     2D07     S   77341.7100    5.8447 1.74e+04  0.9196   0.7820 345.3489
   4W     2D07     P   77338.7900    2.9247 1.74e+04  0.2896   0.9280 345.3489
   4W     2D05     S   77341.3900    5.5247 2.82e+04  0.8509   0.9040 346.6737
   4W     2D05     P   77338.8700    3.0047 2.82e+04  0.5001   0.7200 346.6737
   4W     2D05     P   77338.8700    3.0047 2.82e+04  0.5001   0.7200 346.6737
   4W     2D05     S   77341.3900    5.5247 2.82e+04  0.8509   0.9040 346.6737
   4W     2D05     S   77341.3900    5.5247 2.82e+04  0.8509   0.9040 346.6737
   4W     2D05     P   77338.8700    3.0047 2.82e+04  0.5001   0.7200 346.6737
   4W     2D11     S   77340.9200    5.0547 4.29e+04  0.4479   0.8840 348.9746
   4W     2D11     P   77338.1000    2.2347 4.29e+04 -0.2352   0.9720 348.9746
   4W     2D11     P   77338.1000    2.2347 4.29e+04 -0.2352   0.9720 348.9746
   4W     2D11     P   77338.1000    2.2347 4.29e+04 -0.2352   0.9720 348.9746
   4W     2D11     S   77340.9200    5.0547 4.29e+04  0.4479   0.8840 348.9746
   4W     2D11     S   77340.9200    5.0547 4.29e+04  0.4479   0.8840 348.9746
   4W     2D10     P   77338.1400    2.2747 2.47e+04 -0.1994   0.9690 349.4609
   4W     2D10     P   77338.1400    2.2747 2.47e+04 -0.1994   0.9690 349.4609
   4W     2D10     P   77338.1400    2.2747 2.47e+04 -0.1994   0.9690 349.4609
   4W     2D03     P   77338.5400    2.6747 2.20e+04  0.0591   0.9290 349.6687
   4W     2D03     S   77341.4300    5.5647 2.20e+04  0.6773   0.8640 349.6687
   4W     2D03     P   77338.5400    2.6747 2.20e+04  0.0591   0.9290 349.6687
   4W     2D03     S   77341.4300    5.5647 2.20e+04  0.6773   0.8640 349.6687
   4W     2D03     P   77338.5400    2.6747 2.20e+04  0.0591   0.9290 349.6687
   4W     2D03     S   77341.4300    5.5647 2.20e+04  0.6773   0.8640 349.6687
   4W     2D12     S   77341.5100    5.6447 9.02e+03  0.9806   0.6410 351.4250
   4W     2D12     P   77338.6300    2.7647 1.32e+04  0.2650   0.8010 351.4250
   4W     2D12     S   77341.5100    5.6447 9.02e+03  0.9806   0.6410 351.4250
   4W     2D12     P   77338.6300    2.7647 1.32e+04  0.2650   0.8010 351.4250
   4W     2D12     S   77341.5100    5.6447 9.02e+03  0.9806   0.6410 351.4250
   4W     2D12     P   77338.6300    2.7647 1.32e+04  0.2650   0.8010 351.4250
   4W     2D15     P   77339.0300    3.1647 7.98e+03  0.6253   0.9310 352.2626
   4W     2D15     P   77339.0300    3.1647 7.98e+03  0.6253   0.9310 352.2626
   4W     2D15     P   77339.0300    3.1647 7.98e+03  0.6253   0.9310 352.2626
   27   2023 04 24 21:34:11.522    77651.522  0.4719 85.7278  27.5034  16.00  6.320 0.322  33  60  93  49 341.75
   4W     2D19     P   77653.9500    2.4276 1.98e+04 -0.5702   0.7390 334.8404
   4W     2D19     S   77656.3800    4.8576 1.98e+04 -0.7222   0.7280 334.8404
   4W     2D19     P   77653.9500    2.4276 1.98e+04 -0.5702   0.7390 334.8404
   4W     2D19     S   77656.3800    4.8576 1.98e+04 -0.7222   0.7280 334.8404
   4W     2D19     P   77653.9500    2.4276 1.98e+04 -0.5702   0.7390 334.8404
   4W     2D19     S   77656.3800    4.8576 1.98e+04 -0.7222   0.7280 334.8404
   4W     2D18     S   77655.9500    4.4276 3.67e+04 -0.7836   0.5910 344.6715
   4W     2D18     S   77655.9500    4.4276 3.67e+04 -0.7836   0.5910 344.6715
   4W     2D18     S   77655.9500    4.4276 3.67e+04 -0.7836   0.5910 344.6715
   4W      AX6     S   77657.3400    5.8176 1.47e+04  0.0519   0.7330 345.9225
   4W      AX6     S   77657.3400    5.8176 1.47e+04  0.0519   0.7330 345.9225
   4W      AX6     P   77654.2200    2.6976 1.83e+05 -0.3967   0.9080 345.9225
   4W      AX6     P   77654.2200    2.6976 1.83e+05 -0.3967   0.9080 345.9225
   4W      AX6     P   77654.2200    2.6976 1.83e+05 -0.3967   0.9080 345.9225
   4W      AX6     S   77657.3400    5.8176 1.47e+04  0.0519   0.7330 345.9225
   4W     A109     S   77657.2900    5.7676 3.53e+04  0.0000   0.8510 345.9799
   4W     A109     S   77657.2900    5.7676 3.53e+04  0.0000   0.8510 345.9799
   4W     A109     P   77654.8200    3.2976 3.53e+04  0.2023   0.7910 345.9799
   4W     A109     S   77657.2900    5.7676 3.53e+04  0.0000   0.8510 345.9799
   4W     A109     P   77654.8200    3.2976 3.53e+04  0.2023   0.7910 345.9799
   4W     A109     P   77654.8200    3.2976 3.53e+04  0.2023   0.7910 345.9799
   4W     A113     P   77654.5900    3.0676 1.79e+04 -0.0326   0.7090 346.0608
   4W     A113     P   77654.5900    3.0676 1.79e+04 -0.0326   0.7090 346.0608
   4W     A113     P   77654.5900    3.0676 1.79e+04 -0.0326   0.7090 346.0608
   4W     A113     S   77657.4800    5.9576 1.79e+04  0.1805   0.6250 346.0608
   4W     A113     S   77657.4800    5.9576 1.79e+04  0.1805   0.6250 346.0608
   4W     A113     S   77657.4800    5.9576 1.79e+04  0.1805   0.6250 346.0608
   4W     A132     S   77657.8900    6.3676 1.34e+04  0.5111   0.6080 346.1435
   4W     A132     S   77657.8900    6.3676 1.34e+04  0.5111   0.6080 346.1435
   4W     A132     S   77657.8900    6.3676 1.34e+04  0.5111   0.6080 346.1435
   4W     A139     P   77655.1100    3.5876 5.89e+03  0.4282   0.5370 346.2043
   4W     A139     S   77658.0400    6.5176 5.89e+03  0.6265   0.7270 346.2043
   4W     A139     P   77655.1100    3.5876 5.89e+03  0.4282   0.5370 346.2043
   4W     A139     S   77658.0400    6.5176 5.89e+03  0.6265   0.7270 346.2043
   4W     A139     P   77655.1100    3.5876 5.89e+03  0.4282   0.5370 346.2043
   4W     A139     S   77658.0400    6.5176 5.89e+03  0.6265   0.7270 346.2043
   4W     A134     S   77657.9800    6.4576 1.81e+04  0.5784   0.7670 346.2364
   4W     A134     S   77657.9800    6.4576 1.81e+04  0.5784   0.7670 346.2364
   4W     A134     S   77657.9800    6.4576 1.81e+04  0.5784   0.7670 346.2364
   4W     A089     S   77657.3800    5.8576 3.27e+04  0.1315   0.6490 347.0883
   4W     A089     S   77657.3800    5.8576 3.27e+04  0.1315   0.6490 347.0883
   4W     A089     S   77657.3800    5.8576 3.27e+04  0.1315   0.6490 347.0883
   4W     2D17     S   77656.0400    4.5176 1.59e+04 -0.8767   0.5140 348.7166
   4W     2D17     S   77656.0400    4.5176 1.59e+04 -0.8767   0.5140 348.7166
   4W     2D17     S   77656.0400    4.5176 1.59e+04 -0.8767   0.5140 348.7166
   4W     A064     S   77657.3100    5.7876 7.92e+03  0.2258   0.7800 348.8703
   4W     A064     S   77657.3100    5.7876 7.92e+03  0.2258   0.7800 348.8703
   4W     A064     S   77657.3100    5.7876 7.92e+03  0.2258   0.7800 348.8703
   4W     2D16     P   77653.8700    2.3476 2.19e+04 -0.4380   0.7120 349.0443
   4W     2D16     S   77656.1400    4.6176 2.19e+04 -0.5531   0.6000 349.0443
   4W     2D16     P   77653.8700    2.3476 2.19e+04 -0.4380   0.7120 349.0443
   4W     2D16     S   77656.1400    4.6176 2.19e+04 -0.5531   0.6000 349.0443
   4W     2D16     P   77653.8700    2.3476 2.19e+04 -0.4380   0.7120 349.0443
   4W     2D16     S   77656.1400    4.6176 2.19e+04 -0.5531   0.6000 349.0443
   4W     2D21     S   77655.9500    4.4276 5.21e+03 -0.9746   0.8780 349.0989
   4W     2D21     S   77655.9500    4.4276 5.21e+03 -0.9746   0.8780 349.0989
   4W     2D21     S   77655.9500    4.4276 5.21e+03 -0.9746   0.8780 349.0989
   4W     A039     S   77656.9700    5.4476 5.25e+03  0.0321   0.8910 350.0453
   4W     A039     S   77656.9700    5.4476 5.25e+03  0.0321   0.8910 350.0453
   4W     A039     P   77654.3500    2.8276 5.25e+03 -0.0849   0.8370 350.0453
   4W     A039     P   77654.3500    2.8276 5.25e+03 -0.0849   0.8370 350.0453
   4W     A039     P   77654.3500    2.8276 5.25e+03 -0.0849   0.8370 350.0453
   4W     A039     S   77656.9700    5.4476 5.25e+03  0.0321   0.8910 350.0453
   4W     2D07     S   77657.9900    6.4676 8.46e+03  0.9923   0.7010 350.1952
   4W     2D07     S   77657.9900    6.4676 8.46e+03  0.9923   0.7010 350.1952
   4W     2D07     S   77657.9900    6.4676 8.46e+03  0.9923   0.7010 350.1952
   4W     A004     P   77654.1100    2.5876 6.63e+03 -0.2506   0.9330 350.7282
   4W     A004     S   77656.6100    5.0876 6.63e+03 -0.1846   0.8530 350.7282
   4W     A004     P   77654.1100    2.5876 6.63e+03 -0.2506   0.9330 350.7282
   4W     A004     S   77656.6100    5.0876 6.63e+03 -0.1846   0.8530 350.7282
   4W     A004     P   77654.1100    2.5876 6.63e+03 -0.2506   0.9330 350.7282
   4W     A004     S   77656.6100    5.0876 6.63e+03 -0.1846   0.8530 350.7282
   4W     A014     P   77654.2300    2.7076 1.47e+04 -0.1682   0.9610 350.8030
   4W     A014     S   77656.8300    5.3076 1.47e+04 -0.0372   0.8660 350.8030
   4W     A014     P   77654.2300    2.7076 1.47e+04 -0.1682   0.9610 350.8030
   4W     A014     S   77656.8300    5.3076 1.47e+04 -0.0372   0.8660 350.8030
   4W     A014     P   77654.2300    2.7076 1.47e+04 -0.1682   0.9610 350.8030
   4W     A014     S   77656.8300    5.3076 1.47e+04 -0.0372   0.8660 350.8030
   4W     A000     S   77656.6200    5.0976 6.18e+03 -0.1367   0.5090 350.8479
   4W     A000     S   77656.6200    5.0976 6.18e+03 -0.1367   0.5090 350.8479
   4W     A000     S   77656.6200    5.0976 6.18e+03 -0.1367   0.5090 350.8479
   4W     2D11     P   77654.3600    2.8376 2.05e+04  0.0593   0.6090 353.0602
   4W     2D11     P   77654.3600    2.8376 2.05e+04  0.0593   0.6090 353.0602
   4W     2D11     P   77654.3600    2.8376 2.05e+04  0.0593   0.6090 353.0602
   4W     2D11     S   77657.2100    5.6876 2.05e+04  0.5307   0.7960 353.0602
   4W     2D11     S   77657.2100    5.6876 2.05e+04  0.5307   0.7960 353.0602
   4W     2D11     S   77657.2100    5.6876 2.05e+04  0.5307   0.7960 353.0602
   4W     2D10     P   77654.4100    2.8876 9.27e+03  0.1050   0.9790 353.0854
   4W     2D10     S   77657.1800    5.6576 9.27e+03  0.4926   0.5270 353.0854
   4W     2D10     P   77654.4100    2.8876 9.27e+03  0.1050   0.9790 353.0854
   4W     2D10     P   77654.4100    2.8876 9.27e+03  0.1050   0.9790 353.0854
   4W     2D10     S   77657.1800    5.6576 9.27e+03  0.4926   0.5270 353.0854
   4W     2D10     S   77657.1800    5.6576 9.27e+03  0.4926   0.5270 353.0854
   28   2023 04 24 21:49:32.249    78572.249  0.4751 85.4164  28.1245  14.00  6.213 0.244  72  81 153 102 345.33
   4W     2D15     P   78574.8600    2.6109 2.30e+04  0.0717   0.9750 161.4168
   4W     2D15     S   78577.1900    4.9409 1.43e+04  0.2005   0.7870 161.4168
   4W     2D15     P   78574.8600    2.6109 2.30e+04  0.0717   0.9750 161.4168
   4W     2D15     S   78577.1900    4.9409 1.43e+04  0.2005   0.7870 161.4168
   4W     2D15     P   78574.8600    2.6109 2.30e+04  0.0717   0.9750 161.4168
   4W     2D15     S   78577.1900    4.9409 1.43e+04  0.2005   0.7870 161.4168
   4W     2D14     S   78576.1900    3.9409 9.38e+03 -1.1185   0.8550 164.3788
   4W     2D14     S   78576.1900    3.9409 9.38e+03 -1.1185   0.8550 164.3788
   4W     2D14     S   78576.1900    3.9409 9.38e+03 -1.1185   0.8550 164.3788
   4W     2D12     P   78575.2400    2.9909 1.36e+04  0.4913   0.5740 165.4852
   4W     2D12     P   78575.2400    2.9909 1.36e+04  0.4913   0.5740 165.4852
   4W     2D12     S   78577.7900    5.5409 1.36e+04  0.8770   0.5440 165.4852
   4W     2D12     S   78577.7900    5.5409 1.36e+04  0.8770   0.5440 165.4852
   4W     2D12     S   78577.7900    5.5409 1.36e+04  0.8770   0.5440 165.4852
   4W     2D12     P   78575.2400    2.9909 1.36e+04  0.4913   0.5740 165.4852
   4W     2D03     P   78575.0000    2.7509 2.58e+04  0.1354   0.5160 168.4021
   4W     2D03     P   78575.0000    2.7509 2.58e+04  0.1354   0.5160 168.4021
   4W     2D03     P   78575.0000    2.7509 2.58e+04  0.1354   0.5160 168.4021
   4W     2D04     S   78576.6700    4.4209 1.77e+04 -0.5058   0.8610 168.6542
   4W     2D04     P   78574.6500    2.4009 1.77e+04 -0.2350   0.8990 168.6542
   4W     2D04     S   78576.6700    4.4209 1.77e+04 -0.5058   0.8610 168.6542
   4W     2D04     P   78574.6500    2.4009 1.77e+04 -0.2350   0.8990 168.6542
   4W     2D04     S   78576.6700    4.4209 1.77e+04 -0.5058   0.8610 168.6542
   4W     2D04     P   78574.6500    2.4009 1.77e+04 -0.2350   0.8990 168.6542
   4W     2D08     S   78576.1700    3.9209 1.11e+04 -1.2617   0.6130 171.3872
   4W     2D08     P   78574.2700    2.0209 1.11e+04 -0.7478   0.9190 171.3872
   4W     2D08     S   78576.1700    3.9209 1.11e+04 -1.2617   0.6130 171.3872
   4W     2D08     P   78574.2700    2.0209 1.11e+04 -0.7478   0.9190 171.3872
   4W     2D08     S   78576.1700    3.9209 1.11e+04 -1.2617   0.6130 171.3872
   4W     2D08     P   78574.2700    2.0209 1.11e+04 -0.7478   0.9190 171.3872
   4W      B23     P   78574.7500    2.5009 1.30e+04 -0.0242   0.6030 171.5661
   4W      B23     P   78574.7500    2.5009 1.30e+04 -0.0242   0.6030 171.5661
   4W      B23     P   78574.7500    2.5009 1.30e+04 -0.0242   0.6030 171.5661
   4W     A000     S   78577.7500    5.5009 9.10e+03  0.8168   0.6180 171.7028
   4W     A000     P   78575.1600    2.9109 9.10e+03  0.4009   0.5640 171.7028
   4W     A000     P   78575.1600    2.9109 9.10e+03  0.4009   0.5640 171.7028
   4W     A000     P   78575.1600    2.9109 9.10e+03  0.4009   0.5640 171.7028
   4W     A000     S   78577.7500    5.5009 9.10e+03  0.8168   0.6180 171.7028
   4W     A000     S   78577.7500    5.5009 9.10e+03  0.8168   0.6180 171.7028
   4W     2D05     P   78574.4600    2.2109 2.37e+04 -0.2937   0.6610 171.7839
   4W     2D05     S   78576.3000    4.0509 2.37e+04 -0.6228   0.9160 171.7839
   4W     2D05     P   78574.4600    2.2109 2.37e+04 -0.2937   0.6610 171.7839
   4W     2D05     P   78574.4600    2.2109 2.37e+04 -0.2937   0.6610 171.7839
   4W     2D05     S   78576.3000    4.0509 2.37e+04 -0.6228   0.9160 171.7839
   4W     2D05     S   78576.3000    4.0509 2.37e+04 -0.6228   0.9160 171.7839
   4W     A014     S   78577.4700    5.2209 1.02e+04  0.4262   0.7650 171.8018
   4W     A014     P   78575.0400    2.7909 1.02e+04  0.2235   0.9110 171.8018
   4W     A014     P   78575.0400    2.7909 1.02e+04  0.2235   0.9110 171.8018
   4W     A014     P   78575.0400    2.7909 1.02e+04  0.2235   0.9110 171.8018
   4W     A014     S   78577.4700    5.2209 1.02e+04  0.4262   0.7650 171.8018
   4W     A014     S   78577.4700    5.2209 1.02e+04  0.4262   0.7650 171.8018
   4W     A004     S   78577.6000    5.3509 6.23e+03  0.6288   0.8750 171.8240
   4W     A004     P   78575.1700    2.9209 6.23e+03  0.3912   0.9690 171.8240
   4W     A004     S   78577.6000    5.3509 6.23e+03  0.6288   0.8750 171.8240
   4W     A004     P   78575.1700    2.9209 6.23e+03  0.3912   0.9690 171.8240
   4W     A004     P   78575.1700    2.9209 6.23e+03  0.3912   0.9690 171.8240
   4W     A004     S   78577.6000    5.3509 6.23e+03  0.6288   0.8750 171.8240
   4W     A009     P   78575.1800    2.9309 8.24e+03  0.3785   0.8110 171.8314
   4W     A009     P   78575.1800    2.9309 8.24e+03  0.3785   0.8110 171.8314
   4W     A009     S   78577.7500    5.5009 8.24e+03  0.7351   0.8100 171.8314
   4W     A009     S   78577.7500    5.5009 8.24e+03  0.7351   0.8100 171.8314
   4W     A009     S   78577.7500    5.5009 8.24e+03  0.7351   0.8100 171.8314
   4W     A009     P   78575.1800    2.9309 8.24e+03  0.3785   0.8110 171.8314
   4W      B13     P   78574.9600    2.7109 8.46e+03  0.1581   0.8210 171.9307
   4W      B13     S   78577.1000    4.8509 8.46e+03  0.0843   0.8320 171.9307
   4W      B13     S   78577.1000    4.8509 8.46e+03  0.0843   0.8320 171.9307
   4W      B13     P   78574.9600    2.7109 8.46e+03  0.1581   0.8210 171.9307
   4W      B13     S   78577.1000    4.8509 8.46e+03  0.0843   0.8320 171.9307
   4W      B13     P   78574.9600    2.7109 8.46e+03  0.1581   0.8210 171.9307
   4W      B09     P   78574.9900    2.7409 9.54e+03  0.1707   0.7200 171.9995
   4W      B09     P   78574.9900    2.7409 9.54e+03  0.1707   0.7200 171.9995
   4W      B09     S   78577.2800    5.0309 9.54e+03  0.2309   0.6850 171.9995
   4W      B09     S   78577.2800    5.0309 9.54e+03  0.2309   0.6850 171.9995
   4W      B09     S   78577.2800    5.0309 9.54e+03  0.2309   0.6850 171.9995
   4W      B09     P   78574.9900    2.7409 9.54e+03  0.1707   0.7200 171.9995
   4W     A039     S   78577.2900    5.0409 1.41e+04  0.1756   0.9390 172.6152
   4W     A039     P   78575.0200    2.7709 1.41e+04  0.1668   0.9710 172.6152
   4W     A039     P   78575.0200    2.7709 1.41e+04  0.1668   0.9710 172.6152
   4W     A039     S   78577.2900    5.0409 1.41e+04  0.1756   0.9390 172.6152
   4W     A039     S   78577.2900    5.0409 1.41e+04  0.1756   0.9390 172.6152
   4W     A039     P   78575.0200    2.7709 1.41e+04  0.1668   0.9710 172.6152
   4W     A044     S   78577.3700    5.1209 1.18e+04  0.2128   0.8960 172.7060
   4W     A044     S   78577.3700    5.1209 1.18e+04  0.2128   0.8960 172.7060
   4W     A044     S   78577.3700    5.1209 1.18e+04  0.2128   0.8960 172.7060
   4W     A044     P   78575.0300    2.7809 1.18e+04  0.1546   0.9240 172.7060
   4W     A044     P   78575.0300    2.7809 1.18e+04  0.1546   0.9240 172.7060
   4W     A044     P   78575.0300    2.7809 1.18e+04  0.1546   0.9240 172.7060
   4W     A049     S   78577.2500    5.0009 1.47e+04  0.0426   0.8940 172.7628
   4W     A049     S   78577.2500    5.0009 1.47e+04  0.0426   0.8940 172.7628
   4W     A049     S   78577.2500    5.0009 1.47e+04  0.0426   0.8940 172.7628
   4W     2D07     S   78576.2400    3.9909 3.11e+04 -0.9342   0.9280 173.0805
   4W     2D07     P   78574.4300    2.1809 3.11e+04 -0.4541   0.9440 173.0805
   4W     2D07     S   78576.2400    3.9909 3.11e+04 -0.9342   0.9280 173.0805
   4W     2D07     P   78574.4300    2.1809 3.11e+04 -0.4541   0.9440 173.0805
   4W     2D07     S   78576.2400    3.9909 3.11e+04 -0.9342   0.9280 173.0805
   4W     2D07     P   78574.4300    2.1809 3.11e+04 -0.4541   0.9440 173.0805
   4W     A064     S   78577.2600    5.0109 1.46e+04 -0.0008   0.7700 173.6239
   4W     A064     S   78577.2600    5.0109 1.46e+04 -0.0008   0.7700 173.6239
   4W     A064     S   78577.2600    5.0109 1.46e+04 -0.0008   0.7700 173.6239
   4W     2D06     P   78574.3100    2.0609 4.65e+04 -0.4978   0.9340 174.0877
   4W     2D06     S   78576.0300    3.7809 4.65e+04 -0.9971   0.9490 174.0877
   4W     2D06     P   78574.3100    2.0609 4.65e+04 -0.4978   0.9340 174.0877
   4W     2D06     P   78574.3100    2.0609 4.65e+04 -0.4978   0.9340 174.0877
   4W     2D06     S   78576.0300    3.7809 4.65e+04 -0.9971   0.9490 174.0877
   4W     2D06     S   78576.0300    3.7809 4.65e+04 -0.9971   0.9490 174.0877
   4W     A084     S   78577.2600    5.0109 1.15e+04 -0.1536   0.6620 174.4509
   4W     A084     S   78577.2600    5.0109 1.15e+04 -0.1536   0.6620 174.4509
   4W     A084     S   78577.2600    5.0109 1.15e+04 -0.1536   0.6620 174.4509
   4W     2D09     S   78576.6200    4.3709 4.84e+03 -0.7550   0.5670 174.8554
   4W     2D09     P   78574.6200    2.3709 6.17e+03 -0.3684   0.9400 174.8554
   4W     2D09     S   78576.6200    4.3709 4.84e+03 -0.7550   0.5670 174.8554
   4W     2D09     P   78574.6200    2.3709 6.17e+03 -0.3684   0.9400 174.8554
   4W     2D09     S   78576.6200    4.3709 4.84e+03 -0.7550   0.5670 174.8554
   4W     2D09     P   78574.6200    2.3709 6.17e+03 -0.3684   0.9400 174.8554
   4W     A100     S   78577.5100    5.2609 1.29e+04  0.0458   0.6840 175.1297
   4W     A100     P   78575.2300    2.9809 1.29e+04  0.1953   0.7850 175.1297
   4W     A100     S   78577.5100    5.2609 1.29e+04  0.0458   0.6840 175.1297
   4W     A100     P   78575.2300    2.9809 1.29e+04  0.1953   0.7850 175.1297
   4W     A100     S   78577.5100    5.2609 1.29e+04  0.0458   0.6840 175.1297
   4W     A100     P   78575.2300    2.9809 1.29e+04  0.1953   0.7850 175.1297
   4W     A109     S   78577.4500    5.2009 2.32e+04 -0.0166   0.7940 175.3223
   4W     A109     S   78577.4500    5.2009 2.32e+04 -0.0166   0.7940 175.3223
   4W     A109     S   78577.4500    5.2009 2.32e+04 -0.0166   0.7940 175.3223
   4W      AX6     S   78577.3100    5.0609 9.41e+03 -0.1547   0.8560 175.3797
   4W      AX6     P   78575.4600    3.2109 5.08e+04  0.4251   0.5200 175.3797
   4W      AX6     P   78575.4600    3.2109 5.08e+04  0.4251   0.5200 175.3797
   4W      AX6     S   78577.3100    5.0609 9.41e+03 -0.1547   0.8560 175.3797
   4W      AX6     S   78577.3100    5.0609 9.41e+03 -0.1547   0.8560 175.3797
   4W      AX6     P   78575.4600    3.2109 5.08e+04  0.4251   0.5200 175.3797
   4W     A132     S   78577.5200    5.2709 1.46e+04 -0.0355   0.5960 175.6571
   4W     A132     P   78575.1100    2.8609 1.46e+04  0.0280   0.9310 175.6571
   4W     A132     P   78575.1100    2.8609 1.46e+04  0.0280   0.9310 175.6571
   4W     A132     P   78575.1100    2.8609 1.46e+04  0.0280   0.9310 175.6571
   4W     A132     S   78577.5200    5.2709 1.46e+04 -0.0355   0.5960 175.6571
   4W     A132     S   78577.5200    5.2709 1.46e+04 -0.0355   0.5960 175.6571
   4W     A139     P   78575.1000    2.8509 5.46e+03  0.0000   0.9090 175.7579
   4W     A139     S   78577.4000    5.1509 5.46e+03 -0.1902   0.6690 175.7579
   4W     A139     S   78577.4000    5.1509 5.46e+03 -0.1902   0.6690 175.7579
   4W     A139     P   78575.1000    2.8509 5.46e+03  0.0000   0.9090 175.7579
   4W     A139     S   78577.4000    5.1509 5.46e+03 -0.1902   0.6690 175.7579
   4W     A139     P   78575.1000    2.8509 5.46e+03  0.0000   0.9090 175.7579
   4W     A154     S   78577.3400    5.0909 1.51e+04 -0.3224   0.8760 175.9929
   4W     A154     P   78575.0900    2.8409 1.56e+04 -0.0475   0.9700 175.9929
   4W     A154     P   78575.0900    2.8409 1.56e+04 -0.0475   0.9700 175.9929
   4W     A154     P   78575.0900    2.8409 1.56e+04 -0.0475   0.9700 175.9929
   4W     A154     S   78577.3400    5.0909 1.51e+04 -0.3224   0.8760 175.9929
   4W     A154     S   78577.3400    5.0909 1.51e+04 -0.3224   0.8760 175.9929
   4W     A159     P   78575.1300    2.8809 3.00e+04 -0.0171   0.9340 176.0865
   4W     A159     S   78577.4800    5.2309 3.00e+04 -0.2008   0.8340 176.0865
   4W     A159     S   78577.4800    5.2309 3.00e+04 -0.2008   0.8340 176.0865
   4W     A159     P   78575.1300    2.8809 3.00e+04 -0.0171   0.9340 176.0865
   4W     A159     S   78577.4800    5.2309 3.00e+04 -0.2008   0.8340 176.0865
   4W     A159     P   78575.1300    2.8809 3.00e+04 -0.0171   0.9340 176.0865
   29   2023 04 24 21:54:07.375    78847.375  0.4465 85.6615  27.9351  16.00  6.346 0.224 105 111 216 150 250.52
   4W     A104     P   78850.3400    2.9648 2.18e+04 -0.1354   0.8900   0.0965
   4W     A104     S   78853.0200    5.6448 2.18e+04 -0.1323   0.7960   0.0965
   4W     A104     P   78850.3400    2.9648 2.18e+04 -0.1354   0.8900   0.0965
   4W     A104     S   78853.0200    5.6448 2.18e+04 -0.1323   0.7960   0.0965
   4W     A104     P   78850.3400    2.9648 2.18e+04 -0.1354   0.8900   0.0965
   4W     A104     S   78853.0200    5.6448 2.18e+04 -0.1323   0.7960   0.0965
   4W     2D07     P   78850.8500    3.4748 1.72e+04  0.5312   0.9310   0.1241
   4W     2D07     S   78853.7500    6.3748 1.72e+04  0.8995   0.7020   0.1241
   4W     2D07     P   78850.8500    3.4748 1.72e+04  0.5312   0.9310   0.1241
   4W     2D07     S   78853.7500    6.3748 1.72e+04  0.8995   0.7020   0.1241
   4W     2D07     P   78850.8500    3.4748 1.72e+04  0.5312   0.9310   0.1241
   4W     2D07     S   78853.7500    6.3748 1.72e+04  0.8995   0.7020   0.1241
   4W     A100     P   78850.3100    2.9348 2.23e+04 -0.1592   0.8160   0.3565
   4W     A100     S   78853.0200    5.6448 2.23e+04 -0.1204   0.9470   0.3565
   4W     A100     P   78850.3100    2.9348 2.23e+04 -0.1592   0.8160   0.3565
   4W     A100     S   78853.0200    5.6448 2.23e+04 -0.1204   0.9470   0.3565
   4W     A100     P   78850.3100    2.9348 2.23e+04 -0.1592   0.8160   0.3565
   4W     A100     S   78853.0200    5.6448 2.23e+04 -0.1204   0.9470   0.3565
   4W     A094     P   78850.3100    2.9348 1.53e+04 -0.1539   0.9680   0.6911
   4W     A094     S   78853.0900    5.7148 1.53e+04 -0.0401   0.8460   0.6911
   4W     A094     P   78850.3100    2.9348 1.53e+04 -0.1539   0.9680   0.6911
   4W     A094     S   78853.0900    5.7148 1.53e+04 -0.0401   0.8460   0.6911
   4W     A094     P   78850.3100    2.9348 1.53e+04 -0.1539   0.9680   0.6911
   4W     A094     S   78853.0900    5.7148 1.53e+04 -0.0401   0.8460   0.6911
   4W     A089     P   78850.5900    3.2148 4.61e+04  0.1410   0.7980   0.9414
   4W     A089     S   78852.9600    5.5848 4.61e+04 -0.1413   0.7230   0.9414
   4W     A089     P   78850.5900    3.2148 4.61e+04  0.1410   0.7980   0.9414
   4W     A089     S   78852.9600    5.5848 4.61e+04 -0.1413   0.7230   0.9414
   4W     A089     P   78850.5900    3.2148 4.61e+04  0.1410   0.7980   0.9414
   4W     A089     S   78852.9600    5.5848 4.61e+04 -0.1413   0.7230   0.9414
   4W     A084     P   78850.3900    3.0148 2.13e+04 -0.0530   0.5810   1.1444
   4W     A084     S   78853.0000    5.6248 2.13e+04 -0.0898   0.8560   1.1444
   4W     A084     P   78850.3900    3.0148 2.13e+04 -0.0530   0.5810   1.1444
   4W     A084     S   78853.0000    5.6248 2.13e+04 -0.0898   0.8560   1.1444
   4W     A084     P   78850.3900    3.0148 2.13e+04 -0.0530   0.5810   1.1444
   4W     A084     S   78853.0000    5.6248 2.13e+04 -0.0898   0.8560   1.1444
   4W     2D05     P   78850.9300    3.5548 2.82e+04  0.7416   0.8690   1.2335
   4W     2D05     S   78853.4300    6.0548 2.82e+04  0.8309   0.8680   1.2335
   4W     2D05     P   78850.9300    3.5548 2.82e+04  0.7416   0.8690   1.2335
   4W     2D05     S   78853.4300    6.0548 2.82e+04  0.8309   0.8680   1.2335
   4W     2D05     P   78850.9300    3.5548 2.82e+04  0.7416   0.8690   1.2335
   4W     2D05     S   78853.4300    6.0548 2.82e+04  0.8309   0.8680   1.2335
   4W     A079     S   78853.0800    5.7048 1.68e+04  0.0050   0.8080   1.3610
   4W     A079     S   78853.0800    5.7048 1.68e+04  0.0050   0.8080   1.3610
   4W     A079     S   78853.0800    5.7048 1.68e+04  0.0050   0.8080   1.3610
   4W     A069     S   78853.0100    5.6348 2.09e+04  0.0439   0.8230   1.7866
   4W     A069     S   78853.0100    5.6348 2.09e+04  0.0439   0.8230   1.7866
   4W     A069     S   78853.0100    5.6348 2.09e+04  0.0439   0.8230   1.7866
   4W     A069     P   78850.3000    2.9248 2.09e+04 -0.0788   0.6190   1.7866
   4W     A069     P   78850.3000    2.9248 2.09e+04 -0.0788   0.6190   1.7866
   4W     A069     P   78850.3000    2.9248 2.09e+04 -0.0788   0.6190   1.7866
   4W     A064     P   78850.4000    3.0248 1.75e+04  0.0363   0.6620   1.9645
   4W     A064     S   78853.0900    5.7148 1.75e+04  0.1530   0.9390   1.9645
   4W     A064     S   78853.0900    5.7148 1.75e+04  0.1530   0.9390   1.9645
   4W     A064     P   78850.4000    3.0248 1.75e+04  0.0363   0.6620   1.9645
   4W     A064     S   78853.0900    5.7148 1.75e+04  0.1530   0.9390   1.9645
   4W     A064     P   78850.4000    3.0248 1.75e+04  0.0363   0.6620   1.9645
   4W     A049     P   78850.2800    2.9048 1.74e+04 -0.0561   0.6380   2.3465
   4W     A049     P   78850.2800    2.9048 1.74e+04 -0.0561   0.6380   2.3465
   4W     A049     S   78853.0400    5.6648 1.74e+04  0.1563   0.7920   2.3465
   4W     A049     S   78853.0400    5.6648 1.74e+04  0.1563   0.7920   2.3465
   4W     A049     S   78853.0400    5.6648 1.74e+04  0.1563   0.7920   2.3465
   4W     A049     P   78850.2800    2.9048 1.74e+04 -0.0561   0.6380   2.3465
   4W      B35     S   78852.9100    5.5348 3.43e+04  0.3236   0.5030   2.5760
   4W      B35     S   78852.9100    5.5348 3.43e+04  0.3236   0.5030   2.5760
   4W      B35     S   78852.9100    5.5348 3.43e+04  0.3236   0.5030   2.5760
   4W     A044     P   78850.3100    2.9348 9.39e+03  0.0000   0.7130   2.6101
   4W     A044     S   78852.9700    5.5948 9.39e+03  0.1365   0.8200   2.6101
   4W     A044     P   78850.3100    2.9348 9.39e+03  0.0000   0.7130   2.6101
   4W     A044     S   78852.9700    5.5948 9.39e+03  0.1365   0.8200   2.6101
   4W     A044     P   78850.3100    2.9348 9.39e+03  0.0000   0.7130   2.6101
   4W     A044     S   78852.9700    5.5948 9.39e+03  0.1365   0.8200   2.6101
   4W     2D15     P   78850.9500    3.5748 8.04e+03  0.7269   0.6820   2.7561
   4W     2D15     P   78850.9500    3.5748 8.04e+03  0.7269   0.6820   2.7561
   4W     2D15     P   78850.9500    3.5748 8.04e+03  0.7269   0.6820   2.7561
   4W     A039     S   78852.7800    5.4048 1.26e+04 -0.0107   0.8900   2.8393
   4W     A039     S   78852.7800    5.4048 1.26e+04 -0.0107   0.8900   2.8393
   4W     A039     P   78850.1500    2.7748 1.26e+04 -0.1378   0.9650   2.8393
   4W     A039     S   78852.7800    5.4048 1.26e+04 -0.0107   0.8900   2.8393
   4W     A039     P   78850.1500    2.7748 1.26e+04 -0.1378   0.9650   2.8393
   4W     A039     P   78850.1500    2.7748 1.26e+04 -0.1378   0.9650   2.8393
   4W      B09     S   78852.7800    5.4048 1.23e+04  0.0546   0.6040   2.9730
   4W      B09     P   78850.4800    3.1048 1.23e+04  0.2261   0.6120   2.9730
   4W      B09     P   78850.4800    3.1048 1.23e+04  0.2261   0.6120   2.9730
   4W      B09     P   78850.4800    3.1048 1.23e+04  0.2261   0.6120   2.9730
   4W      B09     S   78852.7800    5.4048 1.23e+04  0.0546   0.6040   2.9730
   4W      B09     S   78852.7800    5.4048 1.23e+04  0.0546   0.6040   2.9730
   4W     2D03     S   78853.5000    6.1248 1.89e+04  0.6872   0.8600   3.0749
   4W     2D03     P   78850.6400    3.2648 1.89e+04  0.3407   0.7080   3.0749
   4W     2D03     P   78850.6400    3.2648 1.89e+04  0.3407   0.7080   3.0749
   4W     2D03     S   78853.5000    6.1248 1.89e+04  0.6872   0.8600   3.0749
   4W     2D03     S   78853.5000    6.1248 1.89e+04  0.6872   0.8600   3.0749
   4W     2D03     P   78850.6400    3.2648 1.89e+04  0.3407   0.7080   3.0749
   4W     2D12     S   78853.6200    6.2448 7.93e+03  1.0306   0.8170   3.7928
   4W     2D12     P   78850.6700    3.2948 7.93e+03  0.4866   0.8330   3.7928
   4W     2D12     P   78850.6700    3.2948 7.93e+03  0.4866   0.8330   3.7928
   4W     2D12     P   78850.6700    3.2948 7.93e+03  0.4866   0.8330   3.7928
   4W     2D12     S   78853.6200    6.2448 7.93e+03  1.0306   0.8170   3.7928
   4W     2D12     S   78853.6200    6.2448 7.93e+03  1.0306   0.8170   3.7928
   4W     A014     P   78850.0600    2.6848 3.04e+04 -0.1911   0.9710   3.7992
   4W     A014     P   78850.0600    2.6848 3.04e+04 -0.1911   0.9710   3.7992
   4W     A014     S   78852.6200    5.2448 3.04e+04 -0.1000   0.9100   3.7992
   4W     A014     S   78852.6200    5.2448 3.04e+04 -0.1000   0.9100   3.7992
   4W     A014     P   78850.0600    2.6848 3.04e+04 -0.1911   0.9710   3.7992
   4W     A014     S   78852.6200    5.2448 3.04e+04 -0.1000   0.9100   3.7992
   4W     A009     P   78850.0200    2.6448 1.48e+04 -0.2162   0.9210   4.1379
   4W     A009     P   78850.0200    2.6448 1.48e+04 -0.2162   0.9210   4.1379
   4W     A009     P   78850.0200    2.6448 1.48e+04 -0.2162   0.9210   4.1379
   4W     A009     S   78852.5900    5.2148 1.48e+04 -0.1012   0.7790   4.1379
   4W     A009     S   78852.5900    5.2148 1.48e+04 -0.1012   0.7790   4.1379
   4W     A009     S   78852.5900    5.2148 1.48e+04 -0.1012   0.7790   4.1379
   4W     2D18     S   78851.7700    4.3948 8.07e+04 -0.8164   0.8690   4.1529
   4W     2D18     S   78851.7700    4.3948 8.07e+04 -0.8164   0.8690   4.1529
   4W     2D18     S   78851.7700    4.3948 8.07e+04 -0.8164   0.8690   4.1529
   4W     A004     P   78849.9300    2.5548 1.50e+04 -0.2835   0.9680   4.4647
   4W     A004     S   78852.4300    5.0548 1.50e+04 -0.2174   0.8340   4.4647
   4W     A004     P   78849.9300    2.5548 1.50e+04 -0.2835   0.9680   4.4647
   4W     A004     S   78852.4300    5.0548 1.50e+04 -0.2174   0.8340   4.4647
   4W     A004     P   78849.9300    2.5548 1.50e+04 -0.2835   0.9680   4.4647
   4W     A004     S   78852.4300    5.0548 1.50e+04 -0.2174   0.8340   4.4647
   4W     A000     P   78849.9500    2.5748 1.58e+04 -0.2438   0.9030   4.5669
   4W     A000     S   78852.4400    5.0648 1.58e+04 -0.1695   0.8400   4.5669
   4W     A000     P   78849.9500    2.5748 1.58e+04 -0.2438   0.9030   4.5669
   4W     A000     S   78852.4400    5.0648 1.58e+04 -0.1695   0.8400   4.5669
   4W     A000     P   78849.9500    2.5748 1.58e+04 -0.2438   0.9030   4.5669
   4W     A000     S   78852.4400    5.0648 1.58e+04 -0.1695   0.8400   4.5669
   4W     2D16     S   78851.9600    4.5848 4.02e+04 -0.5859   0.9070   4.9068
   4W     2D16     P   78849.6700    2.2948 4.02e+04 -0.4908   0.9570   4.9068
   4W     2D16     S   78851.9600    4.5848 4.02e+04 -0.5859   0.9070   4.9068
   4W     2D16     P   78849.6700    2.2948 4.02e+04 -0.4908   0.9570   4.9068
   4W     2D16     S   78851.9600    4.5848 4.02e+04 -0.5859   0.9070   4.9068
   4W     2D16     P   78849.6700    2.2948 4.02e+04 -0.4908   0.9570   4.9068
   4W     2D10     P   78850.2100    2.8348 1.99e+04  0.0521   0.9790   5.2174
   4W     2D10     P   78850.2100    2.8348 1.99e+04  0.0521   0.9790   5.2174
   4W     2D10     P   78850.2100    2.8348 1.99e+04  0.0521   0.9790   5.2174
   4W     2D11     S   78852.9700    5.5948 4.25e+04  0.4379   0.8890   6.8295
   4W     2D11     S   78852.9700    5.5948 4.25e+04  0.4379   0.8890   6.8295
   4W     2D11     P   78850.1600    2.7848 4.25e+04  0.0064   0.7010   6.8295
   4W     2D11     S   78852.9700    5.5948 4.25e+04  0.4379   0.8890   6.8295
   4W     2D11     P   78850.1600    2.7848 4.25e+04  0.0064   0.7010   6.8295
   4W     2D11     P   78850.1600    2.7848 4.25e+04  0.0064   0.7010   6.8295
   4W     2D17     P   78849.5200    2.1448 3.08e+04 -0.7568   0.9730   8.8711
   4W     2D17     P   78849.5200    2.1448 3.08e+04 -0.7568   0.9730   8.8711
   4W     2D17     S   78851.8000    4.4248 3.08e+04 -0.9695   0.9070   8.8711
   4W     2D17     S   78851.8000    4.4248 3.08e+04 -0.9695   0.9070   8.8711
   4W     2D17     S   78851.8000    4.4248 3.08e+04 -0.9695   0.9070   8.8711
   4W     2D17     P   78849.5200    2.1448 3.08e+04 -0.7568   0.9730   8.8711
   4W     2D21     S   78851.7500    4.3748 1.38e+04 -1.0274   0.8120  14.3143
   4W     2D21     S   78851.7500    4.3748 1.38e+04 -1.0274   0.8120  14.3143
   4W     2D21     S   78851.7500    4.3748 1.38e+04 -1.0274   0.8120  14.3143
   4W     2D22     P   78850.3100    2.9348 2.48e+04 -0.0464   0.9460 264.8351
   4W     2D22     S   78853.0800    5.7048 2.48e+04  0.1571   0.8750 264.8351
   4W     2D22     P   78850.3100    2.9348 2.48e+04 -0.0464   0.9460 264.8351
   4W     2D22     S   78853.0800    5.7048 2.48e+04  0.1571   0.8750 264.8351
   4W     2D22     P   78850.3100    2.9348 2.48e+04 -0.0464   0.9460 264.8351
   4W     2D22     S   78853.0800    5.7048 2.48e+04  0.1571   0.8750 264.8351
   4W     2D19     S   78852.1600    4.7848 2.14e+04 -0.7950   0.7330 349.8423
   4W     2D19     P   78849.7900    2.4148 2.14e+04 -0.5830   0.9430 349.8423
   4W     2D19     S   78852.1600    4.7848 2.14e+04 -0.7950   0.7330 349.8423
   4W     2D19     P   78849.7900    2.4148 2.14e+04 -0.5830   0.9430 349.8423
   4W     2D19     S   78852.1600    4.7848 2.14e+04 -0.7950   0.7330 349.8423
   4W     2D19     P   78849.7900    2.4148 2.14e+04 -0.5830   0.9430 349.8423
   4W     A144     S   78854.0500    6.6748 1.57e+04  0.7551   0.7390 357.9937
   4W     A144     P   78850.9100    3.5348 1.57e+04  0.3606   0.8780 357.9937
   4W     A144     S   78854.0500    6.6748 1.57e+04  0.7551   0.7390 357.9937
   4W     A144     P   78850.9100    3.5348 1.57e+04  0.3606   0.8780 357.9937
   4W     A144     S   78854.0500    6.6748 1.57e+04  0.7551   0.7390 357.9937
   4W     A144     P   78850.9100    3.5348 1.57e+04  0.3606   0.8780 357.9937
   4W     A139     S   78853.8300    6.4548 1.43e+04  0.5636   0.8640 358.2233
   4W     A139     S   78853.8300    6.4548 1.43e+04  0.5636   0.8640 358.2233
   4W     A139     S   78853.8300    6.4548 1.43e+04  0.5636   0.8640 358.2233
   4W     A134     P   78850.8700    3.4948 3.67e+04  0.3416   0.7830 358.4650
   4W     A134     P   78850.8700    3.4948 3.67e+04  0.3416   0.7830 358.4650
   4W     A134     S   78853.8000    6.4248 3.67e+04  0.5456   0.7870 358.4650
   4W     A134     S   78853.8000    6.4248 3.67e+04  0.5456   0.7870 358.4650
   4W     A134     P   78850.8700    3.4948 3.67e+04  0.3416   0.7830 358.4650
   4W     A134     S   78853.8000    6.4248 3.67e+04  0.5456   0.7870 358.4650
   4W     A132     P   78850.7100    3.3348 2.71e+04  0.1934   0.9280 358.5363
   4W     A132     P   78850.7100    3.3348 2.71e+04  0.1934   0.9280 358.5363
   4W     A132     P   78850.7100    3.3348 2.71e+04  0.1934   0.9280 358.5363
   4W     A132     S   78853.7100    6.3348 2.71e+04  0.4783   0.8860 358.5363
   4W     A132     S   78853.7100    6.3348 2.71e+04  0.4783   0.8860 358.5363
   4W     A132     S   78853.7100    6.3348 2.71e+04  0.4783   0.8860 358.5363
   4W     2D09     P   78851.1600    3.7848 4.99e+03  0.7370   0.5300 358.6344
   4W     2D09     P   78851.1600    3.7848 4.99e+03  0.7370   0.5300 358.6344
   4W     2D09     P   78851.1600    3.7848 4.99e+03  0.7370   0.5300 358.6344
   4W     2D06     P   78850.8600    3.4848 1.41e+04  0.6175   0.9540 359.1966
   4W     2D06     S   78853.7600    6.3848 1.41e+04  1.0566   0.7860 359.1966
   4W     2D06     P   78850.8600    3.4848 1.41e+04  0.6175   0.9540 359.1966
   4W     2D06     S   78853.7600    6.3848 1.41e+04  1.0566   0.7860 359.1966
   4W     2D06     P   78850.8600    3.4848 1.41e+04  0.6175   0.9540 359.1966
   4W     2D06     S   78853.7600    6.3848 1.41e+04  1.0566   0.7860 359.1966
   4W     A114     P   78850.4000    3.0248 5.58e+04 -0.0692   0.5710 359.5097
   4W     A114     S   78853.1500    5.7748 5.58e+04  0.0097   0.6080 359.5097
   4W     A114     P   78850.4000    3.0248 5.58e+04 -0.0692   0.5710 359.5097
   4W     A114     S   78853.1500    5.7748 5.58e+04  0.0097   0.6080 359.5097
   4W     A114     P   78850.4000    3.0248 5.58e+04 -0.0692   0.5710 359.5097
   4W     A114     S   78853.1500    5.7748 5.58e+04  0.0097   0.6080 359.5097
   4W     A113     P   78850.4700    3.0948 4.69e+04 -0.0054   0.7740 359.5479
   4W     A113     S   78853.2700    5.8948 4.69e+04  0.1177   0.7670 359.5479
   4W     A113     P   78850.4700    3.0948 4.69e+04 -0.0054   0.7740 359.5479
   4W     A113     S   78853.2700    5.8948 4.69e+04  0.1177   0.7670 359.5479
   4W     A113     P   78850.4700    3.0948 4.69e+04 -0.0054   0.7740 359.5479
   4W     A113     S   78853.2700    5.8948 4.69e+04  0.1177   0.7670 359.5479
   4W      AX6     S   78853.1300    5.7548 2.69e+04 -0.0109   0.8980 359.6132
   4W      AX6     P   78850.3900    3.0148 2.69e+04 -0.0795   0.9780 359.6132
   4W      AX6     S   78853.1300    5.7548 2.69e+04 -0.0109   0.8980 359.6132
   4W      AX6     P   78850.3900    3.0148 2.69e+04 -0.0795   0.9780 359.6132
   4W      AX6     S   78853.1300    5.7548 2.69e+04 -0.0109   0.8980 359.6132
   4W      AX6     P   78850.3900    3.0148 2.69e+04 -0.0795   0.9780 359.6132
   4W     A109     P   78850.3700    2.9948 6.85e+04 -0.1005   0.9350 359.7817
   4W     A109     S   78853.1000    5.7248 6.85e+04 -0.0428   0.9260 359.7817
   4W     A109     P   78850.3700    2.9948 6.85e+04 -0.1005   0.9350 359.7817
   4W     A109     S   78853.1000    5.7248 6.85e+04 -0.0428   0.9260 359.7817
   4W     A109     P   78850.3700    2.9948 6.85e+04 -0.1005   0.9350 359.7817
   4W     A109     S   78853.1000    5.7248 6.85e+04 -0.0428   0.9260 359.7817
   30   2023 04 24 22:37:46.613    81466.613  0.3659 85.5082  28.0743  10.00  5.670 0.314  39  27  66  37 229.10
   4W     2D15     P   81468.5800    1.9670 7.71e+03  0.0551   0.6180  43.6030
   4W     2D15     S   81470.4400    3.8270 7.71e+03  0.2144   0.6990  43.6030
   4W     2D15     P   81468.5800    1.9670 7.71e+03  0.0551   0.6180  43.6030
   4W     2D15     S   81470.4400    3.8270 7.71e+03  0.2144   0.6990  43.6030
   4W     2D15     P   81468.5800    1.9670 7.71e+03  0.0551   0.6180  43.6030
   4W     2D15     S   81470.4400    3.8270 7.71e+03  0.2144   0.6990  43.6030
   4W     2D04     S   81470.3200    3.7070 1.08e+04 -0.0918   0.5720 116.0217
   4W     2D04     S   81470.3200    3.7070 1.08e+04 -0.0918   0.5720 116.0217
   4W     2D04     S   81470.3200    3.7070 1.08e+04 -0.0918   0.5720 116.0217
   4W     2D05     P   81468.1300    1.5170 1.92e+04 -0.3602   0.9280 157.0118
   4W     2D05     P   81468.1300    1.5170 1.92e+04 -0.3602   0.9280 157.0118
   4W     2D05     P   81468.1300    1.5170 1.92e+04 -0.3602   0.9280 157.0118
   4W     2D05     S   81469.8200    3.2070 1.13e+04 -0.3388   0.8640 157.0118
   4W     2D05     S   81469.8200    3.2070 1.13e+04 -0.3388   0.8640 157.0118
   4W     2D05     S   81469.8200    3.2070 1.13e+04 -0.3388   0.8640 157.0118
   4W     2D07     S   81469.9900    3.3770 6.25e+03 -0.4201   0.5880 162.3464
   4W     2D07     S   81469.9900    3.3770 6.25e+03 -0.4201   0.5880 162.3464
   4W     2D07     P   81468.1800    1.5670 7.74e+03 -0.4407   0.9510 162.3464
   4W     2D07     S   81469.9900    3.3770 6.25e+03 -0.4201   0.5880 162.3464
   4W     2D07     P   81468.1800    1.5670 7.74e+03 -0.4407   0.9510 162.3464
   4W     2D07     P   81468.1800    1.5670 7.74e+03 -0.4407   0.9510 162.3464
   4W     A014     P   81468.5400    1.9270 5.34e+03 -0.0130   0.6810 163.6099
   4W     A014     P   81468.5400    1.9270 5.34e+03 -0.0130   0.6810 163.6099
   4W     A014     P   81468.5400    1.9270 5.34e+03 -0.0130   0.6810 163.6099
   4W     A019     P   81467.9800    1.3670 3.85e+04 -0.5810   0.6230 163.7052
   4W     A019     S   81469.0800    2.4670 3.85e+04 -1.2151   0.7760 163.7052
   4W     A019     P   81467.9800    1.3670 3.85e+04 -0.5810   0.6230 163.7052
   4W     A019     S   81469.0800    2.4670 3.85e+04 -1.2151   0.7760 163.7052
   4W     A019     P   81467.9800    1.3670 3.85e+04 -0.5810   0.6230 163.7052
   4W     A019     S   81469.0800    2.4670 3.85e+04 -1.2151   0.7760 163.7052
   4W     A004     S   81470.7100    4.0970 3.03e+03  0.5028   0.9030 164.3379
   4W     A004     P   81468.6900    2.0770 3.03e+03  0.1747   0.9100 164.3379
   4W     A004     S   81470.7100    4.0970 3.03e+03  0.5028   0.9030 164.3379
   4W     A004     P   81468.6900    2.0770 3.03e+03  0.1747   0.9100 164.3379
   4W     A004     S   81470.7100    4.0970 3.03e+03  0.5028   0.9030 164.3379
   4W     A004     P   81468.6900    2.0770 3.03e+03  0.1747   0.9100 164.3379
   4W     A039     P   81468.5800    1.9670 6.11e+03 -0.0097   0.9290 165.8561
   4W     A039     S   81470.5500    3.9370 4.11e+03  0.1996   0.8810 165.8561
   4W     A039     P   81468.5800    1.9670 6.11e+03 -0.0097   0.9290 165.8561
   4W     A039     S   81470.5500    3.9370 4.11e+03  0.1996   0.8810 165.8561
   4W     A039     P   81468.5800    1.9670 6.11e+03 -0.0097   0.9290 165.8561
   4W     A039     S   81470.5500    3.9370 4.11e+03  0.1996   0.8810 165.8561
   4W     A049     P   81468.5900    1.9770 6.00e+03 -0.0479   0.6900 165.9217
   4W     A049     S   81470.6200    4.0070 4.41e+03  0.1766   0.5530 165.9217
   4W     A049     P   81468.5900    1.9770 6.00e+03 -0.0479   0.6900 165.9217
   4W     A049     S   81470.6200    4.0070 4.41e+03  0.1766   0.5530 165.9217
   4W     A049     P   81468.5900    1.9770 6.00e+03 -0.0479   0.6900 165.9217
   4W     A049     S   81470.6200    4.0070 4.41e+03  0.1766   0.5530 165.9217
   4W     A054     P   81468.6300    2.0170 1.24e+04 -0.0234   0.6090 167.0709
   4W     A054     P   81468.6300    2.0170 1.24e+04 -0.0234   0.6090 167.0709
   4W     A054     P   81468.6300    2.0170 1.24e+04 -0.0234   0.6090 167.0709
   4W     A059     P   81468.6600    2.0470 7.46e+03  0.0097   0.9000 168.1056
   4W     A059     P   81468.6600    2.0470 7.46e+03  0.0097   0.9000 168.1056
   4W     A059     S   81470.6500    4.0370 7.46e+03  0.1826   0.7230 168.1056
   4W     A059     S   81470.6500    4.0370 7.46e+03  0.1826   0.7230 168.1056
   4W     A059     P   81468.6600    2.0470 7.46e+03  0.0097   0.9000 168.1056
   4W     A059     S   81470.6500    4.0370 7.46e+03  0.1826   0.7230 168.1056
   4W     A109     P   81468.8300    2.2170 2.79e+04  0.0576   0.6950 173.2516
   4W     A109     P   81468.8300    2.2170 2.79e+04  0.0576   0.6950 173.2516
   4W     A109     P   81468.8300    2.2170 2.79e+04  0.0576   0.6950 173.2516
   4W      AX6     P   81468.8300    2.2170 6.24e+03  0.0586   0.9030 173.3600
   4W      AX6     P   81468.8300    2.2170 6.24e+03  0.0586   0.9030 173.3600
   4W      AX6     P   81468.8300    2.2170 6.24e+03  0.0586   0.9030 173.3600
   4W     A164     P   81469.0200    2.4070 7.18e+03  0.1288   0.6380 174.5060
   4W     A164     P   81469.0200    2.4070 7.18e+03  0.1288   0.6380 174.5060
   4W     A164     P   81469.0200    2.4070 7.18e+03  0.1288   0.6380 174.5060
   31   2023 04 24 22:38:19.433    81499.433  0.4495 85.7106  28.0796  18.00  6.163 0.253  39  57  96  54 350.55
   4W     2D07     S   81506.4800    7.0469 8.13e+03  1.0302   0.6150   3.7822
   4W     2D07     S   81506.4800    7.0469 8.13e+03  1.0302   0.6150   3.7822
   4W     2D07     S   81506.4800    7.0469 8.13e+03  1.0302   0.6150   3.7822
   4W     2D05     S   81506.0300    6.5969 9.65e+03  0.8316   0.6540   4.4944
   4W     2D05     S   81506.0300    6.5969 9.65e+03  0.8316   0.6540   4.4944
   4W     2D05     S   81506.0300    6.5969 9.65e+03  0.8316   0.6540   4.4944
   4W     A113     P   81503.0300    3.5969 2.23e+04  0.1915   0.8590   5.1496
   4W     A113     S   81505.8300    6.3969 2.23e+04  0.0784   0.8150   5.1496
   4W     A113     P   81503.0300    3.5969 2.23e+04  0.1915   0.8590   5.1496
   4W     A113     S   81505.8300    6.3969 2.23e+04  0.0784   0.8150   5.1496
   4W     A113     P   81503.0300    3.5969 2.23e+04  0.1915   0.8590   5.1496
   4W     A113     S   81505.8300    6.3969 2.23e+04  0.0784   0.8150   5.1496
   4W      AX6     P   81502.9500    3.5169 1.05e+04  0.1174   0.8720   5.2689
   4W      AX6     S   81505.7100    6.2769 1.05e+04 -0.0302   0.8760   5.2689
   4W      AX6     P   81502.9500    3.5169 1.05e+04  0.1174   0.8720   5.2689
   4W      AX6     S   81505.7100    6.2769 1.05e+04 -0.0302   0.8760   5.2689
   4W      AX6     P   81502.9500    3.5169 1.05e+04  0.1174   0.8720   5.2689
   4W      AX6     S   81505.7100    6.2769 1.05e+04 -0.0302   0.8760   5.2689
   4W     A109     P   81502.9900    3.5569 2.42e+04  0.1564   0.6670   5.3711
   4W     A109     S   81505.6600    6.2269 2.42e+04 -0.0821   0.9170   5.3711
   4W     A109     P   81502.9900    3.5569 2.42e+04  0.1564   0.6670   5.3711
   4W     A109     S   81505.6600    6.2269 2.42e+04 -0.0821   0.9170   5.3711
   4W     A109     P   81502.9900    3.5569 2.42e+04  0.1564   0.6670   5.3711
   4W     A109     S   81505.6600    6.2269 2.42e+04 -0.0821   0.9170   5.3711
   4W     A100     S   81505.6300    6.1969 2.28e+04 -0.1097   0.7710   5.7169
   4W     A100     S   81505.6300    6.1969 2.28e+04 -0.1097   0.7710   5.7169
   4W     A100     S   81505.6300    6.1969 2.28e+04 -0.1097   0.7710   5.7169
   4W     A079     P   81503.1500    3.7169 6.69e+03  0.3516   0.5970   5.7232
   4W     A079     S   81505.8400    6.4069 6.69e+03  0.1657   0.5740   5.7232
   4W     A079     S   81505.8400    6.4069 6.69e+03  0.1657   0.5740   5.7232
   4W     A079     P   81503.1500    3.7169 6.69e+03  0.3516   0.5970   5.7232
   4W     A079     S   81505.8400    6.4069 6.69e+03  0.1657   0.5740   5.7232
   4W     A079     P   81503.1500    3.7169 6.69e+03  0.3516   0.5970   5.7232
   4W     A094     S   81505.6700    6.2369 8.71e+03 -0.0594   0.5810   5.8014
   4W     A094     S   81505.6700    6.2369 8.71e+03 -0.0594   0.5810   5.8014
   4W     A094     S   81505.6700    6.2369 8.71e+03 -0.0594   0.5810   5.8014
   4W     A069     S   81505.5200    6.0869 8.70e+03 -0.0454   0.6910   5.8494
   4W     A069     S   81505.5200    6.0869 8.70e+03 -0.0454   0.6910   5.8494
   4W     A069     S   81505.5200    6.0869 8.70e+03 -0.0454   0.6910   5.8494
   4W     A064     S   81505.6900    6.2569 8.33e+03  0.1537   0.8950   5.8920
   4W     A064     S   81505.6900    6.2569 8.33e+03  0.1537   0.8950   5.8920
   4W     A064     S   81505.6900    6.2569 8.33e+03  0.1537   0.8950   5.8920
   4W     A059     S   81505.5800    6.1469 1.33e+04  0.0731   0.5760   5.9024
   4W     A059     S   81505.5800    6.1469 1.33e+04  0.0731   0.5760   5.9024
   4W     A059     S   81505.5800    6.1469 1.33e+04  0.0731   0.5760   5.9024
   4W     A039     S   81505.3900    5.9569 6.01e+03  0.0000   0.8520   6.2100
   4W     A039     P   81502.8800    3.4469 6.01e+03  0.2291   0.5740   6.2100
   4W     A039     P   81502.8800    3.4469 6.01e+03  0.2291   0.5740   6.2100
   4W     A039     P   81502.8800    3.4469 6.01e+03  0.2291   0.5740   6.2100
   4W     A039     S   81505.3900    5.9569 6.01e+03  0.0000   0.8520   6.2100
   4W     A039     S   81505.3900    5.9569 6.01e+03  0.0000   0.8520   6.2100
   4W      B03     S   81506.1700    6.7369 8.49e+04  0.8188   0.5340   6.2942
   4W      B03     S   81506.1700    6.7369 8.49e+04  0.8188   0.5340   6.2942
   4W      B03     S   81506.1700    6.7369 8.49e+04  0.8188   0.5340   6.2942
   4W     A014     P   81502.6100    3.1769 1.45e+04 -0.0042   0.9670   6.7619
   4W     A014     S   81505.2000    5.7669 1.45e+04 -0.1194   0.8780   6.7619
   4W     A014     P   81502.6100    3.1769 1.45e+04 -0.0042   0.9670   6.7619
   4W     A014     S   81505.2000    5.7669 1.45e+04 -0.1194   0.8780   6.7619
   4W     A014     P   81502.6100    3.1769 1.45e+04 -0.0042   0.9670   6.7619
   4W     A014     S   81505.2000    5.7669 1.45e+04 -0.1194   0.8780   6.7619
   4W     A009     P   81502.6300    3.1969 7.30e+03  0.0307   0.5760   7.0423
   4W     A009     P   81502.6300    3.1969 7.30e+03  0.0307   0.5760   7.0423
   4W     A009     P   81502.6300    3.1969 7.30e+03  0.0307   0.5760   7.0423
   4W     A004     P   81502.5100    3.0769 6.29e+03 -0.0666   0.9420   7.2982
   4W     A004     S   81505.0000    5.5669 6.29e+03 -0.2467   0.8640   7.2982
   4W     A004     S   81505.0000    5.5669 6.29e+03 -0.2467   0.8640   7.2982
   4W     A004     P   81502.5100    3.0769 6.29e+03 -0.0666   0.9420   7.2982
   4W     A004     S   81505.0000    5.5669 6.29e+03 -0.2467   0.8640   7.2982
   4W     A004     P   81502.5100    3.0769 6.29e+03 -0.0666   0.9420   7.2982
   4W     2D10     P   81502.7900    3.3569 9.21e+03  0.2690   0.9520   7.3677
   4W     2D10     P   81502.7900    3.3569 9.21e+03  0.2690   0.9520   7.3677
   4W     2D10     S   81505.7700    6.3369 9.21e+03  0.6304   0.7970   7.3677
   4W     2D10     S   81505.7700    6.3369 9.21e+03  0.6304   0.7970   7.3677
   4W     2D10     S   81505.7700    6.3369 9.21e+03  0.6304   0.7970   7.3677
   4W     2D10     P   81502.7900    3.3569 9.21e+03  0.2690   0.9520   7.3677
   4W     2D16     S   81504.6100    5.1769 2.00e+04 -0.5352   0.7260   8.0194
   4W     2D16     P   81502.2200    2.7869 2.00e+04 -0.3039   0.8940   8.0194
   4W     2D16     S   81504.6100    5.1769 2.00e+04 -0.5352   0.7260   8.0194
   4W     2D16     P   81502.2200    2.7869 2.00e+04 -0.3039   0.8940   8.0194
   4W     2D16     P   81502.2200    2.7869 2.00e+04 -0.3039   0.8940   8.0194
   4W     2D16     S   81504.6100    5.1769 2.00e+04 -0.5352   0.7260   8.0194
   4W     2D17     P   81502.1100    2.6769 1.30e+04 -0.5299   0.9690  10.5231
   4W     2D17     P   81502.1100    2.6769 1.30e+04 -0.5299   0.9690  10.5231
   4W     2D17     S   81504.3700    4.9369 1.73e+04 -0.9988   0.8330  10.5231
   4W     2D17     S   81504.3700    4.9369 1.73e+04 -0.9988   0.8330  10.5231
   4W     2D17     S   81504.3700    4.9369 1.73e+04 -0.9988   0.8330  10.5231
   4W     2D17     P   81502.1100    2.6769 1.30e+04 -0.5299   0.9690  10.5231
   4W     2D19     P   81502.7100    3.2769 1.25e+04 -0.0261   0.6300  11.0567
   4W     2D19     P   81502.7100    3.2769 1.25e+04 -0.0261   0.6300  11.0567
   4W     2D19     P   81502.7100    3.2769 1.25e+04 -0.0261   0.6300  11.0567
   4W     2D21     S   81504.3400    4.9069 6.38e+03 -1.0367   0.8950  13.2354
   4W     2D21     P   81502.0500    2.6169 1.14e+04 -0.5940   0.9820  13.2354
   4W     2D21     S   81504.3400    4.9069 6.38e+03 -1.0367   0.8950  13.2354
   4W     2D21     P   81502.0500    2.6169 1.14e+04 -0.5940   0.9820  13.2354
   4W     2D21     S   81504.3400    4.9069 6.38e+03 -1.0367   0.8950  13.2354
   4W     2D21     P   81502.0500    2.6169 1.14e+04 -0.5940   0.9820  13.2354
   32   2023 04 24 22:40:38.325    81638.325  0.4912 85.6561  27.6034  14.00  6.863 0.265 186 219 405 270 237.36
   4W     2D20     P   81640.5700    2.2451 3.79e+05 -0.4784   0.9800 231.6844
   4W     2D20     S   81642.2900    3.9651 3.79e+05 -1.1305   0.7640 231.6844
   4W     2D20     P   81640.5700    2.2451 3.79e+05 -0.4784   0.9800 231.6844
   4W     2D20     S   81642.2900    3.9651 3.79e+05 -1.1305   0.7640 231.6844
   4W     2D20     P   81640.5700    2.2451 3.79e+05 -0.4784   0.9800 231.6844
   4W     2D20     S   81642.2900    3.9651 3.79e+05 -1.1305   0.7640 231.6844
   4W     2D22     P   81641.3700    3.0451 7.44e+04  0.3725   0.9670 259.0154
   4W     2D22     S   81643.4500    5.1251 7.44e+04  0.1276   0.9190 259.0154
   4W     2D22     P   81641.3700    3.0451 7.44e+04  0.3725   0.9670 259.0154
   4W     2D22     S   81643.4500    5.1251 7.44e+04  0.1276   0.9190 259.0154
   4W     2D22     P   81641.3700    3.0451 7.44e+04  0.3725   0.9670 259.0154
   4W     2D22     S   81643.4500    5.1251 7.44e+04  0.1276   0.9190 259.0154
   4W     2D19     P   81640.9000    2.5751 1.55e+05 -0.1142   0.9750 265.4639
   4W     2D19     S   81642.8000    4.4751 1.55e+05 -0.5546   0.9440 265.4639
   4W     2D19     P   81640.9000    2.5751 1.55e+05 -0.1142   0.9750 265.4639
   4W     2D19     S   81642.8000    4.4751 1.55e+05 -0.5546   0.9440 265.4639
   4W     2D19     P   81640.9000    2.5751 1.55e+05 -0.1142   0.9750 265.4639
   4W     2D19     S   81642.8000    4.4751 1.55e+05 -0.5546   0.9440 265.4639
   4W     2D18     P   81640.4500    2.1251 3.34e+05 -0.3729   0.9610 327.6733
   4W     2D18     S   81642.0900    3.7651 3.34e+05 -0.8959   0.9530 327.6733
   4W     2D18     P   81640.4500    2.1251 3.34e+05 -0.3729   0.9610 327.6733
   4W     2D18     S   81642.0900    3.7651 3.34e+05 -0.8959   0.9530 327.6733
   4W     2D18     P   81640.4500    2.1251 3.34e+05 -0.3729   0.9610 327.6733
   4W     2D18     S   81642.0900    3.7651 3.34e+05 -0.8959   0.9530 327.6733
   4W      AX6     P   81641.1500    2.8251 6.38e+04  0.0393   0.9610 336.2930
   4W      AX6     S   81643.0700    4.7451 6.38e+04 -0.4704   0.9400 336.2930
   4W      AX6     P   81641.1500    2.8251 6.38e+04  0.0393   0.9610 336.2930
   4W      AX6     S   81643.0700    4.7451 6.38e+04 -0.4704   0.9400 336.2930
   4W      AX6     P   81641.1500    2.8251 6.38e+04  0.0393   0.9610 336.2930
   4W      AX6     S   81643.0700    4.7451 6.38e+04 -0.4704   0.9400 336.2930
   4W     A109     P   81641.1300    2.8051 1.59e+05  0.0183   0.9550 336.3810
   4W     A109     S   81643.1100    4.7851 1.59e+05 -0.4323   0.8320 336.3810
   4W     A109     P   81641.1300    2.8051 1.59e+05  0.0183   0.9550 336.3810
   4W     A109     S   81643.1100    4.7851 1.59e+05 -0.4323   0.8320 336.3810
   4W     A109     P   81641.1300    2.8051 1.59e+05  0.0183   0.9550 336.3810
   4W     A109     S   81643.1100    4.7851 1.59e+05 -0.4323   0.8320 336.3810
   4W     A104     P   81641.1100    2.7851 1.05e+05 -0.0066   0.6470 336.3990
   4W     A104     P   81641.1100    2.7851 1.05e+05 -0.0066   0.6470 336.3990
   4W     A104     P   81641.1100    2.7851 1.05e+05 -0.0066   0.6470 336.3990
   4W     A100     S   81643.0200    4.6951 7.51e+04 -0.5199   0.9570 336.6878
   4W     A100     P   81641.0700    2.7451 7.51e+04 -0.0404   0.9690 336.6878
   4W     A100     P   81641.0700    2.7451 7.51e+04 -0.0404   0.9690 336.6878
   4W     A100     S   81643.0200    4.6951 7.51e+04 -0.5199   0.9570 336.6878
   4W     A100     S   81643.0200    4.6951 7.51e+04 -0.5199   0.9570 336.6878
   4W     A100     P   81641.0700    2.7451 7.51e+04 -0.0404   0.9690 336.6878
   4W     A113     P   81641.2100    2.8851 9.33e+04  0.0934   0.9630 336.8188
   4W     A113     P   81641.2100    2.8851 9.33e+04  0.0934   0.9630 336.8188
   4W     A113     P   81641.2100    2.8851 9.33e+04  0.0934   0.9630 336.8188
   4W     A113     S   81643.1700    4.8451 9.33e+04 -0.3818   0.8660 336.8188
   4W     A113     S   81643.1700    4.8451 9.33e+04 -0.3818   0.8660 336.8188
   4W     A113     S   81643.1700    4.8451 9.33e+04 -0.3818   0.8660 336.8188
   4W     A114     S   81643.0900    4.7651 1.14e+05 -0.4498   0.8480 337.0133
   4W     A114     S   81643.0900    4.7651 1.14e+05 -0.4498   0.8480 337.0133
   4W     A114     P   81641.1700    2.8451 1.14e+05  0.0596   0.9620 337.0133
   4W     A114     S   81643.0900    4.7651 1.14e+05 -0.4498   0.8480 337.0133
   4W     A114     P   81641.1700    2.8451 1.14e+05  0.0596   0.9620 337.0133
   4W     A114     P   81641.1700    2.8451 1.14e+05  0.0596   0.9620 337.0133
   4W     A132     P   81641.3900    3.0651 1.44e+05  0.2322   0.9280 337.7606
   4W     A132     P   81641.3900    3.0651 1.44e+05  0.2322   0.9280 337.7606
   4W     A132     P   81641.3900    3.0651 1.44e+05  0.2322   0.9280 337.7606
   4W     A132     S   81643.4800    5.1551 1.44e+05 -0.1512   0.8800 337.7606
   4W     A132     S   81643.4800    5.1551 1.44e+05 -0.1512   0.8800 337.7606
   4W     A132     S   81643.4800    5.1551 1.44e+05 -0.1512   0.8800 337.7606
   4W     A094     P   81641.0200    2.6951 4.92e+04 -0.0851   0.9750 337.7761
   4W     A094     S   81642.9900    4.6651 4.92e+04 -0.5396   0.9060 337.7761
   4W     A094     S   81642.9900    4.6651 4.92e+04 -0.5396   0.9060 337.7761
   4W     A094     P   81641.0200    2.6951 4.92e+04 -0.0851   0.9750 337.7761
   4W     A094     S   81642.9900    4.6651 4.92e+04 -0.5396   0.9060 337.7761
   4W     A094     P   81641.0200    2.6951 4.92e+04 -0.0851   0.9750 337.7761
   4W     A134     P   81641.3500    3.0251 1.82e+05  0.1804   0.8860 338.1094
   4W     A134     P   81641.3500    3.0251 1.82e+05  0.1804   0.8860 338.1094
   4W     A134     P   81641.3500    3.0251 1.82e+05  0.1804   0.8860 338.1094
   4W     A134     S   81643.6100    5.2851 1.82e+05 -0.0439   0.9470 338.1094
   4W     A134     S   81643.6100    5.2851 1.82e+05 -0.0439   0.9470 338.1094
   4W     A134     S   81643.6100    5.2851 1.82e+05 -0.0439   0.9470 338.1094
   4W     A139     S   81643.6300    5.3051 5.42e+04 -0.0358   0.9410 338.1604
   4W     A139     S   81643.6300    5.3051 5.42e+04 -0.0358   0.9410 338.1604
   4W     A139     P   81641.5500    3.2251 5.42e+04  0.3742   0.9030 338.1604
   4W     A139     S   81643.6300    5.3051 5.42e+04 -0.0358   0.9410 338.1604
   4W     A139     P   81641.5500    3.2251 5.42e+04  0.3742   0.9030 338.1604
   4W     A139     P   81641.5500    3.2251 5.42e+04  0.3742   0.9030 338.1604
   4W     A144     P   81641.6700    3.3451 1.41e+05  0.4794   0.8270 338.2834
   4W     A144     P   81641.6700    3.3451 1.41e+05  0.4794   0.8270 338.2834
   4W     A144     P   81641.6700    3.3451 1.41e+05  0.4794   0.8270 338.2834
   4W     A144     S   81643.8100    5.4851 1.41e+05  0.1156   0.9280 338.2834
   4W     A144     S   81643.8100    5.4851 1.41e+05  0.1156   0.9280 338.2834
   4W     A144     S   81643.8100    5.4851 1.41e+05  0.1156   0.9280 338.2834
   4W     A154     S   81643.9100    5.5851 1.17e+05  0.1719   0.9310 338.9192
   4W     A154     S   81643.9100    5.5851 1.17e+05  0.1719   0.9310 338.9192
   4W     A154     S   81643.9100    5.5851 1.17e+05  0.1719   0.9310 338.9192
   4W     A149     S   81643.9200    5.5951 6.76e+04  0.1675   0.9530 338.9248
   4W     A149     P   81641.6700    3.3451 6.76e+04  0.4493   0.8550 338.9248
   4W     A149     S   81643.9200    5.5951 6.76e+04  0.1675   0.9530 338.9248
   4W     A149     P   81641.6700    3.3451 6.76e+04  0.4493   0.8550 338.9248
   4W     A149     S   81643.9200    5.5951 6.76e+04  0.1675   0.9530 338.9248
   4W     A149     P   81641.6700    3.3451 6.76e+04  0.4493   0.8550 338.9248
   4W     A159     P   81641.7700    3.4451 1.47e+05  0.5472   0.9680 339.0154
   4W     A159     S   81644.0700    5.7451 1.47e+05  0.3134   0.9440 339.0154
   4W     A159     P   81641.7700    3.4451 1.47e+05  0.5472   0.9680 339.0154
   4W     A159     S   81644.0700    5.7451 1.47e+05  0.3134   0.9440 339.0154
   4W     A159     P   81641.7700    3.4451 1.47e+05  0.5472   0.9680 339.0154
   4W     A159     S   81644.0700    5.7451 1.47e+05  0.3134   0.9440 339.0154
   4W     A089     P   81641.3000    2.9751 1.08e+05  0.2099   0.5360 339.3579
   4W     A089     S   81642.9200    4.5951 1.08e+05 -0.5808   0.7330 339.3579
   4W     A089     P   81641.3000    2.9751 1.08e+05  0.2099   0.5360 339.3579
   4W     A089     S   81642.9200    4.5951 1.08e+05 -0.5808   0.7330 339.3579
   4W     A089     P   81641.3000    2.9751 1.08e+05  0.2099   0.5360 339.3579
   4W     A089     S   81642.9200    4.5951 1.08e+05 -0.5808   0.7330 339.3579
   4W     A164     P   81641.8500    3.5251 4.82e+04  0.6195   0.9660 339.4718
   4W     A164     S   81644.2400    5.9151 4.82e+04  0.4686   0.5260 339.4718
   4W     A164     P   81641.8500    3.5251 4.82e+04  0.6195   0.9660 339.4718
   4W     A164     S   81644.2400    5.9151 4.82e+04  0.4686   0.5260 339.4718
   4W     A164     P   81641.8500    3.5251 4.82e+04  0.6195   0.9660 339.4718
   4W     A164     S   81644.2400    5.9151 4.82e+04  0.4686   0.5260 339.4718
   4W     2D21     P   81640.9800    2.6551 1.00e+05  0.0579   0.9850 339.9604
   4W     2D21     S   81642.8900    4.5651 4.16e+04 -0.2869   0.8600 339.9604
   4W     2D21     P   81640.9800    2.6551 1.00e+05  0.0579   0.9850 339.9604
   4W     2D21     S   81642.8900    4.5651 4.16e+04 -0.2869   0.8600 339.9604
   4W     2D21     P   81640.9800    2.6551 1.00e+05  0.0579   0.9850 339.9604
   4W     2D21     S   81642.8900    4.5651 4.16e+04 -0.2869   0.8600 339.9604
   4W     A169     P   81641.9200    3.5951 3.60e+04  0.6862   0.9800 340.6107
   4W     A169     S   81644.3200    5.9951 3.60e+04  0.5422   0.8280 340.6107
   4W     A169     P   81641.9200    3.5951 3.60e+04  0.6862   0.9800 340.6107
   4W     A169     S   81644.3200    5.9951 3.60e+04  0.5422   0.8280 340.6107
   4W     A169     P   81641.9200    3.5951 3.60e+04  0.6862   0.9800 340.6107
   4W     A169     S   81644.3200    5.9951 3.60e+04  0.5422   0.8280 340.6107
   4W     2D17     P   81640.7300    2.4051 4.47e+04 -0.1880   0.9830 340.8339
   4W     2D17     P   81640.7300    2.4051 4.47e+04 -0.1880   0.9830 340.8339
   4W     2D17     P   81640.7300    2.4051 4.47e+04 -0.1880   0.9830 340.8339
   4W     A084     P   81641.0100    2.6851 4.09e+04 -0.0741   0.9780 340.8460
   4W     A084     P   81641.0100    2.6851 4.09e+04 -0.0741   0.9780 340.8460
   4W     A084     P   81641.0100    2.6851 4.09e+04 -0.0741   0.9780 340.8460
   4W     A084     S   81642.9400    4.6151 4.09e+04 -0.5492   0.9330 340.8460
   4W     A084     S   81642.9400    4.6151 4.09e+04 -0.5492   0.9330 340.8460
   4W     A084     S   81642.9400    4.6151 4.09e+04 -0.5492   0.9330 340.8460
   4W     A179     S   81644.6600    6.3351 7.22e+04  0.9030   0.8750 341.3144
   4W     A179     S   81644.6600    6.3351 7.22e+04  0.9030   0.8750 341.3144
   4W     A179     S   81644.6600    6.3351 7.22e+04  0.9030   0.8750 341.3144
   4W     A181     S   81644.6800    6.3551 7.60e+04  0.9080   0.8010 341.3235
   4W     A181     S   81644.6800    6.3551 7.60e+04  0.9080   0.8010 341.3235
   4W     A181     S   81644.6800    6.3551 7.60e+04  0.9080   0.8010 341.3235
   4W     A174     P   81641.9700    3.6451 5.98e+04  0.7403   0.9530 341.3741
   4W     A174     S   81644.4800    6.1551 5.98e+04  0.7101   0.6970 341.3741
   4W     A174     S   81644.4800    6.1551 5.98e+04  0.7101   0.6970 341.3741
   4W     A174     S   81644.4800    6.1551 5.98e+04  0.7101   0.6970 341.3741
   4W     A174     P   81641.9700    3.6451 5.98e+04  0.7403   0.9530 341.3741
   4W     A174     P   81641.9700    3.6451 5.98e+04  0.7403   0.9530 341.3741
   4W      AX4     S   81644.3600    6.0351 7.37e+04  0.6181   0.7250 341.5784
   4W      AX4     S   81644.3600    6.0351 7.37e+04  0.6181   0.7250 341.5784
   4W      AX4     P   81641.9500    3.6251 7.37e+04  0.7348   0.5790 341.5784
   4W      AX4     S   81644.3600    6.0351 7.37e+04  0.6181   0.7250 341.5784
   4W      AX4     P   81641.9500    3.6251 7.37e+04  0.7348   0.5790 341.5784
   4W      AX4     P   81641.9500    3.6251 7.37e+04  0.7348   0.5790 341.5784
   4W     A079     P   81641.0100    2.6851 6.86e+04 -0.0665   0.9790 341.9247
   4W     A079     S   81643.0200    4.6951 6.86e+04 -0.4545   0.9480 341.9247
   4W     A079     S   81643.0200    4.6951 6.86e+04 -0.4545   0.9480 341.9247
   4W     A079     S   81643.0200    4.6951 6.86e+04 -0.4545   0.9480 341.9247
   4W     A079     P   81641.0100    2.6851 6.86e+04 -0.0665   0.9790 341.9247
   4W     A079     P   81641.0100    2.6851 6.86e+04 -0.0665   0.9790 341.9247
   4W      C05     S   81644.5900    6.2651 1.66e+05  0.8717   0.7010 341.9469
   4W      C05     S   81644.5900    6.2651 1.66e+05  0.8717   0.7010 341.9469
   4W      C05     S   81644.5900    6.2651 1.66e+05  0.8717   0.7010 341.9469
   4W     A074     S   81643.0500    4.7251 1.66e+05 -0.3835   0.9220 342.3907
   4W     A074     P   81641.0100    2.6851 1.66e+05 -0.0452   0.9640 342.3907
   4W     A074     S   81643.0500    4.7251 1.66e+05 -0.3835   0.9220 342.3907
   4W     A074     P   81641.0100    2.6851 1.66e+05 -0.0452   0.9640 342.3907
   4W     A074     S   81643.0500    4.7251 1.66e+05 -0.3835   0.9220 342.3907
   4W     A074     P   81641.0100    2.6851 1.66e+05 -0.0452   0.9640 342.3907
   4W      C10     S   81644.4000    6.0751 8.16e+04  0.7436   0.6110 342.4349
   4W      C10     S   81644.4000    6.0751 8.16e+04  0.7436   0.6110 342.4349
   4W      C10     S   81644.4000    6.0751 8.16e+04  0.7436   0.6110 342.4349
   4W      C15     S   81644.3900    6.0651 3.76e+04  0.7773   0.9480 342.8619
   4W      C15     S   81644.3900    6.0651 3.76e+04  0.7773   0.9480 342.8619
   4W      C15     S   81644.3900    6.0651 3.76e+04  0.7773   0.9480 342.8619
   4W     A069     S   81642.9600    4.6351 5.33e+04 -0.4056   0.8970 343.3002
   4W     A069     P   81640.9600    2.6351 5.33e+04 -0.0600   0.9850 343.3002
   4W     A069     S   81642.9600    4.6351 5.33e+04 -0.4056   0.8970 343.3002
   4W     A069     P   81640.9600    2.6351 5.33e+04 -0.0600   0.9850 343.3002
   4W     A069     S   81642.9600    4.6351 5.33e+04 -0.4056   0.8970 343.3002
   4W     A069     P   81640.9600    2.6351 5.33e+04 -0.0600   0.9850 343.3002
   4W      C21     S   81644.5100    6.1851 5.80e+04  0.9317   0.7630 343.3188
   4W      C21     S   81644.5100    6.1851 5.80e+04  0.9317   0.7630 343.3188
   4W      C21     S   81644.5100    6.1851 5.80e+04  0.9317   0.7630 343.3188
   4W     2D16     P   81640.5700    2.2451 3.38e+05 -0.2319   0.9820 343.3571
   4W     2D16     S   81642.1000    3.7751 2.65e+05 -0.8454   0.9510 343.3571
   4W     2D16     S   81642.1000    3.7751 2.65e+05 -0.8454   0.9510 343.3571
   4W     2D16     P   81640.5700    2.2451 3.38e+05 -0.2319   0.9820 343.3571
   4W     2D16     S   81642.1000    3.7751 2.65e+05 -0.8454   0.9510 343.3571
   4W     2D16     P   81640.5700    2.2451 3.38e+05 -0.2319   0.9820 343.3571
   4W     A064     P   81640.9800    2.6551 4.32e+04 -0.0249   0.9860 343.9642
   4W     A064     P   81640.9800    2.6551 4.32e+04 -0.0249   0.9860 343.9642
   4W     A064     P   81640.9800    2.6551 4.32e+04 -0.0249   0.9860 343.9642
   4W     A064     S   81643.0000    4.6751 4.32e+04 -0.3365   0.8610 343.9642
   4W     A064     S   81643.0000    4.6751 4.32e+04 -0.3365   0.8610 343.9642
   4W     A064     S   81643.0000    4.6751 4.32e+04 -0.3365   0.8610 343.9642
   4W      C56     S   81644.4500    6.1251 6.14e+04  1.0176   0.9140 344.5127
   4W      C56     S   81644.4500    6.1251 6.14e+04  1.0176   0.9140 344.5127
   4W      C56     S   81644.4500    6.1251 6.14e+04  1.0176   0.9140 344.5127
   4W     A059     S   81642.8300    4.5051 6.78e+04 -0.4771   0.8930 344.7681
   4W     A059     P   81640.9400    2.6151 8.31e+04 -0.0496   0.9770 344.7681
   4W     A059     S   81642.8300    4.5051 6.78e+04 -0.4771   0.8930 344.7681
   4W     A059     P   81640.9400    2.6151 8.31e+04 -0.0496   0.9770 344.7681
   4W     A059     S   81642.8300    4.5051 6.78e+04 -0.4771   0.8930 344.7681
   4W     A059     P   81640.9400    2.6151 8.31e+04 -0.0496   0.9770 344.7681
   4W     2D09     P   81641.6700    3.3451 3.17e+04  0.6058   0.8250 344.7754
   4W     2D09     S   81643.8000    5.4751 3.17e+04  0.3492   0.8590 344.7754
   4W     2D09     P   81641.6700    3.3451 3.17e+04  0.6058   0.8250 344.7754
   4W     2D09     S   81643.8000    5.4751 3.17e+04  0.3492   0.8590 344.7754
   4W     2D09     P   81641.6700    3.3451 3.17e+04  0.6058   0.8250 344.7754
   4W     2D09     S   81643.8000    5.4751 3.17e+04  0.3492   0.8590 344.7754
   4W      C62     S   81644.5100    6.1851 1.71e+05  1.1129   0.7440 344.9212
   4W      C62     S   81644.5100    6.1851 1.71e+05  1.1129   0.7440 344.9212
   4W      C62     S   81644.5100    6.1851 1.71e+05  1.1129   0.7440 344.9212
   4W      C69     S   81644.3900    6.0651 6.30e+04  1.0253   0.9020 345.2218
   4W      C69     S   81644.3900    6.0651 6.30e+04  1.0253   0.9020 345.2218
   4W      C69     S   81644.3900    6.0651 6.30e+04  1.0253   0.9020 345.2218
   4W      C72     S   81644.3800    6.0551 6.77e+04  1.0576   0.6210 345.4485
   4W      C72     S   81644.3800    6.0551 6.77e+04  1.0576   0.6210 345.4485
   4W      C72     S   81644.3800    6.0551 6.77e+04  1.0576   0.6210 345.4485
   4W     A054     P   81640.9800    2.6551 8.37e+04 -0.0127   0.9570 345.6770
   4W     A054     S   81642.8900    4.5651 8.27e+04 -0.4231   0.8330 345.6770
   4W     A054     P   81640.9800    2.6551 8.37e+04 -0.0127   0.9570 345.6770
   4W     A054     P   81640.9800    2.6551 8.37e+04 -0.0127   0.9570 345.6770
   4W     A054     S   81642.8900    4.5651 8.27e+04 -0.4231   0.8330 345.6770
   4W     A054     S   81642.8900    4.5651 8.27e+04 -0.4231   0.8330 345.6770
   4W     2D06     P   81641.5100    3.1851 1.27e+05  0.6263   0.9350 346.3619
   4W     2D06     P   81641.5100    3.1851 1.27e+05  0.6263   0.9350 346.3619
   4W     2D06     S   81643.3700    5.0451 1.27e+05  0.2671   0.9380 346.3619
   4W     2D06     S   81643.3700    5.0451 1.27e+05  0.2671   0.9380 346.3619
   4W     2D06     S   81643.3700    5.0451 1.27e+05  0.2671   0.9380 346.3619
   4W     2D06     P   81641.5100    3.1851 1.27e+05  0.6263   0.9350 346.3619
   4W     A044     P   81640.9100    2.5851 3.04e+04 -0.0412   0.9810 346.4612
   4W     A044     P   81640.9100    2.5851 3.04e+04 -0.0412   0.9810 346.4612
   4W     A044     S   81642.8500    4.5251 3.04e+04 -0.3830   0.8470 346.4612
   4W     A044     S   81642.8500    4.5251 3.04e+04 -0.3830   0.8470 346.4612
   4W     A044     P   81640.9100    2.5851 3.04e+04 -0.0412   0.9810 346.4612
   4W     A044     S   81642.8500    4.5251 3.04e+04 -0.3830   0.8470 346.4612
   4W     A049     S   81642.8900    4.5651 7.10e+04 -0.3932   0.9380 346.4999
   4W     A049     S   81642.8900    4.5651 7.10e+04 -0.3932   0.9380 346.4999
   4W     A049     P   81640.9900    2.6651 7.10e+04  0.0128   0.9860 346.4999
   4W     A049     P   81640.9900    2.6651 7.10e+04  0.0128   0.9860 346.4999
   4W     A049     P   81640.9900    2.6651 7.10e+04  0.0128   0.9860 346.4999
   4W     A049     S   81642.8900    4.5651 7.10e+04 -0.3932   0.9380 346.4999
   4W     A039     P   81640.8700    2.5451 9.02e+04 -0.0589   0.9840 346.5487
   4W     A039     S   81642.6900    4.3651 3.74e+04 -0.5002   0.8270 346.5487
   4W     A039     P   81640.8700    2.5451 9.02e+04 -0.0589   0.9840 346.5487
   4W     A039     P   81640.8700    2.5451 9.02e+04 -0.0589   0.9840 346.5487
   4W     A039     S   81642.6900    4.3651 3.74e+04 -0.5002   0.8270 346.5487
   4W     A039     S   81642.6900    4.3651 3.74e+04 -0.5002   0.8270 346.5487
   4W     A034     S   81642.6300    4.3051 9.68e+04 -0.5361   0.9220 346.8344
   4W     A034     S   81642.6300    4.3051 9.68e+04 -0.5361   0.9220 346.8344
   4W     A034     P   81640.8600    2.5351 1.01e+05 -0.0564   0.9580 346.8344
   4W     A034     P   81640.8600    2.5351 1.01e+05 -0.0564   0.9580 346.8344
   4W     A034     P   81640.8600    2.5351 1.01e+05 -0.0564   0.9580 346.8344
   4W     A034     S   81642.6300    4.3051 9.68e+04 -0.5361   0.9220 346.8344
   4W     A029     S   81642.7600    4.4351 5.38e+04 -0.4021   0.5850 347.2749
   4W     A029     S   81642.7600    4.4351 5.38e+04 -0.4021   0.5850 347.2749
   4W     A029     P   81640.8600    2.5351 5.38e+04 -0.0544   0.7750 347.2749
   4W     A029     S   81642.7600    4.4351 5.38e+04 -0.4021   0.5850 347.2749
   4W     A029     P   81640.8600    2.5351 5.38e+04 -0.0544   0.7750 347.2749
   4W     A029     P   81640.8600    2.5351 5.38e+04 -0.0544   0.7750 347.2749
   4W     2D07     S   81643.3100    4.9851 1.31e+05  0.0600   0.9500 347.5773
   4W     2D07     P   81641.3400    3.0151 1.31e+05  0.3800   0.9720 347.5773
   4W     2D07     P   81641.3400    3.0151 1.31e+05  0.3800   0.9720 347.5773
   4W     2D07     P   81641.3400    3.0151 1.31e+05  0.3800   0.9720 347.5773
   4W     2D07     S   81643.3100    4.9851 1.31e+05  0.0600   0.9500 347.5773
   4W     2D07     S   81643.3100    4.9851 1.31e+05  0.0600   0.9500 347.5773
   4W      B03     P   81640.8300    2.5051 1.30e+05 -0.0788   0.5510 347.6076
   4W      B03     P   81640.8300    2.5051 1.30e+05 -0.0788   0.5510 347.6076
   4W      B03     P   81640.8300    2.5051 1.30e+05 -0.0788   0.5510 347.6076
   4W     A024     S   81642.6300    4.3051 5.04e+04 -0.5245   0.8910 347.6192
   4W     A024     P   81640.8700    2.5451 5.04e+04 -0.0404   0.9640 347.6192
   4W     A024     S   81642.6300    4.3051 5.04e+04 -0.5245   0.8910 347.6192
   4W     A024     P   81640.8700    2.5451 5.04e+04 -0.0404   0.9640 347.6192
   4W     A024     S   81642.6300    4.3051 5.04e+04 -0.5245   0.8910 347.6192
   4W     A024     P   81640.8700    2.5451 5.04e+04 -0.0404   0.9640 347.6192
   4W     A004     S   81642.5300    4.2051 3.74e+04 -0.5169   0.8780 347.7075
   4W     A004     P   81640.8100    2.4851 7.04e+04 -0.0446   0.9850 347.7075
   4W     A004     S   81642.5300    4.2051 3.74e+04 -0.5169   0.8780 347.7075
   4W     A004     P   81640.8100    2.4851 7.04e+04 -0.0446   0.9850 347.7075
   4W     A004     S   81642.5300    4.2051 3.74e+04 -0.5169   0.8780 347.7075
   4W     A004     P   81640.8100    2.4851 7.04e+04 -0.0446   0.9850 347.7075
   4W     A009     S   81642.6400    4.3151 5.70e+04 -0.4507   0.8750 347.8183
   4W     A009     P   81640.8500    2.5251 7.61e+04 -0.0273   0.9760 347.8183
   4W     A009     S   81642.6400    4.3151 5.70e+04 -0.4507   0.8750 347.8183
   4W     A009     P   81640.8500    2.5251 7.61e+04 -0.0273   0.9760 347.8183
   4W     A009     S   81642.6400    4.3151 5.70e+04 -0.4507   0.8750 347.8183
   4W     A009     P   81640.8500    2.5251 7.61e+04 -0.0273   0.9760 347.8183
   4W     A019     S   81642.6700    4.3451 1.07e+05 -0.4649   0.7570 347.9164
   4W     A019     P   81640.8600    2.5351 1.07e+05 -0.0403   0.8660 347.9164
   4W     A019     S   81642.6700    4.3451 1.07e+05 -0.4649   0.7570 347.9164
   4W     A019     P   81640.8600    2.5351 1.07e+05 -0.0403   0.8660 347.9164
   4W     A019     S   81642.6700    4.3451 1.07e+05 -0.4649   0.7570 347.9164
   4W     A019     P   81640.8600    2.5351 1.07e+05 -0.0403   0.8660 347.9164
   4W      B09     P   81640.9000    2.5751 5.41e+04  0.0049   0.9830 347.9369
   4W      B09     S   81642.9400    4.6151 4.93e+04 -0.1849   0.6380 347.9369
   4W      B09     P   81640.9000    2.5751 5.41e+04  0.0049   0.9830 347.9369
   4W      B09     S   81642.9400    4.6151 4.93e+04 -0.1849   0.6380 347.9369
   4W      B09     P   81640.9000    2.5751 5.41e+04  0.0049   0.9830 347.9369
   4W      B09     S   81642.9400    4.6151 4.93e+04 -0.1849   0.6380 347.9369
   4W     A000     S   81642.5600    4.2351 4.65e+04 -0.4490   0.7050 347.9533
   4W     A000     P   81640.8300    2.5051 6.12e+04 -0.0049   0.9860 347.9533
   4W     A000     S   81642.5600    4.2351 4.65e+04 -0.4490   0.7050 347.9533
   4W     A000     P   81640.8300    2.5051 6.12e+04 -0.0049   0.9860 347.9533
   4W     A000     S   81642.5600    4.2351 4.65e+04 -0.4490   0.7050 347.9533
   4W     A000     P   81640.8300    2.5051 6.12e+04 -0.0049   0.9860 347.9533
   4W     A014     S   81642.5600    4.2351 1.01e+05 -0.5595   0.6800 348.0152
   4W     A014     P   81640.8700    2.5451 2.69e+05 -0.0223   0.9780 348.0152
   4W     A014     S   81642.5600    4.2351 1.01e+05 -0.5595   0.6800 348.0152
   4W     A014     P   81640.8700    2.5451 2.69e+05 -0.0223   0.9780 348.0152
   4W     A014     S   81642.5600    4.2351 1.01e+05 -0.5595   0.6800 348.0152
   4W     A014     P   81640.8700    2.5451 2.69e+05 -0.0223   0.9780 348.0152
   4W      B13     P   81640.8900    2.5651 5.77e+04  0.0122   0.9840 348.1267
   4W      B13     S   81642.6400    4.3151 5.77e+04 -0.4515   0.9400 348.1267
   4W      B13     P   81640.8900    2.5651 5.77e+04  0.0122   0.9840 348.1267
   4W      B13     S   81642.6400    4.3151 5.77e+04 -0.4515   0.9400 348.1267
   4W      B13     P   81640.8900    2.5651 5.77e+04  0.0122   0.9840 348.1267
   4W      B13     S   81642.6400    4.3151 5.77e+04 -0.4515   0.9400 348.1267
   4W      B19     P   81640.8900    2.5651 2.05e+05  0.0296   0.9750 348.5929
   4W      B19     S   81642.6900    4.3651 2.05e+05 -0.3681   0.9340 348.5929
   4W      B19     P   81640.8900    2.5651 2.05e+05  0.0296   0.9750 348.5929
   4W      B19     S   81642.6900    4.3651 2.05e+05 -0.3681   0.9340 348.5929
   4W      B19     P   81640.8900    2.5651 2.05e+05  0.0296   0.9750 348.5929
   4W      B19     S   81642.6900    4.3651 2.05e+05 -0.3681   0.9340 348.5929
   4W      B23     P   81640.8700    2.5451 1.64e+05  0.0200   0.9790 348.7972
   4W      B23     S   81642.6500    4.3251 1.11e+05 -0.3881   0.9610 348.7972
   4W      B23     P   81640.8700    2.5451 1.64e+05  0.0200   0.9790 348.7972
   4W      B23     S   81642.6500    4.3251 1.11e+05 -0.3881   0.9610 348.7972
   4W      B23     P   81640.8700    2.5451 1.64e+05  0.0200   0.9790 348.7972
   4W      B23     S   81642.6500    4.3251 1.11e+05 -0.3881   0.9610 348.7972
   4W     2D05     P   81641.1300    2.8051 4.73e+04  0.3004   0.9820 349.0073
   4W     2D05     S   81643.0800    4.7551 4.73e+04  0.0814   0.9320 349.0073
   4W     2D05     P   81641.1300    2.8051 4.73e+04  0.3004   0.9820 349.0073
   4W     2D05     S   81643.0800    4.7551 4.73e+04  0.0814   0.9320 349.0073
   4W     2D05     P   81641.1300    2.8051 4.73e+04  0.3004   0.9820 349.0073
   4W     2D05     S   81643.0800    4.7551 4.73e+04  0.0814   0.9320 349.0073
   4W      B28     P   81640.9300    2.6051 1.17e+05  0.0898   0.9740 349.0474
   4W      B28     S   81642.7300    4.4051 1.17e+05 -0.2891   0.7740 349.0474
   4W      B28     P   81640.9300    2.6051 1.17e+05  0.0898   0.9740 349.0474
   4W      B28     S   81642.7300    4.4051 1.17e+05 -0.2891   0.7740 349.0474
   4W      B28     P   81640.9300    2.6051 1.17e+05  0.0898   0.9740 349.0474
   4W      B28     S   81642.7300    4.4051 1.17e+05 -0.2891   0.7740 349.0474
   4W      B35     P   81640.9300    2.6051 3.23e+05  0.1070   0.9840 349.2679
   4W      B35     S   81642.7200    4.3951 3.23e+05 -0.2659   0.9510 349.2679
   4W      B35     P   81640.9300    2.6051 3.23e+05  0.1070   0.9840 349.2679
   4W      B35     S   81642.7200    4.3951 3.23e+05 -0.2659   0.9510 349.2679
   4W      B35     P   81640.9300    2.6051 3.23e+05  0.1070   0.9840 349.2679
   4W      B35     S   81642.7200    4.3951 3.23e+05 -0.2659   0.9510 349.2679
   4W      B39     P   81640.9800    2.6551 1.93e+05  0.1576   0.9730 349.5873
   4W      B39     S   81642.8000    4.4751 1.93e+05 -0.1849   0.8960 349.5873
   4W      B39     P   81640.9800    2.6551 1.93e+05  0.1576   0.9730 349.5873
   4W      B39     S   81642.8000    4.4751 1.93e+05 -0.1849   0.8960 349.5873
   4W      B39     P   81640.9800    2.6551 1.93e+05  0.1576   0.9730 349.5873
   4W      B39     S   81642.8000    4.4751 1.93e+05 -0.1849   0.8960 349.5873
   4W     2D08     S   81644.3500    6.0251 2.75e+04  0.8424   0.8920 349.9269
   4W     2D08     S   81644.3500    6.0251 2.75e+04  0.8424   0.8920 349.9269
   4W     2D08     S   81644.3500    6.0251 2.75e+04  0.8424   0.8920 349.9269
   4W      B48     P   81640.9900    2.6651 8.88e+04  0.1849   0.9750 349.9859
   4W      B48     P   81640.9900    2.6651 8.88e+04  0.1849   0.9750 349.9859
   4W      B48     P   81640.9900    2.6651 8.88e+04  0.1849   0.9750 349.9859
   4W      B48     S   81642.8300    4.5051 6.42e+04 -0.1214   0.7260 349.9859
   4W      B48     S   81642.8300    4.5051 6.42e+04 -0.1214   0.7260 349.9859
   4W      B48     S   81642.8300    4.5051 6.42e+04 -0.1214   0.7260 349.9859
   4W      B50     S   81642.8400    4.5151 7.78e+04 -0.1102   0.8660 350.0535
   4W      B50     S   81642.8400    4.5151 7.78e+04 -0.1102   0.8660 350.0535
   4W      B50     P   81640.9900    2.6651 7.78e+04  0.1856   0.9460 350.0535
   4W      B50     S   81642.8400    4.5151 7.78e+04 -0.1102   0.8660 350.0535
   4W      B50     P   81640.9900    2.6651 7.78e+04  0.1856   0.9460 350.0535
   4W      B50     P   81640.9900    2.6651 7.78e+04  0.1856   0.9460 350.0535
   4W     2D04     P   81641.5000    3.1751 2.82e+04  0.5391   0.9570 351.6663
   4W     2D04     P   81641.5000    3.1751 2.82e+04  0.5391   0.9570 351.6663
   4W     2D04     S   81643.7200    5.3951 2.82e+04  0.4683   0.6930 351.6663
   4W     2D04     S   81643.7200    5.3951 2.82e+04  0.4683   0.6930 351.6663
   4W     2D04     S   81643.7200    5.3951 2.82e+04  0.4683   0.6930 351.6663
   4W     2D04     P   81641.5000    3.1751 2.82e+04  0.5391   0.9570 351.6663
   4W     2D03     S   81643.4400    5.1151 9.01e+04  0.2277   0.7950 352.0911
   4W     2D03     P   81641.3500    3.0251 9.06e+04  0.4096   0.9810 352.0911
   4W     2D03     P   81641.3500    3.0251 9.06e+04  0.4096   0.9810 352.0911
   4W     2D03     S   81643.4400    5.1151 9.01e+04  0.2277   0.7950 352.0911
   4W     2D03     S   81643.4400    5.1151 9.01e+04  0.2277   0.7950 352.0911
   4W     2D03     P   81641.3500    3.0251 9.06e+04  0.4096   0.9810 352.0911
   4W     2D11     S   81643.8000    5.4751 4.60e+04  0.8684   0.5800 352.1736
   4W     2D11     S   81643.8000    5.4751 4.60e+04  0.8684   0.5800 352.1736
   4W     2D11     P   81641.3600    3.0351 5.96e+04  0.5652   0.5670 352.1736
   4W     2D11     P   81641.3600    3.0351 5.96e+04  0.5652   0.5670 352.1736
   4W     2D11     P   81641.3600    3.0351 5.96e+04  0.5652   0.5670 352.1736
   4W     2D11     S   81643.8000    5.4751 4.60e+04  0.8684   0.5800 352.1736
   4W     2D10     S   81643.6000    5.2751 4.28e+04  0.6603   0.8400 352.3128
   4W     2D10     S   81643.6000    5.2751 4.28e+04  0.6603   0.8400 352.3128
   4W     2D10     P   81641.2100    2.8851 4.28e+04  0.4110   0.9500 352.3128
   4W     2D10     S   81643.6000    5.2751 4.28e+04  0.6603   0.8400 352.3128
   4W     2D10     P   81641.2100    2.8851 4.28e+04  0.4110   0.9500 352.3128
   4W     2D10     P   81641.2100    2.8851 4.28e+04  0.4110   0.9500 352.3128
   4W     2D14     S   81644.6200    6.2951 2.25e+04  1.2354   0.9060 352.6502
   4W     2D14     S   81644.6200    6.2951 2.25e+04  1.2354   0.9060 352.6502
   4W     2D14     S   81644.6200    6.2951 2.25e+04  1.2354   0.9060 352.6502
   4W     2D12     S   81643.8900    5.5651 2.84e+04  0.9011   0.7860 353.7997
   4W     2D12     P   81641.5400    3.2151 3.31e+04  0.7155   0.9790 353.7997
   4W     2D12     S   81643.8900    5.5651 2.84e+04  0.9011   0.7860 353.7997
   4W     2D12     P   81641.5400    3.2151 3.31e+04  0.7155   0.9790 353.7997
   4W     2D12     S   81643.8900    5.5651 2.84e+04  0.9011   0.7860 353.7997
   4W     2D12     P   81641.5400    3.2151 3.31e+04  0.7155   0.9790 353.7997
   4W     2D15     S   81644.3300    6.0051 3.08e+04  1.2645   0.9310 354.3209
   4W     2D15     S   81644.3300    6.0051 3.08e+04  1.2645   0.9310 354.3209
   4W     2D15     S   81644.3300    6.0051 3.08e+04  1.2645   0.9310 354.3209
