34.3100 11.6658 3.9628e+04
61.2900 12.7895 4.6268e+04
145.8400 15.4233 3.8140e+04
176.2600 15.1437 6.3021e+04
385.4300 11.6499 2.2364e+05
387.1800 10.4684 4.3823e+05
389.4000 11.4569 4.3823e+05
398.7900 15.8591 2.7342e+05
480.0600 16.9881 6.9359e+04
490.4300 21.3731 1.5358e+05
511.1600 10.6281 5.2027e+04
528.7000 19.5732 1.0528e+05
533.7100 10.3083 7.7494e+04
604.2000 10.2857 3.5814e+04
622.6900 14.5640 9.4131e+04
628.3500 10.1338 5.0986e+04
748.9400 12.5729 9.2078e+04
846.8201 17.4959 7.4880e+04
849.0701 10.7931 7.9171e+04
875.7001 10.6649 1.3702e+05
878.1301 11.5440 6.3190e+04
900.9401 10.7035 1.0707e+05
985.9401 17.8033 1.1495e+05
989.3701 11.5957 1.1495e+05
1100.1701 11.3711 3.2792e+04
1135.5401 17.9580 1.7669e+05
1136.4701 14.9619 1.2056e+05
1180.8101 10.6063 2.8096e+05
1181.7101 10.4972 2.8096e+05
1211.0301 14.1036 5.7084e+04
1215.2401 13.6411 7.5748e+04
1216.5401 10.0454 4.6794e+04
1224.9401 23.0113 1.9465e+05
1237.2901 11.9252 1.0395e+05
1253.0801 16.7448 4.5891e+04
1285.8301 14.4508 4.8758e+04
1292.7101 11.5625 4.5616e+04
1318.4201 21.1898 4.5324e+04
1320.6601 13.9643 3.5010e+04
1329.9901 11.2236 4.1088e+04
1361.6501 14.4096 1.2315e+05
1413.8401 11.8032 5.2325e+04
1451.8101 11.7876 2.5646e+04
1482.1001 11.7980 3.2303e+04
1504.6501 12.7117 6.3692e+04
1509.0101 11.7966 4.5504e+04
1539.8801 15.0951 5.6010e+04
1547.2901 17.0975 5.4417e+04
1552.0201 11.6901 5.1317e+04
1608.1301 12.2858 3.5498e+04
1626.6601 10.1860 8.9715e+04
1635.4101 10.6164 7.8441e+04
1752.7201 20.3085 9.3356e+04
2034.6901 12.6343 9.9678e+04
2051.6701 10.2117 4.0924e+04
2126.9201 15.7608 1.9965e+05
2127.4701 11.4439 1.2887e+05
2207.4501 10.4994 9.9433e+04
2253.5701 10.9406 1.7527e+04
2261.6501 10.0617 3.2861e+04
2285.2801 11.3945 3.7904e+04
2318.2301 10.4195 4.1071e+04
2371.5701 11.5229 4.1016e+04
2379.1101 13.0868 7.9155e+04
2388.4501 10.6455 9.2559e+04
2391.1701 13.5191 7.6194e+04
2551.0502 15.0524 6.5584e+04
2632.4202 10.3159 1.7114e+04
2641.6502 10.8733 2.7973e+04
2645.5002 15.3083 2.2883e+04
2652.4002 12.0413 4.1307e+04
2679.5002 12.2943 3.2647e+04
2694.1802 10.1395 2.9646e+04
2709.4202 15.7170 3.0842e+04
2742.7502 16.6756 4.8940e+04
2893.6302 10.5936 1.2310e+05
2928.5402 12.2215 1.5649e+05
2928.8602 10.1448 1.1011e+05
2976.7302 11.5547 3.2119e+04
2992.2902 12.7267 3.5916e+04
3023.1002 11.8879 4.9852e+04
3049.8202 10.6477 4.2805e+04
3050.6902 14.4182 4.2805e+04
3051.5702 13.4783 3.3861e+04
3057.4002 13.5146 3.6067e+04
3068.7002 20.3141 6.3173e+04
3071.3502 18.8305 7.9943e+04
3075.4202 12.8580 3.4392e+04
3091.1402 13.5604 6.8180e+04
3093.9202 12.7515 4.2556e+04
3109.2502 10.0876 4.8821e+04
3135.4902 10.4999 2.1231e+04
3147.3102 13.5468 3.7596e+04
3163.6202 12.7843 5.0426e+04
3164.2702 13.3211 4.5533e+04
3220.8602 11.8145 4.7341e+04
3228.4702 11.4306 9.0385e+04
3454.2102 12.2603 3.3945e+04
3474.4702 10.8968 4.3761e+04
3585.0902 10.9511 3.8517e+04
3621.9702 19.5613 3.2994e+05
3623.0302 10.3018 3.9926e+05
3626.5002 16.9401 3.9926e+05
3643.4002 14.3015 1.1972e+05
3656.5802 11.3092 2.2052e+05
3661.1802 13.2975 2.1943e+05
3681.0302 10.2445 5.6519e+04
3739.9902 18.2527 2.3207e+05
3740.3902 17.6515 2.3207e+05
3765.5602 10.3102 3.4345e+05
3768.2602 13.8162 2.8759e+05
3780.9602 11.1048 1.8054e+05
3823.8302 14.9736 6.1299e+04
3839.9802 11.0804 1.1092e+05
3865.4902 14.4287 3.4728e+05
3866.3402 10.8305 3.2070e+05
3877.8402 12.1610 4.8123e+05
3887.2602 12.0885 6.0325e+05
3899.2702 11.5946 4.6530e+05
3943.2302 12.3130 6.0688e+05
3987.1502 11.8323 2.7627e+05
3988.5102 14.4437 2.2688e+05
3997.9502 15.4063 1.2901e+05
4039.4502 14.0265 3.6507e+04
4055.1802 16.2661 2.7070e+05
4058.5102 11.4586 2.7779e+05
4098.3103 15.2263 9.5347e+04
4310.4503 10.5291 1.5255e+05
4311.4103 10.1611 1.3625e+05
4322.8103 19.5229 1.0058e+05
4328.7503 11.4276 4.2869e+04
4343.0303 12.8188 1.0781e+05
4345.4103 11.1051 6.6013e+04
4393.5703 10.1267 5.5866e+04
4416.3103 12.6037 5.8332e+04
4456.5603 11.7508 2.6621e+05
4459.7203 10.4352 1.9080e+05
4487.8403 14.6808 2.8875e+04
4521.0103 10.7003 7.4599e+04
4542.5103 12.6774 6.2034e+04
4568.2003 11.5060 5.1218e+04
4613.8003 11.6428 1.4968e+05
4615.5903 13.8270 1.1184e+05
4622.5303 12.1914 1.0967e+05
4629.2603 10.2727 1.1914e+05
4669.3303 10.1615 1.5571e+05
4677.1403 14.1642 1.2189e+05
4686.9103 14.4876 1.3408e+05
4703.1303 13.1819 1.5562e+05
4704.4003 11.5658 1.5562e+05
4705.3003 13.3735 1.0844e+05
4715.0203 21.3561 2.0691e+05
4722.3203 18.3482 1.2940e+05
4746.8903 15.1255 2.3845e+05
4763.3903 14.2116 2.4780e+05
4764.2203 10.7053 2.4446e+05
4834.3603 10.4908 2.9682e+04
4841.9003 14.4606 5.5241e+04
4856.9003 10.6870 5.9592e+04
4869.4603 10.5349 2.8080e+04
4875.4703 14.1997 2.7826e+04
4882.6703 13.6115 6.0342e+04
4890.9203 14.4793 8.5052e+04
4913.7203 14.7943 3.2555e+04
4936.1103 13.5394 5.5101e+04
4943.7603 11.0005 5.1807e+04
4969.6103 15.9843 4.6121e+04
4980.3503 12.2200 7.5114e+04
4999.5503 12.2982 3.8773e+04
5035.4103 15.5812 9.7679e+04
5037.8703 11.4392 9.7679e+04
5038.8503 16.2582 6.3288e+04
5081.6103 10.9553 1.0217e+05
5109.6603 10.5974 3.9773e+04
5120.4303 11.4877 4.2119e+04
5142.1003 12.5839 5.5100e+04
5163.2903 13.1944 7.4717e+04
5169.5603 11.5999 1.8809e+05
5211.2703 13.7065 7.2197e+04
5249.7603 11.2219 4.6550e+04
5260.6303 14.1875 2.1785e+05
5288.4403 11.4526 5.5637e+04
5294.8303 12.9918 5.3108e+04
5307.0403 10.1494 4.3939e+04
5320.4803 10.8141 7.8428e+04
5321.3703 10.3183 7.8428e+04
5331.0403 12.1760 4.8744e+04
5341.3203 13.0093 8.2284e+04
5389.7503 12.8907 6.4391e+04
5404.8103 21.2101 2.7363e+05
5418.2203 14.0357 1.3449e+05
5474.9103 11.3609 1.2571e+05
5523.2203 19.8558 1.7856e+05
5527.6003 11.0815 2.2187e+05
5529.5403 10.5808 1.5910e+05
5559.0803 16.5587 9.6314e+04
5594.5403 12.2104 8.6611e+04
5598.2103 11.0422 7.5439e+04
5620.7903 12.1123 5.8942e+04
5675.9703 11.7030 5.4532e+04
5692.7903 11.1721 2.8990e+04
5699.5103 15.2745 6.0038e+04
5727.3603 12.1217 5.6560e+04
5759.1804 10.3511 6.5058e+04
5777.1404 17.1966 7.5280e+04
5803.4804 12.8532 4.8103e+04
5809.9904 16.3602 6.2178e+04
5882.1004 11.0667 2.9918e+04
5902.4304 11.0881 3.3914e+04
5909.3604 13.1041 2.9784e+04
5918.5104 10.2109 5.1685e+04
5932.3204 14.3639 6.1538e+04
5948.1404 10.3438 7.6255e+04
5980.2404 13.4880 5.2981e+04
5999.6204 10.7550 5.2055e+04
6020.2404 11.7878 8.7754e+04
6021.9604 17.3635 7.7783e+04
6087.2104 12.3542 3.5133e+04
6091.2704 10.2065 4.4845e+04
6099.4104 16.9922 7.9948e+04
6115.7104 18.5466 7.0301e+04
6127.3304 16.0424 4.2646e+04
6137.5004 19.6591 6.5914e+04
6143.2804 12.4872 8.9314e+04
6217.7404 13.5791 6.5331e+04
6225.5004 12.1732 6.9640e+04
6234.9104 12.6407 6.8233e+04
6244.7704 12.5615 8.7674e+04
6258.9704 12.9486 7.5193e+04
6262.9704 10.8612 5.3270e+04
6293.9604 16.2069 1.5724e+05
6326.2104 12.6580 5.0869e+04
6329.8304 11.2797 3.3467e+04
6361.2204 14.8667 6.1985e+04
6362.1204 10.2026 5.4111e+04
6440.3404 11.6567 3.7178e+04
6543.6904 10.9772 5.7785e+04
6563.6504 16.1678 8.7247e+04
6647.6904 11.1400 5.1665e+04
6736.6004 11.2149 1.0441e+05
6776.6104 13.1031 4.6063e+04
6825.1004 16.4415 8.6290e+04
6850.7604 10.0072 6.3130e+04
6872.2504 22.5978 9.4615e+05
6970.3304 13.4649 5.0976e+04
6978.6804 13.0706 3.9769e+04
7010.2504 10.8314 3.6924e+04
7018.4204 21.3611 7.7407e+04
7050.6904 12.9829 1.4814e+05
7076.0604 18.9109 6.2680e+04
7081.3004 13.9568 1.1053e+05
7083.1304 11.1884 1.7624e+05
7084.9904 10.1526 1.7661e+05
7085.8604 17.6630 1.9991e+05
7101.4604 11.2531 8.2675e+04
7132.0904 10.4684 6.4905e+04
7160.6904 14.5153 2.0571e+05
7162.8004 13.7464 2.6433e+05
7168.6204 12.6877 2.6142e+05
7193.4104 10.8719 1.8120e+05
7220.9704 16.3403 2.7975e+05
7249.8304 16.9888 3.4401e+05
7255.6104 11.1991 3.1174e+05
7299.4804 11.8438 2.0145e+05
7305.1404 10.1645 3.5930e+05
7306.4204 15.8872 3.1057e+05
7329.7904 10.4531 7.3428e+04
7339.7504 15.8858 3.9612e+05
7340.9904 10.8153 3.9123e+05
7342.2304 10.1944 3.3676e+05
7351.0504 17.6732 3.7594e+05
7353.1904 12.6109 3.6141e+05
7360.1004 19.3845 3.9908e+05
7361.6404 13.6062 3.9908e+05
7370.7804 13.3310 9.1608e+04
7379.4305 12.5884 2.6406e+05
7379.8005 10.1520 2.6406e+05
7411.6305 17.4790 1.2575e+05
7415.9405 15.9696 5.1251e+05
7417.0005 12.0556 5.1251e+05
7419.1005 10.0749 5.1251e+05
7420.0705 15.1598 3.9084e+05
7429.1505 11.7237 3.0535e+05
7430.2605 11.4567 3.4368e+05
7433.7705 15.2663 3.7573e+05
7442.8405 10.0349 4.0187e+05
7445.3205 11.3993 4.0782e+05
7449.2605 15.1073 2.6901e+05
7463.9905 20.4302 3.0168e+05
7469.5705 19.8012 2.4975e+05
7487.3305 11.9436 8.1483e+04
7491.0405 11.6279 6.9342e+04
7503.3605 10.5312 1.5337e+05
7519.3305 14.7890 8.2940e+05
7573.1705 15.6655 7.8102e+04
7588.8305 17.3345 4.3096e+05
7589.7105 13.9380 4.3096e+05
7590.6205 10.5583 4.3225e+05
7600.2305 14.4794 4.2154e+05
7618.1005 12.0765 1.7742e+05
7618.7805 14.3893 1.0337e+05
7628.8805 12.7301 6.9434e+04
7635.1505 25.1212 1.1559e+06
7636.6305 13.7422 1.1559e+06
7644.0305 13.6602 7.8990e+05
7645.1105 14.4443 7.8787e+05
7646.1505 10.0477 5.0587e+05
7686.0405 12.7877 5.2318e+04
7696.7905 10.5866 5.6673e+04
7700.7805 17.3969 6.8058e+04
7702.8605 10.4163 4.9684e+04
7718.3405 15.1493 2.0351e+05
7720.0505 22.6322 2.7139e+05
7721.1205 15.2094 2.9590e+05
7723.2805 13.2153 2.9590e+05
7724.5905 12.1330 1.9416e+05
7739.0305 15.5342 5.0047e+04
7753.5605 24.8296 2.6408e+05
7754.3705 11.7570 2.6408e+05
7768.9305 24.9519 1.1190e+06
7770.0305 15.4904 1.1190e+06
7771.0605 11.3374 1.1190e+06
7772.1705 11.0527 7.9116e+05
7792.7305 14.6554 2.9295e+04
7799.6205 21.7130 1.9232e+05
7800.4605 16.6589 1.9232e+05
7801.6605 13.5525 2.2326e+05
7827.3005 19.0920 5.4853e+04
7828.9505 10.1934 3.6273e+04
7837.2705 12.3678 3.6985e+04
7856.8705 15.4584 3.8852e+04
7868.4205 25.1290 1.4548e+06
7870.2505 15.8903 1.1696e+06
7874.7705 14.5003 1.5804e+06
7876.3505 12.7743 1.2651e+06
7884.0505 20.6271 1.6179e+06
7886.0605 15.9535 1.3518e+06
7890.3505 17.5625 1.5090e+06
7896.3105 18.4738 1.5373e+06
7898.0305 14.1468 1.5149e+06
7900.0505 11.6347 8.2064e+05
7907.7205 21.0903 1.4807e+06
7910.2105 15.2743 1.6327e+06
7912.9705 15.4041 1.6078e+06
7916.1705 15.0155 1.5692e+06
7918.7705 14.0082 1.5463e+06
7921.3905 13.1803 1.5609e+06
7923.9605 13.6085 1.6050e+06
7926.7205 13.8301 1.5034e+06
7929.3805 13.9021 1.4664e+06
7932.0805 14.3524 1.0804e+06
7940.1905 20.6166 1.4042e+06
7942.2605 16.8449 1.5239e+06
7945.8705 17.7871 1.6457e+06
7948.7605 16.4525 1.6677e+06
7951.6305 15.0247 1.6437e+06
7954.3905 14.1994 1.6221e+06
7957.1405 14.8475 8.9733e+05
7962.4105 19.8288 1.6239e+06
7965.0805 15.8185 1.5578e+06
7967.7505 15.1730 1.5561e+06
7970.4905 14.2853 1.5581e+06
7973.0505 14.8490 1.1369e+06
7984.9605 24.6926 1.5672e+06
7987.7005 17.7331 1.4827e+06
7990.2905 14.5978 1.0721e+06
8000.8405 21.6733 1.5432e+06
8003.1305 15.4262 1.5432e+06
8008.2205 18.6684 1.6415e+06
8010.6705 14.3763 1.6415e+06
8013.5805 12.7621 1.5788e+06
8016.4405 12.3234 1.4999e+06
8024.0905 21.9255 1.8823e+06
8026.8705 14.5575 1.8662e+06
8029.4605 13.2263 1.8662e+06
8032.0105 11.9324 1.8370e+06
8034.5405 12.9024 1.8078e+06
8038.0905 12.9967 1.5345e+06
8043.6105 18.3915 1.5848e+06
8045.8505 17.0544 1.7118e+06
8048.6605 16.2473 1.7960e+06
8050.9705 14.6712 1.8374e+06
8053.5805 13.8047 1.8388e+06
8056.0505 13.2955 1.7841e+06
8058.5805 13.1347 1.7777e+06
8061.1805 13.6726 1.7151e+06
8063.7105 12.7761 1.3481e+06
8083.6205 24.6393 1.9265e+06
8086.1705 16.4726 1.6767e+06
8091.4505 18.5817 1.7867e+06
8095.6505 17.2358 1.5427e+06
8099.3905 10.2121 9.9516e+05
8106.4705 21.3407 1.4553e+06
8108.8805 18.3689 1.0398e+06
8139.9505 11.9370 2.6062e+05
8142.5405 11.5938 2.8837e+05
8143.6605 15.2547 2.5874e+05
8154.7805 11.1005 7.6157e+04
8214.2005 15.8412 6.4548e+04
8225.4105 18.3212 7.6700e+04
8246.1505 12.1921 7.2459e+04
8247.4105 13.9384 6.0664e+04
8261.2705 11.2827 4.5727e+04
8296.4705 12.3685 5.0768e+04
8367.6405 14.0066 1.6741e+05
8376.1405 12.5589 1.4164e+05
8400.6805 13.0238 9.2334e+04
8403.3305 13.2871 8.3014e+04
8411.5605 14.0268 9.5763e+04
8422.4905 15.8742 2.4446e+05
8476.6505 11.4625 7.4775e+05
8513.1505 14.1886 9.2898e+04
8514.3505 15.1060 8.4797e+04
8537.2305 11.0592 5.7218e+04
8657.8405 11.2311 4.0494e+04
8731.7805 13.2540 6.6855e+04
8748.2305 13.3300 7.0300e+04
8748.9205 11.2538 6.9738e+04
8778.6905 12.1314 3.1047e+04
8818.9505 10.2235 3.2416e+04
8828.6705 10.8326 4.0649e+04
8934.4005 11.2938 1.2173e+05
8982.9305 21.4593 2.2039e+05
8983.2405 11.3202 2.2039e+05
8983.5605 13.9567 1.5534e+05
8991.3805 10.7583 6.9386e+04
9039.4306 11.1818 4.4628e+04
9083.5606 12.4899 1.6721e+05
9091.5006 18.0669 1.6570e+05
9159.4906 18.6592 5.2695e+04
9193.6306 10.8299 5.2314e+04
9204.2906 10.8794 2.0561e+05
9204.8506 15.9389 2.2354e+05
9238.7106 12.3540 8.8547e+04
9247.9306 10.3673 5.9367e+04
9257.2906 16.8357 6.4153e+04
9259.3706 10.4410 3.9618e+04
9266.5906 10.3851 5.8779e+04
9273.9406 18.5495 8.5814e+04
9283.4306 15.5409 1.3485e+05
9286.4206 18.1651 1.2599e+05
9302.6206 10.0392 6.0443e+04
9310.6806 12.7681 2.7025e+05
9310.9606 18.6551 2.6944e+05
9323.4006 22.5949 1.3519e+05
9329.8506 11.8874 5.2664e+04
9344.7406 11.8078 3.6635e+04
9390.9706 13.4061 4.6735e+04
9471.7206 13.8112 6.6760e+04
9479.0306 10.8118 2.0610e+05
9480.4206 17.3152 1.9240e+05
9491.8006 10.3219 7.0625e+04
9498.4306 14.1729 1.0165e+05
9506.2506 15.0500 6.8440e+04
9530.8506 12.5325 5.4089e+04
9531.7106 12.5476 4.6606e+04
9541.2106 11.4452 5.2046e+04
9559.6306 12.2148 8.8118e+04
9561.7006 15.0695 7.8703e+04
9576.6106 14.3674 7.1302e+04
9578.4806 13.2633 6.3935e+04
9599.7006 13.0317 9.5579e+04
9608.7406 24.4147 7.1784e+05
9609.9206 20.1572 7.5082e+05
9611.1406 13.7324 6.9108e+05
9614.1906 11.7722 1.0907e+06
9615.5506 15.6929 1.2992e+06
9616.8806 12.7990 1.2992e+06
9618.2506 11.7248 1.2992e+06
9619.5706 10.8519 1.3494e+06
9622.3206 10.3365 1.3951e+06
9623.8106 10.3855 1.3568e+06
9625.3506 10.0369 7.6660e+05
9629.5406 13.2837 1.3332e+06
9631.3406 13.8820 8.4271e+05
9635.5506 10.7095 1.1189e+06
9637.1706 14.2671 1.1189e+06
9638.8106 12.5903 7.4667e+05
9653.0706 12.2250 8.5826e+05
9654.3906 12.8455 9.2037e+05
9657.0306 18.0762 1.1514e+06
9658.4606 14.3928 1.1514e+06
9659.9906 12.3804 1.2031e+06
9661.5306 10.2037 1.2859e+06
9663.3106 11.4912 1.2859e+06
9665.4406 12.6553 1.3175e+06
9667.5606 12.7744 1.4400e+06
9669.6806 13.3377 1.4169e+06
9671.9006 12.4429 1.4199e+06
9674.1506 12.8275 1.4040e+06
9676.5606 12.5262 1.3485e+06
9678.8906 11.8122 1.3770e+06
9681.2006 12.6510 1.3937e+06
9683.6006 12.0761 1.3947e+06
9686.1606 12.5864 1.3842e+06
9688.5406 12.3696 1.3831e+06
9691.4906 13.9802 1.4168e+06
9693.9606 14.2027 1.4432e+06
9696.3306 14.5071 1.4315e+06
9698.6906 12.9741 1.3146e+06
9701.2206 12.3841 1.2997e+06
9703.7206 12.9034 1.4139e+06
9706.1906 13.8035 1.4391e+06
9708.8006 13.2363 1.3276e+06
9711.1806 11.1303 8.7907e+05
9716.1206 18.4840 1.4416e+06
9718.5606 14.1016 1.4190e+06
9720.8906 12.6739 1.4645e+06
9723.3906 13.7186 1.4156e+06
9725.9306 11.7797 1.3860e+06
9728.5306 12.0405 1.1568e+06
9753.3206 11.4594 6.2863e+04
9789.8806 13.7289 1.2436e+05
9808.4106 10.2210 3.2642e+05
9809.2706 21.2793 3.2642e+05
9841.5606 11.1768 5.4167e+04
9878.6506 16.1510 7.1899e+04
9881.7206 10.0076 4.5559e+04
9919.7906 11.1384 7.7335e+04
9935.7606 11.3932 1.4107e+05
9942.4106 11.4020 1.6125e+05
10047.4106 12.1023 1.8832e+05
10048.0206 10.9240 1.8832e+05
10049.8006 10.7211 2.2936e+05
10050.9106 10.0452 2.1439e+05
10068.5906 14.8469 3.5647e+05
10105.1606 17.1465 2.7557e+05
10106.6406 10.4058 1.7500e+05
10160.0106 16.2260 1.1795e+05
10174.7706 14.6919 1.7299e+05
10199.4606 24.6010 3.4093e+05
10208.8206 11.7661 3.2695e+05
10223.0406 14.7325 1.2653e+05
10245.6506 19.2276 4.7958e+05
10246.5606 20.8781 4.1571e+05
10256.5206 21.9792 4.8136e+05
10263.7206 11.9700 7.7518e+05
10265.0906 23.4530 7.0034e+05
10269.8306 19.1311 7.0770e+05
10302.4706 15.4757 2.7775e+04
10320.0306 16.1635 3.3208e+05
10320.8306 11.9839 2.7298e+05
10329.7906 18.6588 3.0560e+05
10331.7506 13.0960 1.4925e+05
10345.2506 14.4053 1.1820e+05
10364.2406 13.1129 3.0458e+04
10371.2306 15.4246 5.9446e+04
10378.3806 10.0745 1.1592e+05
10382.4506 13.2940 8.9403e+04
10400.0906 10.7341 1.1303e+05
10421.0206 14.8499 1.1892e+05
10429.6806 14.0670 6.4815e+04
10431.7706 13.5072 4.7929e+04
10436.9006 11.9246 2.0123e+05
10437.9706 19.6795 1.2064e+05
10454.5106 13.1521 7.3992e+04
10456.3306 15.0943 5.3217e+04
10468.2206 15.2646 6.3137e+04
10479.8106 10.9741 4.8796e+04
10480.5506 10.3980 4.8796e+04
10514.8406 18.4203 3.5078e+04
10520.8206 20.0725 1.6500e+05
10521.5706 19.0807 1.5289e+05
10538.5706 20.6128 8.1798e+04
10546.5606 10.4232 9.3703e+04
10552.0806 10.2463 7.4650e+04
10566.2406 10.0568 1.0803e+05
10572.3606 23.3219 6.9257e+05
10591.8106 13.1933 1.5824e+05
10594.7506 17.6790 1.5454e+05
10599.9806 17.1403 1.4637e+05
10617.7606 10.4413 9.7348e+04
10630.9706 10.5141 7.1206e+04
10649.0906 13.6140 3.7181e+04
10668.9807 14.7906 1.7714e+05
10674.1207 11.0426 1.6021e+05
10686.8807 23.6746 4.6001e+05
10687.6207 10.6466 2.9840e+05
10695.6607 17.9861 7.2489e+04
10701.1807 11.0993 1.1516e+05
10713.0407 11.2597 4.2805e+04
10719.9307 12.6291 4.3312e+04
10734.1507 16.7231 1.3082e+05
10742.5307 18.7254 2.3445e+05
10746.8207 11.3989 1.7560e+05
10758.8107 22.2256 7.3101e+05
10778.9307 18.0517 2.0253e+05
10779.3507 14.1342 1.2254e+05
10786.5707 17.2850 2.2171e+05
10789.8607 16.8001 1.9077e+05
10834.4107 11.8971 9.1437e+04
10837.5007 10.5869 6.5203e+04
10843.8307 10.2519 1.4371e+05
10845.7507 15.6820 1.4371e+05
10847.0307 10.3377 8.1582e+04
10857.2307 15.4523 1.3560e+05
10858.0207 15.9184 1.2438e+05
10876.0707 13.6474 1.2922e+05
10877.4707 12.3394 2.7497e+05
10881.2607 16.7822 4.0841e+05
10882.2607 14.2834 4.0841e+05
10883.2707 10.7161 4.0841e+05
10885.3407 10.6511 3.6331e+05
10909.8607 12.0855 2.8113e+05
10916.9907 10.1259 7.5170e+04
10921.3107 13.9045 1.8326e+05
10925.2507 10.1560 2.5100e+05
10927.2007 15.0100 1.7449e+05
10938.6307 15.2598 2.7600e+05
10942.2007 12.0914 1.6380e+05
10958.8007 11.1630 1.5316e+05
10961.6607 13.6072 1.3997e+05
10965.4607 16.5028 7.2589e+04
10976.1507 11.6301 8.0759e+04
10980.4407 11.8443 6.0850e+04
10984.0007 12.6463 4.8731e+04
10988.5207 10.7263 4.1103e+04
11006.2307 12.9916 1.0344e+05
11008.0307 18.2225 9.4672e+04
11029.8207 16.6038 1.1331e+05
11030.9307 21.7647 1.0780e+05
11062.4807 11.5012 3.5983e+04
11072.0707 19.6632 4.3694e+04
11076.0607 10.8649 7.7488e+04
11080.1807 13.2130 6.6938e+04
11097.5307 11.7974 3.9636e+04
11112.2207 11.6957 7.1957e+04
11113.2607 17.6671 6.3531e+04
11116.5307 11.6750 3.3999e+04
11123.1707 10.8871 2.8965e+04
11129.1307 10.4892 1.0371e+05
11129.8707 16.7134 8.6504e+04
11162.0107 19.7659 6.2625e+04
11171.0807 12.6707 3.6395e+04
11183.4207 14.3927 4.9389e+04
11195.3007 12.1272 7.8091e+04
11215.2307 10.5908 3.5905e+04
11220.7407 13.0002 5.0451e+04
11237.7307 12.8580 3.0277e+04
11242.6207 16.0185 7.8934e+04
11245.2507 15.8890 5.6851e+04
11258.0007 11.1004 3.7644e+04
11259.7007 13.2608 3.3352e+04
11272.6907 11.5320 8.3952e+04
11274.9907 11.3810 9.1685e+04
11283.7407 10.3241 2.0854e+05
11284.6407 13.1935 1.6109e+05
11311.4707 10.6856 5.6660e+04
11313.4307 10.2496 5.2164e+04
11315.0507 10.8787 5.1760e+04
11328.7107 11.8632 5.8756e+04
11349.4707 20.4597 1.1478e+05
11369.0807 14.5526 6.4395e+04
11383.6007 11.2186 1.6029e+05
11385.2907 12.4365 1.6862e+05
11385.9007 11.1322 1.6350e+05
11405.9707 11.6040 8.4951e+04
11419.5807 11.3111 7.2731e+04
11420.3507 12.8645 7.1177e+04
11426.8107 10.3929 4.2246e+04
11440.9207 13.2375 3.0777e+04
11449.6907 12.0485 1.3180e+05
11450.8307 18.5122 9.1623e+04
11461.0607 13.3096 1.1433e+05
11463.6507 20.2427 1.1437e+05
11490.2007 15.3189 1.1643e+05
11506.8007 10.0860 5.7712e+04
11508.1807 17.7616 1.2043e+05
11511.9307 18.3375 1.2043e+05
11527.9007 18.5571 9.4553e+04
11541.0107 15.6456 5.0133e+04
11543.1407 10.4228 4.6822e+04
11612.8807 10.8305 3.3726e+05
11650.2407 11.4367 5.5514e+04
11672.9607 12.0516 6.0188e+04
11691.7007 17.8375 1.1767e+06
11693.2107 24.6195 1.1767e+06
11694.1807 17.1358 1.1767e+06
11695.1707 12.1324 1.1710e+06
11812.9107 12.5683 1.0834e+05
11831.5807 11.0352 6.7650e+04
11851.1807 10.1843 3.4843e+04
11866.6307 11.3058 6.6623e+04
11885.2207 14.1840 7.9609e+04
11893.0807 15.3563 6.1988e+04
11898.1607 10.1893 5.1935e+04
11899.9007 10.6644 3.2039e+04
11913.0807 15.9994 1.0119e+05
11987.3207 11.2375 8.2487e+04
12100.7707 18.1800 6.4291e+04
12110.9807 12.4370 8.6110e+04
12122.0607 14.0791 5.9609e+04
12160.0107 20.3963 2.0150e+05
12183.3507 10.6459 6.8001e+04
12210.0607 10.3212 8.3432e+04
12233.4807 20.4674 9.7104e+04
12236.2207 10.8568 8.5248e+04
12243.1307 14.7017 2.1751e+06
12244.3407 15.2946 2.1751e+06
12244.9107 25.4396 2.1751e+06
12261.5207 12.9314 2.4099e+05
12269.1207 20.7304 5.4502e+05
12269.4507 11.2166 5.5059e+05
12273.0707 18.2093 5.5059e+05
12304.6408 14.1089 1.1333e+05
12317.2008 15.3440 1.0036e+05
12326.5308 12.6668 4.1035e+04
12357.3208 10.0182 5.6772e+04
12401.0008 13.9178 2.9609e+04
12441.6108 11.0142 5.5101e+04
12458.4608 17.0309 5.1076e+04
12494.4808 11.4767 4.6058e+04
12516.3808 13.8620 9.4302e+04
12520.0208 16.8846 7.5113e+04
12528.0708 21.8241 2.9682e+05
12529.1508 16.7052 2.9682e+05
12540.7508 13.8461 9.1163e+04
12588.4608 11.2899 8.0545e+04
12589.2508 11.2345 6.5275e+04
12607.3008 12.3940 7.8552e+04
12613.2308 13.9415 1.9256e+05
12643.9408 20.5761 1.5143e+05
12671.4208 13.1148 7.8289e+04
12683.9208 16.2754 9.2950e+04
12696.5908 17.8515 1.4105e+05
12697.9208 12.0761 1.0550e+05
12711.0108 14.9746 1.8339e+05
12712.9808 17.2587 1.8472e+05
12715.4208 10.2134 2.3402e+05
12746.8508 11.2052 4.8620e+04
12753.9908 17.1262 1.9316e+05
12757.3908 12.8742 2.1812e+05
12758.9308 11.0652 2.1194e+05
12761.1408 11.2670 1.7603e+05
12775.8608 13.2286 1.8961e+05
12782.5608 12.1518 2.4374e+05
12784.3208 10.0381 2.4374e+05
12797.5608 14.2302 4.5156e+04
12804.5508 21.4387 6.7516e+04
12811.8708 19.4612 2.2249e+05
12829.0408 13.2500 1.8091e+05
12829.9008 10.0051 1.7989e+05
12834.4508 12.2552 3.9230e+05
12835.1108 11.7678 3.9230e+05
12861.4808 10.4638 1.1992e+05
12938.7308 10.8929 3.1732e+04
12961.9308 10.5822 4.6741e+04
12973.3308 11.7075 7.7363e+04
12976.7808 14.8626 1.0466e+05
12978.9808 10.9860 7.1918e+04
12996.7608 11.1190 3.8291e+04
13003.4008 13.9406 6.8411e+04
13006.7208 11.6985 4.9150e+04
13012.6108 12.2562 5.6099e+04
13018.4508 13.6599 5.2851e+04
13033.3508 10.5853 8.7218e+04
13050.4308 15.8721 1.8637e+05
13052.6808 19.5552 1.8637e+05
13073.7008 15.0933 7.7870e+04
13134.0708 10.6100 7.7514e+04
13184.8008 13.8422 1.8678e+05
13224.9708 15.5499 1.6081e+05
13225.8108 13.9889 1.1725e+05
13249.7508 13.7300 2.5112e+05
13252.7608 11.0061 1.9368e+05
13271.4708 15.5052 5.0159e+04
13298.5408 17.0550 2.7301e+05
13299.2108 18.5026 2.6252e+05
13312.0808 14.1243 9.1450e+04
13321.8508 11.2153 3.5086e+04
13335.7108 10.3460 5.4426e+04
13339.6408 11.6395 3.0540e+04
13354.1808 10.8605 5.3089e+04
13355.0508 11.7251 5.0384e+04
13371.4308 18.4771 1.0702e+05
13374.3408 13.0200 8.9204e+04
13387.2308 14.6895 1.2995e+05
13398.5708 14.8480 1.4702e+05
13401.4308 13.4764 1.2914e+05
13415.0108 13.2846 4.9406e+04
13421.8208 13.2976 4.7467e+04
13440.9508 10.7665 4.0475e+04
13458.3608 12.9293 1.3197e+05
13461.7208 18.4839 1.2658e+05
13482.9408 20.0716 9.4347e+04
13483.7908 13.6017 8.6193e+04
13557.1608 15.3391 6.4945e+04
13571.9808 18.8828 2.3088e+05
13681.8908 10.4005 1.9422e+04
13686.4108 10.0229 2.4975e+04
13694.5808 21.0861 1.5210e+05
13695.0108 12.9480 1.5210e+05
13695.5908 13.8433 1.5210e+05
13709.8208 15.5640 5.5044e+04
13722.1708 10.1172 6.6192e+04
13731.8108 15.5603 1.2922e+05
13732.4608 17.6653 1.2449e+05
13733.7508 10.0644 1.1357e+05
13754.8808 10.6884 4.4900e+04
13759.9208 13.6348 6.6232e+04
13766.0408 13.6282 8.9434e+04
13783.7608 10.5753 7.9976e+04
13804.9008 15.0863 6.7907e+04
13808.1208 11.3727 9.5055e+04
13810.4308 12.5623 8.6773e+04
13815.5108 10.0279 1.0796e+05
13846.7908 14.0928 8.1419e+04
13857.1808 19.3884 2.0997e+05
13857.8408 13.7174 1.8875e+05
13887.9308 21.6773 1.6719e+05
13888.5808 15.8100 1.6549e+05
13949.1209 14.8238 1.1569e+05
14006.0909 11.0572 4.2384e+05
14080.2609 10.4642 5.6443e+04
14255.9609 11.2673 4.9743e+05
14310.4509 11.4274 1.1326e+05
14321.7509 10.6994 4.4306e+04
14329.3309 19.8797 7.8432e+04
14360.5609 14.1465 3.1377e+04
14380.7009 10.8187 1.1830e+05
14382.4209 16.6193 1.1813e+05
14383.8509 14.3115 9.6137e+04
14401.7109 15.2829 6.0310e+04
14415.9409 16.4424 1.0124e+05
14416.8109 15.6547 6.7379e+04
14424.4109 14.0017 6.8401e+04
14439.8409 14.8498 8.0424e+04
14440.6509 15.9362 7.5623e+04
14456.7109 13.9117 2.8153e+04
14478.1209 17.0542 1.0386e+05
14483.3009 10.8113 5.1440e+04
14502.9809 13.1212 6.5569e+04
14503.4309 19.2179 5.5766e+04
14514.5809 11.0375 4.0961e+04
14519.4609 14.7106 4.7253e+04
14530.4009 15.6398 5.4999e+04
14532.1109 12.3707 4.8786e+04
14561.4609 23.4958 1.7860e+05
14562.2009 16.4584 1.6681e+05
14616.5109 12.8202 2.2936e+06
14618.1509 12.8094 2.2936e+06
14659.1609 10.0880 4.8938e+04
14728.1309 11.1516 1.0801e+05
14778.4009 11.3918 5.4092e+04
14827.6709 14.9418 6.2221e+04
14838.8409 14.0678 9.7545e+04
14848.0609 10.4656 5.6981e+04
14851.2609 12.2608 1.1245e+05
14851.9009 10.1569 1.1245e+05
14854.3409 11.6257 1.0208e+05
14872.3709 15.5728 4.8442e+04
14887.4909 15.3721 1.1992e+05
14907.6209 11.9884 7.3183e+04
14911.1109 10.6582 6.6761e+04
14915.0509 17.1309 1.3487e+05
14960.2209 13.9624 5.1515e+04
14960.5909 12.4400 4.3925e+04
14966.4109 12.5691 7.9622e+04
14968.2409 12.6452 5.7443e+04
14995.6509 13.9770 4.2577e+04
15009.1909 14.5994 1.2375e+05
15020.7609 11.5613 4.6132e+04
15026.9909 17.0761 6.3380e+04
15032.8509 10.5227 1.1622e+05
15035.9209 11.3332 5.6729e+04
15049.2309 10.4799 1.1417e+05
15053.6409 18.7589 9.6877e+04
15057.7009 12.3782 5.7336e+04
15077.5809 12.8757 5.4404e+04
15096.4209 18.2475 7.1654e+04
15131.3409 10.5919 1.1178e+05
15136.9709 11.6039 9.6989e+04
15164.6909 20.2819 4.1435e+05
15174.1709 15.7284 4.3532e+05
15174.6109 12.4202 1.8972e+05
15199.9209 10.0034 3.3716e+04
15210.7709 15.0709 1.5573e+05
15239.0909 17.9524 1.0137e+05
15248.9809 11.4492 1.7855e+05
15305.0409 10.2212 3.7085e+04
15331.3809 12.8048 6.0490e+04
15334.4209 11.2797 6.7481e+04
15363.7209 11.6288 2.5790e+04
15372.3809 15.8595 7.0117e+04
15427.0209 11.7372 7.7803e+04
15442.7409 10.5908 9.2281e+04
15486.8809 15.0161 2.3866e+04
15494.1309 16.2828 9.4651e+04
15498.4609 19.2916 1.6296e+05
15502.4109 13.6506 9.7718e+04
15510.5409 16.7442 5.0183e+04
15521.0409 13.3247 4.3828e+04
15522.6809 14.4664 4.0169e+04
15533.0409 15.2913 7.4311e+04
15543.7109 18.4857 4.6460e+04
15560.1809 13.0041 4.7569e+04
15561.9809 12.2342 4.7569e+04
15628.4810 16.0294 5.7316e+04
15650.1710 23.7597 1.1529e+05
15656.1110 18.1873 1.0713e+05
15665.2210 14.7755 5.1322e+04
15677.1910 19.0784 8.0786e+04
15685.0310 11.1473 9.2285e+04
15685.4310 12.6923 9.1517e+04
15698.0410 12.0507 4.7691e+04
15719.2610 11.3397 3.0742e+04
15726.5410 10.5040 2.9827e+04
15736.1610 10.0382 5.2488e+04
15761.0510 19.7486 1.0738e+05
15774.1710 13.7485 5.3450e+04
15775.3610 10.3405 4.9188e+04
15788.2010 10.1052 4.8099e+04
15794.2310 15.6070 5.9867e+04
15842.8210 10.4499 7.3079e+04
15870.6410 10.0351 9.3519e+04
15914.3110 18.8154 8.6321e+04
15944.2710 12.0159 2.0838e+04
15949.5210 16.6377 4.0798e+04
15958.6810 13.6980 5.8420e+04
15966.5710 11.0661 5.0798e+04
15970.6310 12.6481 1.3044e+05
15973.5710 13.0101 1.0023e+05
15985.6110 10.3544 5.5465e+04
15986.9610 16.1182 5.5465e+04
16038.7810 10.1484 6.8841e+04
16057.6110 17.2038 1.0508e+05
16082.8610 10.5284 5.3924e+04
16087.8010 10.6425 6.9810e+04
16096.9210 13.5834 7.5729e+04
16134.1410 17.8447 5.1756e+04
16144.9310 16.2114 4.7933e+04
16191.4210 10.5681 3.9977e+04
16243.9210 16.0276 3.0808e+04
16323.1910 17.0934 7.3860e+04
16329.6410 11.1519 6.6665e+04
16348.8710 16.9999 5.5154e+04
16377.7010 12.7177 3.0861e+04
16387.8510 11.9905 2.3532e+04
16405.7210 12.9023 2.4179e+04
16411.6810 10.1059 2.3287e+04
16425.9610 12.4233 5.0753e+04
16430.0010 11.4705 4.2644e+04
16445.2610 13.6843 5.8181e+04
16446.1710 10.3809 5.5608e+04
16448.8810 13.6818 4.9789e+04
16464.8610 10.8098 4.5850e+04
16476.0610 19.6211 1.3542e+05
16506.8110 12.3373 3.3786e+04
16515.9310 10.6364 5.2196e+04
16541.9210 14.7144 6.8701e+04
16559.0410 12.2778 2.3173e+04
16570.4010 13.1853 4.2882e+04
16579.0910 10.1268 3.6733e+04
16589.8810 12.6664 3.4324e+04
16615.2510 14.0254 4.0444e+04
16626.1210 12.6420 5.8592e+04
16643.1110 11.1938 4.3951e+04
16689.2810 11.9234 2.1981e+04
16708.5310 14.8998 5.0345e+04
16765.0510 11.5969 9.4287e+04
16766.0410 10.1283 9.4287e+04
16766.8310 11.6018 9.4287e+04
16767.9110 16.9738 7.4354e+04
16856.2610 14.6306 3.1759e+04
16872.7010 12.6229 2.5446e+04
16890.4810 15.8987 1.7916e+04
17048.4010 17.6028 1.3968e+05
17049.1910 20.7341 1.0766e+05
17074.0810 19.1680 1.0491e+05
17075.5710 13.5984 9.1795e+04
17082.7510 13.5114 5.1141e+04
17088.5910 13.5603 2.7969e+04
17093.7510 13.5055 1.0400e+05
17094.2010 13.7677 9.3884e+04
17111.5810 11.9537 3.0193e+04
17123.5710 16.3197 7.2112e+04
17124.0610 12.2783 7.2112e+04
17150.0510 13.1749 3.1370e+04
17151.2910 10.3013 2.0536e+04
17181.6910 14.5344 1.0776e+05
17182.2410 14.0277 8.8815e+04
17206.3211 11.0524 5.1439e+04
17206.9211 14.4558 4.9211e+04
17217.0611 17.7516 1.4242e+05
17218.6411 17.0319 1.0633e+05
17233.1411 13.9105 9.7408e+04
17235.3911 10.3507 7.7129e+04
17244.0711 15.8066 7.0583e+04
17246.7411 12.5626 5.1770e+04
17255.9111 10.9812 6.5852e+04
17271.1211 10.3808 4.4591e+04
17288.0511 21.3312 1.0450e+05
17303.5711 16.4535 6.4275e+04
17356.3711 13.1861 9.2686e+05
17411.5411 10.5561 5.8686e+04
17412.2111 14.1999 4.2068e+04
17446.9111 13.0006 3.1254e+04
17462.7111 15.3805 2.1537e+05
17463.7811 22.0807 2.1537e+05
17478.4811 14.6883 8.2536e+04
17481.1911 10.1831 5.5927e+04
17494.1411 15.0765 3.3045e+04
17503.7211 19.2016 6.0910e+04
17508.6911 15.8358 6.3696e+04
17651.3811 11.2920 6.8334e+05
17714.9211 11.8338 3.4841e+04
17801.5011 13.0377 3.7096e+04
17813.8811 12.6378 4.9606e+04
17828.7811 10.6001 6.3788e+04
17835.1811 10.7431 5.2188e+04
17839.4711 10.4422 6.8435e+04
17864.2711 12.7977 2.9756e+04
17865.8411 14.3182 3.9451e+04
17868.7511 11.2321 4.3138e+04
17884.2811 10.1326 5.0793e+04
17885.5311 10.4242 5.0793e+04
17947.9411 10.1629 4.6625e+04
17948.8111 10.2679 4.6625e+04
17950.5911 10.8000 2.7633e+04
17959.7111 10.9654 6.5643e+04
17961.1611 11.0594 7.6155e+04
17963.1611 10.9703 8.4265e+04
17966.5011 10.7686 9.5552e+04
17968.2011 10.5590 8.5172e+04
17976.9511 11.3047 8.8409e+04
17980.0711 12.4265 9.6906e+04
17985.2911 12.1760 8.2595e+04
18016.5611 16.1769 7.7063e+04
18018.0811 14.9229 7.5975e+04
18037.8511 17.2668 9.0963e+04
18039.5211 11.4800 8.2783e+04
18048.9211 16.0294 1.1581e+05
18050.6711 11.9781 1.1287e+05
18083.3311 17.2421 8.1865e+04
18084.9511 15.9180 8.2927e+04
18119.9411 13.9570 8.2490e+04
18120.9511 11.9438 8.2490e+04
18187.3211 12.5182 4.7574e+05
18255.6811 13.3035 1.7155e+04
18263.2611 10.1717 2.3477e+04
18282.2911 10.7844 3.6165e+04
18301.6611 12.6734 1.7508e+04
18309.9011 19.0970 9.8046e+04
18379.0811 10.5313 9.6790e+04
18380.4711 18.6551 8.0664e+04
18416.5811 11.4652 1.8901e+04
18443.8611 10.1860 3.0700e+04
18456.6811 16.1908 2.1477e+04
18460.9811 10.3720 2.4963e+04
18512.0611 11.5020 1.7054e+04
18518.1511 10.0009 4.0433e+04
18542.8811 15.6637 2.2447e+04
18580.7311 10.1320 3.4889e+04
18594.9311 16.8414 9.5559e+04
18606.1511 14.4916 2.0334e+05
18608.3611 12.2693 3.2265e+05
18612.5911 11.6779 2.6989e+05
18620.8011 12.7708 1.2995e+05
18683.4211 11.1639 6.1089e+04
18737.5511 14.6136 7.4821e+04
18818.4311 12.3974 2.3016e+04
18835.2011 15.1964 2.1764e+04
18839.9811 10.3352 5.0366e+04
18881.8312 13.7106 3.2950e+04
18939.0412 13.8911 2.3894e+04
18947.5412 10.6366 1.7176e+04
18968.0912 11.1626 4.4693e+04
18973.3012 11.0158 2.6999e+04
19009.0712 14.6257 6.2247e+04
19048.0712 12.3362 9.0071e+04
19048.7712 20.5769 7.6257e+04
19061.7812 12.6561 5.5201e+04
19081.1012 13.8725 5.5672e+04
19094.9712 12.1534 4.7850e+04
19103.5212 18.7682 1.1150e+05
19114.8312 17.0507 6.5067e+04
19209.0712 10.2135 4.3106e+04
19209.7012 13.1801 3.0153e+04
19375.8412 15.6057 1.0655e+05
19405.1912 12.7086 3.4508e+04
19405.5012 10.0023 2.2308e+04
19447.7512 11.3510 2.6454e+04
19483.1312 11.9715 3.0297e+04
19534.0612 11.2574 2.0672e+04
19585.3912 11.4938 2.3670e+04
19657.0012 11.1122 5.9287e+04
19658.9212 12.8801 7.6576e+04
19661.2512 11.8586 8.6534e+04
19664.6612 10.7451 8.3602e+04
19668.8112 10.9152 4.7146e+04
19697.1712 17.0764 3.5891e+04
19714.2612 12.6823 6.5716e+04
19725.2812 14.4267 6.0465e+04
19742.7412 15.9504 6.6738e+04
19759.2712 14.8207 1.6124e+04
19775.2712 14.8257 2.6761e+04
19786.6212 17.0134 4.0231e+04
19789.7912 10.3284 3.9038e+04
19802.9312 11.5543 3.0281e+04
19845.9812 12.6514 3.4932e+04
19882.2912 10.6906 5.6430e+04
20049.0912 11.0679 4.3245e+04
20051.8812 15.7391 3.4546e+04
20064.7012 11.0695 3.0368e+04
20130.9712 17.3672 8.7584e+04
20352.8112 10.4119 4.0728e+04
20452.3512 15.1983 4.4053e+04
20465.7312 21.8656 6.1868e+04
20486.0313 10.0183 2.2127e+04
20510.6713 14.9927 2.1634e+04
20515.1713 11.5721 1.8729e+04
20519.7913 14.9636 2.5822e+04
20549.6013 15.5653 3.5464e+04
20561.6813 13.9275 6.5525e+04
20562.0713 15.1674 5.4752e+04
20590.5013 12.6150 5.1335e+04
20594.1613 10.3433 2.2799e+04
20614.8313 16.4971 4.7201e+04
20629.6213 11.1458 2.6787e+04
20634.7013 16.0968 9.2534e+04
20635.5813 11.9906 9.2534e+04
20636.0713 10.0302 8.9954e+04
20671.6413 14.7447 4.1264e+04
20673.3013 11.8037 1.9898e+04
20708.1413 15.3674 2.5586e+04
20722.9213 14.1225 2.6304e+04
20802.7613 10.5965 1.4535e+04
20908.2813 16.9673 2.5601e+04
21065.8013 10.0523 2.7183e+04
21071.4113 13.2398 3.3265e+04
21076.2113 14.6969 3.4713e+04
21080.0413 13.3199 6.2688e+04
21082.6713 10.7935 6.2688e+04
21092.9913 10.4617 2.4729e+04
21099.8613 11.0390 1.4872e+04
21116.0213 12.2806 9.1879e+04
21122.9113 10.0088 3.1133e+04
21190.5413 12.0442 2.8330e+04
21191.2613 14.6595 2.5884e+04
21201.7813 15.8993 2.4180e+04
21221.9413 12.0930 4.2651e+04
21223.8313 10.2156 1.8458e+04
21240.1813 13.2542 4.7408e+04
21260.4413 14.1268 3.6911e+04
21288.8613 18.9222 3.4900e+04
21311.8213 14.9497 1.1063e+05
21312.6413 23.1028 1.0924e+05
21356.6013 10.0049 1.6101e+05
21358.5613 12.7981 1.6693e+05
21361.0413 16.0756 1.6693e+05
21361.7313 14.5437 1.6693e+05
21454.6313 13.2670 2.2038e+04
21466.7213 16.4745 8.6046e+04
21472.0613 11.1190 2.4497e+04
21486.1113 13.2653 2.6039e+04
21491.6213 11.8693 2.3900e+04
21494.9213 13.4606 1.9799e+04
21502.2913 17.3936 1.0240e+05
21503.0613 20.2785 7.6606e+04
21518.0013 12.0691 5.7394e+04
21532.5113 11.3840 2.9999e+04
21550.3513 19.5812 4.1169e+04
21573.0413 11.3970 1.2866e+04
21630.0213 10.9562 4.4507e+04
21631.4013 15.3119 2.2379e+04
21642.1513 15.1026 7.1053e+04
21647.7813 11.4199 3.1714e+04
21654.0813 15.6801 3.4505e+04
21662.1613 11.8584 3.2931e+04
21663.6013 12.6265 4.7946e+04
21667.2713 13.3876 4.0036e+04
21680.4813 20.5955 5.6770e+04
21687.1213 17.9007 3.8838e+04
21691.2313 10.7269 2.2700e+04
21698.8513 16.5129 2.6066e+04
21711.2713 15.6629 7.6001e+04
21714.3313 16.3293 8.4404e+04
21715.6713 10.9166 6.5926e+04
21758.5213 11.5005 2.1416e+04
21770.4613 13.1842 2.7855e+04
21775.6913 10.6386 2.1090e+04
21781.3513 11.3010 2.2042e+04
21793.6613 13.1877 2.2643e+04
21843.5713 15.2625 3.1115e+04
21851.9913 12.0068 3.9639e+04
21853.5213 12.4762 3.7629e+04
21868.6413 12.4988 6.0717e+04
21875.7613 12.0313 2.3168e+04
21898.3713 15.7308 2.9383e+04
21919.2213 10.0658 1.2237e+05
21949.9313 12.9666 4.9494e+04
21961.5913 10.7055 4.1180e+04
22047.0013 12.9752 2.0081e+04
22327.4714 12.1886 5.9653e+05
22410.3414 13.2368 2.4075e+04
22420.8314 12.0230 5.2519e+04
22424.0114 12.4095 2.9985e+04
22437.2614 13.3548 3.5377e+04
22440.6314 14.3816 2.8882e+04
22445.5214 11.1555 3.2593e+04
22446.8014 10.6301 2.7070e+04
22455.7514 15.8728 2.9158e+04
22472.8114 12.3087 1.8817e+04
22487.7014 18.4798 2.5950e+04
22498.3014 18.9193 2.2221e+04
22535.9914 10.8749 1.2789e+04
22547.9314 12.7280 2.2753e+04
22563.9014 12.9004 2.6036e+04
22794.0014 11.1414 1.8161e+04
22814.2314 16.9654 4.4834e+04
22820.4814 14.3036 9.1859e+04
22835.6814 11.7197 8.5955e+04
22920.8214 10.4948 1.8795e+04
22944.9714 14.1430 2.2209e+04
23020.3014 10.3589 1.8957e+04
23032.4614 11.8085 1.6482e+04
23063.2814 17.7621 3.2452e+04
23242.3214 12.5728 1.9943e+04
23263.0214 12.2504 2.6306e+04
23290.3714 10.8438 1.2236e+04
23297.1614 10.5136 2.1412e+04
23297.8614 10.2215 2.0803e+04
23353.9914 10.4394 3.8408e+04
23366.1314 15.8408 5.4565e+04
23386.2814 18.9044 6.4645e+04
23403.7514 12.5990 3.7712e+04
23409.5014 16.2496 8.8562e+04
23428.0714 17.5767 6.2302e+04
23438.2614 12.2407 4.3230e+04
23509.0114 12.6823 2.8141e+04
23510.3714 11.0651 2.5646e+04
23526.4414 12.8307 3.2144e+04
23533.1814 17.5423 4.1301e+04
23581.0714 12.0431 2.3758e+04
23591.0714 13.2667 2.4234e+04
23615.2714 14.7413 3.2051e+04
23623.5514 10.4200 1.7211e+04
23756.3914 11.9670 2.9735e+04
23855.2415 12.8368 2.6405e+04
23862.2315 16.0512 1.9456e+04
23870.1715 17.5905 2.4688e+04
23875.3215 16.1933 3.1242e+04
23890.2515 11.6189 3.1267e+04
24036.3315 10.9501 3.3139e+04
24045.1215 10.3545 7.9497e+04
24086.8115 10.6865 3.3159e+04
24112.9415 13.2070 4.0207e+04
24123.4515 10.7961 4.8730e+04
24190.9515 10.1017 1.1533e+05
24192.8315 10.9641 1.3647e+05
24197.6715 13.1774 2.1323e+05
24275.1715 10.1628 1.5271e+04
24315.1315 10.7568 2.2122e+04
24326.5315 12.4758 1.2567e+04
24408.4615 13.1549 3.0224e+04
24425.3815 15.9035 3.1731e+04
24447.8415 14.5399 1.5804e+04
24458.9415 14.9137 3.0644e+04
24473.4915 16.9607 3.2522e+04
24494.1115 10.8790 2.8319e+04
24578.8915 11.1418 3.0016e+04
24597.4615 11.0011 8.1582e+04
24711.9915 10.2942 2.4442e+04
24759.6015 12.2292 7.6164e+04
24768.4315 13.8082 2.4189e+04
24817.8815 10.6353 2.1016e+04
24836.4315 15.3846 2.7815e+04
24839.3315 12.1495 2.4522e+04
24845.3615 13.5135 2.1100e+04
24850.9815 14.8497 3.4337e+04
24853.3615 13.5497 1.7156e+04
24857.4415 15.3833 2.7273e+04
24863.2615 10.7793 1.8604e+04
24867.9515 13.0708 1.6573e+04
24889.7415 18.7046 3.5568e+04
24898.4015 12.1305 1.5405e+04
24909.3615 14.9265 2.3887e+04
24913.6715 15.7521 5.2541e+04
24928.8415 14.8248 1.5000e+04
24945.9115 12.6719 4.2516e+04
24953.6515 15.0248 4.0448e+04
24955.9115 13.9194 2.4106e+04
24980.0015 10.1809 2.9239e+04
25012.8915 15.0854 3.8339e+04
25014.9815 16.0702 2.4219e+04
25050.1115 11.8989 1.7707e+04
25265.1015 17.2838 3.1462e+04
25268.0615 11.8699 1.7650e+04
25272.4715 15.1385 2.6334e+04
25457.6716 18.2175 8.7291e+04
25587.2716 12.9935 3.5748e+04
25633.2916 10.1945 1.8284e+04
25642.1516 16.0959 4.7791e+04
25648.6116 15.2314 5.2751e+04
25660.4016 10.5106 1.7413e+04
25678.3116 10.6632 2.3587e+04
25683.1416 16.8800 5.5265e+04
25687.4416 11.6254 5.4499e+04
25689.5916 18.9423 4.9516e+04
25712.6616 19.0990 5.9386e+04
25722.4816 22.5498 9.1657e+04
25741.7616 16.2912 6.3132e+04
25743.8216 20.1447 3.2863e+04
25753.2816 14.1240 4.0559e+04
25805.7216 17.6892 2.1881e+04
25828.5616 18.3730 3.8132e+04
25844.3316 16.1329 3.3844e+04
25860.3316 13.9952 4.2580e+04
25863.1316 14.8559 2.7260e+05
25864.7516 17.0478 2.7260e+05
25920.4616 11.8401 2.7300e+04
26171.4916 10.1081 3.0013e+05
26261.2416 10.8575 5.0577e+04
26263.5716 10.9562 3.3588e+04
26280.4316 13.1961 5.4153e+04
26310.6716 11.9328 4.0428e+04
26320.9716 10.2459 3.4847e+04
26362.6016 10.2037 9.7226e+04
26429.6516 16.4661 4.1439e+04
26482.9116 10.7806 2.3674e+04
26562.3916 12.8854 1.9741e+05
26563.4016 10.0431 1.9741e+05
26564.4816 21.8775 1.9288e+05
26603.1316 18.0544 9.0378e+04
26626.7116 14.6829 5.8184e+04
26685.2816 13.9857 6.3588e+04
26704.1816 15.2676 3.1270e+04
26726.0416 10.3948 7.9130e+04
26739.8716 13.4239 7.0536e+04
26740.9216 11.3103 3.3564e+04
26748.7316 17.0363 2.8388e+05
26749.8416 15.0334 3.6853e+05
26750.7016 13.0462 3.6866e+05
26753.4616 12.4401 3.4079e+05
26757.7916 14.9967 6.4309e+05
26758.4316 11.1902 4.7847e+05
26759.8216 10.4616 2.6697e+05
26791.5816 22.3342 2.2253e+05
26798.8816 10.9513 4.4620e+04
26811.4016 11.1841 9.3323e+04
26819.1016 20.3514 6.5476e+04
26824.6316 10.5211 2.3893e+04
26831.5816 13.4764 3.4682e+04
26834.1816 11.1834 2.7167e+04
26843.3816 18.1037 5.2844e+04
26853.6016 14.0697 4.4948e+04
26866.1016 10.4659 1.9712e+04
26875.4216 17.9966 9.5569e+04
26940.1816 14.3251 9.7467e+04
26959.6316 10.2448 6.1207e+04
26967.6816 13.6002 2.1173e+05
26992.1116 10.2534 1.1994e+06
27070.5217 12.0212 7.9937e+04
27102.8317 11.7740 5.9379e+04
27108.9617 13.9855 3.4550e+04
27123.0417 17.2750 6.6079e+04
27143.5517 15.0277 3.5969e+04
27153.7117 10.1964 3.5191e+04
27168.1417 10.0436 1.1143e+05
27188.9417 12.9400 5.2896e+04
27219.2417 12.9827 6.7284e+04
27222.1017 10.4675 5.7848e+04
27241.6917 14.4894 5.3901e+04
27244.6317 10.1993 1.3305e+05
27247.3017 11.4771 1.6410e+05
27248.2817 19.0956 1.6410e+05
27248.9017 11.7013 1.4020e+05
27283.9917 10.9122 8.3745e+04
27284.3817 13.5102 7.0941e+04
27290.3817 11.7397 1.0374e+05
27313.4617 14.3396 6.0838e+04
27320.2217 11.3393 1.6011e+05
27321.0817 10.4456 1.6011e+05
27321.6817 13.0226 1.6011e+05
27322.2617 10.2333 1.5159e+05
27339.0817 15.9997 7.6931e+04
27352.2517 11.7721 5.1184e+04
27487.8217 15.4202 1.0628e+05
27513.5717 11.8283 5.9091e+04
27517.9617 14.8936 1.4305e+05
27518.5817 12.7246 1.4305e+05
27559.4117 18.4956 1.8671e+05
27561.9117 19.2869 1.8671e+05
27562.5017 11.5207 1.8671e+05
27621.7117 10.2042 2.6044e+05
27644.0017 11.9270 6.9420e+04
27661.0717 10.0778 5.1491e+04
27668.7417 20.0681 3.2106e+05
27692.8217 10.8452 2.1547e+05
27696.1017 14.7719 2.1547e+05
27696.7817 15.9073 1.7856e+05
27733.3317 16.8070 2.0518e+05
27734.1517 18.0546 1.9601e+05
27767.9417 11.4657 4.1913e+04
27778.1417 14.4801 3.7966e+04
27787.1117 22.3100 2.8194e+05
27867.4817 11.1024 1.6480e+05
27868.1517 17.7701 1.5280e+05
27878.8517 19.9800 1.7064e+05
27882.6317 11.3485 2.3241e+05
27883.4817 15.3018 2.2828e+05
27896.0717 16.3427 1.4216e+05
27915.0217 18.4131 3.5282e+05
27915.8017 14.8607 3.5282e+05
27931.8817 12.0659 5.1611e+04
27939.2417 12.0077 7.6842e+04
27953.5117 11.3750 1.9278e+05
27956.9417 14.2345 1.6294e+05
27958.3617 14.7096 1.2891e+05
28003.6817 13.1228 2.7387e+05
28015.6017 11.5309 2.2248e+05
28024.4817 11.1018 5.5710e+05
28045.8717 11.9659 3.6226e+05
28070.5717 10.8774 1.6699e+05
28071.3717 12.0699 1.4544e+05
28105.7217 10.7030 2.6507e+05
28106.3917 12.1239 2.6507e+05
28107.0117 17.2187 2.4026e+05
28131.1717 10.1597 9.3786e+04
28143.1217 19.6374 3.0869e+05
28143.9117 16.8144 2.9396e+05
28170.6817 14.9775 7.5194e+04
28171.5817 10.2635 7.3806e+04
28189.5717 17.7950 2.3819e+05
28192.7617 22.1678 2.3633e+05
28216.5117 10.3074 2.2656e+04
28225.7117 11.3987 2.8838e+05
28227.5417 22.3215 2.8838e+05
28228.3517 15.8412 2.6803e+05
28237.3717 13.0206 7.2211e+04
28249.2417 10.8428 5.5980e+04
28290.5317 13.6189 8.8031e+04
28294.6317 17.9795 3.3094e+05
28295.4017 19.6717 3.2117e+05
28296.1317 10.5571 3.0135e+05
28327.7717 12.3853 4.8409e+04
28328.8817 10.0137 3.7630e+04
28336.6917 10.9791 4.5697e+04
28352.9917 16.9429 1.2844e+05
28360.8517 23.8342 1.9680e+05
28378.5717 15.1935 3.5269e+04
28384.4217 10.2126 3.7208e+04
28393.7717 24.6285 2.8727e+05
28394.5317 17.4905 2.8435e+05
28417.3617 12.2811 6.2808e+04
28421.5717 18.2123 1.2018e+05
28438.9117 10.0067 3.2941e+04
28450.4617 12.6472 6.9766e+04
28457.1417 13.4569 7.1419e+04
28476.0317 11.8000 2.3667e+04
28487.5317 24.7547 2.4601e+05
28488.3217 17.8118 2.4601e+05
28510.6117 10.1161 2.5288e+04
28527.1617 25.5275 2.5069e+05
28527.8417 14.8195 2.4223e+05
28545.1017 18.1925 5.1306e+04
28565.7717 24.3978 3.2611e+05
28566.5017 20.3102 3.2611e+05
28590.9717 22.0310 9.0492e+04
28603.5017 10.1348 3.9151e+04
28616.0617 16.0243 9.1160e+04
28616.4417 15.7967 8.0106e+04
28633.8317 17.7040 7.3846e+04
28659.5817 10.3271 2.8650e+05
28660.3517 25.0650 2.8650e+05
28661.7017 13.3381 2.7110e+05
28680.8318 13.5980 2.4561e+04
28699.5018 12.5992 4.5613e+04
28699.8218 14.8031 4.3311e+04
28705.8618 12.1695 1.0588e+05
28707.4118 12.5023 5.3634e+04
28717.4318 10.9036 1.7359e+05
28718.8318 12.9749 1.7359e+05
28720.4018 10.6333 9.8994e+04
28734.2618 17.8509 6.8785e+04
28740.7918 10.5965 3.1240e+05
28741.6918 20.2228 3.1240e+05
28766.3318 15.5702 4.1785e+04
28773.8118 19.3449 1.3801e+05
28783.8818 19.4496 2.7423e+05
28784.5318 18.6891 2.7336e+05
28818.0918 10.2012 1.4904e+05
28825.2318 13.0161 5.5404e+05
28825.5418 20.4078 2.5980e+05
28884.7918 15.2485 1.2199e+05
28897.9418 21.6219 1.9702e+05
28898.6518 17.0198 1.8125e+05
28935.5318 14.5983 2.6929e+05
28936.2518 22.1122 2.6929e+05
28936.9318 10.0926 2.6789e+05
28982.8518 15.7511 3.4928e+05
28991.7218 14.0714 1.1872e+05
29008.4918 14.6888 5.8144e+04
29019.3418 19.5921 7.4468e+04
29028.5218 16.5953 4.6850e+05
29044.9118 12.2777 3.0182e+06
29045.9918 20.3068 1.3905e+06
29100.5918 10.1049 6.1253e+04
29111.4818 13.6715 5.2077e+04
29116.7318 17.9690 2.3874e+05
29117.4518 20.0876 2.3874e+05
29158.2318 19.4354 5.7982e+04
29163.6418 17.5758 6.8961e+04
29176.0318 17.2340 7.3962e+04
29180.2118 18.2872 5.0094e+04
29188.4218 10.8835 3.0046e+05
29189.8818 23.3100 3.0046e+05
29190.6818 18.4843 3.0046e+05
29214.7018 10.1468 6.0191e+04
29237.5318 12.7971 1.3201e+05
29241.5418 24.5230 1.3201e+05
29259.9418 10.7385 2.7336e+04
29270.5118 25.0156 2.1982e+05
29271.7618 11.7110 2.0407e+05
29328.0918 10.7257 1.8041e+04
29372.8418 16.0804 2.3509e+05
29373.6618 23.8895 2.3509e+05
29374.4118 14.3360 2.3509e+05
29430.4318 23.5647 1.2866e+05
29465.6118 14.3973 2.4251e+04
29473.2118 23.6868 2.6294e+05
29473.8718 16.3571 2.6154e+05
29487.7718 13.0555 1.6461e+05
29495.5518 11.4454 8.5742e+04
29515.1718 12.1123 6.1375e+04
29523.0818 22.9182 2.0826e+05
29547.8518 17.0701 2.6992e+05
29548.5518 22.3952 2.6992e+05
29588.0718 16.8914 5.8922e+04
29596.4518 11.6186 1.5066e+05
29597.4418 20.8892 1.5066e+05
29598.6118 11.7700 1.5066e+05
29615.1118 10.9973 7.1889e+04
29633.5918 18.9623 2.4400e+05
29634.3218 17.4485 2.3795e+05
29634.9818 10.4766 1.9231e+05
29647.5818 12.6695 7.7549e+04
29655.1918 11.7793 8.4244e+04
29674.2018 10.9073 6.9883e+04
29676.8518 10.9340 1.1717e+05
29679.6518 15.8780 1.0062e+05
29684.3118 10.4682 6.9883e+04
29691.5018 11.7112 2.3624e+05
29691.7818 19.0866 2.3624e+05
29692.3818 13.6074 2.3519e+05
29708.7418 10.0532 5.5561e+04
29715.5118 10.5523 8.8956e+04
29720.0018 20.4003 2.7178e+05
29720.7018 13.3460 2.7178e+05
29747.3018 15.2122 5.9226e+04
29750.9218 10.1805 6.0795e+04
29763.0418 15.7265 8.8026e+04
29773.6618 10.5395 1.3156e+05
29778.8618 19.9208 1.8232e+05
29797.3818 15.9292 7.5596e+04
29818.4118 11.7922 2.7019e+05
29819.1018 19.8127 2.7019e+05
29849.2818 18.9544 3.0327e+05
29854.0018 13.2758 2.6725e+05
29869.9818 13.7310 3.6884e+04
29884.0618 19.4201 2.1044e+05
29884.7118 16.2331 2.1044e+05
29906.4418 11.4019 4.9559e+04
29912.2418 15.9175 4.4891e+04
29923.5118 21.7056 2.1735e+05
29924.8818 12.0576 2.0459e+05
29945.9418 12.6106 5.1350e+04
29955.9418 14.2100 9.6123e+04
29958.5418 19.5769 7.8002e+04
29962.5118 17.2815 5.4913e+04
29967.9518 11.1893 2.3344e+05
29970.0818 17.7209 2.2568e+05
29991.7818 19.5026 4.7308e+04
30001.3818 16.7531 8.5597e+04
30015.5818 25.2314 2.6247e+05
30016.2818 17.5673 2.6247e+05
30039.6718 19.3653 4.3646e+04
30049.9518 14.0141 3.9588e+04
30060.9318 14.6194 1.4040e+05
30063.2218 22.3270 1.4040e+05
30083.0118 11.2031 2.4587e+04
30088.1618 18.2477 1.5402e+05
30091.9418 18.8206 2.9941e+05
30092.6818 14.9133 2.9941e+05
30125.3618 16.6778 3.9413e+04
30138.7318 11.4394 3.1735e+04
30148.2018 19.8553 2.7922e+05
30148.8818 16.7192 2.7922e+05
30149.4918 19.5648 2.5940e+05
30168.7518 26.0377 2.4481e+05
30177.2918 17.8717 1.8364e+05
30178.7618 19.8664 1.8364e+05
30179.5018 10.7110 1.8364e+05
30201.7618 15.0254 3.4432e+04
30206.7918 16.1920 6.8849e+04
30211.0218 12.8928 5.1973e+04
30212.9718 14.7096 5.0133e+04
30225.0918 10.9132 6.4428e+04
30235.3818 22.8560 2.1423e+05
30236.5718 13.8129 2.1423e+05
30270.4818 14.2370 2.2476e+05
30271.2518 21.1802 2.2476e+05
30273.1718 13.1113 2.2476e+05
30303.3518 15.5336 3.3326e+04
30314.1719 14.5278 2.6923e+04
30326.6419 15.6532 3.9139e+04
30337.5219 13.8088 2.1408e+05
30338.0019 20.8238 2.1408e+05
30338.5519 18.9033 2.0601e+05
30355.1819 17.2271 4.5068e+04
30369.2219 12.5639 1.2211e+05
30370.0719 11.7692 6.9852e+04
30378.5019 11.2533 2.4705e+05
30404.7919 10.9854 3.3811e+04
30422.3819 12.2680 1.9985e+05
30422.9319 18.6382 1.9985e+05
30423.4919 12.8956 1.9985e+05
30457.3119 21.2487 2.3662e+05
30457.9219 19.9018 2.2695e+05
30474.3319 10.6814 1.5888e+05
30475.1119 17.8207 1.4702e+05
30490.0919 10.4489 1.3358e+05
30492.7719 13.7954 1.1277e+05
30504.1319 16.9679 1.6740e+05
30513.3219 12.8758 2.3071e+05
30513.8119 17.1119 1.9776e+05
30548.5219 15.8433 2.1706e+05
30549.0519 11.0092 2.1706e+05
30611.3519 10.7505 1.4616e+05
30611.9319 12.6675 1.4616e+05
30612.4819 13.8455 1.4616e+05
30645.3519 10.9522 2.3073e+05
30645.6119 18.5291 2.3073e+05
30646.2419 15.9219 2.2631e+05
30673.6319 14.6859 6.8286e+04
30679.1019 14.3227 1.5085e+05
30679.5419 11.7988 1.1420e+05
30688.7719 22.4442 6.0145e+05
30713.5019 14.8835 5.8011e+04
30718.6519 11.5229 4.3455e+04
30719.3619 11.1230 4.0326e+04
30744.2919 19.1630 1.4587e+05
30744.8719 19.2140 1.4587e+05
30758.2119 11.6605 6.8760e+04
30776.8219 16.3237 5.5504e+04
30783.7019 15.2691 1.9919e+05
30784.9219 12.6436 1.9919e+05
30800.8619 10.7861 5.9937e+04
30825.3319 14.0720 4.3725e+04
30832.9619 13.8530 6.4626e+04
30846.8919 16.1960 1.4284e+05
30866.7219 12.6331 1.1671e+05
30878.4719 10.8239 7.2209e+04
30909.9419 15.1810 1.1397e+05
30938.9119 11.4051 4.3639e+04
30951.6319 10.1748 5.3117e+04
30962.8619 14.0831 1.0950e+05
30963.2019 13.9632 5.9108e+04
30998.3019 10.9148 1.3928e+05
30999.1919 16.2243 7.8588e+04
31015.8819 10.0424 9.6271e+04
31016.7019 16.5099 1.0743e+05
31020.5519 14.8241 1.0743e+05
31021.2119 11.5597 9.7022e+04
31029.0019 11.2382 8.8792e+04
31037.0319 13.5113 5.1136e+04
31052.0519 17.3346 1.1354e+05
31052.8019 17.2526 1.1687e+05
31053.4919 10.6721 1.0950e+05
31076.1419 18.2886 6.4707e+04
31098.2119 15.5200 8.4691e+04
31100.8319 11.9184 7.0201e+04
31102.4219 11.2311 3.8397e+04
31128.0319 16.7860 1.0881e+05
31143.6719 11.5850 3.1818e+04
31149.8119 22.5599 7.5861e+04
31155.0819 10.4696 1.8600e+05
31180.0419 20.8180 1.0083e+05
31197.8719 14.6490 2.9999e+04
31210.7319 20.9583 1.4067e+05
31221.2519 16.7125 1.1965e+05
31222.8819 16.8490 1.1965e+05
31223.7519 13.6049 1.1965e+05
31224.5019 10.0907 7.7683e+04
31239.3619 20.0874 5.7862e+04
31257.6619 15.0957 1.6249e+05
31258.4219 18.9503 1.6249e+05
31259.1519 15.6071 1.6249e+05
31259.9119 11.1216 1.4588e+05
31282.4719 14.9203 1.5801e+05
31286.9819 12.8223 7.9572e+04
31307.5919 14.3703 4.7435e+04
31312.4619 12.3882 3.8449e+04
31320.3219 15.0150 9.1356e+04
31321.1519 10.9583 8.7394e+04
31321.7519 13.7870 9.6418e+04
31334.3619 10.9282 1.1401e+05
31339.8319 12.2302 1.5916e+05
31340.5119 10.7466 1.2094e+05
31348.4419 11.9474 8.4630e+04
31374.6419 12.0395 5.0368e+04
31422.5419 21.1888 5.5776e+04
31438.2319 19.8205 3.4513e+04
31447.8019 14.4633 2.5810e+04
31461.1919 10.6275 1.3315e+05
31463.1719 17.3052 1.2000e+05
31469.0919 13.7662 9.8674e+04
31473.3119 15.0700 6.7381e+04
31487.6019 12.5663 4.9695e+04
31525.2819 12.2387 6.1260e+04
31526.9719 15.3972 5.2901e+04
31542.0119 20.3242 3.1002e+05
31542.6819 18.0267 2.2662e+05
31578.4619 10.5490 4.5833e+04
31583.3519 16.1845 7.2719e+04
31612.2419 15.4818 1.5965e+05
31612.9719 13.3010 1.5677e+05
31620.7919 12.7523 1.0870e+05
31632.8219 11.0514 1.8627e+05
31652.4519 12.1613 1.5814e+05
31653.1919 11.2807 1.4412e+05
31695.5119 13.1927 6.6585e+04
31710.6019 14.1425 1.5283e+05
31711.2819 11.4743 1.4709e+05
31773.2619 20.9554 1.9336e+05
31773.9919 11.4356 1.9079e+05
31803.5319 21.1636 1.6605e+05
31824.6619 11.6839 4.7407e+04
31827.2919 10.7885 4.8909e+04
31833.4319 20.3102 1.9770e+05
31834.9219 11.1241 1.9770e+05
31860.7619 10.9643 2.2657e+04
31876.8119 15.9821 9.4063e+04
31881.4219 17.5750 1.3571e+05
31881.8019 18.6762 1.3571e+05
31895.6419 19.3578 1.2466e+05
31930.4619 14.8560 4.0436e+04
31937.2319 19.9491 7.0414e+04
31950.2820 24.6882 1.8960e+05
31951.1620 14.5049 1.8389e+05
31971.1520 14.2190 4.9782e+04
31978.9420 16.4144 8.3056e+04
31988.6420 12.2516 3.5850e+04
32000.1120 11.9743 1.8194e+05
32001.9120 17.6653 2.0857e+05
32002.7620 21.1767 2.0857e+05
32003.5920 11.3493 2.0857e+05
32004.3420 10.0122 1.3228e+05
32032.0620 18.0876 1.1108e+05
32036.4720 13.0049 9.2943e+04
32050.3920 13.4560 3.9855e+04
32067.4020 16.9171 1.7002e+05
32068.1320 20.8111 1.5773e+05
32082.9220 16.5481 2.5900e+05
32083.5620 10.1668 2.5900e+05
32098.9420 10.6535 2.0983e+05
32121.9220 11.7618 8.4488e+04
32137.6020 10.7700 3.1857e+04
32172.0320 15.9711 1.0024e+05
32172.5520 10.6496 8.2194e+04
32228.4820 10.1768 1.8279e+05
32230.5820 19.8599 1.6950e+05
32241.9220 11.9730 4.3540e+04
32251.9720 11.7698 2.3327e+04
32266.4320 13.3149 5.2989e+04
32275.5220 15.9565 4.2591e+04
32279.7120 10.6324 4.5311e+04
32281.4120 11.2382 5.0799e+04
32293.3220 17.6782 6.0013e+04
32302.7120 11.9046 2.1580e+05
32306.5120 11.2144 2.1273e+05
32324.6320 12.2131 7.9549e+04
32338.2820 10.3487 9.9659e+04
32344.3620 10.6049 2.0761e+05
32345.0820 14.2491 2.0384e+05
32370.6520 11.3016 6.5823e+04
32392.0020 20.6260 9.3601e+04
32404.2420 12.4316 1.7895e+05
32405.0020 19.8827 1.7895e+05
32405.6320 11.7386 1.4244e+05
32415.5720 12.1563 8.1583e+04
32434.0020 20.2038 2.1340e+05
32434.7620 16.4366 2.1152e+05
32467.7920 10.6285 6.5037e+04
32479.7420 10.0802 8.8483e+04
32480.4720 10.0187 8.8483e+04
32495.2820 12.4662 5.3109e+04
32504.1920 17.7613 2.2037e+05
32505.6620 19.4923 2.2037e+05
32539.0820 10.5493 2.1163e+05
32541.0520 14.6944 2.1163e+05
32541.9920 10.5894 2.1163e+05
32542.6620 12.6686 1.7938e+05
32562.2820 13.3710 5.3857e+04
32591.3120 10.5765 2.0149e+05
32593.3520 10.5340 1.5188e+05
32628.1120 22.8110 2.7283e+05
32629.0120 20.5167 2.7283e+05
32629.7820 11.6286 2.3252e+05
32653.8320 11.5972 9.6642e+04
32657.0120 10.8358 9.3102e+04
32684.3420 15.4513 1.6715e+05
32699.2820 13.0226 4.5664e+04
32713.8420 17.5576 1.0460e+05
32718.7220 15.4777 2.4768e+05
32719.4020 18.1098 2.4444e+05
32720.0220 10.8687 1.7320e+05
32753.0120 12.7859 1.2033e+05
32756.0020 14.7824 2.5198e+05
32761.2120 15.8311 2.0204e+05
32763.4320 11.3557 2.0204e+05
32764.7620 10.7043 1.6491e+05
32796.9620 12.0857 7.9485e+04
32804.7420 12.3005 2.9098e+05
32805.4320 20.7893 2.9098e+05
32806.0820 11.4878 2.9098e+05
32806.7320 10.3742 2.3455e+05
32836.1920 12.3533 9.0415e+04
32836.9720 14.2704 5.2259e+04
32845.5020 10.8146 6.2808e+04
32852.9620 10.4448 4.4011e+04
32864.9720 15.8922 1.6595e+05
32865.7920 14.2447 1.6595e+05
32866.4920 15.7902 1.6595e+05
32867.1320 12.3304 1.3404e+05
32886.0320 10.7241 8.0781e+04
32886.4320 13.3796 7.7147e+04
32897.1620 19.9593 2.0157e+05
32897.9520 14.9273 2.0157e+05
32899.4020 11.3663 1.6499e+05
32937.5020 11.2428 8.2777e+04
32943.1620 13.4047 2.3023e+05
32955.2620 18.5566 9.8552e+04
32967.5620 12.4448 4.4438e+05
32970.5520 12.7057 4.2581e+05
32979.0520 15.3865 2.4675e+05
32998.9720 14.0160 1.4376e+05
33007.4620 14.2258 2.5219e+05
33008.1220 10.8265 2.0356e+05
33040.2320 11.1942 7.5831e+04
33064.9120 10.3081 1.6109e+05
33081.6620 14.6159 2.0067e+05
33082.4820 14.0592 1.7674e+05
33106.7920 11.0909 3.2634e+04
33111.0120 12.3862 1.1199e+05
33116.4720 14.6626 9.4999e+04
33121.8220 16.1266 2.1690e+05
33122.5720 10.6854 2.1689e+05
33151.2020 20.2363 1.0539e+05
33156.5020 12.0939 4.1262e+04
33180.5220 11.0722 1.1048e+05
33182.1220 13.5831 1.0959e+05
33182.9320 11.6843 1.0959e+05
33183.7020 10.2790 1.0959e+05
33226.1420 10.3466 2.3353e+05
33226.9520 17.9891 2.3353e+05
33227.6220 11.8348 2.3353e+05
33299.0520 10.6335 1.6321e+05
33299.7420 14.9704 1.5544e+05
33322.8920 19.3584 4.5826e+04
33338.3420 11.8813 4.0900e+04
33342.7920 17.9154 2.4917e+05
33343.6420 20.4458 2.3151e+05
33362.7320 12.4304 7.1171e+04
33368.9420 21.8718 5.1134e+05
33371.0920 17.2644 5.2002e+05
33373.3120 15.2345 5.0743e+05
33375.6320 12.5716 5.0480e+05
33377.9320 12.3337 4.1898e+05
33380.8420 12.2405 5.2120e+05
33383.4420 16.6321 5.3311e+05
33386.0120 14.4429 5.2959e+05
33388.3520 14.3499 4.8536e+05
33399.0320 17.3190 2.3669e+05
33408.5620 12.8946 7.9675e+04
33423.8920 10.3655 7.8199e+04
33425.2620 15.9655 6.1071e+04
33438.6720 10.1823 1.1459e+05
33491.3020 22.6553 2.7280e+05
33492.2320 18.5622 2.7280e+05
33493.1020 12.6248 2.1376e+05
33521.0520 11.8166 5.5214e+04
33537.7420 11.2660 4.8320e+04
33542.8920 24.2550 1.9147e+05
33543.5820 10.8718 1.4521e+05
33558.3720 10.6097 3.1883e+04
33576.4020 19.4338 9.0786e+04
33589.4421 10.2707 2.2011e+05
33590.9521 19.6555 2.2011e+05
33591.9121 21.9481 2.2011e+05
33592.6921 13.6843 1.9814e+05
33606.0321 12.7032 7.9026e+04
33612.4821 12.2681 4.8926e+04
33624.6021 11.1141 2.2131e+04
33635.3821 20.5744 1.4455e+05
33636.1821 17.7696 1.4455e+05
33636.8121 13.1248 1.4455e+05
33648.7321 12.6658 5.0765e+04
33660.9621 11.2437 3.2317e+04
33669.6921 22.5838 1.9941e+05
33670.4621 17.8598 1.7454e+05
33723.3021 11.7295 3.3044e+04
33733.0821 10.3759 9.3904e+04
33733.8221 13.5392 8.0529e+04
33738.0121 19.1695 1.1953e+05
33758.2621 15.1303 8.7931e+04
33777.8421 25.1884 2.1024e+05
33778.6321 11.0556 1.9907e+05
33798.8921 17.1364 3.4131e+04
33805.4221 11.1720 3.4019e+04
33827.4821 10.2800 5.1510e+04
33830.0321 15.1060 3.8322e+04
33846.7921 21.3392 1.5251e+05
33850.0921 14.2464 1.5198e+05
33850.8621 12.4419 1.4794e+05
33851.5921 11.0310 1.4385e+05
33863.5621 10.4279 7.1562e+04
33865.5421 11.4587 6.9297e+04
33871.1221 15.4866 1.1520e+05
33882.8921 21.8338 2.0163e+05
33883.6721 15.6335 2.0163e+05
33884.5021 13.8506 1.8638e+05
33944.3221 20.2082 1.1689e+05
33945.0421 11.1282 1.1689e+05
33976.2521 21.7894 2.1924e+05
33977.0121 19.9170 2.1924e+05
33977.6521 12.3639 2.1924e+05
34034.2621 15.8726 1.6787e+05
34035.5721 15.4625 1.6787e+05
34036.2221 10.8937 1.6787e+05
34036.8421 12.7276 1.3706e+05
34069.8221 21.4191 1.8582e+05
34070.6821 14.2474 1.8410e+05
34088.9521 12.6481 4.0503e+04
34094.8921 10.3841 8.2734e+04
34106.2821 11.1705 3.1191e+04
34115.6621 16.6544 1.2137e+05
34122.2421 11.5566 5.9632e+04
34125.4321 11.2042 6.3956e+04
34140.3521 10.2429 6.9140e+04
34156.0321 18.0289 1.4169e+05
34163.8121 14.6323 7.4203e+04
34179.1821 15.2841 6.9294e+04
34187.3221 12.2619 5.8714e+04
34200.5321 12.9682 5.5810e+04
34226.3921 11.5399 1.3049e+05
34260.7321 12.3064 1.0220e+05
34308.4221 12.8620 1.7235e+05
34309.2221 17.2413 1.7235e+05
34309.9721 12.6493 1.7235e+05
34330.6821 13.7969 6.0794e+04
34341.1721 17.0405 6.5941e+04
34371.7421 11.3036 1.7643e+05
34372.4821 12.3733 1.7643e+05
34373.1921 17.2969 1.7643e+05
34373.8821 13.0120 1.5323e+05
34385.8721 12.3018 3.3789e+04
34405.0221 22.0642 1.8484e+05
34405.9621 15.9605 1.8484e+05
34406.6421 10.5033 1.8484e+05
34444.4821 17.8558 3.3634e+04
34454.4121 15.1098 6.3867e+04
34456.9021 14.7806 4.1613e+04
34463.2221 16.4517 1.0857e+05
34463.9021 13.2542 1.0841e+05
34464.5221 12.0370 9.1864e+04
34489.1121 15.0341 3.6046e+04
34495.8421 20.1980 1.9490e+05
34497.2521 13.6605 1.9490e+05
34498.0921 18.0110 1.7873e+05
34515.2321 10.2277 3.9137e+04
34531.4621 18.9552 4.6614e+04
34542.5621 18.3253 9.2473e+04
34553.4621 18.8811 1.2854e+05
34554.3721 19.6507 1.2854e+05
34555.0521 11.8627 1.2854e+05
34556.4021 10.7144 1.0605e+05
34574.2821 16.4913 5.6565e+04
34588.0421 15.7585 1.7932e+05
34588.8421 22.5852 1.7932e+05
34589.6121 10.8289 1.7932e+05
34603.0221 13.1394 3.5857e+04
34626.4421 18.8785 8.6793e+04
34627.2121 14.0860 7.5417e+04
34664.9121 10.4060 3.4267e+04
34672.3321 13.2263 2.8579e+04
34696.7221 13.3585 4.6533e+04
34706.0621 18.3684 1.4721e+05
34706.8921 16.2839 1.2745e+05
34724.0621 10.3890 5.6046e+04
34726.5321 15.0780 5.1616e+04
34734.7921 14.4669 1.1832e+05
34735.6721 11.3003 1.1832e+05
34738.4021 13.2715 1.1832e+05
34750.0421 23.7566 1.3252e+05
34757.8021 14.6932 3.4873e+04
34769.5121 10.0281 2.3493e+04
34789.4821 15.2110 3.0309e+04
34798.8021 10.5448 2.5956e+04
34805.4821 23.4682 1.1940e+05
34843.7621 10.2432 1.9529e+05
34846.8921 20.6997 2.0628e+05
34847.5321 18.9435 2.0628e+05
34848.1521 11.1025 1.9667e+05
34872.5721 14.1512 7.4884e+04
34883.9421 10.2712 2.2068e+04
34888.1221 15.0560 6.0811e+04
34895.9721 13.8475 7.4306e+04
34898.4921 15.7819 6.5162e+04
34903.3921 20.9106 1.7825e+05
34904.1221 13.0108 1.7825e+05
34924.5221 10.5698 3.7581e+04
34932.8421 13.9900 4.8523e+04
34933.9821 12.1059 4.5104e+04
34957.2621 15.7414 5.4430e+04
34970.1921 20.2934 1.6952e+05
34970.8621 18.3434 1.6773e+05
34971.5021 10.7492 1.0917e+05
34989.5821 11.7704 4.9554e+04
35006.6621 10.7311 1.2864e+05
35007.8121 17.9020 1.2864e+05
35010.2321 11.7172 1.6467e+05
35012.9921 12.4449 1.9964e+05
35013.6321 13.8183 1.9964e+05
35014.2721 13.2815 1.9964e+05
35033.4621 10.3715 4.8207e+04
35049.0721 10.7349 4.2292e+04
35060.9921 10.9005 8.8992e+04
35070.1821 19.8834 1.5583e+05
35070.8621 14.6779 1.5583e+05
35071.5521 10.4184 9.4294e+04
35085.9821 10.9270 4.7097e+04
35089.4021 17.2736 7.4801e+04
35091.3321 12.1342 4.7705e+04
35100.5121 15.7723 7.0067e+04
35114.5321 10.6608 4.4064e+04
35119.3721 20.6379 1.7578e+05
35120.0821 10.9296 1.7578e+05
35120.7021 13.0941 1.7578e+05
35141.7521 15.6982 5.6407e+04
35146.8221 15.0260 6.1814e+04
35150.8521 12.3204 4.6145e+04
35161.7221 13.8538 5.7615e+04
35196.4321 10.8434 2.2709e+04
35201.9521 13.9871 7.2859e+04
35206.8521 11.3380 8.7228e+04
35247.7722 12.7486 2.3449e+05
35248.5822 20.5246 2.3449e+05
35249.2722 15.5679 2.3449e+05
35264.4622 15.9972 7.1433e+04
35289.6022 10.9832 8.0039e+04
35289.9322 15.9957 5.7689e+04
35300.4522 11.9613 4.2116e+04
35310.8322 12.0135 1.6819e+05
35313.3022 14.3421 1.6819e+05
35314.0222 13.6523 1.6819e+05
35314.6422 15.4392 1.5194e+05
35342.6422 10.8704 4.8151e+04
35349.8222 21.5971 2.4048e+05
35350.6822 16.6080 2.4048e+05
35351.4422 14.0405 2.4048e+05
35388.6622 16.4897 1.2297e+05
35422.6122 10.5954 7.9497e+04
35434.8422 12.3395 4.7309e+04
35443.6022 11.4392 3.8483e+04
35454.0422 14.8056 2.1739e+05
35461.3022 12.9725 2.5891e+05
35462.8322 13.0258 2.5891e+05
35533.7422 19.1381 1.4824e+05
35555.9522 13.6764 8.2342e+04
35565.1122 20.5663 2.7381e+05
35565.9222 15.5745 2.6189e+05
35628.8422 10.3913 7.8752e+04
35634.5622 15.4037 6.6742e+04
35669.4322 20.9284 2.2548e+05
35670.1022 14.3904 2.2548e+05
35670.7222 13.0273 2.2391e+05
35718.9022 24.1258 2.2440e+05
35719.6022 14.2778 2.2440e+05
35737.9422 11.5476 3.1797e+04
35749.5022 11.4546 4.3723e+04
35759.4022 15.7004 5.0227e+04
35768.6322 10.4279 3.7891e+04
35800.1922 10.5238 1.4404e+05
35844.9922 16.7594 1.9820e+05
35846.1822 10.5572 1.5504e+05
36004.3422 10.6003 2.9386e+05
36004.9922 22.8606 2.4374e+05
36007.4322 10.5793 1.6848e+05
36031.5322 10.8242 6.7281e+04
36055.0522 15.2326 3.2012e+04
36061.9522 10.1191 7.8539e+04
36072.3922 12.6566 5.9072e+04
36102.7622 10.2897 7.5830e+04
36115.0922 19.2010 1.1238e+05
36147.7822 24.0823 1.6789e+05
36203.3322 10.4908 1.2440e+05
36306.2122 22.7072 1.9367e+05
36307.5322 13.7358 1.9367e+05
36379.1722 21.9347 1.6548e+05
36380.0122 16.0741 1.6548e+05
36415.5122 24.7387 2.1334e+05
36418.3622 10.1301 2.1084e+05
36434.0922 12.8613 2.7147e+04
36440.4822 14.9778 2.3931e+04
36472.4322 15.4312 3.8531e+04
36483.5122 19.3248 1.0682e+05
36484.1022 19.5967 1.0682e+05
36484.7822 10.1484 9.0918e+04
36524.3422 19.6302 1.4128e+05
36525.1122 18.4898 1.3531e+05
36588.8622 14.1648 9.7818e+04
36589.5622 10.4878 9.7818e+04
36590.8922 10.5042 9.3611e+04
36608.4622 12.0966 4.5017e+04
36631.1022 19.5715 2.1554e+05
36631.8122 14.0797 2.1554e+05
36679.9322 10.5591 5.3434e+04
36716.3622 15.6540 1.1491e+05
36718.3422 13.1124 9.8735e+04
36739.8222 10.2656 2.3353e+04
36751.6522 11.8867 2.2552e+05
36752.6022 24.5192 2.2552e+05
36753.4222 13.5967 1.6998e+05
36775.8722 10.8008 5.1166e+04
36803.9122 10.6073 3.3689e+04
36837.8522 11.0238 3.9364e+04
36843.0822 12.8074 1.5206e+05
36844.4422 11.0136 1.5206e+05
36877.6123 11.6447 7.6289e+04
36880.4723 15.9278 9.6695e+04
36886.4423 20.0920 2.2598e+05
36887.2323 14.1434 2.2587e+05
36900.7223 10.1518 9.6453e+04
36908.7623 12.8682 9.4656e+04
36945.7823 14.4667 8.2814e+04
36999.0323 10.9083 6.0342e+04
37028.9123 10.7776 1.2432e+05
37031.2223 11.4878 1.2432e+05
37040.3423 15.5951 2.0593e+05
37041.6123 14.6320 2.0494e+05
37056.8523 14.7834 2.4094e+05
37083.0423 17.3712 1.7548e+05
37085.0823 10.6766 1.6175e+05
37142.3123 11.7629 8.8495e+04
37162.4523 19.1630 1.3183e+05
37163.6623 12.4024 1.0192e+05
37175.6523 12.1210 4.4281e+04
37186.2223 10.9519 3.4375e+04
37202.1923 13.7122 6.5032e+04
37225.6223 22.0660 2.1583e+05
37226.3223 13.9103 2.1583e+05
37227.4723 11.4157 1.9844e+05
37241.3123 21.1846 2.0697e+05
37252.2823 14.5341 7.3035e+04
37261.2723 19.3796 1.1891e+05
37262.9823 12.2069 6.0741e+04
37268.0723 14.7732 1.2606e+05
37278.0223 10.8060 9.8921e+04
37279.5323 10.0949 8.0721e+04
37287.2723 10.1448 7.8641e+04
37317.9723 12.0070 8.6144e+04
37342.1123 22.0129 2.2412e+05
37342.7423 14.7548 2.2412e+05
37387.3423 10.5996 4.6216e+04
37389.3723 11.1680 2.4131e+04
37414.8323 18.0734 1.4056e+05
37415.7423 11.5566 1.4056e+05
37416.4123 18.6266 1.4056e+05
37417.6923 10.8753 1.1702e+05
37463.2023 18.2746 1.7974e+05
37463.9123 21.0409 1.7974e+05
37464.6123 12.7092 1.7974e+05
37465.2623 10.8791 1.7663e+05
37520.0323 13.8025 7.5734e+04
37536.8923 19.2693 5.1262e+04
37551.4423 12.5320 9.3714e+04
37567.9323 15.8524 8.1319e+04
37582.9523 13.5110 7.3148e+04
37591.8123 14.8753 9.9734e+04
37611.3623 15.5011 2.1461e+04
37628.5623 13.2667 2.8552e+04
37637.6723 17.9834 1.2668e+05
37638.3823 17.7768 1.2185e+05
37667.3523 10.5649 2.6409e+04
37687.9523 19.2553 2.1160e+05
37688.6623 19.7085 2.1160e+05
37689.3523 11.8433 2.1059e+05
37689.9923 10.5006 2.1059e+05
37786.6723 10.4689 5.7997e+04
37789.0823 10.8026 5.5559e+04
37798.7623 11.7285 4.7250e+04
37811.5123 11.5450 1.6605e+05
37812.2223 12.6269 1.6466e+05
37864.6623 20.0822 1.2625e+05
37865.9523 12.0635 1.1480e+05
37908.8323 10.8308 3.5473e+04
37914.1123 13.1480 5.7243e+04
37929.7223 10.2456 6.5710e+04
37948.7223 13.1491 3.7997e+04
37954.8223 16.0930 7.6060e+04
37959.2123 13.6670 1.8927e+05
37959.9123 10.8207 1.8927e+05
37960.5923 14.0677 1.7897e+05
38004.0923 20.1014 2.0790e+05
38004.7923 22.2187 2.0790e+05
38005.4523 11.2385 1.9898e+05
38079.6723 13.1930 5.5875e+04
38113.4223 12.4900 2.4243e+04
38121.9023 17.2409 1.8628e+05
38122.6323 23.0138 1.8628e+05
38124.0423 11.6140 1.8628e+05
38162.7323 20.1187 2.9848e+05
38163.5223 22.5061 2.9848e+05
38164.2723 12.4740 2.9848e+05
38164.9723 10.9506 2.9848e+05
38185.1323 10.9379 3.1646e+04
38195.4823 10.5997 5.2484e+04
38201.7523 15.4558 8.2415e+04
38210.6223 12.2992 2.7305e+04
38222.3423 12.0187 1.2253e+05
38237.1523 19.3256 5.3497e+04
38271.7123 18.9202 1.4218e+05
38272.3423 13.7965 1.4218e+05
38281.7723 13.5388 7.3596e+04
38314.0823 23.3951 2.6704e+05
38314.9123 14.4279 2.6704e+05
38316.3923 12.2415 2.6704e+05
38317.1223 10.9148 2.5668e+05
38341.8523 17.8590 5.3492e+04
38364.0123 10.6886 7.2237e+04
38367.5723 20.3745 1.1947e+05
38369.4623 16.2246 1.0708e+05
38388.4623 14.8176 6.7429e+04
38399.3023 15.0475 1.7202e+05
38399.9423 15.3358 1.7202e+05
38401.2023 15.1629 1.5022e+05
38426.2123 15.6218 5.4365e+04
38428.9323 12.4098 3.9845e+04
38452.0923 25.0863 2.3545e+05
38452.8123 15.2433 2.2817e+05
38453.5023 10.4488 2.1968e+05
38480.9723 12.3791 3.4593e+04
38490.4523 11.1294 3.0449e+04
38517.1024 14.5016 5.8598e+04
38540.2924 13.0176 1.2946e+05
38541.0624 20.4043 1.2946e+05
38551.1024 14.0289 1.0512e+05
38551.9524 15.0023 1.0512e+05
38552.7324 10.4076 4.9126e+04
38583.8624 24.0400 2.5464e+05
38584.6524 16.0919 2.5464e+05
38610.7824 13.5770 4.5711e+04
38625.4424 16.3577 5.9012e+04
38676.4124 13.5588 1.8474e+05
38677.1324 12.1105 1.8474e+05
38677.8324 14.3546 1.7377e+05
38698.4824 10.0788 1.5032e+05
38699.2724 11.5107 1.3947e+05
38713.8924 11.2585 2.5416e+05
38714.6324 15.4014 2.5416e+05
38715.3124 12.5915 2.5416e+05
38727.9224 12.3747 7.6602e+04
38751.4924 15.7750 2.4840e+05
38755.3624 24.1047 2.4840e+05
38768.8724 11.6539 1.0312e+05
38782.0724 18.5450 1.4778e+05
38789.2624 11.0513 1.1375e+05
38806.7624 11.2978 1.8281e+05
38807.9624 14.2774 1.3179e+05
38818.1424 20.6081 2.7167e+05
38818.8924 11.0103 2.7167e+05
38819.6524 11.9811 2.7167e+05
38855.7624 15.7143 1.1523e+05
38870.4724 10.9356 2.1309e+05
38881.7824 13.0511 1.8804e+05
38907.0224 12.8494 1.9426e+05
38919.9124 18.4096 2.9425e+05
38920.6224 14.6772 2.9425e+05
38922.0224 12.1328 3.0765e+05
38922.8124 10.5010 3.0090e+05
38955.5224 10.7465 8.0331e+04
38996.1524 12.6322 1.2407e+05
39010.8924 13.0142 9.1388e+04
39025.3224 13.3064 9.1711e+04
39043.1824 20.4240 2.6586e+05
39043.8724 13.5687 2.6586e+05
39044.5724 12.5092 2.6586e+05
39120.6224 10.0194 1.7343e+05
39121.3224 13.0034 1.5071e+05
39170.2324 17.9306 2.6120e+05
39170.8824 12.3870 2.4598e+05
39201.9624 14.7883 1.2120e+05
39223.8824 11.8570 8.2466e+04
39245.2124 18.5198 2.6053e+05
39278.5224 16.8758 1.4447e+05
39339.0624 13.5444 4.2513e+04
39369.6824 13.9691 1.0659e+05
39426.8724 10.9453 4.2209e+04
39447.2924 17.3727 4.5475e+04
39545.4124 10.9615 4.7458e+04
39568.0524 11.2587 4.8645e+04
39583.0124 13.4372 6.0253e+04
39591.8924 16.5374 8.3135e+04
39599.1624 12.4254 1.2201e+05
39600.5224 12.2843 1.3739e+05
39632.7424 16.8082 3.8533e+05
39653.7824 13.2363 3.1284e+05
39697.1724 16.4500 1.4863e+05
39720.2824 10.0507 8.8200e+05
39801.9524 16.0213 1.1595e+05
39808.3524 12.5073 1.3099e+05
39841.2324 10.5933 1.6453e+05
39841.7424 10.8408 8.2756e+04
39864.5424 13.0116 1.5561e+05
39873.2024 20.2778 2.3642e+05
39873.9024 13.2216 2.3642e+05
39984.3924 19.8805 6.7198e+04
40001.8924 13.5289 5.3964e+04
40013.5124 13.9627 9.3610e+04
40016.0624 12.4981 9.2769e+04
40017.7924 15.1309 6.8542e+04
40025.6624 12.6637 5.6379e+04
40035.4524 10.1810 8.9914e+04
40038.8024 12.5764 8.0242e+04
40052.7124 10.1145 8.7513e+04
40065.4424 15.9503 1.8525e+05
40124.4424 10.6132 6.0078e+04
40129.5624 14.4079 1.9997e+05
40181.8925 13.6277 4.8417e+04
40187.3525 11.7372 6.5352e+04
40192.7325 10.2108 8.7414e+04
40209.5025 10.4152 1.7373e+05
40210.2525 20.7214 1.7373e+05
40262.0625 10.0799 2.3778e+05
40262.8525 15.8675 2.3778e+05
40264.2925 14.2196 2.3778e+05
40265.0425 11.0016 2.3778e+05
40265.7325 12.4910 2.1591e+05
40289.0125 15.2161 9.9490e+04
40293.8225 11.6835 7.2779e+04
40322.7325 18.7043 1.5075e+05
40327.6225 14.2983 1.5153e+05
40339.8325 10.8336 4.0591e+04
40358.0725 13.6497 3.4105e+04
40370.7825 22.2009 2.5040e+05
40371.6625 15.7565 2.4095e+05
40374.4925 10.5811 2.3673e+05
40409.6325 11.5003 4.2760e+04
40417.4125 12.2370 2.8815e+04
40430.9525 17.4645 5.2242e+04
40442.9725 10.9259 3.0776e+04
40453.5025 11.7369 5.2682e+04
40470.4525 20.1771 2.2062e+05
40471.0725 21.0897 2.2062e+05
40471.7025 13.3560 2.2062e+05
40474.8125 13.3887 1.8759e+05
40486.1725 12.9107 3.3576e+04
40502.2225 13.0116 2.6508e+04
40507.9625 10.6654 2.5321e+04
40515.1325 21.6710 1.0736e+05
40531.6825 25.3335 1.7675e+05
40532.3125 13.9118 1.6464e+05
40596.0725 10.3517 6.1843e+04
40615.7625 12.4014 4.3124e+04
40660.8325 17.5737 2.5690e+04
40708.7725 13.0372 3.5529e+04
40749.8525 10.5723 1.2601e+05
40753.0525 20.9481 1.2601e+05
40780.2025 13.2033 4.9824e+04
40787.7025 23.3929 3.2639e+05
40788.3225 16.8104 3.2639e+05
40831.2425 11.1908 2.3751e+04
40859.3025 14.8316 5.1808e+04
40876.0325 18.3308 5.0237e+04
40898.2425 10.3872 1.6304e+05
40901.4025 23.9792 1.6304e+05
40919.5525 12.0587 3.3806e+04
40926.4425 12.6564 4.6371e+04
40932.1125 10.8663 6.2041e+04
40944.9425 23.0164 2.2656e+05
40945.5725 12.8097 2.2656e+05
40967.6225 12.6100 4.6448e+04
40990.8525 10.2149 5.3135e+04
41020.4425 12.2596 1.7438e+05
41020.9925 12.0708 1.7438e+05
41021.7325 11.8493 1.7438e+05
41034.8325 16.1270 6.0566e+04
41042.5825 22.5458 2.0493e+05
41043.2325 10.0162 1.4640e+05
41076.3525 12.5880 6.1879e+04
41084.8625 10.1219 4.1240e+04
41086.1825 10.7257 3.7545e+04
41097.4725 23.9993 2.2159e+05
41098.1025 13.4932 2.1999e+05
41100.4425 10.8853 2.0553e+05
41120.3525 14.8614 4.9895e+04
41162.9725 22.3013 1.9113e+05
41163.5825 13.4527 1.7778e+05
41191.4625 23.2305 3.2239e+05
41192.0525 13.4753 3.2239e+05
41194.3325 10.1506 3.2239e+05
41195.0825 10.2287 2.1375e+05
41209.7825 18.0401 2.6880e+05
41264.5525 20.0266 1.9476e+05
41265.1225 12.3735 1.6478e+05
41299.2125 24.9085 3.1924e+05
41299.8025 13.2985 3.1924e+05
41302.0625 12.1094 3.1362e+05
41320.0625 10.7466 6.9813e+04
41344.5225 11.7706 7.3515e+04
41371.0125 11.6234 5.2182e+04
41408.9525 10.3587 5.6780e+04
41411.8925 11.7221 4.0367e+04
41419.0325 13.6682 1.8959e+05
41422.5225 22.1559 1.8959e+05
41423.1425 14.1667 1.7099e+05
41445.5325 15.0988 5.1360e+04
41446.9825 12.0003 3.1247e+04
41455.1925 11.8329 4.2283e+04
41470.4025 23.8103 2.2620e+05
41471.0125 12.1276 2.2620e+05
41473.3825 10.1074 1.4759e+05
41538.7225 24.4982 2.0685e+05
41539.3325 11.9410 2.0685e+05
41540.5225 11.1254 2.0433e+05
41574.0925 18.7066 4.0449e+05
41655.6025 23.2897 1.7391e+05
41656.2225 12.6261 1.4904e+05
41686.7325 10.3561 8.0525e+04
41700.0325 24.4389 2.7379e+05
41700.6325 13.2420 2.7379e+05
41761.4825 13.4853 1.1784e+05
41770.1525 12.2793 1.0360e+05
41842.8126 23.1972 1.9712e+05
41843.4626 13.6400 1.9561e+05
41867.6226 12.7669 5.5644e+04
41877.1826 12.9969 6.3993e+04
41880.9326 12.1106 6.1699e+04
41889.0426 20.7336 2.2327e+05
41889.7026 16.7834 2.2327e+05
41892.8326 11.1722 2.0863e+05
41936.3926 18.8733 2.0989e+05
41939.4826 13.6807 1.3904e+05
41948.5326 10.3415 6.2675e+04
41955.8226 11.3033 7.5782e+04
41973.2226 16.7742 3.1370e+05
41976.8026 11.5434 3.7487e+05
42004.7026 21.6860 2.3230e+05
42008.8826 20.3443 2.1472e+05
42017.2526 21.1243 2.5019e+05
42017.8626 13.1015 2.5019e+05
42020.2326 10.2259 1.9518e+05
42057.5026 12.6641 4.8000e+04
42114.0926 10.0222 4.0008e+04
42120.7526 10.0736 3.2138e+04
42153.2426 23.5547 1.3895e+05
42194.5226 12.7568 3.5435e+04
42200.7726 11.8746 3.5108e+04
42208.7426 12.4738 4.2847e+04
42225.0226 17.1399 1.8284e+05
42225.7626 11.2177 1.8284e+05
42226.4026 13.9350 1.8284e+05
42227.0126 10.3318 1.7359e+05
42262.1026 10.1689 1.9600e+05
42263.0326 22.1576 1.9600e+05
42263.8126 11.6458 1.9600e+05
42278.9826 15.2260 6.6858e+04
42284.0626 16.2055 4.6917e+04
42312.4426 16.6922 5.5018e+04
42323.5226 19.7613 1.5407e+05
42324.9626 17.3950 1.5407e+05
42325.7126 11.8606 1.0135e+05
42334.4826 11.5065 9.1026e+04
42367.7326 23.8983 2.5622e+05
42368.6426 20.9472 2.5622e+05
42369.3926 11.7003 2.4091e+05
42384.6326 10.4584 3.9631e+04
42436.2526 24.7408 1.6249e+05
42436.9426 17.3984 1.3672e+05
42456.2026 19.4630 3.6733e+04
42480.0426 12.0842 2.6358e+05
42481.2126 23.7112 2.6358e+05
42482.0026 15.8468 2.6358e+05
42482.7726 12.5125 2.5698e+05
42542.8426 11.7228 5.7513e+04
42554.1326 11.3214 1.0992e+05
42557.9726 15.6256 2.0869e+05
42559.4226 16.3434 1.7935e+05
42598.9726 14.4455 1.6098e+05
42601.4226 20.3685 2.0574e+05
42602.4126 18.3360 2.0574e+05
42604.0026 11.3874 2.0310e+05
42628.9826 11.6073 4.4347e+04
42639.2326 13.6015 4.5733e+04
42642.9126 15.2770 5.1487e+04
42667.9926 21.5875 2.2368e+05
42668.7926 16.8209 2.2368e+05
42670.2326 11.3101 1.8594e+05
42697.5826 10.3328 2.6605e+04
42713.5926 15.4543 3.0404e+04
42722.0326 11.2912 3.7818e+04
42725.2026 10.3968 2.1501e+05
42725.7926 10.8852 2.1532e+05
42726.7226 19.9683 2.1532e+05
42727.5826 10.5932 2.1532e+05
42728.5426 15.8321 2.0598e+05
42768.7326 10.1667 5.6061e+04
42789.7026 22.6932 1.6032e+05
42790.5426 15.9790 1.5939e+05
42832.4826 12.2277 2.5334e+04
42843.6126 23.4101 1.5828e+05
42844.3826 18.1859 1.5828e+05
42845.1626 10.5178 1.5828e+05
42893.5126 11.7770 2.2240e+04
42905.1726 20.9407 1.8015e+05
42905.9526 16.7865 1.8015e+05
42907.6226 11.8256 1.5219e+05
42933.8926 11.2598 4.2057e+04
42935.4926 12.8629 3.8571e+04
42940.0826 20.3232 2.1126e+05
42940.8226 18.9146 2.1126e+05
42959.8126 10.4212 7.4566e+04
42995.5826 20.0059 1.4833e+05
42996.4626 16.3540 1.4833e+05
42997.8726 11.2927 1.4253e+05
43040.1826 20.0830 2.5310e+05
43041.0226 23.9909 2.5310e+05
43041.7626 11.5591 2.4847e+05
43070.2926 11.8582 3.3187e+04
43107.7026 21.8702 2.0688e+05
43108.6226 16.5202 2.0688e+05
43145.1226 22.9201 2.1802e+05
43146.0926 16.0524 2.1802e+05
43146.7826 12.7394 2.1420e+05
43199.7526 21.3212 1.9579e+05
43200.5026 12.9702 1.9579e+05
43201.1726 15.4324 1.9579e+05
43202.5026 10.2469 1.2175e+05
43246.0326 21.2288 2.5081e+05
43246.8426 22.9371 2.5081e+05
43247.6526 10.6147 2.5019e+05
43272.3826 10.7426 2.0843e+04
43287.1026 10.1074 2.2297e+04
43318.0026 24.2557 2.1020e+05
43318.7526 13.2726 2.1020e+05
43319.4426 11.1542 2.1020e+05
43320.7326 11.2342 2.0550e+05
43380.5126 23.0737 2.4607e+05
43381.8926 21.0351 2.4607e+05
43382.6626 12.1932 2.4607e+05
43433.2127 10.5305 2.7664e+05
43454.2727 12.6840 8.3007e+05
43498.4527 18.2901 2.2726e+05
43499.2027 19.5110 2.2220e+05
43527.8027 10.3019 2.4637e+04
43549.6427 23.4377 2.0856e+05
43550.4027 18.3919 2.0856e+05
43551.0827 12.4303 1.8683e+05
43573.9027 11.0110 3.8940e+04
43589.1827 25.3051 2.3074e+05
43590.0827 14.8174 2.2302e+05
43614.2527 10.2989 7.9600e+04
43652.0327 23.7109 2.3207e+05
43652.7627 20.7773 2.1969e+05
43692.4327 13.4033 2.3089e+05
43693.2827 24.0094 2.3089e+05
43734.9327 13.0534 4.2776e+04
43750.2227 22.6106 1.9996e+05
43750.9527 16.2244 1.9577e+05
43796.1227 25.0655 2.5406e+05
43796.8827 14.9781 2.5406e+05
43797.5027 12.0258 2.4561e+05
43830.7327 18.6050 2.8110e+04
43836.2527 13.1119 3.4697e+04
43869.6827 24.1445 1.7661e+05
43870.4127 18.6941 1.7604e+05
43922.2127 25.0952 2.5068e+05
43923.6327 10.4170 2.5068e+05
43981.1527 11.3786 1.8388e+05
43982.0027 21.4307 1.8388e+05
43983.6627 11.7915 1.8388e+05
43984.9927 10.0255 1.2268e+05
44035.1827 17.3745 2.2489e+05
44035.8427 10.1732 2.2191e+05
44092.6727 10.3900 4.6523e+04
44122.0427 23.4578 2.1753e+05
44122.8327 15.1415 2.1243e+05
44172.6727 18.0080 2.1059e+05
44174.2627 12.4251 1.9463e+05
44235.5527 15.9058 2.1627e+05
44236.2327 20.5524 2.1627e+05
44237.4427 10.2858 2.1627e+05
44296.1327 10.0518 1.6784e+05
44297.0827 15.6828 1.6784e+05
44297.9227 18.7157 1.6417e+05
44319.0927 12.1902 5.3582e+04
44328.7727 10.2182 4.0558e+04
44347.1327 11.1330 2.9411e+04
44368.3727 23.1110 1.9735e+05
44369.8827 18.8630 1.9439e+05
44408.1327 23.3438 2.1871e+05
44408.9627 13.3717 2.1301e+05
44473.9827 19.7966 1.4591e+05
44474.6827 13.2751 1.4591e+05
44475.3327 10.6543 1.4544e+05
44475.9927 12.1477 1.4544e+05
44502.2127 12.1858 2.6845e+04
44509.5527 23.2003 2.0809e+05
44510.3327 16.4925 1.9395e+05
44548.3827 10.6372 3.4944e+04
44568.1827 22.9069 1.3849e+05
44568.9527 13.5026 1.3849e+05
44569.6227 11.3886 1.3777e+05
44584.7327 15.5890 3.7143e+04
44608.2127 24.2835 2.0833e+05
44609.0127 14.1837 2.0501e+05
44609.7727 11.1252 1.6869e+05
44634.7127 21.0016 1.2185e+05
44658.2527 11.3474 4.3477e+04
44690.2727 17.0563 1.0492e+05
44707.7227 11.4723 4.5569e+04
44748.7827 10.1300 9.5592e+04
44779.6527 10.2199 5.6085e+04
44789.8227 11.2664 4.7702e+04
44814.7627 11.3412 6.4411e+04
44817.2227 12.5155 4.9366e+04
44897.6327 14.1012 1.2359e+05
44923.6427 16.0784 9.5594e+04
44938.5527 12.0864 5.9762e+04
44939.5427 18.5910 5.0951e+04
45006.7027 10.9948 4.6585e+05
45041.1127 11.0663 1.3748e+05
45062.2528 11.4638 1.7398e+05
45062.8928 17.1786 1.7398e+05
45063.5328 15.6998 1.7398e+05
45127.3428 13.2425 1.7919e+05
45128.7328 10.0520 1.0772e+05
45186.5728 11.0863 5.0021e+04
45196.9328 10.0197 1.5139e+05
45213.2928 18.1974 1.6632e+05
45262.7428 12.1335 1.9829e+05
45264.2428 15.7577 1.9829e+05
45264.9528 12.6021 1.9829e+05
45298.3528 11.5614 4.6586e+04
45321.1528 11.9381 4.0801e+04
45333.1428 23.1856 1.5334e+05
45334.5028 13.2013 1.4811e+05
45370.6928 25.0548 2.1706e+05
45371.5328 17.6972 2.1706e+05
45372.3028 11.0308 1.4709e+05
45408.3628 10.9807 7.8199e+04
45420.4328 23.0565 2.3379e+05
45421.2228 19.3542 2.3379e+05
45421.9228 11.3696 2.0326e+05
45462.0528 21.7831 2.5535e+05
45462.9828 18.2564 2.5328e+05
45516.7828 18.7734 2.3074e+05
45566.6928 18.9193 2.3160e+05
45567.3928 10.4744 2.3150e+05
45568.0128 10.3127 2.1115e+05
45639.4728 20.9063 2.1643e+05
45640.2528 11.8157 2.1643e+05
45640.9428 13.7837 1.8951e+05
45667.6528 12.5854 4.9800e+04
45677.1028 18.0134 2.6086e+05
45677.9328 19.5995 2.6086e+05
45678.6828 12.2628 2.6086e+05
45783.2028 13.1897 6.1464e+04
45804.0828 14.9740 1.5950e+05
45839.4528 11.8401 5.9797e+04
45839.9828 11.1010 6.0054e+04
45848.2828 12.0760 7.5372e+04
45868.4828 10.9012 1.0989e+05
45873.7228 11.3880 1.6598e+05
45900.8228 15.5065 2.3259e+05
45903.7028 23.3153 2.3259e+05
45904.3128 13.7116 1.9081e+05
45921.4928 18.4948 5.8353e+04
45926.2128 13.1010 4.4235e+04
45938.7028 15.5223 6.2742e+04
45946.7628 21.5825 2.2199e+05
45947.3928 12.9540 1.9178e+05
45975.6228 16.6546 4.4229e+04
45985.1228 10.4483 3.5480e+04
46002.1328 24.7818 2.3379e+05
46002.7428 13.1479 2.0495e+05
46029.9428 10.1915 2.6671e+04
46046.7428 25.4758 2.7081e+05
46047.3528 15.5335 2.5468e+05
46082.0628 10.4682 5.0179e+04
46091.6528 13.4512 1.6304e+05
46092.3128 12.2929 1.1797e+05
46109.9728 19.3487 2.2107e+05
46110.5828 12.3533 1.9402e+05
46130.5428 10.4982 7.6130e+04
46140.4828 12.0006 7.7989e+04
46145.8828 20.7945 2.7262e+05
46146.5028 17.6414 2.7262e+05
46147.1328 11.3171 2.7262e+05
46148.8428 10.4466 2.4226e+05
46176.6328 11.0071 1.4394e+05
46177.0328 14.9202 1.4394e+05
46177.9528 11.3802 1.1109e+05
46201.8928 25.0432 2.2154e+05
46202.5028 11.0605 1.6544e+05
46224.2328 21.6375 1.4380e+05
46232.7828 10.4310 5.4020e+04
46238.0628 13.7456 7.6288e+04
46245.8028 22.8079 2.8125e+05
46246.4128 14.5565 2.8125e+05
46299.7128 11.0362 4.3591e+04
46313.7228 22.4891 1.8691e+05
46347.9928 18.8357 2.8620e+05
46348.6028 10.5927 2.7732e+05
46368.8928 10.1080 1.8167e+05
46400.4828 12.0926 2.3757e+05
46401.0728 10.8243 1.7206e+05
46454.3528 23.7708 2.5993e+05
46454.9628 14.5150 2.5993e+05
46513.6928 21.7766 2.4460e+05
46514.3128 12.1274 1.6049e+05
46556.5528 22.5412 2.6885e+05
46557.1528 15.1704 2.6885e+05
46559.4928 10.5463 2.2925e+05
46578.3428 10.7877 9.2397e+04
46608.9728 18.0552 2.5816e+05
46609.5728 10.9580 2.4568e+05
46654.0028 24.4224 2.8067e+05
46654.6328 13.0724 2.7381e+05
46685.0728 14.7020 9.6493e+04
46686.3828 10.5207 9.7714e+04
46698.0029 12.5922 7.5741e+04
46709.3629 11.4484 1.3986e+05
46712.2329 11.2253 1.5604e+05
46725.5129 11.0741 9.5027e+04
46727.0729 12.9338 8.0979e+04
46733.6429 22.4126 2.3683e+05
46734.2629 12.7004 2.1303e+05
46760.1029 13.6847 8.9004e+04
46765.9929 13.9631 2.2696e+05
46774.8229 11.0449 1.3644e+05
46793.0329 20.7377 2.9710e+05
46793.6529 12.4817 2.9710e+05
46804.0029 10.6940 4.7211e+05
46843.1729 13.3256 5.9582e+05
46844.5029 17.8666 5.9582e+05
46883.8129 14.0813 1.9825e+05
46887.4429 24.4564 2.6483e+05
46888.0429 13.8670 2.6017e+05
46890.2829 10.3662 2.1738e+05
46916.9229 13.3383 1.8661e+05
46919.2229 21.0824 1.7064e+05
46929.4429 15.5804 8.8576e+04
46940.6729 14.7995 8.7212e+04
46979.3029 17.2289 1.3789e+05
47026.7329 10.4315 5.4420e+04
47048.0329 13.9909 6.1828e+04
47059.7329 12.9528 5.9955e+04
47072.4329 12.1303 1.9581e+05
47112.7629 11.8955 5.0176e+04
47117.3729 10.5306 6.1259e+04
47128.3129 12.4399 6.5825e+04
47133.7329 15.2360 2.1289e+05
47137.7629 10.4527 1.9934e+05
47140.8929 10.4115 3.7327e+05
47142.7729 14.0754 5.2394e+05
47145.5929 13.9185 2.2122e+05
47155.3729 23.6921 3.9396e+05
47176.8629 15.1791 8.0606e+04
47204.3229 19.6978 1.6286e+05
47241.0829 15.9201 2.2084e+05
47241.7929 15.8468 2.1755e+05
47265.9329 10.0195 6.6276e+04
47305.4329 19.2422 1.8078e+05
47306.3029 18.0378 1.7586e+05
47307.7429 11.3787 1.2706e+05
47341.2729 13.2535 6.0536e+04
47348.7029 22.5692 2.1156e+05
47349.4029 14.6981 1.9708e+05
47410.1129 21.1714 1.6503e+05
47410.7829 12.5668 1.6292e+05
47449.3829 23.3950 2.1860e+05
47450.1929 20.3772 2.1036e+05
47494.1129 14.8773 7.6512e+04
47504.6129 18.7968 1.5362e+05
47505.4429 20.6110 1.5362e+05
47506.1129 12.1216 1.5362e+05
47506.7729 10.8852 1.1960e+05
47535.2829 16.9483 7.8525e+04
47554.4029 22.5601 1.9441e+05
47555.2129 11.5419 1.9441e+05
47555.9229 12.2357 1.7711e+05
47620.2129 19.3640 1.3059e+05
47620.9129 10.8228 1.2567e+05
47652.0429 24.5193 1.8849e+05
47652.7929 18.8145 1.8849e+05
47653.4529 11.2077 1.5018e+05
47675.9629 11.3382 5.8975e+04
47776.5929 21.8439 1.6623e+05
47777.2229 16.9982 1.4144e+05
47850.8429 10.9904 6.9973e+04
47852.0229 12.8453 6.2720e+04
47880.5129 10.6943 1.7932e+04
47885.3729 15.5552 6.9432e+04
47898.2529 15.5908 8.6510e+04
47901.0529 12.7574 3.8966e+04
47920.9329 17.0484 5.1672e+04
47923.9029 12.3196 4.1015e+04
47943.7829 12.0349 1.4692e+05
47946.8929 18.5657 1.5398e+05
47947.5829 16.1704 1.5377e+05
47948.1929 11.0534 1.3572e+05
47966.9629 11.2020 5.2209e+04
47989.4929 16.4215 1.6216e+05
47992.6429 10.2459 1.2292e+05
48028.4829 10.3148 4.6267e+04
48062.3229 22.9317 1.4842e+05
48063.1429 13.1993 1.4842e+05
48063.9129 12.2080 1.4237e+05
48082.3829 12.8666 3.9496e+04
48102.1129 22.4217 1.8901e+05
48102.9029 14.8510 1.8880e+05
48104.0529 14.5783 1.8880e+05
48162.7629 23.2378 1.3216e+05
48163.5229 15.2824 1.3216e+05
48164.1329 14.0643 1.3216e+05
48195.6729 18.3134 3.2798e+04
48205.2629 23.8073 1.9201e+05
48245.1729 20.5454 3.1721e+04
48258.8129 11.8993 2.0025e+04
48272.3529 10.2087 2.5792e+04
48273.8629 11.5458 2.5534e+04
48279.3829 12.5100 3.0500e+04
48338.1430 24.9719 1.4055e+05
48340.1130 10.2442 1.1555e+05
48386.6530 22.5532 2.4561e+05
48387.4130 17.2600 2.4561e+05
48388.1130 11.3426 2.3497e+05
48506.4930 11.7963 2.5312e+04
48554.9230 14.6617 4.7040e+04
48556.2030 10.4368 4.7040e+04
48558.5130 10.3083 3.9784e+04
48571.4230 19.5550 1.7799e+04
48590.6030 10.0615 1.0987e+04
48596.5530 11.2378 2.0561e+04
48610.7930 10.8009 2.3188e+04
48622.2130 14.1807 2.9894e+04
48642.5130 12.4366 3.9277e+04
48643.2330 12.4453 3.9174e+04
48719.5230 11.6558 2.8722e+04
48723.9530 11.6586 2.6757e+04
48744.8330 10.2775 2.3653e+04
48777.9130 12.7373 1.5990e+04
48807.9930 11.7202 1.2128e+04
48831.9430 12.2939 4.2569e+04
48832.8130 19.5628 4.2569e+04
48855.1430 12.2738 1.5241e+04
48859.8130 10.4378 3.0898e+04
48860.7630 10.5207 3.0898e+04
48866.1130 22.7725 1.4800e+05
48866.9230 11.5476 1.4800e+05
48867.5230 11.0605 1.4800e+05
48878.2630 11.0969 5.5746e+04
48911.4630 20.5534 1.6968e+05
48912.1930 16.7398 1.6968e+05
48912.8030 12.4335 1.6968e+05
48913.9930 10.5912 1.6968e+05
48914.5730 10.6894 1.1822e+05
48986.9430 10.6837 2.7220e+04
49012.1030 15.6253 1.4218e+05
49012.8730 17.9885 1.4218e+05
49013.6130 15.2607 1.3966e+05
49058.2430 11.3590 1.4919e+05
49059.0330 15.1349 1.4502e+05
49146.6330 10.6932 1.9004e+05
49147.4430 21.4500 1.9004e+05
49148.1630 12.8823 1.5461e+05
49200.9330 12.8044 1.3738e+05
49267.5030 11.4053 6.1939e+04
49277.8030 12.8643 3.8888e+04
49299.1730 22.0952 1.3772e+05
49299.8930 15.5360 1.3771e+05
49344.8130 15.0636 2.1200e+05
49345.6430 17.9923 2.1200e+05
49346.3030 15.2072 1.9252e+05
49502.2230 12.2746 2.5147e+05
49621.7430 15.2478 1.4259e+06
49698.5030 21.4487 1.8450e+05
49700.2630 16.2462 1.7774e+05
49726.8130 15.5924 9.8158e+04
49727.8730 18.2595 9.8158e+04
49741.7830 20.1516 8.1228e+04
49765.8230 14.6967 7.7257e+04
49794.4130 19.3752 1.1293e+05
49817.0030 16.5002 9.8297e+04
49874.9730 11.1599 2.2933e+04
49886.5530 10.0591 1.4565e+04
49909.4030 11.8223 2.3198e+04
49944.5530 23.5622 1.4005e+05
49967.0030 11.4807 7.1331e+04
49970.4030 20.7323 5.3401e+04
50007.5931 13.1531 3.0696e+04
50037.4531 11.9622 1.8478e+04
50071.5031 16.3620 1.5693e+04
50076.8431 15.5474 2.3864e+04
50272.1231 19.4258 5.6807e+04
50277.0831 10.3453 4.5907e+04
50328.6831 10.7378 6.2376e+04
50403.1031 12.3081 9.4386e+04
50431.0931 10.6251 5.5488e+04
50461.7031 10.5642 4.4086e+05
50465.2331 10.0897 3.8814e+05
50488.9831 14.2786 8.0203e+04
50536.4331 19.4729 1.0707e+05
50627.0531 12.3121 8.3925e+04
50676.2431 10.8782 3.6443e+04
50851.1731 11.7292 3.4465e+04
50945.1531 13.7041 4.1184e+04
50946.0431 13.6355 2.4796e+04
50971.1331 14.4315 2.2343e+04
50993.3731 11.1731 2.5908e+04
50998.2431 16.6037 1.2222e+05
50998.7531 10.2233 1.2222e+05
51009.6431 10.1672 1.1343e+05
51010.4131 12.2689 9.3051e+04
51060.0231 13.5309 5.5496e+04
51061.7231 12.4540 3.9776e+04
51074.1631 13.3352 4.3570e+04
51169.7431 16.2485 1.8651e+04
51197.9031 18.9816 4.6866e+04
51209.9231 11.4244 1.4679e+04
51233.4731 15.2744 2.4402e+04
51263.7331 10.6664 1.7336e+04
51332.7031 16.3073 1.4491e+04
51357.1931 11.7123 1.0024e+05
51360.4331 14.9179 9.8820e+04
51388.7031 11.9113 4.0042e+04
51426.1931 11.5436 1.6712e+04
51510.8231 15.8730 3.4737e+04
51526.6931 15.0500 2.4643e+04
51548.7031 18.3512 2.6044e+04
51598.0231 10.5591 2.8279e+05
51619.4032 10.1481 5.2854e+05
51677.3632 10.2027 2.6608e+04
51741.5532 23.4818 5.0609e+04
51815.6332 19.7243 4.4210e+04
51848.7132 10.4260 1.4691e+04
51852.8632 20.8953 5.3783e+04
51907.9132 15.2089 4.9677e+04
51908.7332 12.4380 3.5273e+04
51915.2732 10.1516 6.4582e+04
51927.9332 11.6441 4.1786e+04
51928.6932 13.1453 3.6439e+04
51941.1132 16.0568 4.2337e+04
52019.4432 10.1572 2.3895e+04
52045.2932 11.2140 4.3241e+04
52045.6832 16.9752 3.5590e+04
52082.1032 17.8694 2.7924e+04
52090.7032 13.1224 2.3886e+04
52122.6632 15.9041 2.5670e+04
52133.1632 13.1001 8.1892e+04
52134.9132 18.8789 8.1892e+04
52181.6532 19.9270 2.9190e+04
52205.1332 10.2517 1.4799e+04
52230.2732 13.9245 5.1461e+04
52232.9232 16.3709 2.7630e+04
52259.4132 10.5240 2.7494e+04
52281.1332 10.6180 3.9298e+04
52297.6932 19.6609 5.8386e+04
52300.3832 17.0536 6.3801e+04
52346.9932 18.6227 8.3389e+04
52347.7832 14.6995 8.0952e+04
52355.5232 11.2894 1.0844e+05
52356.0532 12.7730 9.1957e+04
52413.4432 13.1043 4.6508e+04
52453.8732 10.7244 2.4131e+04
52469.2432 13.1926 5.6060e+04
52470.7832 15.4231 5.5332e+04
52495.1832 13.3660 4.9703e+04
52525.9332 15.6529 8.1749e+04
52529.5032 10.3500 5.0444e+04
52550.6432 11.6971 2.8448e+04
52581.8732 12.6500 8.6807e+04
52592.9732 10.5306 1.0420e+05
52613.0032 11.9534 5.7956e+04
52618.4832 14.6468 9.5333e+04
52633.0132 13.2453 4.8232e+04
53049.1632 15.4223 3.4847e+04
53085.4032 12.1176 6.0546e+04
53089.4532 11.1965 5.3074e+04
53128.5932 12.4614 1.3618e+04
53142.5532 10.1701 2.8604e+04
53233.2832 12.1541 3.4339e+04
53283.5533 10.6382 1.5057e+05
53291.9533 11.0019 7.4499e+05
53439.0933 10.3219 1.1171e+05
53440.3733 16.8133 1.1171e+05
53489.6733 14.9868 3.8108e+04
53661.8033 10.2727 2.7306e+04
53779.5733 11.0310 1.5279e+04
53789.8733 10.0435 2.4452e+04
53792.9333 10.7689 2.1784e+04
53818.5733 10.6285 2.7985e+04
53922.8933 11.1586 3.5311e+04
53936.5833 12.4377 2.9704e+04
53993.7233 11.2112 1.9205e+04
54184.6633 10.2188 1.4658e+04
54196.1733 12.9012 2.5401e+04
54222.5833 12.1796 1.8637e+04
54599.3933 10.1690 1.6214e+04
54708.9033 11.1904 3.8651e+04
54721.4733 11.5856 9.0956e+04
54730.7733 10.4987 2.1311e+05
54732.1133 14.6814 1.7744e+05
54774.4733 10.1392 5.9561e+04
54775.1033 13.8340 5.9561e+04
54775.7233 10.4376 5.9561e+04
54776.8333 10.6591 5.7153e+04
54790.8733 11.1891 5.4720e+04
54823.4633 10.8209 1.4932e+04
54837.7533 13.8080 2.7007e+04
55222.9334 11.6579 1.8290e+04
55562.7634 14.9347 6.4480e+04
55564.4934 11.2146 6.4575e+04
55568.5134 11.3227 4.4244e+04
55578.6834 12.5250 4.4013e+04
55599.9834 10.4457 1.6432e+05
55600.6034 20.1606 1.6432e+05
55617.5534 11.4827 3.0399e+04
55625.6134 17.0404 5.5004e+04
55645.3334 21.4513 7.4216e+04
55650.1634 11.3203 5.9834e+04
55669.3434 11.1764 2.2839e+05
55675.6934 11.2652 2.2183e+05
55822.0534 11.6584 1.9586e+04
55878.7734 10.5575 1.9645e+04
55933.2734 10.5004 3.3709e+04
55934.0234 11.5408 3.3709e+04
55946.7634 11.8584 3.2028e+04
55948.7734 10.2144 2.5650e+04
55963.1434 10.4512 3.7772e+04
55963.8934 12.2820 3.7772e+04
55964.7834 14.1594 8.7031e+04
55968.8434 18.9319 9.5970e+04
55969.8434 10.1028 8.0112e+04
56020.1234 21.5020 6.2561e+04
56021.2334 10.3592 6.2206e+04
56044.0834 10.3042 3.1187e+04
56125.4934 13.1733 2.4118e+04
56193.7434 12.1140 2.3344e+04
56214.9034 11.0734 1.7072e+04
56629.4735 13.4268 1.9526e+04
56714.4035 17.1274 4.3680e+04
56747.2635 13.0110 3.1423e+04
56761.8035 11.2270 2.4919e+04
56828.8835 13.3759 1.3816e+04
56899.9935 13.8282 1.6997e+04
56924.9835 11.3313 1.7281e+04
56961.8035 16.3143 2.8438e+04
56993.2435 12.9361 1.7125e+04
57054.3835 12.3909 3.1226e+04
57073.6435 15.4801 1.9831e+04
57102.3335 14.3887 2.2886e+04
57143.0535 13.1243 1.6344e+04
57168.1335 11.1211 2.9955e+04
57223.4835 16.0969 2.0033e+04
57256.4235 13.9291 1.2060e+04
57261.4935 14.7885 2.4004e+04
57267.8335 10.7324 2.4254e+04
57276.9835 11.1692 1.2381e+04
57298.2135 12.4445 2.3554e+04
57414.9935 12.2064 9.5908e+03
57577.2335 13.9109 9.2889e+03
57602.5535 14.8423 1.9732e+04
57603.7735 12.2108 1.9978e+04
57611.9535 11.7093 3.5993e+04
57623.0635 10.0067 1.8981e+04
57769.1835 10.1654 4.1670e+04
57769.6735 14.0083 3.1550e+04
57930.2435 11.6906 2.3106e+04
58012.7935 10.3226 1.1782e+04
58025.0835 10.3908 1.7170e+04
58099.5535 13.6320 8.8339e+03
58108.7235 10.5448 1.4285e+04
58130.0535 10.9958 2.6689e+04
58139.3035 15.7289 4.3246e+04
58297.0436 16.7016 1.8577e+05
58322.5536 11.3651 1.6078e+05
58437.8536 21.1913 5.1265e+04
58448.1836 10.8659 1.2609e+04
58571.9536 18.7576 4.0544e+04
58592.7536 13.3712 2.1604e+04
58771.8336 10.6759 1.1837e+04
59252.4936 11.4045 1.5115e+04
59316.4636 15.4750 2.9039e+04
59333.2036 16.9869 3.1744e+04
59351.5336 13.1149 2.4028e+04
59383.1536 11.9751 3.0067e+04
59408.3536 12.9352 1.7822e+04
59414.8736 10.6722 3.3983e+04
59441.0536 10.2400 1.8811e+04
59536.0936 12.1980 1.1215e+04
59627.1236 10.1315 1.3632e+04
59639.4536 10.2853 6.8462e+03
59672.8036 12.1875 1.2140e+04
59685.1536 10.2063 9.1203e+03
59760.5836 11.6277 1.5632e+04
59797.7536 16.9643 3.3470e+04
59822.6937 10.9704 1.4483e+04
59857.4637 10.6508 1.5831e+04
59889.4137 22.1998 3.6977e+04
59893.6037 10.3946 3.1549e+04
59901.3337 15.4657 5.3979e+04
59913.3137 10.3842 8.4316e+04
59915.7937 10.9878 8.6696e+04
59917.4137 16.5083 1.6959e+05
59921.5637 12.6367 1.4218e+05
59944.7337 11.7475 5.8656e+04
59959.8337 10.2912 3.9891e+04
59975.6737 11.6449 6.0283e+04
59977.4237 14.8188 4.8978e+04
59983.0237 13.6209 6.4992e+04
59987.1337 15.4519 7.6641e+04
59987.8437 11.0775 6.9181e+04
60099.1937 25.5533 7.9403e+04
60102.2737 19.9371 6.0822e+04
60118.2437 24.7187 1.1228e+05
60120.0537 11.5602 1.1316e+05
60122.4037 14.6621 1.0046e+05
60141.6737 21.2874 4.1007e+04
60173.3637 16.9392 7.0313e+04
60178.3837 16.5534 1.7731e+05
60178.9737 12.4118 1.6634e+05
60304.7837 14.2906 3.8973e+04
60411.2437 10.5969 3.4612e+04
60542.1137 12.5470 6.6838e+03
60774.6337 16.1638 2.3378e+04
60848.2137 11.5659 1.4661e+04
60922.5937 10.5142 5.2529e+04
60923.6037 12.9385 5.2529e+04
61009.7437 10.6400 1.6441e+04
61214.2437 10.8654 1.0275e+04
61822.0338 12.2709 6.9097e+03
61915.5638 13.1271 4.5019e+04
61920.8838 14.4264 4.4479e+04
62064.7438 10.2331 7.8981e+03
62160.5838 15.2714 1.6057e+04
62174.4238 11.4720 1.4790e+04
62196.5638 17.1926 1.5770e+04
62209.1738 22.4338 3.1299e+04
62271.7538 10.5401 7.1690e+03
62291.6138 18.6933 4.3590e+04
62292.3638 12.2018 4.3590e+04
62317.2738 11.8395 8.9328e+03
62481.7738 11.2235 9.1988e+03
62497.9738 10.8029 1.7707e+04
62544.4838 12.8221 1.5033e+04
62553.8238 18.0766 2.3054e+04
62605.4638 14.8957 1.1052e+04
62867.9238 10.5454 8.6678e+03
63048.6038 14.9733 7.5018e+03
63110.4239 20.7320 2.5667e+04
63374.5939 10.1442 4.5216e+04
63393.8639 10.5768 3.2398e+04
63394.4539 13.9408 2.9011e+04
63429.2139 15.3607 1.9386e+04
63446.0139 15.0562 1.7909e+04
63562.5839 11.8721 1.6597e+04
63591.2939 10.1212 1.4106e+04
63602.3739 13.8262 3.2013e+04
63638.0339 11.9545 1.2199e+04
63643.3539 14.1370 2.3001e+04
63669.8439 12.0027 3.8747e+04
63670.5039 16.2038 3.5154e+04
63694.5239 22.0213 9.5769e+04
63697.8939 11.9872 4.7550e+04
63712.3439 16.2883 5.2184e+04
63726.3639 20.0032 5.4786e+04
63731.0839 11.0264 2.4866e+04
63738.4939 14.0101 2.9277e+04
63774.1839 15.3428 1.3024e+04
63816.9939 11.0777 2.0286e+04
63876.9939 15.1070 1.2565e+04
63888.5739 13.1345 1.1488e+04
63895.7839 10.1372 1.9141e+04
63910.6939 14.6343 1.8602e+04
63928.7839 10.2241 5.6974e+03
63950.2439 10.3893 1.4366e+04
64010.2139 10.6622 1.0825e+04
64050.1139 16.6883 1.9249e+04
64062.4239 17.4257 2.1293e+04
64092.5639 17.0088 1.3516e+04
64115.4739 15.0284 1.0397e+04
64120.5739 11.6279 1.6487e+04
64146.6539 15.7759 1.2513e+04
64200.6939 18.6893 1.9475e+04
64217.7939 11.7709 2.3834e+04
64232.3639 10.7966 1.4263e+04
64292.0039 11.4259 1.1126e+04
64297.7639 17.7942 2.2236e+04
64307.7939 14.0664 9.1175e+03
64347.9739 11.6259 8.7140e+03
64350.7539 13.4981 7.0601e+03
64356.0339 13.7653 1.1776e+04
64362.5939 11.3140 2.3203e+04
64373.7439 16.7231 1.4273e+04
64400.2239 12.3517 5.5539e+03
64414.4239 11.9035 5.3159e+03
64418.7539 12.6416 1.1695e+04
64428.1339 22.3242 1.1654e+05
64448.1239 13.3713 5.3975e+04
64449.0639 16.1208 5.3975e+04
64492.9239 13.9174 1.7190e+04
64502.5739 16.9156 3.0390e+04
64521.6339 25.3010 4.0093e+04
64560.1039 21.3755 2.3155e+04
64562.9839 13.2850 1.6418e+04
64615.4439 10.3693 1.9986e+04
64617.4339 15.7919 1.9319e+04
64642.8839 11.8321 1.0797e+04
64652.3239 10.9505 1.5068e+04
64728.3540 17.7112 1.1306e+04
64752.6840 13.6768 1.2549e+04
64808.5540 21.7810 1.1192e+04
64876.2840 19.2497 9.7378e+03
64880.8140 11.1108 6.7442e+03
64896.6840 24.5072 2.3858e+04
64903.1040 18.7035 2.7538e+04
64973.6640 10.6218 2.5229e+04
64975.3140 10.5945 2.5198e+04
65002.7240 21.3059 1.5326e+04
65073.7640 21.4177 1.8329e+04
65109.0940 15.5531 6.8743e+03
65120.2940 12.4326 1.6753e+04
65161.0640 10.9669 1.0276e+04
65163.1140 10.6287 1.0276e+04
65164.4340 16.1812 1.0276e+04
65218.5640 18.1056 1.0455e+04
65261.7640 12.6039 1.3466e+04
65263.0540 17.3323 1.2933e+04
65306.3940 23.0245 1.6025e+04
65343.0640 11.2124 9.2850e+03
65355.3040 11.9787 9.0837e+03
65384.6240 20.8807 1.5742e+04
65385.3640 12.5362 1.4319e+04
65407.3640 11.8889 7.4517e+03
65437.0740 12.4333 6.2516e+03
65451.7040 10.9395 1.2746e+04
65452.7440 14.4080 1.7253e+04
65459.3040 10.4382 1.1470e+04
65467.4640 13.4227 1.7205e+04
65484.4140 11.5636 1.7021e+04
65518.9340 13.9991 2.0436e+04
65546.5540 19.4529 1.5352e+05
65550.4640 21.9474 1.5352e+05
65573.6240 17.4528 1.8441e+04
65609.1040 10.3659 6.2492e+03
65694.1840 10.9572 1.0253e+04
66060.3740 15.1632 1.2670e+04
66183.8940 11.0581 6.4620e+03
66614.0041 15.8055 2.5566e+04
66885.2441 13.9166 2.5157e+04
66889.5541 12.2741 2.4263e+04
67167.4941 10.4602 1.3905e+04
67479.0341 10.3543 7.8367e+03
67710.6941 19.2655 1.2003e+04
68268.2542 11.0650 1.1144e+04
68329.7042 12.0518 6.9295e+03
68357.4442 11.4779 1.0858e+04
68360.2242 12.1036 9.5253e+03
68426.3342 13.8396 6.0442e+03
68479.2542 10.4322 7.3667e+03
68628.9042 22.1887 3.8287e+04
68634.0942 10.1088 1.2472e+04
68748.8642 16.2170 1.8962e+04
68830.8042 13.6502 7.3075e+03
68915.3842 11.1651 7.8042e+03
68991.1142 14.1796 1.5757e+04
69034.4142 13.7853 1.8421e+04
69046.7742 12.1879 2.2320e+04
69059.4542 13.8448 1.7153e+04
69084.2742 16.9050 1.7139e+04
69111.9842 15.7646 3.4017e+04
69146.9142 16.1530 1.9985e+04
69156.0442 10.8817 1.6783e+04
69165.0542 11.6770 8.2479e+03
69175.9342 11.1389 5.7005e+03
69288.3242 11.5553 1.1602e+04
69318.7442 16.8141 2.2071e+04
69322.3342 10.9252 1.7820e+04
69345.9742 13.3089 6.3245e+03
69531.8642 11.0444 9.6673e+03
69590.8542 11.8721 1.2790e+04
69601.8242 11.5336 8.8140e+03
69704.2243 10.7642 9.9431e+03
69752.7743 12.3646 3.5728e+04
69857.6843 10.1539 6.3039e+03
69864.7343 16.9615 1.1077e+04
69881.9043 12.7472 9.6192e+03
69902.1843 12.3412 9.9482e+03
69985.7643 14.8916 2.6820e+04
70018.0943 11.6719 7.9963e+03
70274.9843 15.1121 1.6575e+04
70330.6043 12.6210 3.8059e+03
70346.5143 10.3782 5.3648e+03
70463.5943 19.2205 2.5075e+04
70556.0643 15.9047 8.1773e+03
70794.1443 10.6476 1.2702e+04
70843.7943 12.1808 6.7981e+03
71006.0743 12.7672 3.8335e+03
71182.7043 14.5209 1.2507e+04
71443.4144 10.9294 1.2809e+04
71538.1744 15.2014 3.1600e+05
71821.4244 19.5078 3.6631e+04
71887.6144 15.7729 2.8778e+04
71922.4244 14.1053 7.8842e+03
72119.4244 11.5366 7.5800e+03
72131.2344 12.9395 6.4973e+03
72175.2344 11.0170 6.6216e+03
72292.5944 12.5842 8.6632e+03
72527.6444 11.5539 9.3883e+03
72630.4944 10.0710 5.3679e+03
72680.4644 10.5964 1.6921e+04
72690.9444 18.7850 2.7583e+04
72929.8645 12.4729 5.6465e+03
73284.1645 12.3795 7.6991e+03
73956.0045 19.0834 7.0971e+04
74006.2345 10.3569 8.6500e+03
74037.8445 13.5697 1.4676e+04
74179.7545 10.7348 1.4311e+04
74246.6345 13.4627 2.3393e+04
74272.2845 17.3810 2.2239e+04
74424.5645 10.1852 6.4633e+03
74487.0245 11.3143 2.7079e+04
74616.1346 12.7238 1.8815e+04
74752.7846 14.8390 2.8862e+04
75350.4346 14.0179 1.3030e+04
75351.2346 15.8963 1.1109e+04
75371.7046 12.2333 8.1535e+03
75398.2746 14.2534 7.4700e+03
75436.1146 10.0750 9.2792e+03
75436.7246 10.4664 9.2792e+03
75557.5646 12.1403 8.7677e+03
75635.0546 10.0339 5.6270e+03
75696.9346 10.1505 6.3233e+03
75703.8146 11.9491 7.9508e+03
75744.5146 10.5793 5.3880e+03
75793.0346 11.4218 4.9171e+03
75977.3946 10.8074 6.7008e+03
76035.5146 12.9139 9.4765e+03
76047.4846 12.8027 7.9773e+03
76078.2846 21.6265 3.1105e+04
76099.2846 10.2211 3.0158e+04
76101.6146 10.1114 3.0158e+04
76102.6346 10.4627 2.8728e+04
76129.4146 14.4551 5.2310e+04
76169.0346 12.1709 1.7123e+04
76219.6247 13.9309 1.4437e+04
76222.3947 13.4772 1.3038e+04
76268.3947 10.2260 8.4498e+03
76304.9247 12.7838 1.3863e+04
76313.4447 10.6407 2.5204e+04
76360.1047 14.6590 1.8561e+04
76441.4647 12.2479 9.2130e+03
76452.5047 12.7731 1.7315e+04
76455.8647 10.0814 1.2200e+04
76578.3847 12.2526 1.5621e+04
76632.5847 16.3091 8.8696e+04
76637.5247 22.4707 9.4533e+04
76643.0847 11.7060 6.6594e+04
76653.4847 13.3047 5.6425e+04
76676.7247 15.9619 1.7719e+04
76707.2447 14.0811 4.5872e+04
76709.3247 16.5542 4.3361e+04
76718.1247 12.6083 2.1531e+04
76725.7547 11.3782 2.2327e+04
76727.0447 14.0391 2.1774e+04
76736.5347 19.2924 7.3785e+04
76738.4547 11.1580 7.3785e+04
76739.1347 17.3844 6.0483e+04
76763.4847 23.2704 6.6331e+04
76764.1547 16.8035 6.6331e+04
76765.6247 14.6056 5.9550e+04
76775.7647 18.6070 2.0978e+05
76794.6647 19.3861 8.9690e+04
76797.3547 12.6942 4.6596e+04
76853.0147 15.7332 2.0905e+04
76918.6147 10.5522 5.0625e+03
76926.9147 15.1656 2.1779e+04
76931.0147 14.2110 2.1779e+04
76931.2647 13.0884 1.3090e+04
76939.6247 18.6729 8.3839e+03
76947.6647 16.9398 1.5694e+04
77014.1347 24.4371 3.7593e+04
77026.0447 20.4936 6.1021e+04
77095.5547 11.5446 2.3041e+04
77106.6747 11.6067 3.2638e+04
77143.8747 22.6376 3.3441e+04
77145.4547 13.1766 3.0331e+04
77156.3647 10.5246 2.6407e+04
77170.0047 17.4169 9.7074e+04
77254.6547 14.3043 9.7656e+03
77258.8547 10.3334 7.1139e+03
77272.1447 11.1051 1.5211e+04
77426.3247 10.7938 1.1498e+04
77588.7347 10.7040 2.0338e+04
77637.3647 16.9327 2.6529e+04
77774.9347 10.2972 9.1388e+03
78143.3248 10.0337 9.6283e+03
78226.3048 11.0110 1.3856e+04
78401.1748 11.2194 1.9953e+04
78540.5548 11.4149 1.7985e+04
78545.7848 15.3695 3.4348e+04
78596.8048 13.9778 4.9813e+04
78732.2548 12.2994 2.4668e+04
78753.9148 14.7347 2.0355e+04
78788.5848 16.0711 3.1800e+04
78814.3148 13.4401 3.1535e+04
78905.5048 13.4350 4.1687e+04
79082.1448 10.8997 1.1753e+04
79087.5848 12.7365 2.3405e+04
79143.0748 10.0496 6.8643e+03
79151.0248 10.8425 1.4292e+04
79291.1448 10.6854 1.5180e+04
79423.0448 10.1555 6.1940e+03
79697.4449 17.5021 6.7185e+04
79972.7849 11.6125 1.0692e+04
80205.5649 10.5948 2.3881e+04
80307.6149 11.5701 1.2795e+04
80636.3949 10.7591 1.5847e+04
81275.8050 10.4006 1.8433e+04
81389.3150 14.1039 1.3229e+04
81399.4750 10.4661 3.3188e+04
81400.1250 12.4436 3.3188e+04
81965.8050 12.5790 2.9422e+04
82147.9050 14.5094 1.6293e+05
82150.0950 17.1530 1.9754e+05
82152.1850 11.5718 1.2653e+05
82207.3250 20.6982 1.4229e+05
82208.4050 17.2663 1.4229e+05
82209.2550 18.1756 1.4229e+05
82615.1750 10.9142 1.9458e+04
82624.9950 10.9431 1.9482e+04
83053.3551 16.4534 1.8014e+04
83060.0451 12.7013 2.0055e+04
83080.1751 12.8612 2.4958e+04
83092.3651 11.5600 1.9246e+04
83151.7351 16.6382 3.3037e+04
83219.4751 11.4199 2.3146e+04
83225.9251 14.5192 2.1000e+04
83321.3451 12.1705 1.5029e+04
83343.8151 14.0125 1.9782e+04
83374.3651 11.2568 1.1814e+04
83378.9351 11.0898 1.4974e+04
83589.5451 14.0867 2.3150e+04
83623.6851 14.0734 2.4653e+04
83736.5751 12.0090 2.2565e+04
83762.8551 10.0968 1.2493e+04
83771.0751 12.3584 1.6657e+04
83909.7951 16.0100 2.4253e+04
84117.8251 11.0268 1.9407e+04
84165.0451 11.4384 2.4407e+04
84174.4651 11.2590 4.2891e+04
84182.6851 10.6703 3.8319e+04
84186.6951 12.9068 3.2140e+04
84318.9351 17.2194 2.7268e+04
84325.1551 13.4718 2.5101e+04
84360.9151 10.0808 2.4940e+04
84596.0252 18.0575 5.9114e+04
84622.7952 20.4927 1.9144e+05
84653.5552 11.2530 1.6452e+04
84662.8152 13.2905 3.5446e+04
84666.0252 10.5949 3.4647e+04
84677.2752 13.9217 5.3559e+04
84693.9952 13.7579 5.7514e+04
84718.8952 15.3427 3.8453e+04
84726.5552 10.5372 2.2827e+04
84751.7652 12.5672 1.1403e+05
84755.1552 21.8513 1.1403e+05
84790.5852 12.0697 4.2706e+04
84814.4752 11.9447 3.8842e+04
84815.8252 11.6393 3.6098e+04
84848.1152 11.6159 7.4847e+04
84863.4952 10.6661 1.1165e+05
84867.3452 11.4554 9.0477e+04
84885.1252 10.3404 7.3435e+04
84892.1152 10.9281 1.4985e+05
84898.6552 11.6011 1.0896e+05
84917.2752 17.0617 1.7688e+05
84918.9352 15.4091 1.2130e+05
84937.6352 13.8629 5.1296e+04
84955.6252 10.3632 2.6583e+04
84969.6852 11.1823 4.7323e+04
84971.5152 11.6186 4.7323e+04
84980.5152 13.8562 7.8385e+04
84991.9452 14.1029 9.5287e+04
84992.5652 11.4340 7.6533e+04
85007.4652 13.0500 1.8280e+05
85009.6952 11.1082 2.1726e+05
85012.4852 13.1153 1.6896e+05
85019.6452 15.1383 2.4388e+05
85033.1752 15.9455 1.3259e+05
85039.2752 12.3395 7.5541e+04
85143.1552 10.9162 9.1850e+04
85168.8452 14.1400 4.6810e+05
85169.6652 11.0432 1.7094e+05
85184.5052 11.0607 9.2750e+04
85220.6052 15.9380 5.4542e+04
85325.1852 10.8497 1.8091e+05
85400.7052 10.3124 4.1390e+04
85636.3552 11.4216 2.0427e+04
85829.3952 12.4633 4.6428e+04
85979.6852 10.2934 6.0524e+04
85998.2152 14.7568 8.6398e+04
85999.7752 11.6013 7.6264e+04
86019.2553 10.0843 5.9273e+04
86049.9853 10.5103 6.8366e+04
86076.5553 10.8223 7.3233e+04
86103.8453 10.9432 4.4091e+04
86115.3353 10.2284 9.2071e+04
86151.8253 15.2483 5.9241e+04
86157.3753 13.0447 1.3259e+05
86163.0453 16.6100 1.4608e+05
86165.4453 10.9750 7.2964e+04
86311.3553 13.9473 5.3307e+04
86383.9453 11.5439 1.1830e+05
