        1  27.971627   85.575635     3.068     2371.8     7842.6    -8750.2    796.2    405.3    590.8 2023  4 10  3 52  8.210  0.7   1
        2  27.906344   85.540910    11.544    -1046.2      608.1     -273.6    532.8    514.8    539.0 2023  4 10  5 15 35.920  0.5   1
        3  27.897662   85.561654    12.418      995.8     -353.9      600.0    493.6    406.1    500.6 2023  4 10 11 32 18.830  2.5   1
        4  27.889852   85.536629    12.342    -1467.5    -1219.4      523.9    592.8    688.0    759.1 2023  4 10 12 18 12.960  0.3   1
        5  27.895876   85.480461    12.103    -6997.7     -551.9      285.3    561.5    496.8    458.4 2023  4 10 14 12 30.150  0.2   1
        6  27.942822   85.573169    15.786     2129.3     4650.6     3968.3   1106.4    790.6    542.4 2023  4 10 15 38 40.560  0.1   1
        7  27.890570   85.513265    11.425    -3768.1    -1139.9     -393.0    726.2    360.5    536.5 2023  4 10 16 53 34.310  0.1   1
        8  27.909639   85.514893    11.067    -3607.8      973.3     -750.9    482.7    338.5    502.2 2023  4 10 17 27 54.800  0.3   1
        9  27.919804   85.506917    14.076    -4392.9     2099.6     2258.2    651.6    411.8    443.0 2023  4 10 18 30 15.920  0.4   1
       10  27.957778   85.428743    14.473   -12086.6     6307.8     2654.9    623.2    406.6    594.9 2023  4 10 18 38  3.240  0.2   1
       11  27.885547   85.699601    10.347    14578.1    -1696.6    -1471.3    506.6    549.7    586.9 2023  4 10 19  3 44.000  0.1   1
       12  27.911104   85.513623     9.361    -3732.7     1135.7    -2457.1    376.0    321.3    444.7 2023  4 10 19 33 16.460  0.3   1
       13  27.889327   85.557031    11.564      540.8    -1277.7     -253.7    436.1    417.6    517.4 2023  4 10 19 50 38.440  0.3   1
       14  27.931348   85.558057    14.179      641.9     3378.9     2360.5    452.1    377.3    449.9 2023  4 10 19 58 21.320  0.3   1
       15  27.953841   85.502230    13.982    -4852.9     5871.5     2163.5    400.6    361.0    401.4 2023  4 10 20  5 26.200  0.3   1
       16  27.898210   85.512630    11.957    -3830.9     -293.4      139.1    650.2    466.6    502.1 2023  4 10 20 19 45.980  0.3   1
       17  27.903491   85.472160    11.530    -7815.1      292.0     -287.6    435.6    404.5    393.9 2023  4 10 21 45  6.360  0.1   1
       18  27.873197   85.609871    10.971     5743.8    -3065.1     -847.5    484.0    517.9    430.8 2023  4 10 22 34 49.840  0.3   1
       19  27.898224   85.517627    14.287    -3338.4     -291.8     2469.1    530.7    426.0    501.7 2023  4 10 23  8  5.400  0.3   1
       20  27.898527   85.475863    11.426    -7450.7     -258.1     -391.8    473.4    502.9    458.8 2023  4 10 23 21 47.000  0.4   1
       21  27.935999   85.531388    11.749    -1983.4     3894.3      -69.4    538.8    403.6    408.7 2023  4 10 23 22  9.780  0.3   1
       22  27.891016   85.481600    12.424    -6885.8    -1090.6      605.5    491.8    579.9    688.8 2023  4 10 23 23 28.780  0.3   1
       23  27.953357   85.490951    13.937    -5963.8     5818.1     2118.7    419.3    336.0    395.5 2023  4 11  0 23 12.050  1.7   1
       24  27.956032   85.486165    13.473    -6434.4     6114.4     1654.8    631.6    399.7    646.1 2023  4 11  0 29 31.390  0.7   1
       25  27.954425   85.487199    13.080    -6333.1     5936.4     1261.7    439.4    503.6    455.9 2023  4 11  1  3 50.200  0.6   1
       26  27.899042   85.569295    10.017     1748.4     -201.2    -1801.2    478.8    611.0    989.5 2023  4 11  2 20 48.630  0.2   1
       27  27.953957   85.489608    13.007    -6096.0     5884.4     1189.3    644.5    940.9    659.4 2023  4 11  2 37 38.130  0.5   1
       28  27.954169   85.496875    13.807    -5380.0     5908.0     1988.8    429.8    702.4    402.3 2023  4 11  2 41 53.750  0.5   1
       29  27.886530   85.616276    13.135     6373.7    -1587.6     1317.4    571.7    536.3    556.9 2023  4 11  3  9 13.740  0.5   1
       30  27.955467   85.496582    13.883    -5409.4     6051.7     2064.6    384.6    362.9    387.4 2023  4 11  3 15 48.520  1.5   1
       31  27.955446   85.485286    13.550    -6520.9     6049.5     1731.5    457.1    476.0    417.5 2023  4 11  3 17  8.240  0.4   1
       32  27.954370   85.490397    13.323    -6017.9     5930.2     1504.8    549.6    528.4    561.8 2023  4 11  3 20  4.710  0.8   1
       33  27.878923   85.631535    13.024     7876.8    -2430.7     1205.5    426.6    442.4    487.8 2023  4 11  6  0  3.740  0.6   1
       34  27.950431   85.497892    14.222    -5280.5     5493.7     2404.2    401.6    463.8    456.0 2023  4 11  6 30  7.700  0.6   1
       35  27.901563   85.643327    14.321     9036.6       78.1     2502.4    469.0    473.6    504.6 2023  4 11  7 17 13.910  0.6   1
       36  27.911037   85.481901    11.268    -6855.7     1128.2     -550.3    421.3    511.0    379.9 2023  4 11  7 32 28.320  0.7   1
       37  27.931095   85.472323    11.885    -7797.8     3351.0       67.3    390.2    402.7    406.0 2023  4 11 11 12 43.270  0.6   1
       38  27.926274   85.504761    10.938    -4605.1     2816.6     -880.4    457.9    436.4    475.5 2023  4 11 12 55 14.720  0.3   1
       39  27.948232   85.494491    15.071    -5614.9     5250.0     3252.4    710.4    585.8    488.9 2023  4 11 14 32 32.740  0.2   1
       40  27.898942   85.566805    13.160     1502.7     -212.1     1341.8    567.2    394.2    434.3 2023  4 11 15 16  8.050  0.4   1
       41  27.879551   85.564152    12.286     1241.9    -2361.0      467.4    506.5    436.1    423.7 2023  4 11 17 31 50.060  0.4   1
       42  27.880672   85.564364    12.212     1262.7    -2236.7      394.0    434.8    400.1    389.0 2023  4 11 17 31 57.520  0.4   1
       43  27.879287   85.564494    12.411     1275.7    -2390.3      593.3    557.1    447.5    406.0 2023  4 11 17 32  8.480  0.4   1
       44  27.903015   85.505745    11.906    -4508.3      239.3       88.2    432.0    358.0    408.4 2023  4 11 18 16 26.060  0.1   1
       45  27.902820   85.508618    12.212    -4225.6      217.5      394.1    426.7    369.4    410.4 2023  4 11 18 16 33.340  0.3   1
       46  27.903166   85.505957    11.961    -4487.3      256.0      142.7    352.3    324.5    397.4 2023  4 11 18 28  6.960  0.6   1
       47  27.903947   85.508081    12.301    -4278.2      342.4      482.7    466.9    364.4    473.6 2023  4 11 18 45 29.840  0.3   1
       48  27.902950   85.538623    12.231    -1271.8      232.0      412.9    400.7    390.1    505.9 2023  4 11 18 48 37.980  0.3   1
       49  27.902189   85.507178    11.781    -4367.7      147.8      -37.3    326.5    375.3    409.3 2023  4 11 19 13  1.760  0.1   1
       50  27.926868   85.526546    12.569    -2460.2     2882.5      751.0    440.5    326.1    393.9 2023  4 11 19 38 40.960  0.3   1
       51  27.903861   85.555729    11.405      412.5      332.9     -413.1    398.8    407.2    655.2 2023  4 11 20 30 42.680  0.3   1
       52  27.951225   85.499487    14.327    -5123.6     5581.7     2509.1    464.1    364.5    430.1 2023  4 11 21 12 44.320  0.3   1
       53  27.903328   85.565853    12.557     1409.6      273.9      739.0    488.2    351.4    458.7 2023  4 11 21 18 31.180  0.3   1
       54  27.925421   85.567554    12.096     1576.2     2722.1      277.6    429.9    356.1    442.6 2023  4 11 22 39 43.400  0.3   1
       55  27.911882   85.568506    13.787     1670.1     1221.7     1968.8    405.6    366.1    443.0 2023  4 11 23  9 10.760  0.9   1
       56  27.914982   85.459139    11.818    -9096.0     1565.3        0.1    403.4    349.4    431.1 2023  4 12  1  7 45.480  0.6   1
       57  27.909222   85.553044    12.625      148.0      927.1      806.7    412.2    343.6    424.6 2023  4 12  1 49 35.920  0.3   1
       58  27.881694   85.611532    13.499     5906.7    -2123.7     1681.3    458.1    426.2    422.5 2023  4 12 12  5 45.390  0.4   1
       59  27.956541   85.489290    12.951    -6126.8     6170.7     1133.3    603.6    333.5    687.6 2023  4 12 14  8 23.480  0.7   1
       60  27.913930   85.457601    11.503    -9248.0     1448.8     -315.2    407.3    363.5    445.2 2023  4 12 16 54 13.080  0.3   1
       61  27.909810   85.538989    13.166    -1235.7      992.4     1347.9    421.6    382.9    468.7 2023  4 12 17 13 48.560  0.3   1
       62  27.910002   85.538550    13.349    -1278.7     1013.5     1530.9    461.3    339.2    452.3 2023  4 12 17 57 18.540  0.4   1
       63  27.896159   85.536589    12.481    -1472.0     -520.7      662.4    458.6    343.9    500.7 2023  4 12 18 12  2.800  0.3   1
       64  27.910103   85.605021    12.922     5264.9     1024.8     1103.7    435.3    350.8    449.6 2023  4 12 18 36 26.780  0.4   1
       65  27.894080   85.585441    12.870     3337.7     -751.1     1051.4    383.9    350.4    418.6 2023  4 12 18 41 36.940  1.2   1
       66  27.894187   85.588680    12.741     3656.8     -739.1      922.8    422.8    389.7    417.9 2023  4 12 18 45 58.860  0.0   1
       67  27.887986   85.555916    12.179      430.9    -1426.2      361.1    501.9    458.1    437.7 2023  4 12 19 24 48.100  0.4   1
       68  27.908266   85.503044    11.557    -4774.1      821.1     -260.7    399.6    327.9    408.3 2023  4 12 20  2 26.000  0.3   1
       69  27.900523   85.559904    12.097      823.9      -37.0      278.6    415.6    378.5    472.6 2023  4 12 20 17 30.520  0.4   1
       70  27.897524   85.656665    13.572    10349.9     -369.2     1754.2    429.2    388.5    479.5 2023  4 12 20 22 13.240  0.4   1
       71  27.890354   85.483732    11.165    -6676.3    -1163.7     -652.8    388.8    351.1    384.5 2023  4 12 21 16 24.640  0.3   1
       72  27.889909   85.485286    11.459    -6522.7    -1213.3     -358.9    456.0    369.5    389.1 2023  4 12 21 22  8.720  0.3   1
       73  27.927478   85.475977    11.447    -7437.9     2950.2     -370.8    358.1    336.8    384.8 2023  4 12 21 41 28.860  0.5   1
       74  27.927649   85.453979    12.977    -9604.0     2969.0     1159.1    431.6    380.5    491.8 2023  4 12 21 46 33.480  0.1   1
       75  27.913649   85.556030    12.311      442.5     1417.7      493.0    436.9    372.4    410.8 2023  4 12 21 49 55.400  0.4   1
       76  27.912526   85.471004    11.443    -7927.9     1293.3     -374.6    430.8    339.1    423.7 2023  4 12 22  2 13.940  0.3   1
       77  27.904651   85.472811    10.921    -7750.7      420.5     -897.3    362.9    337.9    399.1 2023  4 12 22 33 39.020  0.2   1
       78  27.888904   85.490072    11.771    -6051.8    -1324.7      -47.4    398.2    405.9    469.8 2023  4 12 23  2 10.480  0.3   1
       79  27.909308   85.490446    11.794    -6014.3      936.5      -23.7    316.2    322.9    379.2 2023  4 12 23  4 10.000  0.0   1
       80  27.890035   85.485164    11.326    -6534.9    -1199.2     -491.9    408.9    351.0    363.5 2023  4 12 23  6 22.440  1.3   1
       81  27.951575   85.538501    11.243    -1282.8     5620.5     -575.2    583.4    388.5    439.3 2023  4 13  0 19  6.630  0.2   1
       82  27.904964   85.518612    11.283    -3241.7      455.3     -535.0    327.8    371.9    411.5 2023  4 13  4 13 48.740  0.4   1
       83  27.957863   85.423250    13.807   -12626.6     6317.3     1988.9    513.6    423.3    596.8 2023  4 13  8 30 25.990  1.2   1
       84  27.946177   85.459668    12.624    -9042.9     5022.4      806.4    414.9    346.4    466.3 2023  4 13 11 46 58.620  0.7   1
       85  27.945426   85.457267    12.709    -9279.3     4939.1      891.1    398.1    335.4    450.6 2023  4 13 11 51 25.780  0.9   1
       86  27.900177   85.587378    11.825     3528.8      -75.2        6.6    501.4    377.4    518.0 2023  4 13 13  5 13.910  0.3   1
       87  27.939795   85.524951    10.150    -2617.4     4315.0    -1668.1    542.8    336.0    471.0 2023  4 13 13 30 17.320  0.4   1
       88  27.914728   85.713175    16.608    15912.7     1537.3     4790.3    379.0    628.4    547.7 2023  4 13 13 35 37.430  0.5   1
       89  27.913306   85.714038    16.597    15997.3     1379.5     4779.2    505.5    474.3    556.9 2023  4 13 13 36 19.200  0.5   1
       90  27.919470   85.715747    16.597    16165.6     2062.7     4778.7    408.7    648.7    564.5 2023  4 13 13 42 13.040  0.5   1
       91  27.938436   85.569596    12.036     1777.9     4164.4      217.8    424.4    333.0    444.7 2023  4 13 14 19  5.860  0.4   1
       92  27.936593   85.575366    11.876     2345.6     3960.3       57.4    401.2    323.4    477.5 2023  4 13 14 24  8.190  0.5   1
       93  27.891280   85.547396    12.501     -408.2    -1061.2      683.3    481.0    368.6    441.3 2023  4 13 14 43 46.950  0.1   1
       94  27.938643   85.570215    11.691     1838.4     4187.4     -127.1    595.7    413.3    447.5 2023  4 13 14 50 20.480  0.3   1
       95  27.858661   85.708708    10.393    15476.4    -4676.1    -1425.0    378.5    636.7    508.0 2023  4 13 20 13 51.700  0.3   1
       96  27.877045   85.654476    12.673    10135.9    -2638.9      854.5    320.9    410.4    454.7 2023  4 13 21  0 51.540  0.3   1
       97  27.934920   85.543986    11.563     -743.3     3775.0     -255.0    365.1    347.0    410.2 2023  4 13 22 12 10.840  0.3   1
       98  27.902389   85.544344    12.279     -708.2      169.9      461.0    382.5    363.2    395.4 2023  4 13 22 13 20.160  0.3   1
       99  27.891427   85.528190    11.781    -2298.8    -1045.1      -37.3    421.3    357.9    469.7 2023  4 13 22 23 45.080  0.4   1
      100  27.914087   85.551709    12.768       16.8     1466.3      950.3    542.6    421.7    414.9 2023  4 13 22 33 32.180  0.4   1
      101  27.875238   85.654541    12.446    10141.8    -2839.0      628.2    351.5    428.1    461.7 2023  4 13 23  9 25.220  0.1   1
      102  27.886104   85.502214    11.540    -4856.2    -1634.9     -277.9    573.5    419.9    525.4 2023  4 13 23 30 46.360  0.4   1
      103  27.916388   85.572192    14.211     2033.6     1721.2     2392.8    384.2    338.3    462.4 2023  4 14  1  4 16.820  0.8   1
      104  27.915973   85.572827    14.357     2095.8     1675.2     2539.1    404.7    387.8    472.5 2023  4 14  1 17  3.670  0.3   1
      105  27.923136   85.563835    14.372     1210.8     2469.1     2553.7    523.8    384.1    443.5 2023  4 14  6 16  6.610  0.6   1
      106  27.875814   85.594539    12.794     4234.0    -2775.2      976.3    555.4    413.7    398.0 2023  4 14 10  2 46.840  2.4   1
      107  27.857279   85.653695    13.011    10059.4    -4829.2     1192.4    341.1    447.4    425.3 2023  4 14 10 13 58.710  1.9   1
      108  27.915845   85.537020    14.783    -1428.9     1660.9     2964.7    924.5    710.3    787.7 2023  4 14 10 14 41.830  0.6   1
      109  27.904875   85.575358    13.978     2344.9      445.2     2160.3    518.2    381.0    443.2 2023  4 14 11 45 55.820  0.6   1
      110  27.888426   85.511076    11.568    -3983.9    -1377.6     -250.2    369.0    352.2    485.1 2023  4 14 12 30 42.290  1.2   1
      111  27.890167   85.583407    12.532     3137.8    -1184.7      713.7    564.6    475.8    423.9 2023  4 14 13 49 39.530  0.2   1
      112  27.833108   85.669515    12.596    11618.6    -7507.7      777.7    371.8    462.8    422.9 2023  4 14 14 44 46.120  0.4   1
      113  27.832418   85.671208    12.356    11785.2    -7584.2      537.8    354.8    474.4    407.3 2023  4 14 14 59 41.070  0.2   1
      114  27.831930   85.669238    12.578    11591.5    -7638.4      760.0    387.8    494.7    408.7 2023  4 14 15  6 29.250  0.1   1
      115  27.886314   85.641512    15.510     8859.0    -1611.7     3691.8    394.7    421.1    458.1 2023  4 14 15 15 30.410  0.6   1
      116  27.894010   85.662557    14.102    10930.1     -758.6     2283.5    339.6    411.3    476.6 2023  4 14 16 19 15.390  0.7   1
      117  27.952584   85.449202    10.865   -10072.8     5732.3     -952.8    396.9    353.8    476.9 2023  4 14 16 20  2.890  0.6   1
      118  27.944224   85.452075    13.436    -9790.7     4805.8     1618.0    417.4    408.7    473.7 2023  4 14 16 33  8.920  0.4   1
      119  27.924854   85.657536    12.826    10434.2     2659.4     1008.4    393.8    365.2    506.5 2023  4 14 17  7 56.440  0.3   1
      120  27.908757   85.605452    15.592     5307.6      875.5     3774.0    444.6    384.7    471.6 2023  4 14 17  8 24.960  0.6   1
      121  27.904061   85.537101    12.032    -1421.3      355.0      213.7    431.7    346.0    439.9 2023  4 14 17 22 17.160  0.3   1
      122  27.932367   85.451489    10.707    -9849.0     3491.9    -1111.2    431.5    355.0    543.6 2023  4 14 17 45 24.800  0.3   1
      123  27.931173   85.459798    11.393    -9030.8     3359.6     -425.2    397.9    333.4    445.4 2023  4 14 17 47 37.360  0.4   1
      124  27.931154   85.458301    11.380    -9178.3     3357.5     -438.0    401.4    332.7    460.5 2023  4 14 17 53  8.120  0.5   1
      125  27.931938   85.459725    11.547    -9037.7     3444.4     -271.4    391.9    321.9    440.7 2023  4 14 17 57  6.280  0.7   1
      126  27.930654   85.459871    11.366    -9023.3     3302.0     -451.9    391.7    326.4    449.6 2023  4 14 17 58 36.640  0.2   1
      127  27.931470   85.458602    11.378    -9148.7     3392.4     -440.3    397.3    330.6    444.8 2023  4 14 18  8  8.680  0.6   1
      128  27.931667   85.457381    11.201    -9268.9     3414.4     -616.7    406.1    328.1    471.4 2023  4 14 18  8 42.480  0.3   1
      129  27.928453   85.532609    14.790    -1863.5     3058.1     2971.9    453.9    377.7    409.6 2023  4 14 18 34 47.680  0.4   1
      130  27.888741   85.489746    11.732    -6083.7    -1342.7      -86.1    523.3    386.7    442.2 2023  4 14 19  1 35.560  0.3   1
      131  27.907546   85.509082    11.791    -4180.1      741.4      -26.9    449.7    334.4    451.0 2023  4 14 19 45 34.180  0.3   1
      132  27.930406   85.458350    11.533    -9173.5     3274.6     -285.4    383.1    350.3    437.2 2023  4 14 20 30 23.960  0.3   1
      133  27.929708   85.458529    11.553    -9155.9     3197.3     -264.7    392.4    326.3    427.3 2023  4 14 20 33  9.360  0.2   1
      134  27.885173   85.704167    13.078    15027.4    -1738.0     1259.7    370.2    431.5    519.7 2023  4 14 20 46 13.920  0.4   1
      135  27.923360   85.482520    10.830    -6794.4     2493.8     -987.9    495.8    370.1    550.4 2023  4 14 21 32 15.880  0.3   1
      136  27.909601   85.502970    11.830    -4781.2      969.0       11.5    368.2    378.6    390.1 2023  4 14 21 59 19.460  0.4   1
      137  27.884243   85.602629    12.555     5030.5    -1841.2      737.1    417.8    402.0    407.0 2023  4 14 22 43 54.160  0.4   1
      138  27.886831   85.606340    12.050     5395.5    -1554.2      232.0    453.0    407.1    418.2 2023  4 14 22 44 32.080  0.4   1
      139  27.888873   85.582869     9.534     3085.0    -1327.9    -2283.6    421.5    368.2    453.1 2023  4 14 22 51  6.920  0.4   1
      140  27.877686   85.559399    12.668      774.1    -2567.8      850.0    407.4    378.1    383.5 2023  4 14 23 20 26.160  0.1   1
      141  27.890186   85.621476    12.946     6885.8    -1182.5     1127.6    576.5    418.8    441.5 2023  4 15  0 48  4.520  0.2   1
      142  27.930296   85.458594    11.476    -9149.5     3262.5     -342.4    385.4    375.3    432.3 2023  4 15  1 10  2.210  0.4   1
      143  27.928636   85.464095    11.672    -8607.7     3078.5     -146.0    424.4    342.6    434.6 2023  4 15  1 13  4.580  0.5   1
      144  27.858158   85.653703    13.062    10060.5    -4731.7     1244.0    340.7    427.6    428.6 2023  4 15  1 41 10.470  1.5   1
      145  27.902285   85.513696    12.120    -3725.2      158.3      301.6    354.2    318.7    409.9 2023  4 15  9 46  8.290  0.9   1
      146  27.902230   85.515951    12.175    -3503.4      152.2      357.4    416.2    389.1    439.2 2023  4 15  9 48 34.260  0.5   1
      147  27.905251   85.518490    12.180    -3253.4      487.0      362.1    465.3    341.1    414.2 2023  4 15 13 48 50.320  0.4   1
      148  27.912941   85.545947    12.484     -550.8     1339.3      665.9    387.1    323.5    395.1 2023  4 15 15 11 10.850  0.6   1
      149  27.865658   85.609701     2.985     5726.9    -3900.6    -8832.8    363.8    435.6    565.2 2023  4 15 15 14  7.570  1.1   1
      150  27.879036   85.581934    12.990     2992.5    -2418.0     1172.3    614.0    518.7    392.9 2023  4 15 17 17 39.780  0.3   1
      151  27.987024   85.692432     8.942    13865.6     9549.0    -2876.6    650.9    556.7    738.1 2023  4 15 17 38 11.960  0.3   1
      152  27.923728   85.508651    11.587    -4221.5     2534.6     -231.5    310.0    316.8    385.0 2023  4 15 18 51 42.640  0.1   1
      153  27.885130   85.507080    11.255    -4377.5    -1742.8     -563.2    359.5    354.6    459.6 2023  4 15 18 52 24.640  0.3   1
      154  27.884900   85.509627    11.343    -4126.8    -1768.2     -474.9    447.0    383.5    506.5 2023  4 15 18 53 22.520  0.3   1
      155  27.898777   85.544889    12.782     -654.3     -230.5      963.5    409.2    346.4    400.1 2023  4 15 19 13 47.240  0.3   1
      156  27.939709   85.558260     5.108      661.6     4305.7    -6710.3    445.5    434.8    515.4 2023  4 15 19 15 45.080  0.1   1
      157  27.870235   85.707039    12.611    15311.7    -3393.4      793.2    355.0    452.5    495.6 2023  4 15 19 34 39.820  0.0   1
      158  27.927051   85.495841    13.401    -5482.9     2902.8     1583.0    360.0    332.1    405.6 2023  4 15 19 45 45.880  0.3   1
      159  27.914274   85.453483    10.372    -9653.0     1487.0    -1446.4    423.7    397.9    402.3 2023  4 15 19 58 46.480  0.3   1
      160  27.884615   85.566699    11.907     1493.1    -1799.8       88.7    484.4    444.0    489.7 2023  4 15 20  4 21.480  0.3   1
      161  27.903335   85.475537    11.257    -7482.5      274.6     -561.1    380.7    333.8    386.4 2023  4 15 20  9 37.160  0.3   1
      162  27.901699   85.475911    11.593    -7445.7       93.4     -225.0    377.9    344.2    373.8 2023  4 15 20 10 52.880  0.3   1
      163  27.889931   85.570744    12.371     1891.3    -1210.6      553.2    448.0    395.4    414.0 2023  4 15 20 39 41.100  0.3   1
      164  27.914321   85.578280    13.046     2632.4     1492.0     1227.5    423.7    362.4    503.2 2023  4 15 21 16 39.720  0.4   1
      165  27.972426   85.580607     7.534     2861.1     7931.1    -4284.2    610.2    407.6    479.0 2023  4 15 21 39  7.240  0.3   1
      166  27.907770   85.506722    12.235    -4411.8      766.1      417.4    423.0    343.8    446.9 2023  4 15 22 48  2.420  0.3   1
      167  27.912140   85.666325    12.236    11300.1     1250.3      417.5    322.9    401.2    510.2 2023  4 15 23 22  1.200  0.1   1
      168  27.886568   85.532552    11.771    -1869.2    -1583.3      -46.8    405.4    377.0    450.0 2023  4 16  5 55  6.690  0.7   1
      169  27.857589   85.653914    12.893    10081.3    -4794.8     1075.0    357.8    428.8    428.9 2023  4 16  7 22  7.980  1.2   1
      170  27.913395   85.587907    12.604     3580.5     1389.6      786.3    428.5    401.2    501.6 2023  4 16 10 48 36.780  0.6   1
      171  27.906547   85.593766    13.625     4157.5      630.7     1806.5    480.1    514.1    579.0 2023  4 16 13 21 54.940  0.4   1
      172  27.923232   85.689673    16.778    13598.3     2479.7     4960.4    411.4    421.4    536.9 2023  4 16 15  0  9.220  0.5   1
      173  27.879773   85.560539    12.377      886.2    -2336.5      559.2    401.9    364.9    406.2 2023  4 16 15 22 36.550  0.3   1
      174  27.877653   85.561060    12.701      937.8    -2571.4      883.1    377.8    382.4    383.8 2023  4 16 16 51 34.090  0.4   1
      175  27.880271   85.557585    12.674      595.4    -2281.1      855.6    425.9    409.4    424.8 2023  4 16 16 52  7.260  0.4   1
      176  27.838916   85.660384    11.580    10719.3    -6864.2     -237.8    380.1    496.7    413.2 2023  4 16 17  3 56.720  0.5   1
      177  27.837960   85.661727    11.257    10851.4    -6970.0     -561.3    359.7    457.9    454.4 2023  4 16 17  4 50.280  0.0   1
      178  27.838540   85.662744    11.300    10951.4    -6905.9     -518.4    324.4    454.8    409.5 2023  4 16 17  6 53.360  0.2   1
      179  27.838546   85.664730    11.207    11147.3    -6905.2     -611.1    391.8    458.3    418.8 2023  4 16 17  7 20.600  0.0   1
      180  27.900128   85.674194    12.767    12076.1      -80.7      949.0    350.5    386.6    499.6 2023  4 16 17 19 26.360  1.1   1
      181  27.881535   85.546956    12.429     -450.8    -2141.3      611.3    393.9    383.4    432.6 2023  4 16 17 32 32.960  0.3   1
      182  27.877956   85.561629    12.651      993.5    -2537.7      832.6    408.3    390.3    382.4 2023  4 16 17 51  0.940  0.1   1
      183  27.892122   85.469092    11.948    -8117.5     -967.9      129.9    397.9    423.9    386.8 2023  4 16 17 56 22.760  0.3   1
      184  27.878249   85.560693    12.680      901.3    -2505.3      861.9    400.8    395.7    396.7 2023  4 16 18 31 59.760  0.0   1
      185  27.877909   85.574927    12.356     2302.9    -2543.0      538.4    409.0    385.6    382.5 2023  4 16 18 35  0.240  0.4   1
      186  27.886513   85.651457    12.863     9838.2    -1589.4     1044.4    312.7    391.3    460.1 2023  4 16 18 51 57.760  0.3   1
      187  27.911863   85.589014    15.896     3689.6     1219.8     4077.9    545.6    427.1    481.1 2023  4 16 19  7 49.600  0.3   1
      188  27.922569   85.569580    14.246     1776.3     2406.2     2427.5    531.5    365.7    469.5 2023  4 16 19 13 41.960  0.3   1
      189  27.881557   85.546525    12.413     -493.5    -2138.8      595.1    439.3    392.7    440.8 2023  4 16 19 16 48.480  0.3   1
      190  27.886253   85.555745    12.247      413.9    -1618.4      428.9    389.8    385.0    414.3 2023  4 16 19 39 26.000  0.4   1
      191  27.877773   85.561060    12.722      937.2    -2558.1      903.9    405.8    391.4    380.1 2023  4 16 19 55  5.900  0.7   1
      192  27.883252   85.603442    12.085     5110.2    -1951.0      267.0    385.0    388.6    415.6 2023  4 16 20 18  9.760  0.4   1
      193  27.836289   85.625667    12.397     7300.3    -7155.2      579.3    507.5    472.2    386.9 2023  4 16 20 21 39.620  0.4   1
      194  27.943909   85.499536    12.326    -5118.8     4770.9      507.7    334.7    335.7    374.7 2023  4 16 21  8 39.760  0.5   1
      195  27.891962   85.402539    11.305   -14669.6     -985.8     -512.9    482.8    431.0    524.4 2023  4 16 21 16 50.320  0.2   1
      196  27.875539   85.582080    12.541     3007.2    -2805.5      722.8    494.4    445.9    377.5 2023  4 16 21 25 47.280  0.2   1
      197  27.894525   85.564803    12.075     1306.1     -701.6      257.0    410.6    391.4    462.7 2023  4 16 21 27 56.840  0.1   1
      198  27.931661   85.587378    14.064     3528.0     3413.7     2245.6    493.1    460.0    488.8 2023  4 16 21 45 28.960  0.5   1
      199  27.900920   85.548315    12.843     -317.5        7.1     1025.3    402.0    367.0    395.0 2023  4 16 22 39  4.420  0.5   1
      200  27.981388   85.560783     1.541      910.0     8924.3   -10277.5    627.8    546.3    702.9 2023  4 17  0 35 12.870  0.4   1
      201  27.919415   85.485327    11.886    -6517.7     2056.7       68.1    349.2    344.1    411.9 2023  4 17  0 36 13.510  0.7   1
      202  27.891711   85.636483    12.184     8363.4    -1013.5      365.5    407.5    439.0    539.2 2023  4 17  1 18 21.350  0.4   1
      203  27.897868   85.557918    12.231      628.2     -331.2      413.3    405.5    397.5    536.4 2023  4 17  1 33 17.830  0.4   1
      204  27.852647   85.661580    12.773    10836.3    -5342.5      954.4    489.1    489.4    451.9 2023  4 17  1 43 46.720  0.6   1
      205  27.921647   85.439095    11.033   -11069.0     2304.0     -785.1    427.0    370.4    555.0 2023  4 17  4 47 35.270  0.8   1
      206  27.882292   85.614274    12.745     6177.1    -2057.4      927.1    458.0    427.9    465.8 2023  4 17  9 35 43.770  0.6   1
      207  27.905294   85.540299    14.605    -1106.6      491.7     2787.0    576.7    478.8    605.4 2023  4 17 12 41 35.530  0.6   1
      208  27.916504   85.570231    13.760     1840.3     1734.1     1942.2    463.0    469.9    452.2 2023  4 17 13 57 12.660  0.3   1
      209  27.910205   85.501538    12.543    -4922.4     1036.1      724.9    315.9    345.5    382.8 2023  4 17 14 15 43.290  0.7   1
      210  27.909943   85.502018    12.242    -4874.8     1006.8      423.4    345.7    320.9    391.9 2023  4 17 14 20 47.700  0.2   1
      211  27.939183   85.505981    11.414    -4484.1     4247.2     -404.5    322.3    316.7    404.9 2023  4 17 14 34 58.280  0.4   1
      212  27.916184   85.572648    13.932     2078.3     1698.6     2114.3    398.2    363.2    474.9 2023  4 17 14 37  1.710  0.4   1
      213  27.908875   85.502148    12.395    -4862.1      888.5      577.2    409.7    336.3    387.7 2023  4 17 15  0 12.670  0.5   1
      214  27.890694   85.495190    11.492    -5547.8    -1126.3     -326.3    463.5    353.4    454.7 2023  4 17 15 27 27.710  0.2   1
      215  27.888544   85.529647    12.176    -2155.1    -1364.5      358.3    418.0    404.0    518.2 2023  4 17 15 45 39.100  0.0   1
      216  27.903737   85.642668    13.520     8971.9      319.2     1701.5    364.3    397.7    478.0 2023  4 17 16 29 18.170  0.1   1
      217  27.889569   85.557788    12.373      615.1    -1250.9      554.5    459.3    385.3    380.9 2023  4 17 17 10  3.080  0.3   1
      218  27.882922   85.547949    12.368     -353.3    -1987.4      550.2    363.7    373.5    408.1 2023  4 17 17 20 24.440  0.6   1
      219  27.886070   85.554004    12.278      242.6    -1638.6      459.8    386.7    379.3    413.9 2023  4 17 18 19 15.500  0.3   1
      220  27.882100   85.548918    12.414     -257.6    -2078.5      595.9    374.9    374.6    412.2 2023  4 17 20  9 49.600  0.4   1
      221  27.899156   85.649162    11.903     9611.3     -188.5       85.4    463.1    375.0    483.7 2023  4 17 20 19 37.360  0.4   1
      222  27.950999   85.550684    12.837      -84.2     5556.7     1019.3    554.7    374.8    440.0 2023  4 17 21 32 38.880  0.3   1
      223  27.900677   85.547477    12.331     -399.8      -19.8      513.3    425.0    357.5    394.7 2023  4 17 21 47 33.400  0.3   1
      224  27.884939   85.553979    12.294      240.7    -1764.1      476.1    369.3    370.8    391.4 2023  4 17 21 57 28.840  0.3   1
      225  27.929567   85.513208    13.466    -3773.4     3181.8     1648.3    488.1    389.8    462.2 2023  4 17 22 16  1.320  0.3   1
      226  27.882558   85.548844    12.412     -265.0    -2027.9      594.1    400.7    383.5    420.0 2023  4 17 22 39 38.380  0.3   1
      227  27.885911   85.537126    12.056    -1419.4    -1656.2      237.9    452.2    362.6    444.1 2023  4 18  0 42 35.430  0.2   1
      228  27.903206   85.470500    10.898    -7978.2      260.4     -919.8    415.4    499.4    453.5 2023  4 18  1  8 52.510  0.4   1
      229  27.882705   85.547998    12.430     -348.7    -2011.5      611.6    384.9    373.9    416.7 2023  4 18  1 34 29.360  1.3   1
      230  27.899823   85.695199     7.395    14144.1     -114.5    -4423.1    603.5    704.1    774.5 2023  4 18  2 54 26.230  0.5   1
      231  27.918833   85.600179    16.017     4788.3     1992.1     4199.3    465.1    400.9    476.6 2023  4 18  9  6 56.230  0.8   1
      232  27.882499   85.548901    12.509     -259.7    -2034.3      690.9    397.0    390.4    438.7 2023  4 18 13 21 44.350  0.3   1
      233  27.883767   85.545288    12.306     -615.0    -1893.9      487.8    416.4    382.4    438.1 2023  4 18 13 31 52.450  0.3   1
      234  27.876377   85.591683    11.657     3952.8    -2712.7     -161.4    434.2    392.4    398.8 2023  4 18 15 33 21.500  0.0   1
      235  27.890493   85.471387    12.117    -7891.6    -1148.5      299.0    389.6    413.8    389.4 2023  4 18 17  1 16.360  0.2   1
      236  27.898018   85.508105    11.776    -4275.9     -314.6      -42.1    419.7    350.7    402.2 2023  4 18 17 37 42.240  0.2   1
      237  27.897280   85.573714    12.955     2183.6     -396.3     1136.6    493.8    458.9    432.6 2023  4 18 18  4  7.440  0.3   1
      238  27.922471   85.482576    11.751    -6788.9     2395.3      -66.8    420.7    321.5    372.8 2023  4 18 18  5 24.740  1.8   1
      239  27.924231   85.484115    11.500    -6637.1     2590.2     -317.7    340.8    316.1    374.4 2023  4 18 18 33 59.260  0.3   1
      240  27.876196   85.580062    12.606     2808.9    -2732.8      787.7    507.2    437.7    381.3 2023  4 18 18 46 43.220  0.5   1
      241  27.884717   85.550138    12.283     -137.5    -1788.5      465.2    375.5    376.4    416.4 2023  4 18 19 38 39.660  0.4   1
      242  27.772734   85.532015    10.961    -1922.9   -14198.3     -856.7   1050.2    758.0    732.1 2023  4 18 19 45 55.640  0.4   1
      243  27.885498   85.652262    12.163     9917.1    -1702.0      345.3    378.9    390.4    461.2 2023  4 18 20 20 56.840  0.3   1
      244  27.887191   85.655412    12.786    10227.0    -1514.3      968.3    677.3    433.1    495.4 2023  4 18 20 24 10.860  0.0   1
      245  27.888125   85.652067    12.264     9897.8    -1410.9      446.0    322.1    388.9    464.5 2023  4 18 20 24 33.920  0.2   1
      246  27.887313   85.649609    12.366     9656.3    -1501.0      547.5    323.3    398.3    462.0 2023  4 18 20 25 56.940  0.4   1
      247  27.885565   85.655037    12.119    10190.1    -1694.7      300.6    321.7    421.4    461.8 2023  4 18 20 27 39.000  0.4   1
      248  27.888424   85.728955    13.679    17467.8    -1377.9     1860.9    365.8    514.9    560.5 2023  4 18 20 37 43.560  0.2   1
      249  27.921370   85.547046    14.435     -442.1     2273.4     2617.1    556.8    386.7    420.7 2023  4 18 21 15 25.240  0.0   1
      250  27.895778   85.518970    14.979    -3206.1     -562.7     3160.7    497.6    357.1    452.0 2023  4 18 21 24 57.920  0.3   1
      251  27.899597   85.539469    13.173    -1188.1     -139.7     1355.0    669.5    443.3    450.4 2023  4 18 21 34 44.240  0.3   1
      252  27.886041   85.534644    11.997    -1663.8    -1641.8      179.3    488.2    353.4    459.1 2023  4 18 22 15 11.520  0.3   1
      253  27.888511   85.522648    11.822    -2844.3    -1368.2        3.4    428.5    332.2    471.0 2023  4 18 22 29 22.440  0.0   1
      254  27.888831   85.521680    11.695    -2939.5    -1332.7     -123.0    461.8    362.7    498.4 2023  4 18 22 34 42.420  0.3   1
      255  27.890468   85.518701    11.464    -3233.1    -1151.2     -353.7    478.2    356.6    490.7 2023  4 18 22 34 56.880  0.3   1
      256  27.898163   85.532845    12.456    -1840.0     -298.5      637.6    398.6    364.5    440.6 2023  4 18 23  6 58.480  0.2   1
      257  27.888584   85.523047    11.686    -2804.9    -1360.0     -132.3    405.4    390.9    495.2 2023  4 18 23 46 23.080  0.1   1
      258  27.925726   85.506185     6.651    -4464.7     2756.1    -5166.8    394.0    296.8    483.1 2023  4 19  0 14 48.630  0.3   1
      259  27.890100   85.534896    12.559    -1638.9    -1192.1      741.0    488.1    355.6    469.4 2023  4 19  1 29 13.580  0.4   1
      260  27.905023   85.527507    12.103    -2365.6      461.7      285.1    437.7    342.0    428.2 2023  4 19  1 35 15.900  0.5   1
      261  27.923018   85.540942    11.952    -1043.1     2456.0      133.7    558.5    358.4    459.2 2023  4 19  5  6 43.090  0.4   1
      262  27.925970   85.528963    11.602    -2222.1     2783.1     -215.9    570.2    392.1    395.1 2023  4 19  5 15 43.650  0.4   1
      263  27.928603   85.525334    11.521    -2579.4     3074.8     -296.8    658.7    385.0    391.2 2023  4 19  5 17 33.420  0.4   1
      264  27.926316   85.529508    11.645    -2168.6     2821.5     -173.2    369.3    333.6    385.2 2023  4 19  5 19 33.950  1.3   1
      265  27.841624   85.680770    12.788    12726.6    -6564.0      969.7    389.4    490.1    450.7 2023  4 19 14 14  6.960  0.4   1
      266  27.916524   85.558447    14.395      680.4     1736.3     2576.7    453.3    354.3    434.0 2023  4 19 15 35  0.170  1.2   1
      267  27.919328   85.535140    13.584    -1614.3     2046.9     1766.0    619.0    368.6    405.0 2023  4 19 17 15 47.080  0.3   1
      268  27.880827   85.553524    12.282      195.4    -2219.6      464.1    420.6    431.1    450.9 2023  4 19 18  6 19.020  0.4   1
      269  27.904333   85.464771    12.417    -8542.5      385.4      598.8    408.1    368.8    444.9 2023  4 19 18  7 51.300  0.2   1
      270  27.906816   85.489185    11.841    -6138.7      660.3       23.3    356.9    319.4    388.5 2023  4 19 18 23 38.700  0.0   1
      271  27.907243   85.488908    11.784    -6165.8      707.6      -33.6    419.1    339.2    390.2 2023  4 19 18 38 33.500  0.2   1
      272  27.908626   85.485018    11.548    -6548.6      860.9     -269.8    403.3    342.1    376.5 2023  4 19 18 39  0.380  0.3   1
      273  27.907404   85.486979    11.709    -6355.8      725.6     -109.1    384.6    330.2    381.4 2023  4 19 18 47 28.540  0.2   1
      274  27.907546   85.488192    11.639    -6236.3      741.3     -178.7    372.1    322.7    369.7 2023  4 19 18 48 40.500  0.6   1
      275  27.906836   85.488249    11.694    -6230.9      662.7     -123.7    414.7    332.5    392.5 2023  4 19 18 49 26.580  0.1   1
      276  27.908093   85.484611    11.558    -6589.3      802.0     -260.1    448.5    369.8    451.0 2023  4 19 19 22 48.480  0.3   1
      277  27.908124   85.486735    11.804    -6380.0      805.3      -13.8    398.1    339.7    387.7 2023  4 19 19 28 14.360  0.3   1
      278  27.907817   85.487223    11.626    -6331.9      771.3     -192.0    370.9    324.7    371.7 2023  4 19 19 30 38.080  0.8   1
      279  27.910183   85.479761    11.576    -7066.5     1033.5     -241.7    378.6    346.4    378.6 2023  4 19 19 32 47.620  0.3   1
      280  27.908687   85.485539    11.691    -6497.3      867.8     -127.0    421.1    338.6    376.7 2023  4 19 19 38  0.680  0.3   1
      281  27.907383   85.488794    11.705    -6176.7      723.2     -112.7    338.1    326.2    389.9 2023  4 19 19 39 33.720  0.3   1
      282  27.907760   85.487077    11.737    -6346.1      765.0      -81.3    390.9    333.3    393.9 2023  4 19 19 49 32.660  0.3   1
      283  27.903121   85.547054    12.871     -441.5      251.0     1052.8    418.2    370.6    407.9 2023  4 19 20 18 53.320  0.9   1
      284  27.907491   85.487703    11.711    -6284.2      735.3     -107.4    375.9    328.8    371.8 2023  4 19 20 24  8.200  1.2   1
      285  27.858419   85.732829    14.284    17851.8    -4702.8     2466.0    449.1    587.2    546.2 2023  4 19 20 37 48.280  0.2   1
      286  27.905072   85.489282    11.594    -6129.3      467.1     -224.4    341.1    340.1    363.9 2023  4 19 20 39 34.340  0.3   1
      287  27.935193   85.461922    14.131    -8821.1     3805.0     2313.4    466.0    585.7    501.6 2023  4 19 21 20 36.400  0.0   1
      288  27.907332   85.487231    11.701    -6331.3      717.6     -116.8    393.5    329.7    373.1 2023  4 19 21 46 59.580  1.1   1
      289  27.908907   85.482943    11.034    -6753.1      892.2     -784.5    365.4    332.9    392.4 2023  4 19 23 42 23.920  0.1   1
      290  27.865527   85.603141     4.827     5081.6    -3915.1    -6991.3    441.1    400.1    458.4 2023  4 19 23 45 33.760  0.2   1
      291  27.905794   85.563517    12.545     1179.0      547.2      726.5    461.1    360.0    459.2 2023  4 20  0 12 14.180  0.5   1
      292  27.884021   85.526595    12.237    -2455.8    -1865.8      418.5    489.2    419.0    478.8 2023  4 20  0 46 30.130  0.2   1
      293  27.978973   85.700277    11.974    14638.5     8656.7      155.6    437.3    554.1    632.2 2023  4 20  1 42  0.480  0.5   1
      294  27.907835   85.489469    10.578    -6110.2      773.3    -1239.7    415.1    325.2    455.5 2023  4 20 12 56  7.040  0.4   1
      295  27.928914   85.510604     5.839    -4029.5     3109.2    -5979.6    342.5    264.1    475.9 2023  4 20 16 14 12.270  0.5   1
      296  27.876485   85.598755    12.544     4648.7    -2700.9      725.7    865.7    610.2    467.3 2023  4 20 16 27 58.210  0.4   1
      297  27.911204   85.592586    13.611     4040.9     1146.6     1793.0    406.7    349.4    469.4 2023  4 20 16 58 28.450  0.4   1
      298  27.871995   85.559237    12.183      758.3    -3198.3      364.5    462.9    432.0    407.3 2023  4 20 17 36 45.380  0.4   1
      299  27.872119   85.560360    12.234      868.5    -3184.6      415.7    395.8    396.6    388.4 2023  4 20 17 52  8.280  0.0   1
      300  27.909434   85.486841    11.858    -6369.0      950.6       39.6    372.1    327.7    373.9 2023  4 20 17 54 55.740  0.3   1
      301  27.909538   85.512866    12.297    -3806.8      961.9      479.0    417.5    329.5    395.7 2023  4 20 19 24 31.760  0.3   1
      302  27.914840   85.605363    15.186     5298.8     1549.6     3368.1    432.6    465.2    558.3 2023  4 20 19 47  2.400  0.3   1
      303  27.883354   85.550106    12.303     -140.8    -1939.7      485.2    410.4    399.7    423.2 2023  4 20 20  7 44.040  0.3   1
      304  27.908679   85.672575     6.849    11915.6      867.0    -4969.1    311.1    355.2    511.8 2023  4 20 20 17 48.640  0.5   1
      305  27.929093   85.508830     5.549    -4204.3     3129.2    -6268.6    420.6    320.2    566.4 2023  4 20 20 22 19.360  0.3   1
      306  27.882576   85.546598    12.172     -486.2    -2025.7      353.5    402.0    389.4    435.6 2023  4 20 20 55 44.000  0.3   1
      307  27.882104   85.550920    12.129      -60.8    -2078.0      311.1    403.9    386.7    402.6 2023  4 20 20 56 17.160  0.3   1
      308  27.920508   85.644979    14.370     9199.0     2177.7     2551.4    427.3    378.1    486.3 2023  4 20 20 57  9.940  1.0   1
      309  27.913342   85.582406    12.940     3038.9     1383.7     1122.1    417.3    339.0    458.7 2023  4 20 21 16 26.520  0.3   1
      310  27.922359   85.648486    14.146     9544.0     2382.8     2328.2    413.1    380.5    492.1 2023  4 20 21 22 44.820  0.3   1
      311  27.834157   85.613045    12.401     6057.2    -7391.3      582.9    486.7    487.6    379.3 2023  4 20 21 24 47.520  0.3   1
      312  27.822959   85.683618    12.687    13008.3    -8632.4      868.7    373.2    482.2    419.6 2023  4 20 21 35 15.360  0.1   1
      313  27.882971   85.547021    12.405     -444.9    -1982.1      586.4    397.5    370.8    426.3 2023  4 21  7 51 29.210  1.8   1
      314  27.922056   85.470361    11.366    -7991.4     2349.2     -452.5    371.4    325.7    393.1 2023  4 21 14 19 56.490  0.6   1
      315  27.875387   85.746639     9.643    19210.0    -2822.6    -2175.4    414.8    561.3    585.7 2023  4 21 14 26 43.220  0.6   1
      316  27.896277   85.588159    11.620     3605.1     -507.4     -198.3    503.1    503.1    487.9 2023  4 21 15 10 11.180  0.1   1
      317  27.929531   85.510050     5.683    -4084.0     3177.7    -6135.2    351.9    267.7    482.4 2023  4 21 16  9 41.850  0.3   1
      318  27.899109   85.673828    14.063    12039.6     -193.6     2245.3    636.1    428.5    657.2 2023  4 21 16 36 50.530  0.3   1
      319  27.929213   85.509733     5.754    -4115.1     3142.4    -6064.4    363.1    281.8    499.9 2023  4 21 18 39 33.840  0.0   1
      320  27.897974   85.475326    11.336    -7503.0     -319.4     -481.8    370.1    344.8    365.0 2023  4 21 19 13 38.740  0.3   1
      321  27.894566   85.599072    12.335     4679.8     -697.2      517.4    494.6    389.3    428.1 2023  4 21 19 18 16.120  0.0   1
      322  27.886253   85.556543    12.298      492.7    -1618.4      479.5    434.4    383.8    405.3 2023  4 21 19 46 55.160  0.3   1
      323  27.877264   85.567000    12.341     1522.7    -2614.5      523.0    495.1    427.7    381.5 2023  4 21 20 34 28.440  0.4   1
      324  27.875732   85.570711    12.362     1887.5    -2784.3      544.1    489.3    422.4    375.8 2023  4 21 20 36 25.360  0.0   1
      325  27.876068   85.568587    12.426     1678.8    -2747.0      608.3    542.8    431.2    380.8 2023  4 21 20 37 55.300  0.2   1
      326  27.874733   85.570264    12.520     1844.0    -2895.0      702.0    435.1    413.8    374.4 2023  4 21 20 39 31.680  0.3   1
      327  27.876286   85.570207    12.379     1838.1    -2722.8      560.6    382.5    382.6    369.6 2023  4 21 20 40 39.000  0.2   1
      328  27.898391   85.474951    11.591    -7539.9     -273.3     -227.1    388.0    394.1    405.2 2023  4 21 21 42 52.840  0.3   1
      329  27.885459   85.548966    12.241     -253.2    -1706.2      423.1    434.5    371.3    433.7 2023  4 21 21 50 33.140  0.3   1
      330  27.922858   85.568376    14.419     1657.8     2438.2     2600.6    387.0    331.0    459.3 2023  4 21 22 29 45.360  0.6   1
      331  27.943528   85.510360     1.798    -4053.2     4728.7   -10019.7    538.7    425.3    814.5 2023  4 21 22 52 33.540  0.1   1
      332  27.912429   85.459383    11.638    -9072.4     1282.4     -179.8    385.8    356.2    380.2 2023  4 21 23 11 39.840  0.1   1
      333  27.890877   85.502507    10.705    -4827.3    -1105.9    -1113.2    484.8    403.5    498.5 2023  4 22  3  3 11.180  0.4   1
      334  27.887583   85.503670    11.149    -4712.7    -1470.9     -668.9    428.6    366.7    473.7 2023  4 22  3  3 27.430  0.6   1
      335  27.883537   85.550236    12.406     -128.4    -1919.3      587.7    437.9    411.0    443.9 2023  4 22  6 36 21.290  0.5   1
      336  27.923635   85.515576    11.691    -3540.3     2524.3     -127.4    379.3    343.2    410.2 2023  4 22  6 52 37.090  0.7   1
      337  27.920793   85.558577    14.691      693.0     2209.4     2872.9    501.2    367.9    437.7 2023  4 22  7 54 54.120  1.0   1
      338  27.938590   85.560441    11.766      876.7     4181.5      -51.8    430.1    314.8    426.4 2023  4 22 11  2 42.150  0.8   1
      339  27.909831   85.615804     6.828     6327.0      994.5    -4990.2    395.6    329.3    509.2 2023  4 22 15 14 49.660  0.0   1
      340  27.803198   85.693351    11.730    13968.3   -10822.3      -88.4    443.7    572.3    443.8 2023  4 22 16 29 24.440  0.3   1
      341  27.906846   85.472046    12.199    -7826.0      663.7      381.1    442.0    385.8    434.1 2023  4 22 16 57  4.640  0.3   1
      342  27.922487   85.478410    11.623    -7198.7     2397.1     -195.1    615.0    443.8    761.8 2023  4 22 17  1 40.660  0.4   1
      343  27.892617   85.534017    12.469    -1725.3     -913.1      650.9    427.1    361.8    466.6 2023  4 22 18  3 21.400  0.3   1
      344  27.888139   85.587736     8.642     3564.3    -1409.4    -3176.3    401.7    353.0    467.3 2023  4 22 18 20 58.540  0.3   1
      345  27.883506   85.564705    11.451     1296.7    -1922.6     -367.0    491.6    444.8    398.8 2023  4 22 19 21 35.560  0.3   1
      346  27.940727   85.545939    11.469     -550.7     4418.4     -349.6    399.7    337.9    417.5 2023  4 22 19 50 41.120  0.3   1
      347  27.885091   85.563127    11.309     1140.6    -1747.1     -509.3    507.3    409.7    396.6 2023  4 22 19 52 50.280  0.3   1
      348  27.917782   85.580688    14.056     2869.5     1875.6     2237.9    457.1    395.4    476.1 2023  4 22 20 14 47.640  0.3   1
      349  27.892879   85.524691    11.072    -2643.2     -884.1     -746.4    595.8    371.7    517.6 2023  4 22 20 15 38.280  0.3   1
      350  27.907408   85.470923    11.184    -7936.2      725.9     -634.3    413.7    361.9    416.8 2023  4 22 20 19 17.800  0.3   1
      351  27.899337   85.566024    12.084     1425.9     -168.4      265.7    445.9    373.9    406.2 2023  4 22 21 49  3.460  0.4   1
      352  27.921265   85.556291    14.814      468.0     2261.5     2995.5    546.5    410.2    446.4 2023  4 22 22 27 40.600  0.3   1
      353  27.890426   85.527938    11.811    -2323.8    -1156.0       -7.1    470.0    386.3    471.9 2023  4 22 22 33 15.880  0.3   1
      354  27.892385   85.583146    13.944     3112.2     -938.8     2125.5    430.8    529.6    442.4 2023  4 23  4  6 13.730  0.7   1
      355  27.912061   85.545353    12.924     -608.6     1241.7     1105.9    476.8    403.7    408.9 2023  4 23  4 52  1.970  0.4   1
      356  27.926756   85.520426    13.339    -3063.0     2870.2     1520.7    383.9    367.0    382.8 2023  4 23  5 13 33.070  0.5   1
      357  27.817509   85.697518    11.593    14377.1    -9236.4     -225.1    387.8    510.0    440.8 2023  4 23  7 51 46.520  0.9   1
      358  27.932318   85.521452    13.620    -2961.8     3486.5     1801.8    769.1    760.9    448.1 2023  4 23 11  7 46.750  0.9   1
      359  27.915108   85.525374     5.283    -2575.3     1579.2    -6535.0    580.3    323.7    543.3 2023  4 23 16 30 50.490  0.6   1
      360  27.924705   85.526497    13.243    -2465.3     2642.8     1425.3    496.7    332.4    400.1 2023  4 23 17  0  9.040  0.2   1
      361  27.910754   85.498047    10.982    -5266.0     1097.0     -836.2    515.5    351.3    482.5 2023  4 23 17 42 42.080  0.3   1
      362  27.911694   85.504395    11.475    -4641.1     1201.1     -342.7    496.8    362.3    469.4 2023  4 23 17 42 48.260  0.3   1
      363  27.846511   85.617668    12.238     6512.1    -6022.5      420.0    414.9    423.5    372.9 2023  4 23 17 54  6.080  0.3   1
      364  27.929586   85.630729    12.226     7795.7     3183.8      408.1    483.6    414.2    519.9 2023  4 23 20 28 31.360  0.3   1
      365  27.880847   85.563029    12.241     1131.6    -2217.3      422.6    460.8    419.9    408.7 2023  4 23 20 41 44.020  0.3   1
      366  27.910586   85.494352    11.956    -5630.1     1078.0      137.5    350.2    322.5    379.4 2023  4 23 21  0 47.700  0.6   1
      367  27.910765   85.492765    11.528    -5786.3     1097.9     -290.0    434.7    322.6    375.7 2023  4 23 21 25  1.880  0.0   1
      368  27.888283   85.527702    11.596    -2346.7    -1393.3     -221.8    417.7    393.8    480.1 2023  4 23 21 26 25.840  0.3   1
      369  27.913987   85.491235    12.265    -5936.4     1455.1      446.9    373.4    360.0    393.6 2023  4 23 21 27 27.260  0.3   1
      370  27.924231   85.615251    14.221     6272.1     2590.3     2403.2    665.3    391.3    482.9 2023  4 23 21 56 48.920  0.3   1
      371  27.877319   85.588550    12.395     3644.6    -2608.4      577.4    429.9    410.0    405.5 2023  4 23 23 17 10.600  0.4   1
      372  27.872921   85.703524     6.471    14965.2    -3095.7    -5347.0    421.6    418.2    746.3 2023  4 23 23 20 29.420  0.1   1
      373  27.919360   85.680428     6.707    12688.6     2050.6    -5111.0    623.9    444.2    536.2 2023  4 24  1 40 47.750  1.1   1
      374  27.891726   85.524943    11.825    -2618.6    -1011.9        6.8    376.2    346.2    467.4 2023  4 24  2  8 28.890  0.5   1
      375  27.890662   85.523551    11.873    -2755.8    -1129.7       55.1    373.1    337.0    473.3 2023  4 24  2  8 52.010  0.4   1
      376  27.899398   85.652433    13.253     9933.6     -161.7     1435.0    332.1    377.7    481.3 2023  4 24  2 45 44.070  0.6   1
      377  27.881077   85.550960    12.457      -56.9    -2191.9      639.2    472.2    404.4    463.1 2023  4 24  3 18  9.240  0.3   1
      378  27.881256   85.553206    12.398      163.9    -2172.0      579.6    422.6    393.8    440.2 2023  4 24  3 22  2.650  0.4   1
      379  27.880782   85.554183    12.397      260.4    -2224.5      579.0    397.1    388.0    418.6 2023  4 24  3 35 12.630  0.5   1
      380  27.885343   85.545231    11.779     -621.3    -1719.2      -38.9    575.5    483.9    455.7 2023  4 24  3 38 25.770  0.3   1
      381  27.888289   85.555143    11.077      354.8    -1392.8     -741.2    450.5    485.0    614.8 2023  4 24  7 11  0.860  0.5   1
      382  27.904799   85.502799    11.943    -4798.5      436.9      125.0    370.7    340.8    400.0 2023  4 24 10 10  6.910  0.6   1
      383  27.890228   85.656885    11.368    10372.5    -1177.7     -450.0    388.0    418.2    477.4 2023  4 24 14 34 18.900  0.3   1
      384  27.882766   85.539136    12.524    -1221.3    -2004.7      706.2    575.2    411.4    467.0 2023  4 24 14 37 54.210  0.4   1
      385  27.892096   85.530868    11.073    -2035.0     -970.8     -744.9    427.3    359.0    453.5 2023  4 24 17  0 48.420  0.3   1
      386  27.935876   85.506535    13.412    -4429.8     3880.9     1593.5    378.5    457.5    393.9 2023  4 24 17 54 20.160  0.0   1
      387  27.896777   85.562565    12.925     1085.9     -451.9     1107.4    448.3    392.0    415.7 2023  4 24 18 12 36.940  0.3   1
      388  27.922506   85.504508    11.305    -4629.8     2399.2     -512.8    330.7    307.8    392.8 2023  4 24 18 15 11.280  0.2   1
      389  27.850073   85.614445    15.191     6194.4    -5627.6     3373.3    673.9    543.5    445.5 2023  4 24 19 16 48.280  0.3   1
      390  27.898787   85.536654    12.046    -1465.5     -229.2      227.7    469.2    336.8    432.3 2023  4 24 19 57 49.220  0.3   1
      391  27.876320   85.597404     4.724     4516.2    -2719.0    -7093.6    379.8    378.9    492.2 2023  4 24 20 16 30.400  1.1   1
      392  27.902976   85.534880    11.813    -1640.1      234.9       -4.7    499.4    474.2    401.1 2023  4 24 20 51 49.320  0.3   1
      393  27.827299   85.705957    12.973    15208.1    -8151.6     1155.3    435.9    511.7    499.8 2023  4 24 21 28 54.680  0.2   1
      394  27.933114   85.467505    11.963    -8271.9     3574.7      145.3    387.1    347.1    440.1 2023  4 24 21 49 31.900  0.0   1
      395  27.826796   85.709831    12.475    15589.6    -8207.1      657.2    376.7    524.6    456.6 2023  4 24 21 54  6.760  0.2   1
      396  27.865039   85.629801    11.874     7706.5    -3969.2       55.7    352.7    403.3    410.0 2023  4 24 22 40 38.440  0.5   1
      397  27.887390   85.559033    12.411      737.6    -1492.2      593.0    412.9    370.2    382.9 2023  4 25  1 53 57.720  0.3   1
      398  27.890088   85.654834    11.392    10169.8    -1193.3     -425.9    448.5    431.5    485.2 2023  4 25  2 11 19.590  0.6   1
      399  27.960413   85.576489    12.006     2455.8     6599.8      187.5    523.1    444.3    494.5 2023  4 25  2 44 21.880  0.4   1
      400  27.906012   85.586792    14.391     3470.9      571.3     2572.5    436.1    403.1    476.0 2023  4 25  7 37 13.930  0.7   1
      401  27.891897   85.635986    13.047     8314.7     -992.9     1228.7    402.6    394.4    449.6 2023  4 25 10 57 11.220  0.6   1
      402  27.891634   85.520443    11.506    -3061.4    -1021.9     -311.9    527.6    415.5    453.6 2023  4 25 13 55 34.500  0.3   1
      403  27.892283   85.518245    11.494    -3278.1     -950.2     -323.7    439.2    434.1    464.0 2023  4 25 14 12 47.400  0.2   1
      404  27.904930   85.469189    11.377    -8107.4      451.3     -441.5    368.1    353.0    361.6 2023  4 25 14 44 17.280  1.1   1
      405  27.934328   85.523600    12.719    -2750.0     3709.3      900.9    427.2    319.8    391.6 2023  4 25 15  8 49.380  1.0   1
      406  27.897563   85.508268    11.385    -4259.7     -365.0     -433.3    422.6    331.7    453.2 2023  4 25 15 10 39.680  0.2   1
      407  27.894055   85.519995    12.321    -3106.0     -753.6      503.1    570.3    460.6    459.3 2023  4 25 15 11 57.940  0.4   1
      408  27.917289   85.627686    16.939     7495.9     1821.0     5120.9    588.5    416.0    488.7 2023  4 25 15 32 37.770  0.1   1
      409  27.941882   85.529679    10.597    -2151.7     4546.3    -1221.5    536.1    310.1    489.6 2023  4 25 16 32 55.300  0.1   1
      410  27.904024   85.571639    12.152     1979.3      351.0      333.5    427.0    385.4    424.5 2023  4 25 18 21 39.340  0.3   1
      411  27.905656   85.471191    10.583    -7909.9      531.9    -1235.1    390.7    336.5    427.7 2023  4 25 18 26  6.180  0.7   1
      412  27.894322   85.528874    11.944    -2231.8     -724.2      125.7    481.0    341.3    466.8 2023  4 25 21  6 49.720  0.4   1
      413  27.911715   85.509359    11.873    -4152.4     1203.2       55.0    407.1    343.4    404.6 2023  4 25 21 10 50.080  0.3   1
      414  27.860229   85.632902    12.578     8011.6    -4502.3      760.0    363.2    416.2    405.9 2023  4 25 21 21  1.340  0.3   1
      415  27.882159   85.574259    12.235     2237.3    -2072.0      417.3    484.2    395.2    439.6 2023  4 25 21 50 35.780  0.3   1
      416  27.881508   85.576180    12.075     2426.6    -2144.1      257.1    382.9    359.5    406.6 2023  4 25 21 51 42.720  0.2   1
      417  27.904376   85.465177    10.849    -8502.5      390.0     -969.1    375.1    356.7    369.9 2023  4 25 22 16 21.040  0.3   1
      418  27.931521   85.674561    12.355    12110.3     3398.1      536.9    333.8    408.0    535.4 2023  4 25 22 17 21.600  0.3   1
      419  27.861145   85.709839    11.143    15588.0    -4400.8     -675.0    373.9    452.2    502.6 2023  4 25 22 26  7.380  0.2   1
      420  27.883765   85.558879    12.199      723.0    -1894.0      381.1    440.2    403.0    431.6 2023  4 25 22 55 41.300  0.4   1
      421  27.922978   85.510343    11.349    -4055.7     2451.5     -469.5    468.7    405.6    389.0 2023  4 25 23 14 57.280  0.3   1
      422  27.850210   85.699284    10.876    14549.5    -5612.7     -941.0    361.3    468.0    464.2 2023  4 25 23 45 41.380  0.5   1
      423  27.848558   85.697705    11.185    14394.0    -5795.7     -633.6    346.7    462.7    455.9 2023  4 25 23 46 55.800  1.2   1
      424  27.848494   85.697843    11.380    14407.2    -5802.6     -438.2    329.9    464.6    461.2 2023  4 25 23 47 31.380  1.7   1
      425  27.848651   85.701937    10.876    14810.5    -5785.3     -942.5    354.9    466.8    498.6 2023  4 25 23 49  2.800  1.2   1
      426  27.851644   85.700806    10.858    14699.0    -5453.5     -959.6    380.8    485.6    472.1 2023  4 25 23 49 29.200  0.7   1
      427  27.900118   85.580322    13.208     2834.0      -81.8     1389.9    737.7    525.3    444.9 2023  4 26  0 22 24.270  0.3   1
      428  27.898686   85.589762    13.347     3762.9     -240.5     1529.1    412.5    383.5    439.6 2023  4 26  0 24 17.760  0.2   1
      429  27.893335   85.503532     7.934    -4726.7     -833.5    -3884.2    565.0    338.3    543.1 2023  4 26  5 11 34.310  0.4   1
      430  27.881769   85.588021     8.446     3591.9    -2115.3    -3372.0    416.0    422.1    498.3 2023  4 26  9 25 54.820  0.3   1
      431  27.892900   85.591821     8.249     3966.4     -881.7    -3568.9    416.8    474.8    509.5 2023  4 26  9 26 28.560  0.3   1
      432  27.888491   85.618351    11.583     6578.0    -1370.3     -235.4    480.3    374.3    431.9 2023  4 26 10 24  9.230  0.9   1
      433  27.929675   85.536361    14.022    -1494.1     3193.6     2204.0    628.2    373.1    445.7 2023  4 26 12 39 38.030  0.4   1
      434  27.929889   85.531673    14.017    -1955.1     3217.2     2198.8    413.8    387.7    407.0 2023  4 26 14 14 25.890  0.1   1
      435  27.900104   85.513867    10.540    -3709.1      -83.5    -1278.4    388.6    373.3    464.9 2023  4 26 14 41  5.670  0.0   1
      436  27.882277   85.553923    12.261      234.5    -2058.9      442.8    471.9    375.9    418.6 2023  4 26 16 40 58.110  0.1   1
      437  27.923175   85.567301    14.377     1551.8     2473.2     2559.4    506.6    354.2    448.5 2023  4 26 16 49 58.210  0.1   1
      438  27.899400   85.508032    10.146    -4283.6     -161.5    -1672.0    404.8    340.5    490.9 2023  4 26 17  4 16.500  0.3   1
      439  27.911932   85.454712    11.035    -9532.5     1227.3     -782.6    419.4    377.0    486.3 2023  4 26 17 16  6.700  0.0   1
      440  27.888517   85.541789    11.962     -960.1    -1367.3      143.7    583.0    373.2    452.7 2023  4 26 17 23 56.580  0.3   1
      441  27.899219   85.559302    11.263      764.7     -181.4     -554.9    404.6    385.1    492.8 2023  4 26 17 47 24.640  0.3   1
      442  27.855772   85.640991    12.704     8808.7    -4996.2      885.6    398.7    432.9    413.9 2023  4 26 18 39 51.040  0.7   1
      443  27.898714   85.561418    11.397      972.4     -237.5     -421.5    425.4    358.0    467.9 2023  4 26 18 54 24.920  0.3   1
      444  27.892546   85.539722    11.634    -1163.1     -921.1     -184.5    453.3    355.8    467.5 2023  4 26 19 16 21.120  0.4   1
      445  27.911568   85.608968    14.112     5653.6     1187.0     2293.6    461.9    387.6    492.5 2023  4 26 19 23  6.500  0.1   1
      446  27.876619   85.706779    13.693    15285.5    -2686.0     1874.9    359.9    451.7    501.9 2023  4 26 19 25 51.440  0.4   1
      447  27.891628   85.534302    12.831    -1696.7    -1022.8     1013.3    416.2    333.6    445.5 2023  4 26 19 41  4.460  0.5   1
      448  27.887341   85.517855    11.709    -3316.2    -1497.8     -109.4    499.5    392.5    495.1 2023  4 26 19 54  4.440  0.3   1
      449  27.887356   85.521517    11.807    -2955.8    -1496.2      -10.7    506.4    371.6    504.1 2023  4 26 19 59 11.840  0.3   1
      450  27.888822   85.521313    11.733    -2976.2    -1333.6      -85.0    555.0    451.7    458.1 2023  4 26 20  6  6.720  0.4   1
      451  27.889400   85.523714    11.764    -2739.5    -1269.6      -53.9    428.5    361.0    477.8 2023  4 26 20 13 17.140  0.3   1
      452  27.890043   85.523128    12.045    -2797.0    -1198.4      227.4    413.0    368.4    463.2 2023  4 26 20 19 57.400  0.3   1
      453  27.888792   85.522640    11.730    -2845.0    -1336.9      -88.5    409.0    368.0    467.6 2023  4 26 20 30 24.260  0.1   1
      454  27.907558   85.538900    12.427    -1244.3      742.7      608.8    377.4    341.7    419.1 2023  4 26 20 40 25.880  0.3   1
      455  27.876306   85.599552    12.739     4728.0    -2720.6      920.9    637.8    456.6    402.5 2023  4 26 21 27 31.820  0.3   1
      456  27.907098   85.512337    13.329    -3859.3      691.7     1511.2    457.6    370.0    437.7 2023  4 26 21 49 43.400  0.3   1
      457  27.899674   85.479175    11.114    -7124.1     -130.9     -703.8    406.4    360.7    401.4 2023  4 26 21 59 34.800  0.3   1
      458  27.925909   85.536247    12.610    -1505.5     2776.4      792.3    402.0    343.0    393.0 2023  4 26 22  2 52.020  0.3   1
      459  27.887079   85.627295    12.602     7459.0    -1526.8      784.1    440.7    394.6    473.8 2023  4 26 22 33 53.440  0.3   1
      460  27.846000   85.648218    12.373     9520.4    -6079.0      554.4    458.8    489.8    412.5 2023  4 26 22 37  0.600  0.3   1
      461  27.840621   85.704777    13.406    15091.1    -6675.2     1587.5    546.0    513.8    465.3 2023  4 26 22 46 30.120  0.1   1
      462  27.897142   85.513704    10.419    -3724.8     -411.6    -1399.2    369.4    330.1    469.4 2023  4 26 23  8 50.320  0.3   1
      463  27.892594   85.556396    12.065      478.0     -915.6      246.9    398.1    385.6    459.4 2023  4 26 23 46 52.640  0.8   1
      464  27.891858   85.554541    12.369      295.7     -997.2      550.7    405.8    401.2    446.1 2023  4 26 23 47  2.500  0.2   1
      465  27.889911   85.553906    12.541      233.5    -1213.1      722.9    375.2    378.0    400.4 2023  4 26 23 48 28.320  0.3   1
      466  27.851508   85.714958    10.684    16092.5    -5468.8    -1133.9    364.7    478.6    492.5 2023  4 27  0 45 25.350  0.5   1
      467  27.884920   85.550977    12.814      -55.1    -1765.9      995.9    499.9    391.0    439.4 2023  4 27  3 23 45.660  0.5   1
      468  27.883337   85.546379    12.416     -508.0    -1941.4      598.2    440.1    377.5    437.7 2023  4 27  7 11  2.920  0.9   1
      469  27.871977   85.619124    13.151     6654.7    -3200.5     1332.7   1246.3    815.8    621.5 2023  4 27  8  9 22.510  0.7   1
      470  27.866496   85.713330    10.110    15930.9    -3807.8    -1707.8    344.5    463.7    486.9 2023  4 27 10 48 42.740  0.7   1
      471  27.892063   85.525090    12.041    -2604.2     -974.5      223.3    457.3    409.5    460.1 2023  4 27 12 34 36.630  0.3   1
      472  27.905355   85.471118    10.380    -7917.1      498.5    -1438.5    359.0    327.7    401.3 2023  4 27 14 53 47.500  0.4   1
      473  27.905650   85.470662    10.414    -7962.3      531.1    -1403.9    369.4    337.0    411.4 2023  4 27 14 55  5.080  0.4   1
      474  27.905357   85.469629    10.450    -8064.3      498.6    -1368.1    392.5    349.8    437.5 2023  4 27 14 57  3.090  0.3   1
      475  27.905046   85.472591    10.510    -7772.0      464.2    -1307.7    376.1    346.0    409.4 2023  4 27 15  0 44.630  0.7   1
      476  27.904942   85.471094    10.153    -7919.6      452.8    -1664.8    400.4    356.7    437.8 2023  4 27 15  1 25.550  0.3   1
      477  27.890442   85.539689    12.499    -1166.7    -1154.1      680.8    496.3    354.2    458.6 2023  4 27 16  4  6.020  0.4   1
      478  27.893618   85.488298    11.667    -6226.7     -802.1     -151.5    407.9    395.6    398.0 2023  4 27 16 11  3.120  0.4   1
      479  27.876833   85.653564    12.425    10045.8    -2662.1      606.5    376.8    457.3    467.3 2023  4 27 17  6 21.240  0.0   1
      480  27.892952   85.516195    12.033    -3479.4     -875.9      214.5    490.8    447.2    473.3 2023  4 27 17 14 30.000  0.4   1
      481  27.885986   85.522957    11.977    -2814.3    -1647.9      158.9    399.8    357.4    473.6 2023  4 27 17 34 25.880  0.0   1
      482  27.934668   85.520972    11.711    -3008.7     3746.9     -107.2    637.3    366.4    382.0 2023  4 27 18  1 59.160  0.0   1
      483  27.948208   85.525260     2.981    -2586.8     5247.4    -8837.1    678.9    356.6    874.7 2023  4 27 18 14 53.340  0.9   1
      484  27.896468   85.558008    11.768      637.2     -486.4      -50.4    466.5    394.7    391.0 2023  4 27 19 11 12.140  0.3   1
      485  27.905524   85.474292    11.621    -7605.2      517.1     -196.9    387.7    337.4    401.0 2023  4 27 19 37  2.760  0.3   1
      486  27.955393   85.530135     4.341    -2106.7     6043.6    -7477.4    655.7    363.9    577.8 2023  4 27 20  7 36.280  0.4   1
      487  27.893947   85.530941    12.022    -2028.1     -765.6      204.1    387.5    339.7    453.6 2023  4 27 20 34  9.840  0.0   1
      488  27.925712   85.474992    12.385    -7534.9     2754.5      567.1    444.1    328.0    391.8 2023  4 27 21 33 57.400  0.1   1
      489  27.925883   85.475456    12.442    -7489.4     2773.3      624.1    423.7    328.5    393.6 2023  4 27 21 34 49.840  0.3   1
      490  27.887628   85.625041    12.537     7237.0    -1466.0      719.3    455.2    399.3    439.3 2023  4 27 21 50 11.640  0.3   1
      491  27.908549   85.620532    13.894     6792.0      852.4     2075.7    396.1    381.3    455.6 2023  4 27 21 50 32.520  0.3   1
      492  27.866614   85.645361    11.836     9238.6    -3794.8       18.2    332.0    433.0    436.4 2023  4 27 21 50 38.760  0.3   1
      493  27.909129   85.622510    14.069     6986.7      916.7     2251.3    514.5    399.7    458.4 2023  4 27 22  3  0.780  0.4   1
      494  27.910358   85.594434    13.289     4223.2     1053.0     1470.5    486.8    366.9    464.0 2023  4 27 22 18 48.140  0.0   1
      495  27.889199   85.543970    12.181     -745.4    -1291.9      363.2    423.5    411.7    430.7 2023  4 28  0 12 55.760  0.2   1
      496  27.902777   85.509180    12.389    -4170.4      212.8      571.1    460.1    373.1    416.5 2023  4 28  5 18 59.980  0.5   1
      497  27.902620   85.470760    11.472    -7952.4      195.4     -346.1    373.5    349.5    378.3 2023  4 28  7 49 20.000  0.9   1
      498  27.894745   85.544889    11.626     -654.3     -677.2     -192.4    654.3    429.7    451.0 2023  4 28  9 41  9.130  0.6   1
      499  27.930961   85.565145    14.133     1339.5     3336.1     2314.4    872.7    711.9    479.1 2023  4 28 10 15 39.220  0.5   1
      500  27.903296   85.505721    12.188    -4510.7      270.2      370.0    345.4    354.3    416.1 2023  4 28 15 35  9.700  0.2   1
      501  27.913245   85.604687    14.204     5232.1     1372.8     2385.7    453.2    362.8    459.8 2023  4 28 16  9 42.800  0.6   1
      502  27.897498   85.552157    12.557       61.2     -372.2      739.0    546.2    398.5    457.9 2023  4 28 17  3  3.200  0.3   1
      503  27.886385   85.510319    11.705    -4058.1    -1603.7     -113.5    514.2    378.5    509.6 2023  4 28 17 36 45.920  0.3   1
      504  27.886719   85.624674    12.739     7200.6    -1566.6      921.3    354.6    386.6    438.6 2023  4 28 18 37 57.960  0.3   1
      505  27.894303   85.487305    11.100    -6324.1     -726.3     -718.2    471.7    360.3    430.0 2023  4 28 18 43 10.020  0.3   1
      506  27.910232   85.462256    10.897    -8789.9     1038.9     -921.3    403.9    346.5    428.8 2023  4 28 19 30 23.720  0.6   1
      507  27.806502   85.592383    11.408     4022.9   -10456.0     -409.9    441.2    448.7    342.5 2023  4 28 19 31 42.760  0.3   1
      508  27.911078   85.590169    14.725     3802.9     1132.8     2906.8    797.1    593.8    490.8 2023  4 28 19 40  3.120  0.4   1
      509  27.908704   85.571785    16.068     1993.5      869.6     4249.6    426.0    378.8    465.0 2023  4 28 20 59 25.840  1.6   1
      510  27.909755   85.571134    15.828     1929.3      986.2     4010.3    412.9    376.9    471.8 2023  4 28 21  0 39.500  0.4   1
      511  27.908716   85.571232    15.895     1938.6      871.0     4077.4    445.3    399.9    475.0 2023  4 28 21 10 30.560  0.1   1
      512  27.917721   85.469604    11.530    -8065.7     1868.8     -288.5    376.5    334.7    419.1 2023  4 28 21 13 18.240  0.2   1
      513  27.906158   85.556812    12.303      519.4      587.6      484.6    387.5    368.8    474.5 2023  4 28 21 23 37.920  0.0   1
      514  27.907904   85.572078    15.836     2022.2      781.0     4018.4    456.5    428.3    502.4 2023  4 28 21 26 32.560  0.1   1
      515  27.924465   85.473446    11.962    -7687.2     2616.3      144.4    473.5    470.5    396.4 2023  4 28 21 26 52.800  0.3   1
      516  27.921566   85.467098    11.932    -8312.3     2294.9      113.6    431.0    386.4    432.9 2023  4 28 22  8 23.180  0.4   1
      517  27.927673   85.525171    13.798    -2596.0     2971.8     1979.5    412.0    424.2    405.8 2023  4 28 22 32 34.280  0.4   1
      518  27.885602   85.607520    12.873     5512.2    -1690.6     1054.8    495.0    421.9    442.1 2023  4 29  1 52  4.820  0.5   1
      519  27.903296   85.629696    14.864     7694.8      270.3     3045.5    582.0    461.9    540.1 2023  4 29  5 41 31.970  0.7   1
      520  27.889280   85.596501    12.705     4427.1    -1282.8      887.1    430.9    389.4    415.6 2023  4 29  6 53 21.450  0.5   1
      521  27.902541   85.531535    12.448    -1969.2      186.8      629.7    409.5    346.9    454.8 2023  4 29  9 32 23.660  0.8   1
      522  27.882654   85.547884    12.405     -360.2    -2017.3      587.0    684.9    395.6    452.4 2023  4 29 12 31 31.210  0.6   1
      523  27.889109   85.519865    11.704    -3118.6    -1301.7     -114.6    435.0    343.1    468.4 2023  4 29 13 28 27.010  0.7   1
      524  27.889632   85.519417    11.694    -3162.8    -1243.9     -124.4    590.6    368.6    465.6 2023  4 29 13 28 34.990  0.5   1
      525  27.882513   85.547713    12.283     -376.6    -2032.6      464.6    443.9    381.0    434.8 2023  4 29 13 29 53.370  0.2   1
      526  27.798712   85.501188     9.799    -4959.1   -11319.4    -2019.2    736.7    667.6    681.4 2023  4 29 14 41 48.050  0.1   1
      527  27.882743   85.547664    12.427     -381.3    -2007.3      609.0    385.8    375.6    413.1 2023  4 29 14 59 33.120  1.2   1
      528  27.831421   85.713110    12.475    15912.2    -7694.7      656.5    422.2    506.9    515.6 2023  4 29 16 31  7.110  0.1   1
      529  27.963580   85.573494    11.552     2161.2     6950.9     -266.2    427.0    498.1    463.4 2023  4 29 17  0 27.800  0.3   1
      530  27.908518   85.520955    12.053    -3010.6      849.2      234.9    377.9    352.8    410.1 2023  4 29 17 26 24.500  0.5   1
      531  27.889524   85.521867    11.644    -2921.2    -1255.9     -173.6    506.7    346.4    464.6 2023  4 29 17 26 54.280  0.1   1
      532  27.889219   85.520044    11.606    -3101.0    -1289.6     -212.1    397.9    334.1    473.4 2023  4 29 17 28 40.860  0.1   1
      533  27.891488   85.516781    11.137    -3421.9    -1038.2     -681.5    449.8    419.7    505.8 2023  4 29 17 29 32.980  0.3   1
      534  27.890169   85.518962    11.461    -3207.0    -1184.4     -357.6    448.3    338.1    485.7 2023  4 29 17 29 55.160  0.3   1
      535  27.884426   85.513078    11.591    -3787.0    -1820.8     -227.2    375.7    348.8    482.5 2023  4 29 18 15 46.780  0.3   1
      536  27.850576   85.702726    10.576    14887.9    -5572.0    -1241.7    399.3    456.4    487.1 2023  4 29 18 19 47.400  0.3   1
      537  27.906224   85.522469    12.100    -2861.5      594.7      281.5    374.8    359.0    427.0 2023  4 29 18 33 18.680  0.4   1
      538  27.884939   85.574178    12.398     2229.3    -1764.0      579.9    511.9    503.4    412.9 2023  4 29 18 59 56.480  0.3   1
      539  27.888753   85.624764     9.840     7209.8    -1341.3    -1978.0    668.3    431.3    588.3 2023  4 29 19  7 28.340  0.2   1
      540  27.832548   85.630615    12.775     7787.7    -7569.9      957.0    434.8    456.2    394.9 2023  4 29 20  3 51.480  0.3   1
      541  27.916972   85.585124    13.228     3305.9     1785.9     1410.2    430.7    392.2    476.2 2023  4 29 20  9 16.600  0.3   1
      542  27.908675   85.525399    12.213    -2573.7      866.5      394.7    442.0    341.1    478.8 2023  4 29 20 28 39.320  0.3   1
      543  27.905300   85.570223    12.873     1839.6      492.3     1054.7    917.9    733.1    439.4 2023  4 29 20 39  9.640  0.3   1
      544  27.906635   85.536279    11.407    -1502.4      640.4     -411.4    620.1    508.4    579.4 2023  4 29 21 19 23.680  0.3   1
      545  27.940383   85.504867    12.689    -4594.0     4380.2      871.3    338.6    328.0    383.1 2023  4 29 22 11 19.020  0.1   1
      546  27.906423   85.530119    12.110    -2108.9      616.8      291.8    365.3    338.0    442.6 2023  4 29 23  8 46.520  0.3   1
      547  27.952486   85.610400     5.032     5794.1     5721.5    -6785.7    854.0    422.6    798.4 2023  4 29 23 11 22.780  0.1   1
      548  27.891673   85.532275    11.817    -1896.6    -1017.7       -1.5    429.0    331.6    450.4 2023  4 29 23 22  1.840  1.2   1
      549  27.894535   85.523665    11.296    -2743.9     -700.6     -522.4    593.5    459.8    506.6 2023  4 29 23 22 13.340  0.2   1
      550  27.862368   85.518701    11.525    -3233.2    -4265.1     -293.5    604.0    445.1    449.5 2023  4 29 23 27 49.380  0.4   1
      551  27.888973   85.607039    12.940     5464.7    -1317.0     1122.0    665.7    544.1    539.2 2023  4 29 23 28 26.740  0.4   1
      552  27.940192   85.580265    12.030     2828.1     4359.1      211.8    468.8    341.9    517.0 2023  4 30  0  3 49.360  0.2   1
      553  27.931380   85.534757    12.195    -1652.0     3382.6      377.1    439.2    359.3    431.6 2023  4 30  0  6 29.620  0.3   1
      554  27.883781   85.553800    12.332      222.6    -1892.3      513.9    431.1    407.2    449.7 2023  4 30  5 25  7.530  0.4   1
      555  27.922139   85.507039     7.013    -4380.2     2358.4    -4805.0    442.3    313.6    483.6 2023  4 30  6  5  6.120  0.3   1
      556  27.891256   85.527572    12.137    -2359.8    -1064.0      320.0    635.3    403.2    482.6 2023  4 30  9 31 51.570  0.5   1
      557  27.898452   85.475667    11.360    -7470.1     -266.5     -458.2    392.9    349.6    378.8 2023  4 30  9 34  7.620  0.6   1
      558  27.880642   85.567749    12.336     1596.0    -2240.2      517.8    386.0    377.0    384.4 2023  4 30 11 41 22.100  0.4   1
      559  27.904999   85.472811    12.220    -7751.0      459.0      401.6    421.3    367.5    394.4 2023  4 30 12 20 40.950  0.5   1
      560  27.935315   85.559953    13.648      828.6     3818.6     1829.6    525.3    345.3    453.0 2023  4 30 15  7  2.930  0.4   1
      561  27.916809   85.459513    12.844    -9059.3     1767.9     1026.3    545.9    420.9    706.4 2023  4 30 15 23 38.770  0.0   1
      562  27.909167   85.521362    12.050    -2970.6      921.0      231.7    383.7    341.2    413.3 2023  4 30 15 29 59.510  0.3   1
      563  27.926009   85.447502    10.198   -10241.1     2787.4    -1620.1    408.2    354.2    509.7 2023  4 30 15 45 50.690  0.3   1
      564  27.910116   85.509513    10.694    -4137.6     1026.1    -1124.4    382.0    406.9    460.3 2023  4 30 15 50 37.760  0.4   1
      565  27.895310   85.518717    15.065    -3231.0     -614.7     3247.0    488.9    363.2    448.3 2023  4 30 15 59 54.910  0.5   1
      566  27.889791   85.530306    11.874    -2090.2    -1226.3       56.2    375.0    351.7    455.6 2023  4 30 16 55 10.100  0.4   1
      567  27.889689   85.529012    11.882    -2217.5    -1237.5       63.5    414.0    383.3    476.2 2023  4 30 16 55 24.690  0.4   1
      568  27.888892   85.531584    11.821    -1964.3    -1326.0        3.2    443.1    366.8    468.6 2023  4 30 17  2  6.980  0.4   1
      569  27.890529   85.552987    12.229      142.3    -1144.5      410.6    395.3    380.5    395.8 2023  4 30 17 27 14.780  0.4   1
      570  27.895111   85.510661    12.034    -4024.8     -636.8      215.7    408.1    326.3    478.5 2023  4 30 17 27 55.160  0.1   1
      571  27.910915   85.512199    13.099    -3873.0     1114.6     1280.6    488.9    344.0    411.3 2023  4 30 18 24 12.280  0.2   1
      572  27.912490   85.534416    14.833    -1686.0     1289.1     3014.5    611.9    446.5    410.6 2023  4 30 18 29 32.300  0.4   1
      573  27.883323   85.549512    12.387     -199.2    -1943.0      569.2    410.8    394.0    433.7 2023  4 30 18 31 40.420  0.3   1
      574  27.913857   85.447591    11.848   -10233.1     1440.7       29.6    418.5    374.5    458.0 2023  4 30 19 23  0.080  0.0   1
      575  27.892961   85.524072    12.081    -2703.9     -875.1      263.3    384.9    339.6    467.5 2023  4 30 19 46 15.200  0.4   1
      576  27.893970   85.523047    11.924    -2805.5     -763.2      106.1    390.9    331.9    462.8 2023  4 30 20 23  4.600  0.4   1
      577  27.923718   85.439063    12.420   -11072.2     2533.5      602.2    424.2    371.4    466.1 2023  4 30 21  3 44.760  0.2   1
      578  27.892397   85.472811    11.463    -7751.5     -937.4     -354.9    422.0    358.1    375.5 2023  4 30 21 19 26.640  0.3   1
      579  27.892474   85.474593    11.585    -7575.7     -928.9     -233.2    391.5    357.8    395.2 2023  4 30 21 20 22.920  0.3   1
      580  27.920848   85.552344    15.490       79.3     2215.3     3671.8    506.6    389.6    465.3 2023  4 30 21 22 18.340  0.3   1
      581  27.875840   85.593522    12.714     4133.7    -2772.2      896.0    371.6    391.5    394.2 2023  4 30 21 23 17.820  0.3   1
      582  27.919763   85.553963    15.483      238.9     2095.3     3665.0    543.9    429.9    460.5 2023  4 30 21 26 43.600  0.4   1
      583  27.906016   85.474772    11.398    -7557.4      571.8     -420.5    408.9    409.3    432.4 2023  4 30 21 36 37.400  0.4   1
      584  27.907298   85.521110    12.019    -2995.4      713.9      201.0    342.6    337.6    441.4 2023  4 30 21 47 13.340  0.3   1
      585  27.876658   85.592570    12.800     4039.9    -2681.6      981.4    397.9    377.3    468.4 2023  4 30 21 50  9.720  0.3   1
      586  27.924076   85.434725    12.707   -11499.0     2573.3      889.2    433.5    368.3    481.8 2023  4 30 21 59 36.500  0.1   1
      587  27.907629   85.523307    12.098    -2779.4      750.5      279.6    376.3    330.3    414.2 2023  4 30 22  0 58.440  0.3   1
      588  27.903819   85.522380    11.787    -2870.9      328.2      -31.5    414.8    391.1    446.4 2023  4 30 22  1 14.160  0.4   1
      589  27.905992   85.523405    12.054    -2769.9      569.1      235.8    399.8    339.2    453.3 2023  4 30 22  5 11.960  0.3   1
      590  27.895864   85.650724    14.237     9765.5     -553.2     2418.6    389.5    411.8    479.8 2023  4 30 22 13 28.940  0.3   1
      591  27.876320   85.591984    12.578     3982.8    -2719.0      759.8    396.9    379.0    413.9 2023  4 30 22 37 40.820  0.3   1
      592  27.877895   85.596305    12.809     4408.3    -2544.6      990.7    444.3    395.3    434.0 2023  5  1  0  7 55.570  0.3   1
      593  27.888983   85.569539    12.413     1772.6    -1315.8      594.9    436.5    381.0    407.4 2023  5  1  2 48  0.430  0.6   1
      594  27.889170   85.569661    11.717     1784.0    -1295.0     -101.1    971.9    688.8    450.9 2023  5  1  2 55  8.120  0.5   1
      595  27.877531   85.502075     2.666    -4870.0    -2585.0    -9151.7    612.9    569.4    741.0 2023  5  1  5 53  2.180  1.0   1
      596  27.890542   85.569393    12.664     1757.6    -1143.2      845.5    404.6    426.7    409.2 2023  5  1  6 58 34.350  0.5   1
      597  27.923142   85.524349    10.386    -2676.4     2469.7    -1431.6    364.6    336.8    457.4 2023  5  1 12 17 14.620  0.2   1
      598  27.883639   85.551058    12.719      -47.1    -1908.0      901.1    386.7    377.5    408.7 2023  5  1 13 23 40.400  0.6   1
      599  27.921629   85.507576     6.975    -4327.4     2302.0    -4843.1    384.7    297.3    481.4 2023  5  1 15  6 22.830  0.3   1
      600  27.889563   85.551457    11.418       -8.0    -1251.6     -399.9    373.1    355.6    400.3 2023  5  1 15 10 30.250  0.0   1
      601  27.922640   85.506600     6.836    -4423.6     2413.9    -4982.3    351.8    328.3    465.2 2023  5  1 16  7 30.480  0.1   1
      602  27.920017   85.579801    14.863     2781.9     2123.4     3045.3    463.7    371.8    474.4 2023  5  1 16 21 12.370  0.5   1
      603  27.882792   85.547892    12.359     -359.3    -2001.9      541.0    427.9    389.2    427.9 2023  5  1 16 50  4.440  0.3   1
      604  27.876664   85.593709    12.789     4152.6    -2680.9      971.0    442.6    415.2    401.9 2023  5  1 18 28 15.200  0.3   1
      605  27.892891   85.539421    11.669    -1193.3     -882.7     -148.8    516.7    360.3    477.2 2023  5  1 18 38 40.960  0.3   1
      606  27.889351   85.508879    11.383    -4200.2    -1275.1     -435.6    392.4    355.9    460.5 2023  5  1 19 44  7.440  0.1   1
      607  27.898458   85.522591    11.794    -2849.7     -265.9      -24.6    352.4    324.5    443.0 2023  5  1 20 29 54.760  0.0   1
      608  27.898090   85.554801    12.832      321.5     -306.7     1014.0    647.8    512.6    407.7 2023  5  1 20 30 45.560  0.3   1
      609  27.842891   85.681340    12.034    12782.9    -6423.5      216.3    355.3    455.7    436.0 2023  5  1 20 50 39.020  0.3   1
      610  27.888190   85.570589    12.368     1875.3    -1403.7      549.9    390.2    359.4    421.9 2023  5  1 20 59 57.260  0.3   1
      611  27.891366   85.568400    12.922     1660.2    -1051.7     1104.1    687.6    516.4    451.1 2023  5  1 21  3 47.240  0.3   1
      612  27.889897   85.568978    12.769     1716.8    -1214.5      950.7    442.6    375.7    408.7 2023  5  1 21  6 18.060  0.3   1
      613  27.909226   85.507520    11.543    -4333.4      927.5     -274.7    346.2    359.2    428.1 2023  5  1 21 21  3.120  0.3   1
      614  27.915481   85.612329    14.066     5984.9     1620.6     2247.9    656.4    367.7    468.4 2023  5  1 22 32  3.340  0.0   1
      615  27.887331   85.623991    11.573     7133.3    -1498.9     -244.9    427.9    426.2    464.7 2023  5  1 23  4 21.120  0.3   1
      616  27.915769   85.445662    11.788   -10422.9     1652.7      -30.3    424.1    380.4    527.4 2023  5  1 23 53  9.320  0.3   1
      617  27.880123   85.545841    14.056     -560.6    -2297.6     2237.7    586.7    474.5    458.4 2023  5  2  3 43 46.890  0.6   1
      618  27.914557   85.448893    12.015   -10104.7     1518.2      197.1    413.6    405.7    453.0 2023  5  2  3 55 44.270  0.7   1
      619  27.891469   85.597030    15.915     4479.2    -1040.2     4096.4    531.0    415.3    429.9 2023  5  2  4 41 24.410  1.1   1
      620  27.915692   85.445158    11.475   -10472.8     1644.1     -343.5    418.7    469.7    493.8 2023  5  2  5 56 29.810  0.6   1
      621  27.913849   85.447860    11.866   -10206.6     1439.7       48.2    409.8    438.7    465.4 2023  5  2  6 55 59.840  0.4   1
      622  27.913184   85.512866    11.993    -3807.0     1366.2      175.0    371.9    361.7    407.7 2023  5  2  9 33  6.560  0.5   1
      623  27.953776   85.495776    13.772    -5488.4     5864.5     1954.1    431.8    339.5    405.4 2023  5  2 14 49 23.880  0.9   1
      624  27.852488   85.663672    12.534    11042.2    -5360.1      716.3    327.8    444.9    427.8 2023  5  2 15  2 31.870  0.1   1
      625  27.897394   85.657292    13.602    10412.0     -383.7     1784.4    429.7    402.1    487.4 2023  5  2 16 45 55.170  0.3   1
      626  27.836507   85.631771    12.586     7901.1    -7131.1      768.4    434.5    446.1    393.0 2023  5  2 17  2 14.160  0.3   1
      627  27.913570   85.608667    14.054     5624.4     1408.9     2236.1    400.4    371.6    460.2 2023  5  2 17  4 57.200  1.2   1
      628  27.914421   85.604150    14.206     5179.6     1503.1     2388.0    477.3    408.3    481.4 2023  5  2 17  7 48.960  0.4   1
      629  27.836432   85.632528    12.450     7975.7    -7139.5      632.3    440.0    460.9    380.7 2023  5  2 17  9  3.960  0.3   1
      630  27.837189   85.631925    12.493     7916.9    -7055.4      675.0    438.2    466.9    388.4 2023  5  2 17 40 38.120  0.3   1
      631  27.899959   85.508553    11.845    -4231.7      -99.5       27.3    401.2    326.6    433.6 2023  5  2 18 18 37.120  0.1   1
      632  27.827517   85.633317    12.333     8053.9    -8127.4      514.6    478.7    466.5    387.6 2023  5  2 18 38 31.420  0.3   1
      633  27.830202   85.707520    11.721    15361.9    -7829.7      -97.1    401.9    511.2    461.3 2023  5  2 19 17 47.680  0.3   1
      634  27.899658   85.475562    11.159    -7480.1     -132.7     -658.7    392.2    364.1    497.8 2023  5  2 20 11  5.480  0.3   1
      635  27.923533   85.555876     5.099      426.7     2513.0    -6719.2    626.4    348.0    626.4 2023  5  2 20 20 17.440  0.5   1
      636  27.914579   85.449870    11.969   -10008.8     1520.7      151.4    426.9    350.6    454.4 2023  5  2 21  6 26.240  0.4   1
      637  27.919171   85.582218     4.911     3020.2     2029.6    -6906.6    696.4    523.7    573.1 2023  5  2 21 22 22.720  1.6   1
      638  27.915442   85.446729    11.840   -10318.2     1616.3       22.4    407.1    352.4    464.6 2023  5  2 21 25  0.660  0.5   1
      639  27.922760   85.445451    11.763   -10443.7     2427.3      -54.9    441.1    359.2    454.4 2023  5  2 21 39 20.120  0.0   1
      640  27.921830   85.447249    11.926   -10266.7     2324.2      108.4    409.6    351.0    450.0 2023  5  2 21 42  9.560  0.5   1
      641  27.907127   85.467627    11.778    -8261.2      694.8      -40.2    360.0    358.2    374.6 2023  5  2 23 35 25.240  0.1   1
      642  27.905668   85.468587    12.100    -8166.2      533.2      281.6    437.3    366.1    414.3 2023  5  2 23 40 12.920  0.1   1
      643  27.889282   85.550578    12.429      -94.2    -1282.6      610.8    603.9    549.8    499.0 2023  5  3  0 31 12.000  0.3   1
      644  27.820876   85.542301     9.990     -909.7    -8863.2    -1828.2    459.4    483.5    413.5 2023  5  3  2 27 33.480  2.2   1
      645  27.923718   85.516968    11.646    -3403.1     2533.5     -171.7    456.5    302.7    388.0 2023  5  3  3 38 25.330  1.8   1
      646  27.922420   85.508887    10.411    -4198.7     2389.7    -1407.0    560.9    318.6    601.4 2023  5  3  3 40 36.200  0.4   1
      647  27.920081   85.518156    10.597    -3286.4     2130.3    -1220.6    400.8    332.4    443.7 2023  5  3  3 40 59.150  0.5   1
      648  27.887531   85.560645    12.734      896.9    -1476.7      916.2    390.5    393.1    392.2 2023  5  3  6 27 10.110  0.5   1
      649  27.920630   85.470996    12.312    -7928.9     2191.3      494.2    524.4    402.5    454.9 2023  5  3 16 40 55.720  0.3   1
      650  27.931610   85.461092    11.839    -8903.4     3408.0       21.0    385.1    325.1    426.6 2023  5  3 17  0  9.440  0.0   1
      651  27.930330   85.461955    11.729    -8818.8     3266.3      -89.3    383.2    380.8    435.3 2023  5  3 17 26 40.520  0.3   1
      652  27.899443   85.471086    11.299    -7920.9     -156.6     -519.3    430.9    363.7    367.3 2023  5  3 21  8 51.160  0.0   1
      653  27.906647   85.517139    11.939    -3387.0      641.6      120.5    463.6    334.9    414.3 2023  5  3 21 19 52.220  0.4   1
      654  27.910714   85.495955    11.956    -5471.9     1092.2      138.0    426.8    341.3    401.5 2023  5  3 23  5 15.760  0.3   1
      655  27.926042   85.503581    11.355    -4721.1     2791.0     -463.5    465.4    351.6    428.1 2023  5  3 23 31 30.980  0.2   1
      656  27.879195   85.527905     4.473    -2326.8    -2400.6    -7345.0    401.3    365.6    507.3 2023  5  4  0 10 14.930  0.3   1
      657  27.886684   85.537785    12.117    -1354.0    -1570.5      299.4    690.3    401.1    454.7 2023  5  4  0 18 49.950  0.2   1
      658  27.846692   85.698234    12.281    14446.0    -6002.5      462.7    400.3    472.2    458.7 2023  5  4  1  8 54.480  0.6   1
      659  27.891042   85.535946    14.302    -1535.2    -1087.5     2483.5    541.6    447.1    473.9 2023  5  4  1 25 55.700  0.4   1
      660  27.874719   85.589860     8.721     3773.5    -2896.4    -3097.2    387.4    373.2    417.4 2023  5  4  1 28 41.460  0.4   1
      661  27.899579   85.473210    11.178    -7711.6     -141.6     -640.2    370.7    444.1    378.0 2023  5  4  1 52 49.990  0.4   1
      662  27.899345   85.472673    11.120    -7764.5     -167.5     -698.5    349.0    417.4    372.5 2023  5  4  1 55 15.630  0.5   1
      663  27.891522   85.523926    15.479    -2718.9    -1034.4     3660.6    467.2    388.3    462.2 2023  5  4  3 15 42.140  1.1   1
      664  27.948497   85.560319    12.521      864.7     5279.4      702.5    806.5    546.1    522.7 2023  5  4  3 36  1.720  0.4   1
      665  27.891406   85.524186    15.491    -2693.4    -1047.4     3673.0    536.1    378.3    458.5 2023  5  4  4 16 13.210  0.8   1
      666  27.906234   85.571021    12.318     1917.7      595.9      499.8    477.4    378.5    439.9 2023  5  4  7 21  2.000  0.9   1
      667  27.809027   85.589811     9.323     3769.5   -10176.3    -2495.2    408.6    427.3    384.1 2023  5  4  7 37 27.980  0.6   1
      668  27.919688   85.584521    13.688     3247.2     2086.8     1870.2    488.3    352.6    465.0 2023  5  4  8 53 36.240  0.7   1
      669  27.897831   85.612769    12.969     6028.1     -335.2     1151.0    549.6    541.8    455.9 2023  5  4 13 50 45.790  0.1   1
      670  27.879010   85.558602    12.606      695.4    -2420.9      788.3    407.8    393.8    392.3 2023  5  4 14 58 30.370  0.1   1
      671  27.906435   85.604159    13.588     5180.4      618.3     1770.3    423.3    437.7    545.6 2023  5  4 15 45 25.380  0.3   1
      672  27.894000   85.497754    10.696    -5295.3     -759.7    -1122.1    388.8    343.8    417.7 2023  5  4 17 53  3.580  0.3   1
      673  27.905153   85.476644    11.009    -7373.6      476.2     -809.4    363.4    333.0    454.6 2023  5  4 18  6 24.360  0.3   1
      674  27.875863   85.545158     6.538     -628.2    -2769.7    -5280.3    348.5    358.3    387.9 2023  5  4 18 30  4.240  0.3   1
      675  27.900970   85.560913    12.818      923.0       12.7      999.5    647.7    468.5    485.9 2023  5  4 18 48 15.200  0.3   1
      676  27.913074   85.613143    13.993     6064.7     1354.0     2175.0    374.5    424.7    454.1 2023  5  4 18 49 27.200  0.2   1
      677  27.916050   85.608008    13.478     5559.3     1683.6     1660.4    491.8    400.0    463.8 2023  5  4 19  4 52.000  0.3   1
      678  27.882113   85.553215    12.374      165.2    -2077.1      556.4    375.5    372.3    395.9 2023  5  4 19 23 51.940  0.5   1
      679  27.912962   85.611808    14.300     5933.5     1341.4     2481.7    406.3    546.4    609.1 2023  5  4 19 55  1.560  0.2   1
      680  27.898429   85.531315    12.389    -1990.7     -268.9      570.8    465.0    362.7    463.3 2023  5  4 20  8 40.160  0.3   1
      681  27.967037   85.569043     2.202     1722.7     7334.0    -9616.0    487.3    374.5    629.9 2023  5  4 20 31 22.440  0.8   1
      682  27.920557   85.695475     7.273    14169.3     2183.2    -4545.1    370.4    396.9    535.7 2023  5  4 21  4 10.900  0.3   1
      683  27.894417   85.570288    12.181     1846.3     -713.7      363.3    391.9    376.6    449.0 2023  5  4 21 35 31.300  0.6   1
      684  27.894289   85.569727    12.186     1791.1     -727.8      368.2    382.8    370.1    423.7 2023  5  4 21 35 58.480  0.3   1
      685  27.895740   85.570638    11.994     1880.5     -567.1      176.0    390.7    380.6    480.2 2023  5  4 21 36 42.680  0.3   1
      686  27.895146   85.570166    12.083     1834.1     -632.8      265.2    400.9    394.3    476.7 2023  5  4 21 40 46.480  0.3   1
      687  27.882735   85.553328    12.343      176.2    -2008.2      525.0    440.0    400.1    440.8 2023  5  4 21 50  5.820  0.3   1
      688  27.896912   85.594019    12.778     4182.3     -437.1      960.0    387.2    353.4    426.2 2023  5  4 21 56 56.440  0.3   1
      689  27.928831   85.525968    13.218    -2516.7     3100.0     1400.2    526.7    331.0    423.0 2023  5  4 22 25  2.200  0.3   1
      690  27.894812   85.517415    12.097    -3359.2     -669.9      278.7    563.7    365.2    521.9 2023  5  4 22 27  5.220  0.3   1
      691  27.896098   85.515356    11.972    -3561.9     -527.4      153.9    354.4    345.7    489.4 2023  5  4 22 27 17.240  0.3   1
      692  27.879582   85.565828    12.721     1407.2    -2357.7      902.5    475.7    430.7    395.8 2023  5  4 23 34  6.800  0.0   1
      693  27.906177   85.495728    12.050    -5494.7      589.5      231.7    327.8    333.4    391.4 2023  5  4 23 45 53.500  0.3   1
      694  27.891671   85.610189     4.749     5774.7    -1017.9    -7069.4    515.5    373.0    560.6 2023  5  4 23 58 40.340  1.2   1
      695  27.904506   85.497160    11.353    -5353.6      404.4     -464.8    340.0    317.5    387.5 2023  5  5  0 28 28.120  0.5   1
      696  27.907253   85.572860    13.754     2098.8      708.8     1935.9    722.0    467.6    513.8 2023  5  5  2 56 16.240  0.5   1
      697  27.890204   85.577531    13.330     2559.5    -1180.4     1511.5    648.7    516.8    524.5 2023  5  5  4 23 58.820  0.4   1
      698  27.905048   85.471956    10.489    -7834.9      464.4    -1329.0    392.2    339.8    442.6 2023  5  5  8 10 24.080  1.4   1
      699  27.904895   85.473486    10.588    -7684.1      447.6    -1230.3    377.8    359.7    418.2 2023  5  5  8 13 39.650  1.2   1
      700  27.903212   85.439518    18.909   -11028.6      261.0     7091.0    587.1    487.6    612.1 2023  5  5  8 33 19.170  1.3   1
      701  27.883138   85.544930    12.429     -650.4    -1963.6      611.0    477.9    398.7    458.0 2023  5  5 10 37 55.000  0.5   1
      702  27.931266   85.567993     3.784     1620.1     3369.9    -8034.4    514.4    377.7    618.5 2023  5  5 11 51 56.240  0.6   1
      703  27.905745   85.472038    10.440    -7826.8      541.8    -1377.8    362.8    337.1    402.3 2023  5  5 14  0 13.510  0.5   1
      704  27.916262   85.534448    12.515    -1682.8     1707.2      696.6    368.3    372.7    387.5 2023  5  5 14 36 55.180  0.2   1
      705  27.890236   85.542586    12.388     -881.4    -1176.9      570.0    502.8    353.1    431.7 2023  5  5 15 22 47.210  0.2   1
      706  27.890556   85.542952    12.391     -845.6    -1141.5      573.4    409.8    349.6    450.5 2023  5  5 15 24 48.160  0.1   1
      707  27.917183   85.460311    10.336    -8980.6     1809.3    -1482.3    509.5    419.7    632.6 2023  5  5 15 48 20.800  0.1   1
      708  27.837632   85.628475    12.338     7576.5    -7006.3      520.0    416.0    445.1    405.3 2023  5  5 16 16  6.550  0.0   1
      709  27.910264   85.652116    13.199     9901.5     1042.5     1380.6    406.9    395.5    496.8 2023  5  5 16 30 31.270  0.1   1
      710  27.916012   85.442472    10.605   -10736.9     1679.4    -1213.0    549.1    350.9    489.8 2023  5  5 17 11 29.880  0.3   1
      711  27.904274   85.473258    10.202    -7706.3      378.8    -1615.9    391.1    347.0    440.6 2023  5  5 17 27 46.880  0.1   1
      712  27.904781   85.472713    10.384    -7760.1      434.8    -1433.6    393.0    340.3    436.9 2023  5  5 17 29 45.680  0.1   1
      713  27.904460   85.475073    10.730    -7528.2      399.3    -1087.8    373.5    346.0    435.9 2023  5  5 17 30 51.040  0.4   1
      714  27.916237   85.551628    12.370        8.8     1704.6      551.7    406.5    342.1    424.7 2023  5  5 17 43 27.600  0.3   1
      715  27.888900   85.532471    11.776    -1877.7    -1325.0      -41.6    594.1    399.6    488.6 2023  5  5 17 48 24.640  0.3   1
      716  27.915938   85.550586    12.556      -93.6     1671.3      737.6    575.0    338.7    423.1 2023  5  5 17 49 36.160  0.3   1
      717  27.905939   85.543734     3.855     -768.6      563.1    -7963.0    907.1    526.9    777.6 2023  5  5 17 55 46.360  1.1   1
      718  27.925854   85.620744    12.075     6812.6     2770.1      256.6    625.9    428.8    483.5 2023  5  5 18  0 33.120  0.3   1
      719  27.935736   85.545451    11.244     -599.0     3865.2     -574.5    455.1    345.1    396.0 2023  5  5 19 58  6.640  0.0   1
      720  27.885946   85.716121    10.268    16204.7    -1652.5    -1550.2    347.3    453.4    524.4 2023  5  5 21 10 44.100  0.2   1
      721  27.939893   85.559375    11.177      771.1     4326.0     -641.1    688.5    441.5    445.7 2023  5  5 21 12 42.320  0.3   1
      722  27.902936   85.474162    11.219    -7617.8      230.4     -599.1    380.1    358.7    413.0 2023  5  5 21 44 21.360  0.3   1
      723  27.902091   85.472510    11.122    -7780.5      136.8     -695.7    378.4    361.6    394.3 2023  5  5 21 44 58.860  0.1   1
      724  27.934727   85.544092    11.093     -733.3     3753.5     -725.0    606.6    323.5    404.2 2023  5  5 21 58 17.400  0.3   1
      725  27.914062   85.623975    13.658     7130.8     1463.4     1840.0    435.1    365.6    461.1 2023  5  5 22 51  9.600  0.0   1
      726  27.889703   85.528703    11.971    -2247.9    -1235.9      153.1    414.2    368.2    459.6 2023  5  5 23  7 54.720  0.4   1
      727  27.929285   85.455363    12.163    -9467.7     3150.4      344.8    443.1    382.4    438.6 2023  5  6  1 42 21.170  0.4   1
      728  27.900509   85.506665    11.860    -4417.8      -38.5       41.6    534.8    510.9    542.2 2023  5  6  4 27 24.190  0.4   1
      729  27.899154   85.608415    16.584     5599.6     -188.8     4765.5    450.6    445.9    447.0 2023  5  6 10 16 40.950  0.9   1
      730  27.900867   85.613485    16.287     6099.1        1.1     4468.8    491.7    464.5    455.0 2023  5  6 10 47 28.970  0.7   1
      731  27.895744   85.560140    13.167      846.8     -566.5     1349.3    461.8    436.6    395.6 2023  5  6 11 15 37.490  0.4   1
      732  27.897176   85.616260    16.452     6372.1     -407.9     4634.3    734.0    525.8    458.4 2023  5  6 12 49 51.220  0.6   1
      733  27.898118   85.535986    12.497    -1531.4     -303.5      679.2    422.4    368.5    438.5 2023  5  6 13 22 30.190  0.6   1
      734  27.912201   85.610148    14.196     5770.4     1257.2     2377.9    441.0    394.1    540.6 2023  5  6 13 51 55.760  0.2   1
      735  27.907265   85.553939    12.420      235.9      710.3      602.3    445.7    413.5    485.2 2023  5  6 15  8  2.840  1.0   1
      736  27.899963   85.468132    11.487    -8211.3      -99.0     -331.1    452.6    577.9    440.8 2023  5  6 15 30  5.070  0.0   1
      737  27.874512   85.615552    13.346     6303.3    -2919.5     1528.1    511.4    463.0    409.6 2023  5  6 16 11  6.200  0.3   1
      738  27.874823   85.615641    13.174     6311.7    -2885.0     1355.9    406.9    415.6    417.0 2023  5  6 18  2 58.320  0.2   1
      739  27.948958   85.527531     8.670    -2363.3     5330.6    -3148.2    477.7    361.9    435.5 2023  5  6 19 27 23.920  0.3   1
      740  27.909639   85.487492    12.579    -6305.0      973.3      761.3    475.0    422.4    527.1 2023  5  6 19 33  2.760  0.3   1
      741  27.912526   85.494906    12.782    -5575.3     1293.3      964.0    422.7    369.4    455.0 2023  5  6 19 44 24.140  0.0   1
      742  27.895656   85.548039    12.146     -344.6     -576.3      328.1    545.3    509.3    452.1 2023  5  6 20 41 31.200  0.3   1
      743  27.879000   85.594466    12.780     4227.2    -2422.1      961.5    429.0    422.5    401.7 2023  5  6 22 23 46.920  0.3   1
      744  27.899569   85.547428    12.917     -404.4     -142.6     1099.1    822.8    436.4    477.7 2023  5  6 22 26 48.040  0.3   1
      745  27.900165   85.549089    12.676     -241.5      -76.7      858.2    536.3    399.4    444.7 2023  5  6 23 32 51.720  0.0   1
      746  27.889229   85.564632    12.111     1289.1    -1288.4      293.4   1195.6    745.0    554.9 2023  5  6 23 33 35.080  0.4   1
      747  27.883417   85.559741    12.063      807.9    -1932.7      244.8    486.4    375.2    396.6 2023  5  6 23 35 49.880  0.1   1
      748  27.862539   85.594897    11.908     4269.5    -4246.3       89.5    359.0    423.9    385.1 2023  5  7  1 10 17.120  0.2   1
      749  27.925039   85.450830    11.632    -9913.8     2679.8     -186.4    629.9    378.1    645.6 2023  5  7  5 52 17.650  0.8   1
      750  27.897003   85.613029    16.305     6054.4     -427.0     4486.9    611.6    540.6    455.0 2023  5  7  6  9 50.300  0.6   1
      751  27.911104   85.601310    15.380     4899.8     1135.7     3561.5    517.5    602.6    520.9 2023  5  7  8 19 50.960  0.5   1
      752  27.913005   85.603678    15.798     5132.9     1346.1     3979.6    598.7    448.1    467.2 2023  5  7 13 33 19.970  0.5   1
      753  27.893327   85.558968    11.445      731.9     -834.5     -372.9    413.8    414.7    471.2 2023  5  7 14 28 40.230  0.4   1
      754  27.881439   85.546574    12.952     -489.0    -2151.8     1133.8    531.7    513.2    458.9 2023  5  7 14 33 27.880  0.4   1
      755  27.881525   85.555363    12.511      376.5    -2142.4      692.5    627.5    600.1    420.7 2023  5  7 14 34  5.810  0.0   1
      756  27.884554   85.548633    12.665     -286.0    -1806.5      847.4    675.9    445.6    442.3 2023  5  7 14 36 33.880  0.1   1
      757  27.884047   85.558293    12.437      665.3    -1862.8      618.6    646.6    482.5    462.1 2023  5  7 16 23 20.480  0.1   1
      758  27.882918   85.690348    12.578    13667.2    -1987.9      760.3    456.5    423.5    499.0 2023  5  7 17 22 41.040  0.3   1
      759  27.885529   85.559066    12.785      740.9    -1698.7      966.5    456.9    367.5    387.0 2023  5  7 17 52 37.280  0.4   1
      760  27.882300   85.518140    11.836    -3288.4    -2056.4       18.3    496.5    443.0    477.4 2023  5  7 19  4 59.420  0.3   1
      761  27.887911   85.501733    11.546    -4903.9    -1434.5     -271.8    404.0    438.4    483.0 2023  5  7 19 24 24.700  0.3   1
      762  27.948576   85.550936    10.793      -59.6     5288.1    -1025.4    639.9    501.6    440.9 2023  5  7 19 42 56.240  0.1   1
      763  27.896519   85.655021    13.631    10188.2     -480.8     1812.5    342.7    432.9    473.1 2023  5  7 20 40 39.420  0.3   1
      764  27.879309   85.641504     0.975     8857.8    -2387.9   -10842.7    345.9    413.2   1001.5 2023  5  7 20 56  3.440  0.3   1
      765  27.922984   85.637101    14.969     8423.0     2452.0     3151.1    517.3    538.1    486.5 2023  5  7 21 44  9.060  0.7   1
      766  27.886776   85.564071    12.299     1234.0    -1560.4      481.2    504.2    458.2    387.2 2023  5  7 22  3 59.880  0.3   1
      767  27.900299   85.485970    13.219    -6454.9      -61.9     1401.1    474.7    418.0    495.9 2023  5  7 22 13 28.300  0.4   1
      768  27.893508   85.484871    12.152    -6564.0     -814.4      334.4    433.2    467.9    524.1 2023  5  7 22 39 30.420  0.0   1
      769  27.875311   85.590942    13.201     3879.7    -2830.8     1382.9    440.7    540.6    394.0 2023  5  7 23 53 41.560  0.2   1
      770  27.877120   85.587459    13.025     3537.0    -2630.5     1207.2    482.3    446.2    399.9 2023  5  8  0 25 24.760  0.5   1
      771  27.876512   85.573478    12.197     2160.3    -2697.8      378.7    439.8    456.0    381.6 2023  5  8  1 56 21.930  0.9   1
      772  27.872591   85.573568    12.327     2169.1    -3132.2      508.4    416.3    501.8    379.0 2023  5  8  2  5  0.500  0.5   1
