==========================================
SLURM_JOB_ID = 5148280
SLURM_JOB_NODELIST = b04-20
TMPDIR = /tmp/SLURM_5148280
==========================================
Processing date: 2023-04-10
  Running plot_mode: all_in_one
Loaded station data in 0.00s
Loaded reference catalog (21 events from QMigrate/hypoDD_dtct) in 0.01s
Initial/STALTA: has 14
Initial/PhaseNet: has 14
Initial/QMigrate: has 41
VELEST/STALTA: has 1
VELEST/PhaseNet: has 12
VELEST/QMigrate: has 30
hypoinverse/STALTA: has 6
hypoinverse/PhaseNet: has 11
hypoinverse/QMigrate: has 16
hypoinverse_corr/STALTA: has 3
hypoinverse_corr/PhaseNet: has 14
hypoinverse_corr/QMigrate: has 26
hypoDD_dtct/STALTA: has 0
hypoDD_dtct/PhaseNet: has 14
hypoDD_dtct/QMigrate: has 21
Loaded all other catalogs in 0.08s

Processing reference event ID 3 at 2023-04-10T05:15:35.990000Z (1/21)
  Loaded 429 traces in 57.50s
  Found match for STALTA/Initial: event at 2023-04-10T05:15:35.934000Z
  Found match for PhaseNet/Initial: event at 2023-04-10T05:15:35.934000Z
  Found match for QMigrate/Initial: event at 2023-04-10T05:15:35.525000Z
  Couldn't find match for STALTA/VELEST
  Found match for PhaseNet/VELEST: event at 2023-04-10T05:15:35.390000Z
  Found match for QMigrate/VELEST: event at 2023-04-10T05:15:35.890000Z
  Couldn't find match for STALTA/hypoinverse
  Found match for PhaseNet/hypoinverse: event at 2023-04-10T05:15:37.720000Z
  Found match for QMigrate/hypoinverse: event at 2023-04-10T05:15:37.350000Z
  Couldn't find match for STALTA/hypoinverse_corr
  Found match for PhaseNet/hypoinverse_corr: event at 2023-04-10T05:15:36.170000Z
  Found match for QMigrate/hypoinverse_corr: event at 2023-04-10T05:15:36.160000Z
  Found match for PhaseNet/hypoDD_dtct: event at 2023-04-10T05:15:36.130000Z
  Found matched events in 0.00s
  Saved plot: record_sections/all_in_one/3_20230410_051535_N.png
  Saved plot: record_sections/all_in_one/3_20230410_051535_E.png
  Saved plot: record_sections/all_in_one/3_20230410_051535_Z.png
  Generated and saved plots in 17.92s
  Total time for this event: 77.51s

Processing reference event ID 4 at 2023-04-10T11:32:18.900000Z (2/21)
  Loaded 546 traces in 24.05s
  Couldn't find match for STALTA/Initial
  Couldn't find match for PhaseNet/Initial
  Found match for QMigrate/Initial: event at 2023-04-10T11:32:18.215000Z
  Found match for STALTA/VELEST: event at 2023-04-10T11:32:18.360000Z
  Found match for PhaseNet/VELEST: event at 2023-04-10T11:32:18.410000Z
  Found match for QMigrate/VELEST: event at 2023-04-10T11:32:18.290000Z
  Found match for STALTA/hypoinverse: event at 2023-04-10T11:32:21.510000Z
  Found match for PhaseNet/hypoinverse: event at 2023-04-10T11:32:20.440000Z
  Found match for QMigrate/hypoinverse: event at 2023-04-10T11:32:20.290000Z
  Couldn't find match for STALTA/hypoinverse_corr
  Found match for PhaseNet/hypoinverse_corr: event at 2023-04-10T11:32:19.080000Z
  Found match for QMigrate/hypoinverse_corr: event at 2023-04-10T11:32:19.100000Z
  Found match for PhaseNet/hypoDD_dtct: event at 2023-04-10T11:32:19.050000Z
  Found matched events in 0.00s
  Saved plot: record_sections/all_in_one/4_20230410_113218_N.png
  Saved plot: record_sections/all_in_one/4_20230410_113218_E.png
  Saved plot: record_sections/all_in_one/4_20230410_113218_Z.png
  Generated and saved plots in 21.13s
  Total time for this event: 45.67s

Processing reference event ID 5 at 2023-04-10T12:18:12.970000Z (3/21)
  Loaded 546 traces in 15.86s
  Couldn't find match for STALTA/Initial
  Couldn't find match for PhaseNet/Initial
  Found match for QMigrate/Initial: event at 2023-04-10T12:18:11.790000Z
  Couldn't find match for STALTA/VELEST
  Couldn't find match for PhaseNet/VELEST
  Found match for QMigrate/VELEST: event at 2023-04-10T12:18:12.410000Z
  Couldn't find match for STALTA/hypoinverse
  Couldn't find match for PhaseNet/hypoinverse
  Found match for QMigrate/hypoinverse: event at 2023-04-10T12:18:13.800000Z
  Couldn't find match for STALTA/hypoinverse_corr
  Couldn't find match for PhaseNet/hypoinverse_corr
  Found match for QMigrate/hypoinverse_corr: event at 2023-04-10T12:18:13.220000Z
  Couldn't find match for PhaseNet/hypoDD_dtct
  Found matched events in 0.00s
  Saved plot: record_sections/all_in_one/5_20230410_121812_N.png
  Saved plot: record_sections/all_in_one/5_20230410_121812_E.png
  Saved plot: record_sections/all_in_one/5_20230410_121812_Z.png
  Generated and saved plots in 15.00s
  Total time for this event: 31.30s

Processing reference event ID 7 at 2023-04-10T14:12:30.350000Z (4/21)
  Loaded 546 traces in 15.32s
  Couldn't find match for STALTA/Initial
  Couldn't find match for PhaseNet/Initial
  Found match for QMigrate/Initial: event at 2023-04-10T14:12:29.615000Z
  Couldn't find match for STALTA/VELEST
  Couldn't find match for PhaseNet/VELEST
  Found match for QMigrate/VELEST: event at 2023-04-10T14:12:29.600000Z
  Couldn't find match for STALTA/hypoinverse
  Couldn't find match for PhaseNet/hypoinverse
  Couldn't find match for QMigrate/hypoinverse
  Couldn't find match for STALTA/hypoinverse_corr
  Couldn't find match for PhaseNet/hypoinverse_corr
  Found match for QMigrate/hypoinverse_corr: event at 2023-04-10T14:12:30.400000Z
  Couldn't find match for PhaseNet/hypoDD_dtct
  Found matched events in 0.00s
  Saved plot: record_sections/all_in_one/7_20230410_141230_N.png
  Saved plot: record_sections/all_in_one/7_20230410_141230_E.png
  Saved plot: record_sections/all_in_one/7_20230410_141230_Z.png
  Generated and saved plots in 13.30s
  Total time for this event: 29.05s

Processing reference event ID 8 at 2023-04-10T15:38:41.120000Z (5/21)
  Loaded 546 traces in 15.33s
  Couldn't find match for STALTA/Initial
  Couldn't find match for PhaseNet/Initial
  Found match for QMigrate/Initial: event at 2023-04-10T15:38:40.540000Z
  Couldn't find match for STALTA/VELEST
  Couldn't find match for PhaseNet/VELEST
  Found match for QMigrate/VELEST: event at 2023-04-10T15:38:39.950000Z
  Couldn't find match for STALTA/hypoinverse
  Couldn't find match for PhaseNet/hypoinverse
  Couldn't find match for QMigrate/hypoinverse
  Couldn't find match for STALTA/hypoinverse_corr
  Couldn't find match for PhaseNet/hypoinverse_corr
  Found match for QMigrate/hypoinverse_corr: event at 2023-04-10T15:38:40.770000Z
  Couldn't find match for PhaseNet/hypoDD_dtct
  Found matched events in 0.00s
  Saved plot: record_sections/all_in_one/8_20230410_153841_N.png
  Saved plot: record_sections/all_in_one/8_20230410_153841_E.png
  Saved plot: record_sections/all_in_one/8_20230410_153841_Z.png
  Generated and saved plots in 13.89s
  Total time for this event: 29.65s

Processing reference event ID 9 at 2023-04-10T16:53:34.520000Z (6/21)
  Loaded 546 traces in 15.33s
  Couldn't find match for STALTA/Initial
  Couldn't find match for PhaseNet/Initial
  Found match for QMigrate/Initial: event at 2023-04-10T16:53:33.790000Z
  Couldn't find match for STALTA/VELEST
  Found match for PhaseNet/VELEST: event at 2023-04-10T16:53:34.560000Z
  Found match for QMigrate/VELEST: event at 2023-04-10T16:53:34.500000Z
  Found match for STALTA/hypoinverse: event at 2023-04-10T16:53:37.260000Z
  Found match for PhaseNet/hypoinverse: event at 2023-04-10T16:53:35.890000Z
  Found match for QMigrate/hypoinverse: event at 2023-04-10T16:53:35.760000Z
  Found match for STALTA/hypoinverse_corr: event at 2023-04-10T16:53:35.870000Z
  Found match for PhaseNet/hypoinverse_corr: event at 2023-04-10T16:53:34.680000Z
  Found match for QMigrate/hypoinverse_corr: event at 2023-04-10T16:53:34.560000Z
  Found match for PhaseNet/hypoDD_dtct: event at 2023-04-10T16:53:34.690000Z
  Found matched events in 0.00s
  Saved plot: record_sections/all_in_one/9_20230410_165334_N.png
  Saved plot: record_sections/all_in_one/9_20230410_165334_E.png
  Saved plot: record_sections/all_in_one/9_20230410_165334_Z.png
  Generated and saved plots in 22.45s
  Total time for this event: 38.21s

Processing reference event ID 10 at 2023-04-10T17:27:54.720000Z (7/21)
  Loaded 546 traces in 15.27s
  Couldn't find match for STALTA/Initial
  Couldn't find match for PhaseNet/Initial
  Found match for QMigrate/Initial: event at 2023-04-10T17:27:54.080000Z
  Couldn't find match for STALTA/VELEST
  Found match for PhaseNet/VELEST: event at 2023-04-10T17:27:53.310000Z
  Found match for QMigrate/VELEST: event at 2023-04-10T17:27:53.800000Z
  Couldn't find match for STALTA/hypoinverse
  Found match for PhaseNet/hypoinverse: event at 2023-04-10T17:27:56.100000Z
  Found match for QMigrate/hypoinverse: event at 2023-04-10T17:27:55.910000Z
  Couldn't find match for STALTA/hypoinverse_corr
  Found match for PhaseNet/hypoinverse_corr: event at 2023-04-10T17:27:54.720000Z
  Found match for QMigrate/hypoinverse_corr: event at 2023-04-10T17:27:55.060000Z
  Found match for PhaseNet/hypoDD_dtct: event at 2023-04-10T17:27:54.740000Z
  Found matched events in 0.00s
  Saved plot: record_sections/all_in_one/10_20230410_172754_N.png
  Saved plot: record_sections/all_in_one/10_20230410_172754_E.png
  Saved plot: record_sections/all_in_one/10_20230410_172754_Z.png
  Generated and saved plots in 19.90s
  Total time for this event: 35.60s

Processing reference event ID 12 at 2023-04-10T18:30:16.280000Z (8/21)
  Loaded 546 traces in 15.32s
  Couldn't find match for STALTA/Initial
  Couldn't find match for PhaseNet/Initial
  Found match for QMigrate/Initial: event at 2023-04-10T18:30:15.485000Z
  Couldn't find match for STALTA/VELEST
  Couldn't find match for PhaseNet/VELEST
  Found match for QMigrate/VELEST: event at 2023-04-10T18:30:16.060000Z
  Couldn't find match for STALTA/hypoinverse
  Couldn't find match for PhaseNet/hypoinverse
  Found match for QMigrate/hypoinverse: event at 2023-04-10T18:30:17.850000Z
  Couldn't find match for STALTA/hypoinverse_corr
  Found match for PhaseNet/hypoinverse_corr: event at 2023-04-10T18:30:16.440000Z
  Found match for QMigrate/hypoinverse_corr: event at 2023-04-10T18:30:16.150000Z
  Found match for PhaseNet/hypoDD_dtct: event at 2023-04-10T18:30:16.380000Z
  Found matched events in 0.00s
  Saved plot: record_sections/all_in_one/12_20230410_183016_N.png
  Saved plot: record_sections/all_in_one/12_20230410_183016_E.png
  Saved plot: record_sections/all_in_one/12_20230410_183016_Z.png
  Generated and saved plots in 17.32s
  Total time for this event: 33.07s

Processing reference event ID 13 at 2023-04-10T18:38:03.400000Z (9/21)
  Loaded 546 traces in 15.30s
  Couldn't find match for STALTA/Initial
  Couldn't find match for PhaseNet/Initial
  Found match for QMigrate/Initial: event at 2023-04-10T18:38:02.265000Z
  Couldn't find match for STALTA/VELEST
  Couldn't find match for PhaseNet/VELEST
  Found match for QMigrate/VELEST: event at 2023-04-10T18:38:04.440000Z
  Couldn't find match for STALTA/hypoinverse
  Couldn't find match for PhaseNet/hypoinverse
  Couldn't find match for QMigrate/hypoinverse
  Couldn't find match for STALTA/hypoinverse_corr
  Couldn't find match for PhaseNet/hypoinverse_corr
  Found match for QMigrate/hypoinverse_corr: event at 2023-04-10T18:38:03.510000Z
  Couldn't find match for PhaseNet/hypoDD_dtct
  Found matched events in 0.00s
  Saved plot: record_sections/all_in_one/13_20230410_183803_N.png
  Saved plot: record_sections/all_in_one/13_20230410_183803_E.png
  Saved plot: record_sections/all_in_one/13_20230410_183803_Z.png
  Generated and saved plots in 13.43s
  Total time for this event: 29.16s

Processing reference event ID 14 at 2023-04-10T19:03:44.040000Z (10/21)
  Loaded 546 traces in 15.35s
  Couldn't find match for STALTA/Initial
  Couldn't find match for PhaseNet/Initial
  Found match for QMigrate/Initial: event at 2023-04-10T19:03:43.185000Z
  Couldn't find match for STALTA/VELEST
  Couldn't find match for PhaseNet/VELEST
  Couldn't find match for QMigrate/VELEST
  Couldn't find match for STALTA/hypoinverse
  Couldn't find match for PhaseNet/hypoinverse
  Couldn't find match for QMigrate/hypoinverse
  Couldn't find match for STALTA/hypoinverse_corr
  Couldn't find match for PhaseNet/hypoinverse_corr
  Found match for QMigrate/hypoinverse_corr: event at 2023-04-10T19:03:44.290000Z
  Couldn't find match for PhaseNet/hypoDD_dtct
  Found matched events in 0.00s
  Saved plot: record_sections/all_in_one/14_20230410_190344_N.png
  Saved plot: record_sections/all_in_one/14_20230410_190344_E.png
  Saved plot: record_sections/all_in_one/14_20230410_190344_Z.png
  Generated and saved plots in 11.96s
  Total time for this event: 27.74s

Processing reference event ID 16 at 2023-04-10T19:50:38.440000Z (11/21)
  Loaded 546 traces in 15.34s
  Couldn't find match for STALTA/Initial
  Couldn't find match for PhaseNet/Initial
  Found match for QMigrate/Initial: event at 2023-04-10T19:50:38.000000Z
  Couldn't find match for STALTA/VELEST
  Found match for PhaseNet/VELEST: event at 2023-04-10T19:50:38.700000Z
  Found match for QMigrate/VELEST: event at 2023-04-10T19:50:38.200000Z
  Couldn't find match for STALTA/hypoinverse
  Found match for PhaseNet/hypoinverse: event at 2023-04-10T19:50:39.930000Z
  Found match for QMigrate/hypoinverse: event at 2023-04-10T19:50:39.890000Z
  Couldn't find match for STALTA/hypoinverse_corr
  Found match for PhaseNet/hypoinverse_corr: event at 2023-04-10T19:50:38.590000Z
  Found match for QMigrate/hypoinverse_corr: event at 2023-04-10T19:50:38.670000Z
  Found match for PhaseNet/hypoDD_dtct: event at 2023-04-10T19:50:38.580000Z
  Found matched events in 0.00s
  Saved plot: record_sections/all_in_one/16_20230410_195038_N.png
  Saved plot: record_sections/all_in_one/16_20230410_195038_E.png
  Saved plot: record_sections/all_in_one/16_20230410_195038_Z.png
  Generated and saved plots in 20.68s
  Total time for this event: 36.45s

Processing reference event ID 17 at 2023-04-10T19:58:21.520000Z (12/21)
  Loaded 546 traces in 15.31s
  Couldn't find match for STALTA/Initial
  Couldn't find match for PhaseNet/Initial
  Found match for QMigrate/Initial: event at 2023-04-10T19:58:20.855000Z
  Couldn't find match for STALTA/VELEST
  Couldn't find match for PhaseNet/VELEST
  Found match for QMigrate/VELEST: event at 2023-04-10T19:58:20.830000Z
  Couldn't find match for STALTA/hypoinverse
  Couldn't find match for PhaseNet/hypoinverse
  Found match for QMigrate/hypoinverse: event at 2023-04-10T19:58:23.120000Z
  Couldn't find match for STALTA/hypoinverse_corr
  Couldn't find match for PhaseNet/hypoinverse_corr
  Found match for QMigrate/hypoinverse_corr: event at 2023-04-10T19:58:21.640000Z
  Couldn't find match for PhaseNet/hypoDD_dtct
  Found matched events in 0.00s
  Saved plot: record_sections/all_in_one/17_20230410_195821_N.png
  Saved plot: record_sections/all_in_one/17_20230410_195821_E.png
  Saved plot: record_sections/all_in_one/17_20230410_195821_Z.png
  Generated and saved plots in 15.16s
  Total time for this event: 30.89s

Processing reference event ID 18 at 2023-04-10T20:05:26.340000Z (13/21)
  Loaded 546 traces in 15.32s
  Couldn't find match for STALTA/Initial
  Couldn't find match for PhaseNet/Initial
  Found match for QMigrate/Initial: event at 2023-04-10T20:05:25.535000Z
  Couldn't find match for STALTA/VELEST
  Couldn't find match for PhaseNet/VELEST
  Found match for QMigrate/VELEST: event at 2023-04-10T20:05:25.570000Z
  Couldn't find match for STALTA/hypoinverse
  Couldn't find match for PhaseNet/hypoinverse
  Found match for QMigrate/hypoinverse: event at 2023-04-10T20:05:28.150000Z
  Couldn't find match for STALTA/hypoinverse_corr
  Couldn't find match for PhaseNet/hypoinverse_corr
  Found match for QMigrate/hypoinverse_corr: event at 2023-04-10T20:05:26.460000Z
  Couldn't find match for PhaseNet/hypoDD_dtct
  Found matched events in 0.00s
  Saved plot: record_sections/all_in_one/18_20230410_200526_N.png
  Saved plot: record_sections/all_in_one/18_20230410_200526_E.png
  Saved plot: record_sections/all_in_one/18_20230410_200526_Z.png
  Generated and saved plots in 15.80s
  Total time for this event: 31.55s

Processing reference event ID 19 at 2023-04-10T20:19:46.080000Z (14/21)
  Loaded 546 traces in 15.34s
  Couldn't find match for STALTA/Initial
  Couldn't find match for PhaseNet/Initial
  Found match for QMigrate/Initial: event at 2023-04-10T20:19:45.385000Z
  Couldn't find match for STALTA/VELEST
  Couldn't find match for PhaseNet/VELEST
  Found match for QMigrate/VELEST: event at 2023-04-10T20:19:45.290000Z
  Couldn't find match for STALTA/hypoinverse
  Couldn't find match for PhaseNet/hypoinverse
  Found match for QMigrate/hypoinverse: event at 2023-04-10T20:19:47.340000Z
  Couldn't find match for STALTA/hypoinverse_corr
  Couldn't find match for PhaseNet/hypoinverse_corr
  Found match for QMigrate/hypoinverse_corr: event at 2023-04-10T20:19:46.210000Z
  Couldn't find match for PhaseNet/hypoDD_dtct
  Found matched events in 0.00s
  Saved plot: record_sections/all_in_one/19_20230410_201946_N.png
  Saved plot: record_sections/all_in_one/19_20230410_201946_E.png
  Saved plot: record_sections/all_in_one/19_20230410_201946_Z.png
  Generated and saved plots in 15.29s
  Total time for this event: 31.05s

Processing reference event ID 20 at 2023-04-10T21:00:38.640000Z (15/21)
  Loaded 546 traces in 15.34s
  Couldn't find match for STALTA/Initial
  Couldn't find match for PhaseNet/Initial
  Found match for QMigrate/Initial: event at 2023-04-10T21:00:37.795000Z
  Couldn't find match for STALTA/VELEST
  Couldn't find match for PhaseNet/VELEST
  Couldn't find match for QMigrate/VELEST
  Couldn't find match for STALTA/hypoinverse
  Couldn't find match for PhaseNet/hypoinverse
  Couldn't find match for QMigrate/hypoinverse
  Couldn't find match for STALTA/hypoinverse_corr
  Couldn't find match for PhaseNet/hypoinverse_corr
  Found match for QMigrate/hypoinverse_corr: event at 2023-04-10T21:00:38.510000Z
  Couldn't find match for PhaseNet/hypoDD_dtct
  Found matched events in 0.00s
  Saved plot: record_sections/all_in_one/20_20230410_210038_N.png
  Saved plot: record_sections/all_in_one/20_20230410_210038_E.png
  Saved plot: record_sections/all_in_one/20_20230410_210038_Z.png
  Generated and saved plots in 12.14s
  Total time for this event: 27.92s

Processing reference event ID 21 at 2023-04-10T21:45:06.600000Z (16/21)
  Loaded 546 traces in 15.31s
  Couldn't find match for STALTA/Initial
  Couldn't find match for PhaseNet/Initial
  Found match for QMigrate/Initial: event at 2023-04-10T21:45:05.865000Z
  Couldn't find match for STALTA/VELEST
  Found match for PhaseNet/VELEST: event at 2023-04-10T21:45:04.970000Z
  Found match for QMigrate/VELEST: event at 2023-04-10T21:45:05.490000Z
  Couldn't find match for STALTA/hypoinverse
  Couldn't find match for PhaseNet/hypoinverse
  Couldn't find match for QMigrate/hypoinverse
  Couldn't find match for STALTA/hypoinverse_corr
  Found match for PhaseNet/hypoinverse_corr: event at 2023-04-10T21:45:06.660000Z
  Found match for QMigrate/hypoinverse_corr: event at 2023-04-10T21:45:06.640000Z
  Found match for PhaseNet/hypoDD_dtct: event at 2023-04-10T21:45:06.760000Z
  Found matched events in 0.00s
  Saved plot: record_sections/all_in_one/21_20230410_214506_N.png
  Saved plot: record_sections/all_in_one/21_20230410_214506_E.png
  Saved plot: record_sections/all_in_one/21_20230410_214506_Z.png
  Generated and saved plots in 17.11s
  Total time for this event: 32.85s

Processing reference event ID 22 at 2023-04-10T22:34:49.960000Z (17/21)
  Loaded 546 traces in 15.42s
  Couldn't find match for STALTA/Initial
  Couldn't find match for PhaseNet/Initial
  Found match for QMigrate/Initial: event at 2023-04-10T22:34:49.345000Z
  Couldn't find match for STALTA/VELEST
  Found match for PhaseNet/VELEST: event at 2023-04-10T22:34:49.180000Z
  Found match for QMigrate/VELEST: event at 2023-04-10T22:34:47.500000Z
  Couldn't find match for STALTA/hypoinverse
  Couldn't find match for PhaseNet/hypoinverse
  Found match for QMigrate/hypoinverse: event at 2023-04-10T22:34:51.200000Z
  Couldn't find match for STALTA/hypoinverse_corr
  Found match for PhaseNet/hypoinverse_corr: event at 2023-04-10T22:34:50.040000Z
  Found match for QMigrate/hypoinverse_corr: event at 2023-04-10T22:34:50.030000Z
  Found match for PhaseNet/hypoDD_dtct: event at 2023-04-10T22:34:49.880000Z
  Found matched events in 0.00s
  Saved plot: record_sections/all_in_one/22_20230410_223449_N.png
  Saved plot: record_sections/all_in_one/22_20230410_223449_E.png
  Saved plot: record_sections/all_in_one/22_20230410_223449_Z.png
  Generated and saved plots in 19.39s
  Total time for this event: 35.24s

Processing reference event ID 23 at 2023-04-10T23:08:05.940000Z (18/21)
  Loaded 546 traces in 15.33s
  Couldn't find match for STALTA/Initial
  Couldn't find match for PhaseNet/Initial
  Found match for QMigrate/Initial: event at 2023-04-10T23:08:04.975000Z
  Couldn't find match for STALTA/VELEST
  Couldn't find match for PhaseNet/VELEST
  Found match for QMigrate/VELEST: event at 2023-04-10T23:08:06.220000Z
  Couldn't find match for STALTA/hypoinverse
  Couldn't find match for PhaseNet/hypoinverse
  Found match for QMigrate/hypoinverse: event at 2023-04-10T23:08:07.630000Z
  Couldn't find match for STALTA/hypoinverse_corr
  Couldn't find match for PhaseNet/hypoinverse_corr
  Found match for QMigrate/hypoinverse_corr: event at 2023-04-10T23:08:05.620000Z
  Couldn't find match for PhaseNet/hypoDD_dtct
  Found matched events in 0.00s
  Saved plot: record_sections/all_in_one/23_20230410_230805_N.png
  Saved plot: record_sections/all_in_one/23_20230410_230805_E.png
  Saved plot: record_sections/all_in_one/23_20230410_230805_Z.png
  Generated and saved plots in 15.51s
  Total time for this event: 31.27s

Processing reference event ID 24 at 2023-04-10T23:21:47.140000Z (19/21)
  Loaded 546 traces in 15.35s
  Couldn't find match for STALTA/Initial
  Couldn't find match for PhaseNet/Initial
  Found match for QMigrate/Initial: event at 2023-04-10T23:21:46.440000Z
  Couldn't find match for STALTA/VELEST
  Found match for PhaseNet/VELEST: event at 2023-04-10T23:21:46.540000Z
  Found match for QMigrate/VELEST: event at 2023-04-10T23:21:46.640000Z
  Couldn't find match for STALTA/hypoinverse
  Couldn't find match for PhaseNet/hypoinverse
  Found match for QMigrate/hypoinverse: event at 2023-04-10T23:22:11.340000Z
  Couldn't find match for STALTA/hypoinverse_corr
  Found match for PhaseNet/hypoinverse_corr: event at 2023-04-10T23:21:47.250000Z
  Found match for QMigrate/hypoinverse_corr: event at 2023-04-10T23:21:47.280000Z
  Found match for PhaseNet/hypoDD_dtct: event at 2023-04-10T23:21:47.340000Z
  Found matched events in 0.00s
  Saved plot: record_sections/all_in_one/24_20230410_232147_N.png
  Saved plot: record_sections/all_in_one/24_20230410_232147_E.png
  Saved plot: record_sections/all_in_one/24_20230410_232147_Z.png
  Generated and saved plots in 18.10s
  Total time for this event: 33.89s

Processing reference event ID 25 at 2023-04-10T23:22:10.040000Z (20/21)
  Loaded 546 traces in 15.35s
  Couldn't find match for STALTA/Initial
  Couldn't find match for PhaseNet/Initial
  Found match for QMigrate/Initial: event at 2023-04-10T23:22:09.530000Z
  Couldn't find match for STALTA/VELEST
  Found match for PhaseNet/VELEST: event at 2023-04-10T23:21:46.540000Z
  Found match for QMigrate/VELEST: event at 2023-04-10T23:22:09.570000Z
  Couldn't find match for STALTA/hypoinverse
  Found match for PhaseNet/hypoinverse: event at 2023-04-10T23:22:11.270000Z
  Found match for QMigrate/hypoinverse: event at 2023-04-10T23:22:11.340000Z
  Couldn't find match for STALTA/hypoinverse_corr
  Found match for PhaseNet/hypoinverse_corr: event at 2023-04-10T23:22:10.190000Z
  Found match for QMigrate/hypoinverse_corr: event at 2023-04-10T23:22:10.040000Z
  Found match for PhaseNet/hypoDD_dtct: event at 2023-04-10T23:22:10.080000Z
  Found matched events in 0.00s
  Saved plot: record_sections/all_in_one/25_20230410_232210_N.png
  Saved plot: record_sections/all_in_one/25_20230410_232210_E.png
  Saved plot: record_sections/all_in_one/25_20230410_232210_Z.png
  Generated and saved plots in 19.05s
  Total time for this event: 34.83s

Processing reference event ID 26 at 2023-04-10T23:23:29.480000Z (21/21)
  Loaded 546 traces in 15.48s
  Couldn't find match for STALTA/Initial
  Couldn't find match for PhaseNet/Initial
  Found match for QMigrate/Initial: event at 2023-04-10T23:23:28.575000Z
  Couldn't find match for STALTA/VELEST
  Found match for PhaseNet/VELEST: event at 2023-04-10T23:23:27.210000Z
  Found match for QMigrate/VELEST: event at 2023-04-10T23:23:29.480000Z
  Couldn't find match for STALTA/hypoinverse
  Found match for PhaseNet/hypoinverse: event at 2023-04-10T23:22:11.270000Z
  Found match for QMigrate/hypoinverse: event at 2023-04-10T23:22:11.340000Z
  Couldn't find match for STALTA/hypoinverse_corr
  Found match for PhaseNet/hypoinverse_corr: event at 2023-04-10T23:23:29.480000Z
  Found match for QMigrate/hypoinverse_corr: event at 2023-04-10T23:23:29.020000Z
  Found match for PhaseNet/hypoDD_dtct: event at 2023-04-10T23:23:29.640000Z
  Found matched events in 0.00s
  Saved plot: record_sections/all_in_one/26_20230410_232329_N.png
  Saved plot: record_sections/all_in_one/26_20230410_232329_E.png
  Saved plot: record_sections/all_in_one/26_20230410_232329_Z.png
  Generated and saved plots in 18.16s
  Total time for this event: 34.09s

Total script execution time: 737.06s
  Running plot_mode: individual
Loaded station data in 0.00s
Loaded reference catalog (21 events from QMigrate/hypoDD_dtct) in 0.00s
Initial/STALTA: has 14
Initial/PhaseNet: has 14
Initial/QMigrate: has 41
VELEST/STALTA: has 1
VELEST/PhaseNet: has 12
VELEST/QMigrate: has 30
hypoinverse/STALTA: has 6
hypoinverse/PhaseNet: has 11
hypoinverse/QMigrate: has 16
hypoinverse_corr/STALTA: has 3
hypoinverse_corr/PhaseNet: has 14
hypoinverse_corr/QMigrate: has 26
hypoDD_dtct/STALTA: has 0
hypoDD_dtct/PhaseNet: has 14
hypoDD_dtct/QMigrate: has 21
Loaded all other catalogs in 0.07s

Processing reference event ID 3 at 2023-04-10T05:15:35.990000Z (1/21)
  Loaded 429 traces in 16.03s
  Found match for STALTA/Initial: event at 2023-04-10T05:15:35.934000Z
  Found match for PhaseNet/Initial: event at 2023-04-10T05:15:35.934000Z
  Found match for QMigrate/Initial: event at 2023-04-10T05:15:35.525000Z
  Couldn't find match for STALTA/VELEST
  Found match for PhaseNet/VELEST: event at 2023-04-10T05:15:35.390000Z
  Found match for QMigrate/VELEST: event at 2023-04-10T05:15:35.890000Z
  Couldn't find match for STALTA/hypoinverse
  Found match for PhaseNet/hypoinverse: event at 2023-04-10T05:15:37.720000Z
  Found match for QMigrate/hypoinverse: event at 2023-04-10T05:15:37.350000Z
  Couldn't find match for STALTA/hypoinverse_corr
  Found match for PhaseNet/hypoinverse_corr: event at 2023-04-10T05:15:36.170000Z
  Found match for QMigrate/hypoinverse_corr: event at 2023-04-10T05:15:36.160000Z
  Found match for PhaseNet/hypoDD_dtct: event at 2023-04-10T05:15:36.130000Z
  Found matched events in 0.00s
  Saved plot: record_sections/individual/QMigrate/hypoDD_dtct/3_hypoDD_dtct_QMigrate_20230410_051535.png
  Saved plot: record_sections/individual/STALTA/Initial/3_Initial_STALTA_20230410_051535.png
  Saved plot: record_sections/individual/PhaseNet/Initial/3_Initial_PhaseNet_20230410_051535.png
  Saved plot: record_sections/individual/QMigrate/Initial/3_Initial_QMigrate_20230410_051535.png
  Saved plot: record_sections/individual/PhaseNet/VELEST/3_VELEST_PhaseNet_20230410_051535.png
  Saved plot: record_sections/individual/QMigrate/VELEST/3_VELEST_QMigrate_20230410_051535.png
  Saved plot: record_sections/individual/PhaseNet/hypoinverse/3_hypoinverse_PhaseNet_20230410_051535.png
  Saved plot: record_sections/individual/QMigrate/hypoinverse/3_hypoinverse_QMigrate_20230410_051535.png
  Saved plot: record_sections/individual/PhaseNet/hypoinverse_corr/3_hypoinverse_corr_PhaseNet_20230410_051535.png
  Saved plot: record_sections/individual/QMigrate/hypoinverse_corr/3_hypoinverse_corr_QMigrate_20230410_051535.png
  Saved plot: record_sections/individual/PhaseNet/hypoDD_dtct/3_hypoDD_dtct_PhaseNet_20230410_051535.png
  Generated and saved plots in 23.61s
  Total time for this event: 40.55s

Processing reference event ID 4 at 2023-04-10T11:32:18.900000Z (2/21)
  Loaded 546 traces in 15.50s
  Couldn't find match for STALTA/Initial
  Couldn't find match for PhaseNet/Initial
  Found match for QMigrate/Initial: event at 2023-04-10T11:32:18.215000Z
  Found match for STALTA/VELEST: event at 2023-04-10T11:32:18.360000Z
  Found match for PhaseNet/VELEST: event at 2023-04-10T11:32:18.410000Z
  Found match for QMigrate/VELEST: event at 2023-04-10T11:32:18.290000Z
  Found match for STALTA/hypoinverse: event at 2023-04-10T11:32:21.510000Z
  Found match for PhaseNet/hypoinverse: event at 2023-04-10T11:32:20.440000Z
  Found match for QMigrate/hypoinverse: event at 2023-04-10T11:32:20.290000Z
  Couldn't find match for STALTA/hypoinverse_corr
  Found match for PhaseNet/hypoinverse_corr: event at 2023-04-10T11:32:19.080000Z
  Found match for QMigrate/hypoinverse_corr: event at 2023-04-10T11:32:19.100000Z
  Found match for PhaseNet/hypoDD_dtct: event at 2023-04-10T11:32:19.050000Z
  Found matched events in 0.00s
  Saved plot: record_sections/individual/QMigrate/hypoDD_dtct/4_hypoDD_dtct_QMigrate_20230410_113218.png
  Saved plot: record_sections/individual/QMigrate/Initial/4_Initial_QMigrate_20230410_113218.png
  Saved plot: record_sections/individual/STALTA/VELEST/4_VELEST_STALTA_20230410_113218.png
  Saved plot: record_sections/individual/PhaseNet/VELEST/4_VELEST_PhaseNet_20230410_113218.png
  Saved plot: record_sections/individual/QMigrate/VELEST/4_VELEST_QMigrate_20230410_113218.png
  Saved plot: record_sections/individual/STALTA/hypoinverse/4_hypoinverse_STALTA_20230410_113218.png
  Saved plot: record_sections/individual/PhaseNet/hypoinverse/4_hypoinverse_PhaseNet_20230410_113218.png
  Saved plot: record_sections/individual/QMigrate/hypoinverse/4_hypoinverse_QMigrate_20230410_113218.png
  Saved plot: record_sections/individual/PhaseNet/hypoinverse_corr/4_hypoinverse_corr_PhaseNet_20230410_113218.png
  Saved plot: record_sections/individual/QMigrate/hypoinverse_corr/4_hypoinverse_corr_QMigrate_20230410_113218.png
  Saved plot: record_sections/individual/PhaseNet/hypoDD_dtct/4_hypoDD_dtct_PhaseNet_20230410_113218.png
  Generated and saved plots in 24.92s
  Total time for this event: 40.86s

Processing reference event ID 5 at 2023-04-10T12:18:12.970000Z (3/21)
  Loaded 546 traces in 15.46s
  Couldn't find match for STALTA/Initial
  Couldn't find match for PhaseNet/Initial
  Found match for QMigrate/Initial: event at 2023-04-10T12:18:11.790000Z
  Couldn't find match for STALTA/VELEST
  Couldn't find match for PhaseNet/VELEST
  Found match for QMigrate/VELEST: event at 2023-04-10T12:18:12.410000Z
  Couldn't find match for STALTA/hypoinverse
  Couldn't find match for PhaseNet/hypoinverse
  Found match for QMigrate/hypoinverse: event at 2023-04-10T12:18:13.800000Z
  Couldn't find match for STALTA/hypoinverse_corr
  Couldn't find match for PhaseNet/hypoinverse_corr
  Found match for QMigrate/hypoinverse_corr: event at 2023-04-10T12:18:13.220000Z
  Couldn't find match for PhaseNet/hypoDD_dtct
  Found matched events in 0.00s
  Saved plot: record_sections/individual/QMigrate/hypoDD_dtct/5_hypoDD_dtct_QMigrate_20230410_121812.png
  Saved plot: record_sections/individual/QMigrate/Initial/5_Initial_QMigrate_20230410_121812.png
  Saved plot: record_sections/individual/QMigrate/VELEST/5_VELEST_QMigrate_20230410_121812.png
  Saved plot: record_sections/individual/QMigrate/hypoinverse/5_hypoinverse_QMigrate_20230410_121812.png
  Saved plot: record_sections/individual/QMigrate/hypoinverse_corr/5_hypoinverse_corr_QMigrate_20230410_121812.png
  Generated and saved plots in 12.76s
  Total time for this event: 28.65s

Processing reference event ID 7 at 2023-04-10T14:12:30.350000Z (4/21)
  Loaded 546 traces in 15.51s
  Couldn't find match for STALTA/Initial
  Couldn't find match for PhaseNet/Initial
  Found match for QMigrate/Initial: event at 2023-04-10T14:12:29.615000Z
  Couldn't find match for STALTA/VELEST
  Couldn't find match for PhaseNet/VELEST
  Found match for QMigrate/VELEST: event at 2023-04-10T14:12:29.600000Z
  Couldn't find match for STALTA/hypoinverse
  Couldn't find match for PhaseNet/hypoinverse
  Couldn't find match for QMigrate/hypoinverse
  Couldn't find match for STALTA/hypoinverse_corr
  Couldn't find match for PhaseNet/hypoinverse_corr
  Found match for QMigrate/hypoinverse_corr: event at 2023-04-10T14:12:30.400000Z
  Couldn't find match for PhaseNet/hypoDD_dtct
  Found matched events in 0.00s
  Saved plot: record_sections/individual/QMigrate/hypoDD_dtct/7_hypoDD_dtct_QMigrate_20230410_141230.png
  Saved plot: record_sections/individual/QMigrate/Initial/7_Initial_QMigrate_20230410_141230.png
  Saved plot: record_sections/individual/QMigrate/VELEST/7_VELEST_QMigrate_20230410_141230.png
  Saved plot: record_sections/individual/QMigrate/hypoinverse_corr/7_hypoinverse_corr_QMigrate_20230410_141230.png
  Generated and saved plots in 10.47s
  Total time for this event: 26.42s

Processing reference event ID 8 at 2023-04-10T15:38:41.120000Z (5/21)
  Loaded 546 traces in 15.41s
  Couldn't find match for STALTA/Initial
  Couldn't find match for PhaseNet/Initial
  Found match for QMigrate/Initial: event at 2023-04-10T15:38:40.540000Z
  Couldn't find match for STALTA/VELEST
  Couldn't find match for PhaseNet/VELEST
  Found match for QMigrate/VELEST: event at 2023-04-10T15:38:39.950000Z
  Couldn't find match for STALTA/hypoinverse
  Couldn't find match for PhaseNet/hypoinverse
  Couldn't find match for QMigrate/hypoinverse
  Couldn't find match for STALTA/hypoinverse_corr
  Couldn't find match for PhaseNet/hypoinverse_corr
  Found match for QMigrate/hypoinverse_corr: event at 2023-04-10T15:38:40.770000Z
  Couldn't find match for PhaseNet/hypoDD_dtct
  Found matched events in 0.00s
  Saved plot: record_sections/individual/QMigrate/hypoDD_dtct/8_hypoDD_dtct_QMigrate_20230410_153841.png
  Saved plot: record_sections/individual/QMigrate/Initial/8_Initial_QMigrate_20230410_153841.png
  Saved plot: record_sections/individual/QMigrate/VELEST/8_VELEST_QMigrate_20230410_153841.png
  Saved plot: record_sections/individual/QMigrate/hypoinverse_corr/8_hypoinverse_corr_QMigrate_20230410_153841.png
  Generated and saved plots in 11.31s
  Total time for this event: 27.16s

Processing reference event ID 9 at 2023-04-10T16:53:34.520000Z (6/21)
  Loaded 546 traces in 15.41s
  Couldn't find match for STALTA/Initial
  Couldn't find match for PhaseNet/Initial
  Found match for QMigrate/Initial: event at 2023-04-10T16:53:33.790000Z
  Couldn't find match for STALTA/VELEST
  Found match for PhaseNet/VELEST: event at 2023-04-10T16:53:34.560000Z
  Found match for QMigrate/VELEST: event at 2023-04-10T16:53:34.500000Z
  Found match for STALTA/hypoinverse: event at 2023-04-10T16:53:37.260000Z
  Found match for PhaseNet/hypoinverse: event at 2023-04-10T16:53:35.890000Z
  Found match for QMigrate/hypoinverse: event at 2023-04-10T16:53:35.760000Z
  Found match for STALTA/hypoinverse_corr: event at 2023-04-10T16:53:35.870000Z
  Found match for PhaseNet/hypoinverse_corr: event at 2023-04-10T16:53:34.680000Z
  Found match for QMigrate/hypoinverse_corr: event at 2023-04-10T16:53:34.560000Z
  Found match for PhaseNet/hypoDD_dtct: event at 2023-04-10T16:53:34.690000Z
  Found matched events in 0.00s
  Saved plot: record_sections/individual/QMigrate/hypoDD_dtct/9_hypoDD_dtct_QMigrate_20230410_165334.png
  Saved plot: record_sections/individual/QMigrate/Initial/9_Initial_QMigrate_20230410_165334.png
  Saved plot: record_sections/individual/PhaseNet/VELEST/9_VELEST_PhaseNet_20230410_165334.png
  Saved plot: record_sections/individual/QMigrate/VELEST/9_VELEST_QMigrate_20230410_165334.png
  Saved plot: record_sections/individual/STALTA/hypoinverse/9_hypoinverse_STALTA_20230410_165334.png
  Saved plot: record_sections/individual/PhaseNet/hypoinverse/9_hypoinverse_PhaseNet_20230410_165334.png
  Saved plot: record_sections/individual/QMigrate/hypoinverse/9_hypoinverse_QMigrate_20230410_165334.png
  Saved plot: record_sections/individual/STALTA/hypoinverse_corr/9_hypoinverse_corr_STALTA_20230410_165334.png
  Saved plot: record_sections/individual/PhaseNet/hypoinverse_corr/9_hypoinverse_corr_PhaseNet_20230410_165334.png
  Saved plot: record_sections/individual/QMigrate/hypoinverse_corr/9_hypoinverse_corr_QMigrate_20230410_165334.png
  Saved plot: record_sections/individual/PhaseNet/hypoDD_dtct/9_hypoDD_dtct_PhaseNet_20230410_165334.png
  Generated and saved plots in 27.80s
  Total time for this event: 43.64s

Processing reference event ID 10 at 2023-04-10T17:27:54.720000Z (7/21)
  Loaded 546 traces in 15.43s
  Couldn't find match for STALTA/Initial
  Couldn't find match for PhaseNet/Initial
  Found match for QMigrate/Initial: event at 2023-04-10T17:27:54.080000Z
  Couldn't find match for STALTA/VELEST
  Found match for PhaseNet/VELEST: event at 2023-04-10T17:27:53.310000Z
  Found match for QMigrate/VELEST: event at 2023-04-10T17:27:53.800000Z
  Couldn't find match for STALTA/hypoinverse
  Found match for PhaseNet/hypoinverse: event at 2023-04-10T17:27:56.100000Z
  Found match for QMigrate/hypoinverse: event at 2023-04-10T17:27:55.910000Z
  Couldn't find match for STALTA/hypoinverse_corr
  Found match for PhaseNet/hypoinverse_corr: event at 2023-04-10T17:27:54.720000Z
  Found match for QMigrate/hypoinverse_corr: event at 2023-04-10T17:27:55.060000Z
  Found match for PhaseNet/hypoDD_dtct: event at 2023-04-10T17:27:54.740000Z
  Found matched events in 0.00s
  Saved plot: record_sections/individual/QMigrate/hypoDD_dtct/10_hypoDD_dtct_QMigrate_20230410_172754.png
  Saved plot: record_sections/individual/QMigrate/Initial/10_Initial_QMigrate_20230410_172754.png
  Saved plot: record_sections/individual/PhaseNet/VELEST/10_VELEST_PhaseNet_20230410_172754.png
  Saved plot: record_sections/individual/QMigrate/VELEST/10_VELEST_QMigrate_20230410_172754.png
  Saved plot: record_sections/individual/PhaseNet/hypoinverse/10_hypoinverse_PhaseNet_20230410_172754.png
  Saved plot: record_sections/individual/QMigrate/hypoinverse/10_hypoinverse_QMigrate_20230410_172754.png
  Saved plot: record_sections/individual/PhaseNet/hypoinverse_corr/10_hypoinverse_corr_PhaseNet_20230410_172754.png
  Saved plot: record_sections/individual/QMigrate/hypoinverse_corr/10_hypoinverse_corr_QMigrate_20230410_172754.png
  Saved plot: record_sections/individual/PhaseNet/hypoDD_dtct/10_hypoDD_dtct_PhaseNet_20230410_172754.png
  Generated and saved plots in 23.82s
  Total time for this event: 39.70s

Processing reference event ID 12 at 2023-04-10T18:30:16.280000Z (8/21)
  Loaded 546 traces in 15.44s
  Couldn't find match for STALTA/Initial
  Couldn't find match for PhaseNet/Initial
  Found match for QMigrate/Initial: event at 2023-04-10T18:30:15.485000Z
  Couldn't find match for STALTA/VELEST
  Couldn't find match for PhaseNet/VELEST
  Found match for QMigrate/VELEST: event at 2023-04-10T18:30:16.060000Z
  Couldn't find match for STALTA/hypoinverse
  Couldn't find match for PhaseNet/hypoinverse
  Found match for QMigrate/hypoinverse: event at 2023-04-10T18:30:17.850000Z
  Couldn't find match for STALTA/hypoinverse_corr
  Found match for PhaseNet/hypoinverse_corr: event at 2023-04-10T18:30:16.440000Z
  Found match for QMigrate/hypoinverse_corr: event at 2023-04-10T18:30:16.150000Z
  Found match for PhaseNet/hypoDD_dtct: event at 2023-04-10T18:30:16.380000Z
  Found matched events in 0.00s
  Saved plot: record_sections/individual/QMigrate/hypoDD_dtct/12_hypoDD_dtct_QMigrate_20230410_183016.png
  Saved plot: record_sections/individual/QMigrate/Initial/12_Initial_QMigrate_20230410_183016.png
  Saved plot: record_sections/individual/QMigrate/VELEST/12_VELEST_QMigrate_20230410_183016.png
  Saved plot: record_sections/individual/QMigrate/hypoinverse/12_hypoinverse_QMigrate_20230410_183016.png
  Saved plot: record_sections/individual/PhaseNet/hypoinverse_corr/12_hypoinverse_corr_PhaseNet_20230410_183016.png
  Saved plot: record_sections/individual/QMigrate/hypoinverse_corr/12_hypoinverse_corr_QMigrate_20230410_183016.png
  Saved plot: record_sections/individual/PhaseNet/hypoDD_dtct/12_hypoDD_dtct_PhaseNet_20230410_183016.png
  Generated and saved plots in 17.84s
  Total time for this event: 33.72s

Processing reference event ID 13 at 2023-04-10T18:38:03.400000Z (9/21)
  Loaded 546 traces in 15.44s
  Couldn't find match for STALTA/Initial
  Couldn't find match for PhaseNet/Initial
  Found match for QMigrate/Initial: event at 2023-04-10T18:38:02.265000Z
  Couldn't find match for STALTA/VELEST
  Couldn't find match for PhaseNet/VELEST
  Found match for QMigrate/VELEST: event at 2023-04-10T18:38:04.440000Z
  Couldn't find match for STALTA/hypoinverse
  Couldn't find match for PhaseNet/hypoinverse
  Couldn't find match for QMigrate/hypoinverse
  Couldn't find match for STALTA/hypoinverse_corr
  Couldn't find match for PhaseNet/hypoinverse_corr
  Found match for QMigrate/hypoinverse_corr: event at 2023-04-10T18:38:03.510000Z
  Couldn't find match for PhaseNet/hypoDD_dtct
  Found matched events in 0.00s
  Saved plot: record_sections/individual/QMigrate/hypoDD_dtct/13_hypoDD_dtct_QMigrate_20230410_183803.png
  Saved plot: record_sections/individual/QMigrate/Initial/13_Initial_QMigrate_20230410_183803.png
  Saved plot: record_sections/individual/QMigrate/VELEST/13_VELEST_QMigrate_20230410_183803.png
  Saved plot: record_sections/individual/QMigrate/hypoinverse_corr/13_hypoinverse_corr_QMigrate_20230410_183803.png
  Generated and saved plots in 11.54s
  Total time for this event: 27.43s

Processing reference event ID 14 at 2023-04-10T19:03:44.040000Z (10/21)
  Loaded 546 traces in 15.36s
  Couldn't find match for STALTA/Initial
  Couldn't find match for PhaseNet/Initial
  Found match for QMigrate/Initial: event at 2023-04-10T19:03:43.185000Z
  Couldn't find match for STALTA/VELEST
  Couldn't find match for PhaseNet/VELEST
  Couldn't find match for QMigrate/VELEST
  Couldn't find match for STALTA/hypoinverse
  Couldn't find match for PhaseNet/hypoinverse
  Couldn't find match for QMigrate/hypoinverse
  Couldn't find match for STALTA/hypoinverse_corr
  Couldn't find match for PhaseNet/hypoinverse_corr
  Found match for QMigrate/hypoinverse_corr: event at 2023-04-10T19:03:44.290000Z
  Couldn't find match for PhaseNet/hypoDD_dtct
  Found matched events in 0.00s
  Saved plot: record_sections/individual/QMigrate/hypoDD_dtct/14_hypoDD_dtct_QMigrate_20230410_190344.png
  Saved plot: record_sections/individual/QMigrate/Initial/14_Initial_QMigrate_20230410_190344.png
  Saved plot: record_sections/individual/QMigrate/hypoinverse_corr/14_hypoinverse_corr_QMigrate_20230410_190344.png
  Generated and saved plots in 8.48s
  Total time for this event: 24.27s

Processing reference event ID 16 at 2023-04-10T19:50:38.440000Z (11/21)
  Loaded 546 traces in 15.54s
  Couldn't find match for STALTA/Initial
  Couldn't find match for PhaseNet/Initial
  Found match for QMigrate/Initial: event at 2023-04-10T19:50:38.000000Z
  Couldn't find match for STALTA/VELEST
  Found match for PhaseNet/VELEST: event at 2023-04-10T19:50:38.700000Z
  Found match for QMigrate/VELEST: event at 2023-04-10T19:50:38.200000Z
  Couldn't find match for STALTA/hypoinverse
  Found match for PhaseNet/hypoinverse: event at 2023-04-10T19:50:39.930000Z
  Found match for QMigrate/hypoinverse: event at 2023-04-10T19:50:39.890000Z
  Couldn't find match for STALTA/hypoinverse_corr
  Found match for PhaseNet/hypoinverse_corr: event at 2023-04-10T19:50:38.590000Z
  Found match for QMigrate/hypoinverse_corr: event at 2023-04-10T19:50:38.670000Z
  Found match for PhaseNet/hypoDD_dtct: event at 2023-04-10T19:50:38.580000Z
  Found matched events in 0.00s
  Saved plot: record_sections/individual/QMigrate/hypoDD_dtct/16_hypoDD_dtct_QMigrate_20230410_195038.png
  Saved plot: record_sections/individual/QMigrate/Initial/16_Initial_QMigrate_20230410_195038.png
  Saved plot: record_sections/individual/PhaseNet/VELEST/16_VELEST_PhaseNet_20230410_195038.png
  Saved plot: record_sections/individual/QMigrate/VELEST/16_VELEST_QMigrate_20230410_195038.png
  Saved plot: record_sections/individual/PhaseNet/hypoinverse/16_hypoinverse_PhaseNet_20230410_195038.png
  Saved plot: record_sections/individual/QMigrate/hypoinverse/16_hypoinverse_QMigrate_20230410_195038.png
  Saved plot: record_sections/individual/PhaseNet/hypoinverse_corr/16_hypoinverse_corr_PhaseNet_20230410_195038.png
  Saved plot: record_sections/individual/QMigrate/hypoinverse_corr/16_hypoinverse_corr_QMigrate_20230410_195038.png
  Saved plot: record_sections/individual/PhaseNet/hypoDD_dtct/16_hypoDD_dtct_PhaseNet_20230410_195038.png
  Generated and saved plots in 24.54s
  Total time for this event: 40.52s

Processing reference event ID 17 at 2023-04-10T19:58:21.520000Z (12/21)
  Loaded 546 traces in 15.66s
  Couldn't find match for STALTA/Initial
  Couldn't find match for PhaseNet/Initial
  Found match for QMigrate/Initial: event at 2023-04-10T19:58:20.855000Z
  Couldn't find match for STALTA/VELEST
  Couldn't find match for PhaseNet/VELEST
  Found match for QMigrate/VELEST: event at 2023-04-10T19:58:20.830000Z
  Couldn't find match for STALTA/hypoinverse
  Couldn't find match for PhaseNet/hypoinverse
  Found match for QMigrate/hypoinverse: event at 2023-04-10T19:58:23.120000Z
  Couldn't find match for STALTA/hypoinverse_corr
  Couldn't find match for PhaseNet/hypoinverse_corr
  Found match for QMigrate/hypoinverse_corr: event at 2023-04-10T19:58:21.640000Z
  Couldn't find match for PhaseNet/hypoDD_dtct
  Found matched events in 0.00s
  Saved plot: record_sections/individual/QMigrate/hypoDD_dtct/17_hypoDD_dtct_QMigrate_20230410_195821.png
  Saved plot: record_sections/individual/QMigrate/Initial/17_Initial_QMigrate_20230410_195821.png
  Saved plot: record_sections/individual/QMigrate/VELEST/17_VELEST_QMigrate_20230410_195821.png
  Saved plot: record_sections/individual/QMigrate/hypoinverse/17_hypoinverse_QMigrate_20230410_195821.png
  Saved plot: record_sections/individual/QMigrate/hypoinverse_corr/17_hypoinverse_corr_QMigrate_20230410_195821.png
  Generated and saved plots in 13.65s
  Total time for this event: 29.73s

Processing reference event ID 18 at 2023-04-10T20:05:26.340000Z (13/21)
  Loaded 546 traces in 15.64s
  Couldn't find match for STALTA/Initial
  Couldn't find match for PhaseNet/Initial
  Found match for QMigrate/Initial: event at 2023-04-10T20:05:25.535000Z
  Couldn't find match for STALTA/VELEST
  Couldn't find match for PhaseNet/VELEST
  Found match for QMigrate/VELEST: event at 2023-04-10T20:05:25.570000Z
  Couldn't find match for STALTA/hypoinverse
  Couldn't find match for PhaseNet/hypoinverse
  Found match for QMigrate/hypoinverse: event at 2023-04-10T20:05:28.150000Z
  Couldn't find match for STALTA/hypoinverse_corr
  Couldn't find match for PhaseNet/hypoinverse_corr
  Found match for QMigrate/hypoinverse_corr: event at 2023-04-10T20:05:26.460000Z
  Couldn't find match for PhaseNet/hypoDD_dtct
  Found matched events in 0.00s
  Saved plot: record_sections/individual/QMigrate/hypoDD_dtct/18_hypoDD_dtct_QMigrate_20230410_200526.png
  Saved plot: record_sections/individual/QMigrate/Initial/18_Initial_QMigrate_20230410_200526.png
  Saved plot: record_sections/individual/QMigrate/VELEST/18_VELEST_QMigrate_20230410_200526.png
  Saved plot: record_sections/individual/QMigrate/hypoinverse/18_hypoinverse_QMigrate_20230410_200526.png
  Saved plot: record_sections/individual/QMigrate/hypoinverse_corr/18_hypoinverse_corr_QMigrate_20230410_200526.png
  Generated and saved plots in 13.48s
  Total time for this event: 29.54s

Processing reference event ID 19 at 2023-04-10T20:19:46.080000Z (14/21)
  Loaded 546 traces in 15.45s
  Couldn't find match for STALTA/Initial
  Couldn't find match for PhaseNet/Initial
  Found match for QMigrate/Initial: event at 2023-04-10T20:19:45.385000Z
  Couldn't find match for STALTA/VELEST
  Couldn't find match for PhaseNet/VELEST
  Found match for QMigrate/VELEST: event at 2023-04-10T20:19:45.290000Z
  Couldn't find match for STALTA/hypoinverse
  Couldn't find match for PhaseNet/hypoinverse
  Found match for QMigrate/hypoinverse: event at 2023-04-10T20:19:47.340000Z
  Couldn't find match for STALTA/hypoinverse_corr
  Couldn't find match for PhaseNet/hypoinverse_corr
  Found match for QMigrate/hypoinverse_corr: event at 2023-04-10T20:19:46.210000Z
  Couldn't find match for PhaseNet/hypoDD_dtct
  Found matched events in 0.00s
  Saved plot: record_sections/individual/QMigrate/hypoDD_dtct/19_hypoDD_dtct_QMigrate_20230410_201946.png
  Saved plot: record_sections/individual/QMigrate/Initial/19_Initial_QMigrate_20230410_201946.png
  Saved plot: record_sections/individual/QMigrate/VELEST/19_VELEST_QMigrate_20230410_201946.png
  Saved plot: record_sections/individual/QMigrate/hypoinverse/19_hypoinverse_QMigrate_20230410_201946.png
  Saved plot: record_sections/individual/QMigrate/hypoinverse_corr/19_hypoinverse_corr_QMigrate_20230410_201946.png
  Generated and saved plots in 13.74s
  Total time for this event: 29.64s

Processing reference event ID 20 at 2023-04-10T21:00:38.640000Z (15/21)
  Loaded 546 traces in 15.45s
  Couldn't find match for STALTA/Initial
  Couldn't find match for PhaseNet/Initial
  Found match for QMigrate/Initial: event at 2023-04-10T21:00:37.795000Z
  Couldn't find match for STALTA/VELEST
  Couldn't find match for PhaseNet/VELEST
  Couldn't find match for QMigrate/VELEST
  Couldn't find match for STALTA/hypoinverse
  Couldn't find match for PhaseNet/hypoinverse
  Couldn't find match for QMigrate/hypoinverse
  Couldn't find match for STALTA/hypoinverse_corr
  Couldn't find match for PhaseNet/hypoinverse_corr
  Found match for QMigrate/hypoinverse_corr: event at 2023-04-10T21:00:38.510000Z
  Couldn't find match for PhaseNet/hypoDD_dtct
  Found matched events in 0.00s
  Saved plot: record_sections/individual/QMigrate/hypoDD_dtct/20_hypoDD_dtct_QMigrate_20230410_210038.png
  Saved plot: record_sections/individual/QMigrate/Initial/20_Initial_QMigrate_20230410_210038.png
  Saved plot: record_sections/individual/QMigrate/hypoinverse_corr/20_hypoinverse_corr_QMigrate_20230410_210038.png
  Generated and saved plots in 8.59s
  Total time for this event: 24.48s

Processing reference event ID 21 at 2023-04-10T21:45:06.600000Z (16/21)
  Loaded 546 traces in 15.44s
  Couldn't find match for STALTA/Initial
  Couldn't find match for PhaseNet/Initial
  Found match for QMigrate/Initial: event at 2023-04-10T21:45:05.865000Z
  Couldn't find match for STALTA/VELEST
  Found match for PhaseNet/VELEST: event at 2023-04-10T21:45:04.970000Z
  Found match for QMigrate/VELEST: event at 2023-04-10T21:45:05.490000Z
  Couldn't find match for STALTA/hypoinverse
  Couldn't find match for PhaseNet/hypoinverse
  Couldn't find match for QMigrate/hypoinverse
  Couldn't find match for STALTA/hypoinverse_corr
  Found match for PhaseNet/hypoinverse_corr: event at 2023-04-10T21:45:06.660000Z
  Found match for QMigrate/hypoinverse_corr: event at 2023-04-10T21:45:06.640000Z
  Found match for PhaseNet/hypoDD_dtct: event at 2023-04-10T21:45:06.760000Z
  Found matched events in 0.00s
  Saved plot: record_sections/individual/QMigrate/hypoDD_dtct/21_hypoDD_dtct_QMigrate_20230410_214506.png
  Saved plot: record_sections/individual/QMigrate/Initial/21_Initial_QMigrate_20230410_214506.png
  Saved plot: record_sections/individual/PhaseNet/VELEST/21_VELEST_PhaseNet_20230410_214506.png
  Saved plot: record_sections/individual/QMigrate/VELEST/21_VELEST_QMigrate_20230410_214506.png
  Saved plot: record_sections/individual/PhaseNet/hypoinverse_corr/21_hypoinverse_corr_PhaseNet_20230410_214506.png
  Saved plot: record_sections/individual/QMigrate/hypoinverse_corr/21_hypoinverse_corr_QMigrate_20230410_214506.png
  Saved plot: record_sections/individual/PhaseNet/hypoDD_dtct/21_hypoDD_dtct_PhaseNet_20230410_214506.png
  Generated and saved plots in 18.18s
  Total time for this event: 34.07s

Processing reference event ID 22 at 2023-04-10T22:34:49.960000Z (17/21)
  Loaded 546 traces in 15.49s
  Couldn't find match for STALTA/Initial
  Couldn't find match for PhaseNet/Initial
  Found match for QMigrate/Initial: event at 2023-04-10T22:34:49.345000Z
  Couldn't find match for STALTA/VELEST
  Found match for PhaseNet/VELEST: event at 2023-04-10T22:34:49.180000Z
  Found match for QMigrate/VELEST: event at 2023-04-10T22:34:47.500000Z
  Couldn't find match for STALTA/hypoinverse
  Couldn't find match for PhaseNet/hypoinverse
  Found match for QMigrate/hypoinverse: event at 2023-04-10T22:34:51.200000Z
  Couldn't find match for STALTA/hypoinverse_corr
  Found match for PhaseNet/hypoinverse_corr: event at 2023-04-10T22:34:50.040000Z
  Found match for QMigrate/hypoinverse_corr: event at 2023-04-10T22:34:50.030000Z
  Found match for PhaseNet/hypoDD_dtct: event at 2023-04-10T22:34:49.880000Z
  Found matched events in 0.00s
  Saved plot: record_sections/individual/QMigrate/hypoDD_dtct/22_hypoDD_dtct_QMigrate_20230410_223449.png
  Saved plot: record_sections/individual/QMigrate/Initial/22_Initial_QMigrate_20230410_223449.png
  Saved plot: record_sections/individual/PhaseNet/VELEST/22_VELEST_PhaseNet_20230410_223449.png
  Saved plot: record_sections/individual/QMigrate/VELEST/22_VELEST_QMigrate_20230410_223449.png
  Saved plot: record_sections/individual/QMigrate/hypoinverse/22_hypoinverse_QMigrate_20230410_223449.png
  Saved plot: record_sections/individual/PhaseNet/hypoinverse_corr/22_hypoinverse_corr_PhaseNet_20230410_223449.png
  Saved plot: record_sections/individual/QMigrate/hypoinverse_corr/22_hypoinverse_corr_QMigrate_20230410_223449.png
  Saved plot: record_sections/individual/PhaseNet/hypoDD_dtct/22_hypoDD_dtct_PhaseNet_20230410_223449.png
  Generated and saved plots in 22.48s
  Total time for this event: 38.40s

Processing reference event ID 23 at 2023-04-10T23:08:05.940000Z (18/21)
  Loaded 546 traces in 15.51s
  Couldn't find match for STALTA/Initial
  Couldn't find match for PhaseNet/Initial
  Found match for QMigrate/Initial: event at 2023-04-10T23:08:04.975000Z
  Couldn't find match for STALTA/VELEST
  Couldn't find match for PhaseNet/VELEST
  Found match for QMigrate/VELEST: event at 2023-04-10T23:08:06.220000Z
  Couldn't find match for STALTA/hypoinverse
  Couldn't find match for PhaseNet/hypoinverse
  Found match for QMigrate/hypoinverse: event at 2023-04-10T23:08:07.630000Z
  Couldn't find match for STALTA/hypoinverse_corr
  Couldn't find match for PhaseNet/hypoinverse_corr
  Found match for QMigrate/hypoinverse_corr: event at 2023-04-10T23:08:05.620000Z
  Couldn't find match for PhaseNet/hypoDD_dtct
  Found matched events in 0.00s
  Saved plot: record_sections/individual/QMigrate/hypoDD_dtct/23_hypoDD_dtct_QMigrate_20230410_230805.png
  Saved plot: record_sections/individual/QMigrate/Initial/23_Initial_QMigrate_20230410_230805.png
  Saved plot: record_sections/individual/QMigrate/VELEST/23_VELEST_QMigrate_20230410_230805.png
  Saved plot: record_sections/individual/QMigrate/hypoinverse/23_hypoinverse_QMigrate_20230410_230805.png
  Saved plot: record_sections/individual/QMigrate/hypoinverse_corr/23_hypoinverse_corr_QMigrate_20230410_230805.png
  Generated and saved plots in 13.53s
  Total time for this event: 29.48s

Processing reference event ID 24 at 2023-04-10T23:21:47.140000Z (19/21)
  Loaded 546 traces in 15.41s
  Couldn't find match for STALTA/Initial
  Couldn't find match for PhaseNet/Initial
  Found match for QMigrate/Initial: event at 2023-04-10T23:21:46.440000Z
  Couldn't find match for STALTA/VELEST
  Found match for PhaseNet/VELEST: event at 2023-04-10T23:21:46.540000Z
  Found match for QMigrate/VELEST: event at 2023-04-10T23:21:46.640000Z
  Couldn't find match for STALTA/hypoinverse
  Couldn't find match for PhaseNet/hypoinverse
  Found match for QMigrate/hypoinverse: event at 2023-04-10T23:22:11.340000Z
  Couldn't find match for STALTA/hypoinverse_corr
  Found match for PhaseNet/hypoinverse_corr: event at 2023-04-10T23:21:47.250000Z
  Found match for QMigrate/hypoinverse_corr: event at 2023-04-10T23:21:47.280000Z
  Found match for PhaseNet/hypoDD_dtct: event at 2023-04-10T23:21:47.340000Z
  Found matched events in 0.00s
  Saved plot: record_sections/individual/QMigrate/hypoDD_dtct/24_hypoDD_dtct_QMigrate_20230410_232147.png
  Saved plot: record_sections/individual/QMigrate/Initial/24_Initial_QMigrate_20230410_232147.png
  Saved plot: record_sections/individual/PhaseNet/VELEST/24_VELEST_PhaseNet_20230410_232147.png
  Saved plot: record_sections/individual/QMigrate/VELEST/24_VELEST_QMigrate_20230410_232147.png
  Saved plot: record_sections/individual/QMigrate/hypoinverse/24_hypoinverse_QMigrate_20230410_232147.png
  Saved plot: record_sections/individual/PhaseNet/hypoinverse_corr/24_hypoinverse_corr_PhaseNet_20230410_232147.png
  Saved plot: record_sections/individual/QMigrate/hypoinverse_corr/24_hypoinverse_corr_QMigrate_20230410_232147.png
  Saved plot: record_sections/individual/PhaseNet/hypoDD_dtct/24_hypoDD_dtct_PhaseNet_20230410_232147.png
  Generated and saved plots in 19.32s
  Total time for this event: 35.16s

Processing reference event ID 25 at 2023-04-10T23:22:10.040000Z (20/21)
  Loaded 546 traces in 15.37s
  Couldn't find match for STALTA/Initial
  Couldn't find match for PhaseNet/Initial
  Found match for QMigrate/Initial: event at 2023-04-10T23:22:09.530000Z
  Couldn't find match for STALTA/VELEST
  Found match for PhaseNet/VELEST: event at 2023-04-10T23:21:46.540000Z
  Found match for QMigrate/VELEST: event at 2023-04-10T23:22:09.570000Z
  Couldn't find match for STALTA/hypoinverse
  Found match for PhaseNet/hypoinverse: event at 2023-04-10T23:22:11.270000Z
  Found match for QMigrate/hypoinverse: event at 2023-04-10T23:22:11.340000Z
  Couldn't find match for STALTA/hypoinverse_corr
  Found match for PhaseNet/hypoinverse_corr: event at 2023-04-10T23:22:10.190000Z
  Found match for QMigrate/hypoinverse_corr: event at 2023-04-10T23:22:10.040000Z
  Found match for PhaseNet/hypoDD_dtct: event at 2023-04-10T23:22:10.080000Z
  Found matched events in 0.00s
  Saved plot: record_sections/individual/QMigrate/hypoDD_dtct/25_hypoDD_dtct_QMigrate_20230410_232210.png
  Saved plot: record_sections/individual/QMigrate/Initial/25_Initial_QMigrate_20230410_232210.png
  Saved plot: record_sections/individual/PhaseNet/VELEST/25_VELEST_PhaseNet_20230410_232210.png
  Saved plot: record_sections/individual/QMigrate/VELEST/25_VELEST_QMigrate_20230410_232210.png
  Saved plot: record_sections/individual/PhaseNet/hypoinverse/25_hypoinverse_PhaseNet_20230410_232210.png
  Saved plot: record_sections/individual/QMigrate/hypoinverse/25_hypoinverse_QMigrate_20230410_232210.png
  Saved plot: record_sections/individual/PhaseNet/hypoinverse_corr/25_hypoinverse_corr_PhaseNet_20230410_232210.png
  Saved plot: record_sections/individual/QMigrate/hypoinverse_corr/25_hypoinverse_corr_QMigrate_20230410_232210.png
  Saved plot: record_sections/individual/PhaseNet/hypoDD_dtct/25_hypoDD_dtct_PhaseNet_20230410_232210.png
  Generated and saved plots in 22.02s
  Total time for this event: 37.83s

Processing reference event ID 26 at 2023-04-10T23:23:29.480000Z (21/21)
  Loaded 546 traces in 15.41s
  Couldn't find match for STALTA/Initial
  Couldn't find match for PhaseNet/Initial
  Found match for QMigrate/Initial: event at 2023-04-10T23:23:28.575000Z
  Couldn't find match for STALTA/VELEST
  Found match for PhaseNet/VELEST: event at 2023-04-10T23:23:27.210000Z
  Found match for QMigrate/VELEST: event at 2023-04-10T23:23:29.480000Z
  Couldn't find match for STALTA/hypoinverse
  Found match for PhaseNet/hypoinverse: event at 2023-04-10T23:22:11.270000Z
  Found match for QMigrate/hypoinverse: event at 2023-04-10T23:22:11.340000Z
  Couldn't find match for STALTA/hypoinverse_corr
  Found match for PhaseNet/hypoinverse_corr: event at 2023-04-10T23:23:29.480000Z
  Found match for QMigrate/hypoinverse_corr: event at 2023-04-10T23:23:29.020000Z
  Found match for PhaseNet/hypoDD_dtct: event at 2023-04-10T23:23:29.640000Z
  Found matched events in 0.00s
  Saved plot: record_sections/individual/QMigrate/hypoDD_dtct/26_hypoDD_dtct_QMigrate_20230410_232329.png
  Saved plot: record_sections/individual/QMigrate/Initial/26_Initial_QMigrate_20230410_232329.png
  Saved plot: record_sections/individual/PhaseNet/VELEST/26_VELEST_PhaseNet_20230410_232329.png
  Saved plot: record_sections/individual/QMigrate/VELEST/26_VELEST_QMigrate_20230410_232329.png
  --> Could not plot record section for PhaseNet/hypoinverse: No suitable waveform data found.
  --> Could not plot record section for QMigrate/hypoinverse: No suitable waveform data found.
  Saved plot: record_sections/individual/PhaseNet/hypoinverse_corr/26_hypoinverse_corr_PhaseNet_20230410_232329.png
  Saved plot: record_sections/individual/QMigrate/hypoinverse_corr/26_hypoinverse_corr_QMigrate_20230410_232329.png
  Saved plot: record_sections/individual/PhaseNet/hypoDD_dtct/26_hypoDD_dtct_PhaseNet_20230410_232329.png
  Generated and saved plots in 19.57s
  Total time for this event: 35.41s

Total script execution time: 696.71s
  Running plot_mode: picker_stages for picker: STALTA
Loaded station data in 0.00s
Using STALTA/hypoDD_dtct as reference catalog for picker_stages mode.
Loaded reference catalog (0 events from STALTA/hypoDD_dtct) in 0.00s
No events found in the reference catalog (STALTA/hypoDD_dtct).
  Running plot_mode: picker_stages for picker: PhaseNet
Loaded station data in 0.00s
Using PhaseNet/hypoDD_dtct as reference catalog for picker_stages mode.
Loaded reference catalog (14 events from PhaseNet/hypoDD_dtct) in 0.00s
Initial/STALTA: has 14
Initial/PhaseNet: has 14
Initial/QMigrate: has 41
VELEST/STALTA: has 1
VELEST/PhaseNet: has 12
VELEST/QMigrate: has 30
hypoinverse/STALTA: has 6
hypoinverse/PhaseNet: has 11
hypoinverse/QMigrate: has 16
hypoinverse_corr/STALTA: has 3
hypoinverse_corr/PhaseNet: has 14
hypoinverse_corr/QMigrate: has 26
hypoDD_dtct/STALTA: has 0
hypoDD_dtct/PhaseNet: has 14
hypoDD_dtct/QMigrate: has 21
Loaded all other catalogs in 0.04s

Processing reference event ID 1 at 2023-04-10T05:15:36.130000Z (1/14)
  Loaded 429 traces in 15.84s
  Found match for STALTA/Initial: event at 2023-04-10T05:15:35.934000Z
  Found match for PhaseNet/Initial: event at 2023-04-10T05:15:35.934000Z
  Found match for QMigrate/Initial: event at 2023-04-10T05:15:35.525000Z
  Couldn't find match for STALTA/VELEST
  Found match for PhaseNet/VELEST: event at 2023-04-10T05:15:35.390000Z
  Found match for QMigrate/VELEST: event at 2023-04-10T05:15:35.890000Z
  Couldn't find match for STALTA/hypoinverse
  Found match for PhaseNet/hypoinverse: event at 2023-04-10T05:15:37.720000Z
  Found match for QMigrate/hypoinverse: event at 2023-04-10T05:15:37.350000Z
  Couldn't find match for STALTA/hypoinverse_corr
  Found match for PhaseNet/hypoinverse_corr: event at 2023-04-10T05:15:36.170000Z
  Found match for QMigrate/hypoinverse_corr: event at 2023-04-10T05:15:36.160000Z
  Found match for QMigrate/hypoDD_dtct: event at 2023-04-10T05:15:35.990000Z
  Found matched events in 0.00s
  Saved plot: record_sections/picker_stages/PhaseNet/1_PhaseNet_20230410_051536.png
  Generated and saved plots in 8.70s
  Total time for this event: 25.37s

Processing reference event ID 2 at 2023-04-10T11:32:19.050000Z (2/14)
  Loaded 546 traces in 15.54s
  Couldn't find match for STALTA/Initial
  Couldn't find match for PhaseNet/Initial
  Found match for QMigrate/Initial: event at 2023-04-10T11:32:18.215000Z
  Found match for STALTA/VELEST: event at 2023-04-10T11:32:18.360000Z
  Found match for PhaseNet/VELEST: event at 2023-04-10T11:32:18.410000Z
  Found match for QMigrate/VELEST: event at 2023-04-10T11:32:18.290000Z
  Found match for STALTA/hypoinverse: event at 2023-04-10T11:32:21.510000Z
  Found match for PhaseNet/hypoinverse: event at 2023-04-10T11:32:20.440000Z
  Found match for QMigrate/hypoinverse: event at 2023-04-10T11:32:20.290000Z
  Couldn't find match for STALTA/hypoinverse_corr
  Found match for PhaseNet/hypoinverse_corr: event at 2023-04-10T11:32:19.080000Z
  Found match for QMigrate/hypoinverse_corr: event at 2023-04-10T11:32:19.100000Z
  Found match for QMigrate/hypoDD_dtct: event at 2023-04-10T11:32:18.900000Z
  Found matched events in 0.00s
  Saved plot: record_sections/picker_stages/PhaseNet/2_PhaseNet_20230410_113219.png
  Generated and saved plots in 7.53s
  Total time for this event: 23.52s

Processing reference event ID 3 at 2023-04-10T16:53:34.690000Z (3/14)
  Loaded 546 traces in 15.59s
  Couldn't find match for STALTA/Initial
  Couldn't find match for PhaseNet/Initial
  Found match for QMigrate/Initial: event at 2023-04-10T16:53:33.790000Z
  Couldn't find match for STALTA/VELEST
  Found match for PhaseNet/VELEST: event at 2023-04-10T16:53:34.560000Z
  Found match for QMigrate/VELEST: event at 2023-04-10T16:53:34.500000Z
  Found match for STALTA/hypoinverse: event at 2023-04-10T16:53:37.260000Z
  Found match for PhaseNet/hypoinverse: event at 2023-04-10T16:53:35.890000Z
  Found match for QMigrate/hypoinverse: event at 2023-04-10T16:53:35.760000Z
  Found match for STALTA/hypoinverse_corr: event at 2023-04-10T16:53:35.870000Z
  Found match for PhaseNet/hypoinverse_corr: event at 2023-04-10T16:53:34.680000Z
  Found match for QMigrate/hypoinverse_corr: event at 2023-04-10T16:53:34.560000Z
  Found match for QMigrate/hypoDD_dtct: event at 2023-04-10T16:53:34.520000Z
  Found matched events in 0.00s
  Saved plot: record_sections/picker_stages/PhaseNet/3_PhaseNet_20230410_165334.png
  Generated and saved plots in 8.51s
  Total time for this event: 24.54s

Processing reference event ID 4 at 2023-04-10T17:27:54.740000Z (4/14)
  Loaded 546 traces in 15.50s
  Couldn't find match for STALTA/Initial
  Couldn't find match for PhaseNet/Initial
  Found match for QMigrate/Initial: event at 2023-04-10T17:27:54.080000Z
  Couldn't find match for STALTA/VELEST
  Found match for PhaseNet/VELEST: event at 2023-04-10T17:27:53.310000Z
  Found match for QMigrate/VELEST: event at 2023-04-10T17:27:53.800000Z
  Couldn't find match for STALTA/hypoinverse
  Found match for PhaseNet/hypoinverse: event at 2023-04-10T17:27:56.100000Z
  Found match for QMigrate/hypoinverse: event at 2023-04-10T17:27:55.910000Z
  Couldn't find match for STALTA/hypoinverse_corr
  Found match for PhaseNet/hypoinverse_corr: event at 2023-04-10T17:27:54.720000Z
  Found match for QMigrate/hypoinverse_corr: event at 2023-04-10T17:27:55.060000Z
  Found match for QMigrate/hypoDD_dtct: event at 2023-04-10T17:27:54.720000Z
  Found matched events in 0.00s
  Saved plot: record_sections/picker_stages/PhaseNet/4_PhaseNet_20230410_172754.png
  Generated and saved plots in 8.60s
  Total time for this event: 24.55s

Processing reference event ID 5 at 2023-04-10T18:30:16.380000Z (5/14)
  Loaded 546 traces in 15.41s
  Couldn't find match for STALTA/Initial
  Couldn't find match for PhaseNet/Initial
  Found match for QMigrate/Initial: event at 2023-04-10T18:30:15.485000Z
  Couldn't find match for STALTA/VELEST
  Couldn't find match for PhaseNet/VELEST
  Found match for QMigrate/VELEST: event at 2023-04-10T18:30:16.060000Z
  Couldn't find match for STALTA/hypoinverse
  Couldn't find match for PhaseNet/hypoinverse
  Found match for QMigrate/hypoinverse: event at 2023-04-10T18:30:17.850000Z
  Couldn't find match for STALTA/hypoinverse_corr
  Found match for PhaseNet/hypoinverse_corr: event at 2023-04-10T18:30:16.440000Z
  Found match for QMigrate/hypoinverse_corr: event at 2023-04-10T18:30:16.150000Z
  Found match for QMigrate/hypoDD_dtct: event at 2023-04-10T18:30:16.280000Z
  Found matched events in 0.00s
  Saved plot: record_sections/picker_stages/PhaseNet/5_PhaseNet_20230410_183016.png
  Generated and saved plots in 4.23s
  Total time for this event: 20.08s

Processing reference event ID 6 at 2023-04-10T19:33:16.880000Z (6/14)
  Loaded 546 traces in 15.42s
  Found match for STALTA/Initial: event at 2023-04-10T19:33:16.636000Z
  Found match for PhaseNet/Initial: event at 2023-04-10T19:33:16.636000Z
  Found match for QMigrate/Initial: event at 2023-04-10T19:33:16.060000Z
  Couldn't find match for STALTA/VELEST
  Found match for PhaseNet/VELEST: event at 2023-04-10T19:33:16.180000Z
  Found match for QMigrate/VELEST: event at 2023-04-10T19:33:13.800000Z
  Couldn't find match for STALTA/hypoinverse
  Found match for PhaseNet/hypoinverse: event at 2023-04-10T19:33:17.760000Z
  Found match for QMigrate/hypoinverse: event at 2023-04-10T19:33:17.650000Z
  Couldn't find match for STALTA/hypoinverse_corr
  Found match for PhaseNet/hypoinverse_corr: event at 2023-04-10T19:33:16.720000Z
  Found match for QMigrate/hypoinverse_corr: event at 2023-04-10T19:33:16.700000Z
  Couldn't find match for QMigrate/hypoDD_dtct
  Found matched events in 0.00s
  Saved plot: record_sections/picker_stages/PhaseNet/6_PhaseNet_20230410_193316.png
  Generated and saved plots in 11.12s
  Total time for this event: 26.98s

Processing reference event ID 7 at 2023-04-10T19:50:38.580000Z (7/14)
  Loaded 546 traces in 15.46s
  Couldn't find match for STALTA/Initial
  Couldn't find match for PhaseNet/Initial
  Found match for QMigrate/Initial: event at 2023-04-10T19:50:38.000000Z
  Couldn't find match for STALTA/VELEST
  Found match for PhaseNet/VELEST: event at 2023-04-10T19:50:38.700000Z
  Found match for QMigrate/VELEST: event at 2023-04-10T19:50:38.200000Z
  Couldn't find match for STALTA/hypoinverse
  Found match for PhaseNet/hypoinverse: event at 2023-04-10T19:50:39.930000Z
  Found match for QMigrate/hypoinverse: event at 2023-04-10T19:50:39.890000Z
  Couldn't find match for STALTA/hypoinverse_corr
  Found match for PhaseNet/hypoinverse_corr: event at 2023-04-10T19:50:38.590000Z
  Found match for QMigrate/hypoinverse_corr: event at 2023-04-10T19:50:38.670000Z
  Found match for QMigrate/hypoDD_dtct: event at 2023-04-10T19:50:38.440000Z
  Found matched events in 0.00s
  Saved plot: record_sections/picker_stages/PhaseNet/7_PhaseNet_20230410_195038.png
  Generated and saved plots in 8.98s
  Total time for this event: 24.87s

Processing reference event ID 8 at 2023-04-10T21:45:06.760000Z (8/14)
  Loaded 546 traces in 15.46s
  Couldn't find match for STALTA/Initial
  Couldn't find match for PhaseNet/Initial
  Found match for QMigrate/Initial: event at 2023-04-10T21:45:05.865000Z
  Couldn't find match for STALTA/VELEST
  Found match for PhaseNet/VELEST: event at 2023-04-10T21:45:04.970000Z
  Found match for QMigrate/VELEST: event at 2023-04-10T21:45:05.490000Z
  Couldn't find match for STALTA/hypoinverse
  Couldn't find match for PhaseNet/hypoinverse
  Couldn't find match for QMigrate/hypoinverse
  Couldn't find match for STALTA/hypoinverse_corr
  Found match for PhaseNet/hypoinverse_corr: event at 2023-04-10T21:45:06.660000Z
  Found match for QMigrate/hypoinverse_corr: event at 2023-04-10T21:45:06.640000Z
  Found match for QMigrate/hypoDD_dtct: event at 2023-04-10T21:45:06.600000Z
  Found matched events in 0.00s
  Saved plot: record_sections/picker_stages/PhaseNet/8_PhaseNet_20230410_214506.png
  Generated and saved plots in 6.45s
  Total time for this event: 22.35s

Processing reference event ID 9 at 2023-04-10T22:06:43.800000Z (9/14)
  Loaded 546 traces in 15.55s
  Found match for STALTA/Initial: event at 2023-04-10T22:06:43.851000Z
  Found match for PhaseNet/Initial: event at 2023-04-10T22:06:43.851000Z
  Found match for QMigrate/Initial: event at 2023-04-10T22:06:43.205000Z
  Couldn't find match for STALTA/VELEST
  Found match for PhaseNet/VELEST: event at 2023-04-10T22:06:42.890000Z
  Found match for QMigrate/VELEST: event at 2023-04-10T22:06:42.670000Z
  Couldn't find match for STALTA/hypoinverse
  Found match for PhaseNet/hypoinverse: event at 2023-04-10T22:06:45.540000Z
  Couldn't find match for QMigrate/hypoinverse
  Couldn't find match for STALTA/hypoinverse_corr
  Found match for PhaseNet/hypoinverse_corr: event at 2023-04-10T22:06:43.790000Z
  Couldn't find match for QMigrate/hypoinverse_corr
  Couldn't find match for QMigrate/hypoDD_dtct
  Found matched events in 0.00s
  Saved plot: record_sections/picker_stages/PhaseNet/9_PhaseNet_20230410_220643.png
  Generated and saved plots in 11.43s
  Total time for this event: 27.42s

Processing reference event ID 10 at 2023-04-10T22:16:07.980000Z (10/14)
  Loaded 546 traces in 15.44s
  Found match for STALTA/Initial: event at 2023-04-10T22:16:08.132000Z
  Found match for PhaseNet/Initial: event at 2023-04-10T22:16:08.132000Z
  Found match for QMigrate/Initial: event at 2023-04-10T22:16:07.475000Z
  Couldn't find match for STALTA/VELEST
  Found match for PhaseNet/VELEST: event at 2023-04-10T22:16:07.420000Z
  Found match for QMigrate/VELEST: event at 2023-04-10T22:16:07.290000Z
  Couldn't find match for STALTA/hypoinverse
  Couldn't find match for PhaseNet/hypoinverse
  Couldn't find match for QMigrate/hypoinverse
  Couldn't find match for STALTA/hypoinverse_corr
  Found match for PhaseNet/hypoinverse_corr: event at 2023-04-10T22:16:08.250000Z
  Couldn't find match for QMigrate/hypoinverse_corr
  Couldn't find match for QMigrate/hypoDD_dtct
  Found matched events in 0.00s
  Saved plot: record_sections/picker_stages/PhaseNet/10_PhaseNet_20230410_221607.png
  Generated and saved plots in 9.47s
  Total time for this event: 25.35s

Processing reference event ID 11 at 2023-04-10T22:34:49.880000Z (11/14)
  Loaded 546 traces in 15.41s
  Couldn't find match for STALTA/Initial
  Couldn't find match for PhaseNet/Initial
  Found match for QMigrate/Initial: event at 2023-04-10T22:34:49.345000Z
  Couldn't find match for STALTA/VELEST
  Found match for PhaseNet/VELEST: event at 2023-04-10T22:34:49.180000Z
  Found match for QMigrate/VELEST: event at 2023-04-10T22:34:47.500000Z
  Couldn't find match for STALTA/hypoinverse
  Couldn't find match for PhaseNet/hypoinverse
  Found match for QMigrate/hypoinverse: event at 2023-04-10T22:34:51.200000Z
  Couldn't find match for STALTA/hypoinverse_corr
  Found match for PhaseNet/hypoinverse_corr: event at 2023-04-10T22:34:50.040000Z
  Found match for QMigrate/hypoinverse_corr: event at 2023-04-10T22:34:50.030000Z
  Found match for QMigrate/hypoDD_dtct: event at 2023-04-10T22:34:49.960000Z
  Found matched events in 0.00s
  Saved plot: record_sections/picker_stages/PhaseNet/11_PhaseNet_20230410_223449.png
  Generated and saved plots in 6.93s
  Total time for this event: 22.78s

Processing reference event ID 12 at 2023-04-10T23:21:47.340000Z (12/14)
  Loaded 546 traces in 15.40s
  Couldn't find match for STALTA/Initial
  Couldn't find match for PhaseNet/Initial
  Found match for QMigrate/Initial: event at 2023-04-10T23:21:46.440000Z
  Couldn't find match for STALTA/VELEST
  Found match for PhaseNet/VELEST: event at 2023-04-10T23:21:46.540000Z
  Found match for QMigrate/VELEST: event at 2023-04-10T23:21:46.640000Z
  Couldn't find match for STALTA/hypoinverse
  Found match for PhaseNet/hypoinverse: event at 2023-04-10T23:22:11.270000Z
  Found match for QMigrate/hypoinverse: event at 2023-04-10T23:22:11.340000Z
  Couldn't find match for STALTA/hypoinverse_corr
  Found match for PhaseNet/hypoinverse_corr: event at 2023-04-10T23:21:47.250000Z
  Found match for QMigrate/hypoinverse_corr: event at 2023-04-10T23:21:47.280000Z
  Found match for QMigrate/hypoDD_dtct: event at 2023-04-10T23:21:47.140000Z
  Found matched events in 0.00s
  Saved plot: record_sections/picker_stages/PhaseNet/12_PhaseNet_20230410_232147.png
  Generated and saved plots in 7.68s
  Total time for this event: 23.51s

Processing reference event ID 13 at 2023-04-10T23:22:10.080000Z (13/14)
  Loaded 546 traces in 15.40s
  Couldn't find match for STALTA/Initial
  Couldn't find match for PhaseNet/Initial
  Found match for QMigrate/Initial: event at 2023-04-10T23:22:09.530000Z
  Couldn't find match for STALTA/VELEST
  Found match for PhaseNet/VELEST: event at 2023-04-10T23:21:46.540000Z
  Found match for QMigrate/VELEST: event at 2023-04-10T23:22:09.570000Z
  Couldn't find match for STALTA/hypoinverse
  Found match for PhaseNet/hypoinverse: event at 2023-04-10T23:22:11.270000Z
  Found match for QMigrate/hypoinverse: event at 2023-04-10T23:22:11.340000Z
  Couldn't find match for STALTA/hypoinverse_corr
  Found match for PhaseNet/hypoinverse_corr: event at 2023-04-10T23:22:10.190000Z
  Found match for QMigrate/hypoinverse_corr: event at 2023-04-10T23:22:10.040000Z
  Found match for QMigrate/hypoDD_dtct: event at 2023-04-10T23:22:10.040000Z
  Found matched events in 0.00s
  Saved plot: record_sections/picker_stages/PhaseNet/13_PhaseNet_20230410_232210.png
  Generated and saved plots in 8.34s
  Total time for this event: 24.18s

Processing reference event ID 14 at 2023-04-10T23:23:29.640000Z (14/14)
  Loaded 546 traces in 15.38s
  Couldn't find match for STALTA/Initial
  Couldn't find match for PhaseNet/Initial
  Found match for QMigrate/Initial: event at 2023-04-10T23:23:28.575000Z
  Couldn't find match for STALTA/VELEST
  Found match for PhaseNet/VELEST: event at 2023-04-10T23:23:27.210000Z
  Found match for QMigrate/VELEST: event at 2023-04-10T23:23:29.480000Z
  Couldn't find match for STALTA/hypoinverse
  Found match for PhaseNet/hypoinverse: event at 2023-04-10T23:22:11.270000Z
  Found match for QMigrate/hypoinverse: event at 2023-04-10T23:22:11.340000Z
  Couldn't find match for STALTA/hypoinverse_corr
  Found match for PhaseNet/hypoinverse_corr: event at 2023-04-10T23:23:29.480000Z
  Found match for QMigrate/hypoinverse_corr: event at 2023-04-10T23:23:29.020000Z
  Found match for QMigrate/hypoDD_dtct: event at 2023-04-10T23:23:29.480000Z
  Found matched events in 0.00s
  Saved plot: record_sections/picker_stages/PhaseNet/14_PhaseNet_20230410_232329.png
  Generated and saved plots in 7.69s
  Total time for this event: 23.50s

Total script execution time: 339.02s
  Running plot_mode: picker_stages for picker: QMigrate
Loaded station data in 0.00s
Using QMigrate/hypoDD_dtct as reference catalog for picker_stages mode.
Loaded reference catalog (21 events from QMigrate/hypoDD_dtct) in 0.00s
Initial/STALTA: has 14
Initial/PhaseNet: has 14
Initial/QMigrate: has 41
VELEST/STALTA: has 1
VELEST/PhaseNet: has 12
VELEST/QMigrate: has 30
hypoinverse/STALTA: has 6
hypoinverse/PhaseNet: has 11
hypoinverse/QMigrate: has 16
hypoinverse_corr/STALTA: has 3
hypoinverse_corr/PhaseNet: has 14
hypoinverse_corr/QMigrate: has 26
hypoDD_dtct/STALTA: has 0
hypoDD_dtct/PhaseNet: has 14
hypoDD_dtct/QMigrate: has 21
Loaded all other catalogs in 0.04s

Processing reference event ID 3 at 2023-04-10T05:15:35.990000Z (1/21)
  Loaded 429 traces in 15.78s
  Found match for STALTA/Initial: event at 2023-04-10T05:15:35.934000Z
  Found match for PhaseNet/Initial: event at 2023-04-10T05:15:35.934000Z
  Found match for QMigrate/Initial: event at 2023-04-10T05:15:35.525000Z
  Couldn't find match for STALTA/VELEST
  Found match for PhaseNet/VELEST: event at 2023-04-10T05:15:35.390000Z
  Found match for QMigrate/VELEST: event at 2023-04-10T05:15:35.890000Z
  Couldn't find match for STALTA/hypoinverse
  Found match for PhaseNet/hypoinverse: event at 2023-04-10T05:15:37.720000Z
  Found match for QMigrate/hypoinverse: event at 2023-04-10T05:15:37.350000Z
  Couldn't find match for STALTA/hypoinverse_corr
  Found match for PhaseNet/hypoinverse_corr: event at 2023-04-10T05:15:36.170000Z
  Found match for QMigrate/hypoinverse_corr: event at 2023-04-10T05:15:36.160000Z
  Found match for PhaseNet/hypoDD_dtct: event at 2023-04-10T05:15:36.130000Z
  Found matched events in 0.00s
  Saved plot: record_sections/picker_stages/QMigrate/3_QMigrate_20230410_051535.png
  Generated and saved plots in 8.71s
  Total time for this event: 25.41s

Processing reference event ID 4 at 2023-04-10T11:32:18.900000Z (2/21)
  Loaded 546 traces in 15.49s
  Couldn't find match for STALTA/Initial
  Couldn't find match for PhaseNet/Initial
  Found match for QMigrate/Initial: event at 2023-04-10T11:32:18.215000Z
  Found match for STALTA/VELEST: event at 2023-04-10T11:32:18.360000Z
  Found match for PhaseNet/VELEST: event at 2023-04-10T11:32:18.410000Z
  Found match for QMigrate/VELEST: event at 2023-04-10T11:32:18.290000Z
  Found match for STALTA/hypoinverse: event at 2023-04-10T11:32:21.510000Z
  Found match for PhaseNet/hypoinverse: event at 2023-04-10T11:32:20.440000Z
  Found match for QMigrate/hypoinverse: event at 2023-04-10T11:32:20.290000Z
  Couldn't find match for STALTA/hypoinverse_corr
  Found match for PhaseNet/hypoinverse_corr: event at 2023-04-10T11:32:19.080000Z
  Found match for QMigrate/hypoinverse_corr: event at 2023-04-10T11:32:19.100000Z
  Found match for PhaseNet/hypoDD_dtct: event at 2023-04-10T11:32:19.050000Z
  Found matched events in 0.00s
  Saved plot: record_sections/picker_stages/QMigrate/4_QMigrate_20230410_113218.png
  Generated and saved plots in 9.54s
  Total time for this event: 25.48s

Processing reference event ID 5 at 2023-04-10T12:18:12.970000Z (3/21)
  Loaded 546 traces in 15.42s
  Couldn't find match for STALTA/Initial
  Couldn't find match for PhaseNet/Initial
  Found match for QMigrate/Initial: event at 2023-04-10T12:18:11.790000Z
  Couldn't find match for STALTA/VELEST
  Couldn't find match for PhaseNet/VELEST
  Found match for QMigrate/VELEST: event at 2023-04-10T12:18:12.410000Z
  Couldn't find match for STALTA/hypoinverse
  Couldn't find match for PhaseNet/hypoinverse
  Found match for QMigrate/hypoinverse: event at 2023-04-10T12:18:13.800000Z
  Couldn't find match for STALTA/hypoinverse_corr
  Couldn't find match for PhaseNet/hypoinverse_corr
  Found match for QMigrate/hypoinverse_corr: event at 2023-04-10T12:18:13.220000Z
  Couldn't find match for PhaseNet/hypoDD_dtct
  Found matched events in 0.00s
  Saved plot: record_sections/picker_stages/QMigrate/5_QMigrate_20230410_121812.png
  Generated and saved plots in 10.66s
  Total time for this event: 26.53s

Processing reference event ID 7 at 2023-04-10T14:12:30.350000Z (4/21)
  Loaded 546 traces in 15.37s
  Couldn't find match for STALTA/Initial
  Couldn't find match for PhaseNet/Initial
  Found match for QMigrate/Initial: event at 2023-04-10T14:12:29.615000Z
  Couldn't find match for STALTA/VELEST
  Couldn't find match for PhaseNet/VELEST
  Found match for QMigrate/VELEST: event at 2023-04-10T14:12:29.600000Z
  Couldn't find match for STALTA/hypoinverse
  Couldn't find match for PhaseNet/hypoinverse
  Couldn't find match for QMigrate/hypoinverse
  Couldn't find match for STALTA/hypoinverse_corr
  Couldn't find match for PhaseNet/hypoinverse_corr
  Found match for QMigrate/hypoinverse_corr: event at 2023-04-10T14:12:30.400000Z
  Couldn't find match for PhaseNet/hypoDD_dtct
  Found matched events in 0.00s
  Saved plot: record_sections/picker_stages/QMigrate/7_QMigrate_20230410_141230.png
  Generated and saved plots in 8.72s
  Total time for this event: 24.53s

Processing reference event ID 8 at 2023-04-10T15:38:41.120000Z (5/21)
  Loaded 546 traces in 15.38s
  Couldn't find match for STALTA/Initial
  Couldn't find match for PhaseNet/Initial
  Found match for QMigrate/Initial: event at 2023-04-10T15:38:40.540000Z
  Couldn't find match for STALTA/VELEST
  Couldn't find match for PhaseNet/VELEST
  Found match for QMigrate/VELEST: event at 2023-04-10T15:38:39.950000Z
  Couldn't find match for STALTA/hypoinverse
  Couldn't find match for PhaseNet/hypoinverse
  Couldn't find match for QMigrate/hypoinverse
  Couldn't find match for STALTA/hypoinverse_corr
  Couldn't find match for PhaseNet/hypoinverse_corr
  Found match for QMigrate/hypoinverse_corr: event at 2023-04-10T15:38:40.770000Z
  Couldn't find match for PhaseNet/hypoDD_dtct
  Found matched events in 0.00s
  Saved plot: record_sections/picker_stages/QMigrate/8_QMigrate_20230410_153841.png
  Generated and saved plots in 9.32s
  Total time for this event: 25.15s

Processing reference event ID 9 at 2023-04-10T16:53:34.520000Z (6/21)
  Loaded 546 traces in 15.39s
  Couldn't find match for STALTA/Initial
  Couldn't find match for PhaseNet/Initial
  Found match for QMigrate/Initial: event at 2023-04-10T16:53:33.790000Z
  Couldn't find match for STALTA/VELEST
  Found match for PhaseNet/VELEST: event at 2023-04-10T16:53:34.560000Z
  Found match for QMigrate/VELEST: event at 2023-04-10T16:53:34.500000Z
  Found match for STALTA/hypoinverse: event at 2023-04-10T16:53:37.260000Z
  Found match for PhaseNet/hypoinverse: event at 2023-04-10T16:53:35.890000Z
  Found match for QMigrate/hypoinverse: event at 2023-04-10T16:53:35.760000Z
  Found match for STALTA/hypoinverse_corr: event at 2023-04-10T16:53:35.870000Z
  Found match for PhaseNet/hypoinverse_corr: event at 2023-04-10T16:53:34.680000Z
  Found match for QMigrate/hypoinverse_corr: event at 2023-04-10T16:53:34.560000Z
  Found match for PhaseNet/hypoDD_dtct: event at 2023-04-10T16:53:34.690000Z
  Found matched events in 0.00s
  Saved plot: record_sections/picker_stages/QMigrate/9_QMigrate_20230410_165334.png
  Generated and saved plots in 10.61s
  Total time for this event: 26.44s

Processing reference event ID 10 at 2023-04-10T17:27:54.720000Z (7/21)
  Loaded 546 traces in 15.44s
  Couldn't find match for STALTA/Initial
  Couldn't find match for PhaseNet/Initial
  Found match for QMigrate/Initial: event at 2023-04-10T17:27:54.080000Z
  Couldn't find match for STALTA/VELEST
  Found match for PhaseNet/VELEST: event at 2023-04-10T17:27:53.310000Z
  Found match for QMigrate/VELEST: event at 2023-04-10T17:27:53.800000Z
  Couldn't find match for STALTA/hypoinverse
  Found match for PhaseNet/hypoinverse: event at 2023-04-10T17:27:56.100000Z
  Found match for QMigrate/hypoinverse: event at 2023-04-10T17:27:55.910000Z
  Couldn't find match for STALTA/hypoinverse_corr
  Found match for PhaseNet/hypoinverse_corr: event at 2023-04-10T17:27:54.720000Z
  Found match for QMigrate/hypoinverse_corr: event at 2023-04-10T17:27:55.060000Z
  Found match for PhaseNet/hypoDD_dtct: event at 2023-04-10T17:27:54.740000Z
  Found matched events in 0.00s
  Saved plot: record_sections/picker_stages/QMigrate/10_QMigrate_20230410_172754.png
  Generated and saved plots in 10.99s
  Total time for this event: 26.87s

Processing reference event ID 12 at 2023-04-10T18:30:16.280000Z (8/21)
  Loaded 546 traces in 15.41s
  Couldn't find match for STALTA/Initial
  Couldn't find match for PhaseNet/Initial
  Found match for QMigrate/Initial: event at 2023-04-10T18:30:15.485000Z
  Couldn't find match for STALTA/VELEST
  Couldn't find match for PhaseNet/VELEST
  Found match for QMigrate/VELEST: event at 2023-04-10T18:30:16.060000Z
  Couldn't find match for STALTA/hypoinverse
  Couldn't find match for PhaseNet/hypoinverse
  Found match for QMigrate/hypoinverse: event at 2023-04-10T18:30:17.850000Z
  Couldn't find match for STALTA/hypoinverse_corr
  Found match for PhaseNet/hypoinverse_corr: event at 2023-04-10T18:30:16.440000Z
  Found match for QMigrate/hypoinverse_corr: event at 2023-04-10T18:30:16.150000Z
  Found match for PhaseNet/hypoDD_dtct: event at 2023-04-10T18:30:16.380000Z
  Found matched events in 0.00s
  Saved plot: record_sections/picker_stages/QMigrate/12_QMigrate_20230410_183016.png
  Generated and saved plots in 10.49s
  Total time for this event: 26.34s

Processing reference event ID 13 at 2023-04-10T18:38:03.400000Z (9/21)
  Loaded 546 traces in 15.41s
  Couldn't find match for STALTA/Initial
  Couldn't find match for PhaseNet/Initial
  Found match for QMigrate/Initial: event at 2023-04-10T18:38:02.265000Z
  Couldn't find match for STALTA/VELEST
  Couldn't find match for PhaseNet/VELEST
  Found match for QMigrate/VELEST: event at 2023-04-10T18:38:04.440000Z
  Couldn't find match for STALTA/hypoinverse
  Couldn't find match for PhaseNet/hypoinverse
  Couldn't find match for QMigrate/hypoinverse
  Couldn't find match for STALTA/hypoinverse_corr
  Couldn't find match for PhaseNet/hypoinverse_corr
  Found match for QMigrate/hypoinverse_corr: event at 2023-04-10T18:38:03.510000Z
  Couldn't find match for PhaseNet/hypoDD_dtct
  Found matched events in 0.00s
  Saved plot: record_sections/picker_stages/QMigrate/13_QMigrate_20230410_183803.png
  Generated and saved plots in 9.45s
  Total time for this event: 25.30s

Processing reference event ID 14 at 2023-04-10T19:03:44.040000Z (10/21)
  Loaded 546 traces in 15.42s
  Couldn't find match for STALTA/Initial
  Couldn't find match for PhaseNet/Initial
  Found match for QMigrate/Initial: event at 2023-04-10T19:03:43.185000Z
  Couldn't find match for STALTA/VELEST
  Couldn't find match for PhaseNet/VELEST
  Couldn't find match for QMigrate/VELEST
  Couldn't find match for STALTA/hypoinverse
  Couldn't find match for PhaseNet/hypoinverse
  Couldn't find match for QMigrate/hypoinverse
  Couldn't find match for STALTA/hypoinverse_corr
  Couldn't find match for PhaseNet/hypoinverse_corr
  Found match for QMigrate/hypoinverse_corr: event at 2023-04-10T19:03:44.290000Z
  Couldn't find match for PhaseNet/hypoDD_dtct
  Found matched events in 0.00s
  Saved plot: record_sections/picker_stages/QMigrate/14_QMigrate_20230410_190344.png
  Generated and saved plots in 6.95s
  Total time for this event: 22.80s

Processing reference event ID 16 at 2023-04-10T19:50:38.440000Z (11/21)
  Loaded 546 traces in 15.49s
  Couldn't find match for STALTA/Initial
  Couldn't find match for PhaseNet/Initial
  Found match for QMigrate/Initial: event at 2023-04-10T19:50:38.000000Z
  Couldn't find match for STALTA/VELEST
  Found match for PhaseNet/VELEST: event at 2023-04-10T19:50:38.700000Z
  Found match for QMigrate/VELEST: event at 2023-04-10T19:50:38.200000Z
  Couldn't find match for STALTA/hypoinverse
  Found match for PhaseNet/hypoinverse: event at 2023-04-10T19:50:39.930000Z
  Found match for QMigrate/hypoinverse: event at 2023-04-10T19:50:39.890000Z
  Couldn't find match for STALTA/hypoinverse_corr
  Found match for PhaseNet/hypoinverse_corr: event at 2023-04-10T19:50:38.590000Z
  Found match for QMigrate/hypoinverse_corr: event at 2023-04-10T19:50:38.670000Z
  Found match for PhaseNet/hypoDD_dtct: event at 2023-04-10T19:50:38.580000Z
  Found matched events in 0.00s
  Saved plot: record_sections/picker_stages/QMigrate/16_QMigrate_20230410_195038.png
  Generated and saved plots in 11.16s
  Total time for this event: 27.08s

Processing reference event ID 17 at 2023-04-10T19:58:21.520000Z (12/21)
  Loaded 546 traces in 15.39s
  Couldn't find match for STALTA/Initial
  Couldn't find match for PhaseNet/Initial
  Found match for QMigrate/Initial: event at 2023-04-10T19:58:20.855000Z
  Couldn't find match for STALTA/VELEST
  Couldn't find match for PhaseNet/VELEST
  Found match for QMigrate/VELEST: event at 2023-04-10T19:58:20.830000Z
  Couldn't find match for STALTA/hypoinverse
  Couldn't find match for PhaseNet/hypoinverse
  Found match for QMigrate/hypoinverse: event at 2023-04-10T19:58:23.120000Z
  Couldn't find match for STALTA/hypoinverse_corr
  Couldn't find match for PhaseNet/hypoinverse_corr
  Found match for QMigrate/hypoinverse_corr: event at 2023-04-10T19:58:21.640000Z
  Couldn't find match for PhaseNet/hypoDD_dtct
  Found matched events in 0.00s
  Saved plot: record_sections/picker_stages/QMigrate/17_QMigrate_20230410_195821.png
  Generated and saved plots in 11.39s
  Total time for this event: 27.21s

Processing reference event ID 18 at 2023-04-10T20:05:26.340000Z (13/21)
  Loaded 546 traces in 15.39s
  Couldn't find match for STALTA/Initial
  Couldn't find match for PhaseNet/Initial
  Found match for QMigrate/Initial: event at 2023-04-10T20:05:25.535000Z
  Couldn't find match for STALTA/VELEST
  Couldn't find match for PhaseNet/VELEST
  Found match for QMigrate/VELEST: event at 2023-04-10T20:05:25.570000Z
  Couldn't find match for STALTA/hypoinverse
  Couldn't find match for PhaseNet/hypoinverse
  Found match for QMigrate/hypoinverse: event at 2023-04-10T20:05:28.150000Z
  Couldn't find match for STALTA/hypoinverse_corr
  Couldn't find match for PhaseNet/hypoinverse_corr
  Found match for QMigrate/hypoinverse_corr: event at 2023-04-10T20:05:26.460000Z
  Couldn't find match for PhaseNet/hypoDD_dtct
  Found matched events in 0.00s
  Saved plot: record_sections/picker_stages/QMigrate/18_QMigrate_20230410_200526.png
  Generated and saved plots in 11.17s
  Total time for this event: 26.99s

Processing reference event ID 19 at 2023-04-10T20:19:46.080000Z (14/21)
  Loaded 546 traces in 15.52s
  Couldn't find match for STALTA/Initial
  Couldn't find match for PhaseNet/Initial
  Found match for QMigrate/Initial: event at 2023-04-10T20:19:45.385000Z
  Couldn't find match for STALTA/VELEST
  Couldn't find match for PhaseNet/VELEST
  Found match for QMigrate/VELEST: event at 2023-04-10T20:19:45.290000Z
  Couldn't find match for STALTA/hypoinverse
  Couldn't find match for PhaseNet/hypoinverse
  Found match for QMigrate/hypoinverse: event at 2023-04-10T20:19:47.340000Z
  Couldn't find match for STALTA/hypoinverse_corr
  Couldn't find match for PhaseNet/hypoinverse_corr
  Found match for QMigrate/hypoinverse_corr: event at 2023-04-10T20:19:46.210000Z
  Couldn't find match for PhaseNet/hypoDD_dtct
  Found matched events in 0.00s
  Saved plot: record_sections/picker_stages/QMigrate/19_QMigrate_20230410_201946.png
  Generated and saved plots in 11.44s
  Total time for this event: 27.40s

Processing reference event ID 20 at 2023-04-10T21:00:38.640000Z (15/21)
  Loaded 546 traces in 15.47s
  Couldn't find match for STALTA/Initial
  Couldn't find match for PhaseNet/Initial
  Found match for QMigrate/Initial: event at 2023-04-10T21:00:37.795000Z
  Couldn't find match for STALTA/VELEST
  Couldn't find match for PhaseNet/VELEST
  Couldn't find match for QMigrate/VELEST
  Couldn't find match for STALTA/hypoinverse
  Couldn't find match for PhaseNet/hypoinverse
  Couldn't find match for QMigrate/hypoinverse
  Couldn't find match for STALTA/hypoinverse_corr
  Couldn't find match for PhaseNet/hypoinverse_corr
  Found match for QMigrate/hypoinverse_corr: event at 2023-04-10T21:00:38.510000Z
  Couldn't find match for PhaseNet/hypoDD_dtct
  Found matched events in 0.00s
  Saved plot: record_sections/picker_stages/QMigrate/20_QMigrate_20230410_210038.png
  Generated and saved plots in 7.10s
  Total time for this event: 23.00s

Processing reference event ID 21 at 2023-04-10T21:45:06.600000Z (16/21)
  Loaded 546 traces in 15.46s
  Couldn't find match for STALTA/Initial
  Couldn't find match for PhaseNet/Initial
  Found match for QMigrate/Initial: event at 2023-04-10T21:45:05.865000Z
  Couldn't find match for STALTA/VELEST
  Found match for PhaseNet/VELEST: event at 2023-04-10T21:45:04.970000Z
  Found match for QMigrate/VELEST: event at 2023-04-10T21:45:05.490000Z
  Couldn't find match for STALTA/hypoinverse
  Couldn't find match for PhaseNet/hypoinverse
  Couldn't find match for QMigrate/hypoinverse
  Couldn't find match for STALTA/hypoinverse_corr
  Found match for PhaseNet/hypoinverse_corr: event at 2023-04-10T21:45:06.660000Z
  Found match for QMigrate/hypoinverse_corr: event at 2023-04-10T21:45:06.640000Z
  Found match for PhaseNet/hypoDD_dtct: event at 2023-04-10T21:45:06.760000Z
  Found matched events in 0.00s
  Saved plot: record_sections/picker_stages/QMigrate/21_QMigrate_20230410_214506.png
  Generated and saved plots in 8.52s
  Total time for this event: 24.41s

Processing reference event ID 22 at 2023-04-10T22:34:49.960000Z (17/21)
  Loaded 546 traces in 15.45s
  Couldn't find match for STALTA/Initial
  Couldn't find match for PhaseNet/Initial
  Found match for QMigrate/Initial: event at 2023-04-10T22:34:49.345000Z
  Couldn't find match for STALTA/VELEST
  Found match for PhaseNet/VELEST: event at 2023-04-10T22:34:49.180000Z
  Found match for QMigrate/VELEST: event at 2023-04-10T22:34:47.500000Z
  Couldn't find match for STALTA/hypoinverse
  Couldn't find match for PhaseNet/hypoinverse
  Found match for QMigrate/hypoinverse: event at 2023-04-10T22:34:51.200000Z
  Couldn't find match for STALTA/hypoinverse_corr
  Found match for PhaseNet/hypoinverse_corr: event at 2023-04-10T22:34:50.040000Z
  Found match for QMigrate/hypoinverse_corr: event at 2023-04-10T22:34:50.030000Z
  Found match for PhaseNet/hypoDD_dtct: event at 2023-04-10T22:34:49.880000Z
  Found matched events in 0.00s
  Saved plot: record_sections/picker_stages/QMigrate/22_QMigrate_20230410_223449.png
  Generated and saved plots in 11.45s
  Total time for this event: 27.34s

Processing reference event ID 23 at 2023-04-10T23:08:05.940000Z (18/21)
  Loaded 546 traces in 15.46s
  Couldn't find match for STALTA/Initial
  Couldn't find match for PhaseNet/Initial
  Found match for QMigrate/Initial: event at 2023-04-10T23:08:04.975000Z
  Couldn't find match for STALTA/VELEST
  Couldn't find match for PhaseNet/VELEST
  Found match for QMigrate/VELEST: event at 2023-04-10T23:08:06.220000Z
  Couldn't find match for STALTA/hypoinverse
  Couldn't find match for PhaseNet/hypoinverse
  Found match for QMigrate/hypoinverse: event at 2023-04-10T23:08:07.630000Z
  Couldn't find match for STALTA/hypoinverse_corr
  Couldn't find match for PhaseNet/hypoinverse_corr
  Found match for QMigrate/hypoinverse_corr: event at 2023-04-10T23:08:05.620000Z
  Couldn't find match for PhaseNet/hypoDD_dtct
  Found matched events in 0.00s
  Saved plot: record_sections/picker_stages/QMigrate/23_QMigrate_20230410_230805.png
  Generated and saved plots in 11.22s
  Total time for this event: 27.12s

Processing reference event ID 24 at 2023-04-10T23:21:47.140000Z (19/21)
  Loaded 546 traces in 15.42s
  Couldn't find match for STALTA/Initial
  Couldn't find match for PhaseNet/Initial
  Found match for QMigrate/Initial: event at 2023-04-10T23:21:46.440000Z
  Couldn't find match for STALTA/VELEST
  Found match for PhaseNet/VELEST: event at 2023-04-10T23:21:46.540000Z
  Found match for QMigrate/VELEST: event at 2023-04-10T23:21:46.640000Z
  Couldn't find match for STALTA/hypoinverse
  Couldn't find match for PhaseNet/hypoinverse
  Found match for QMigrate/hypoinverse: event at 2023-04-10T23:22:11.340000Z
  Couldn't find match for STALTA/hypoinverse_corr
  Found match for PhaseNet/hypoinverse_corr: event at 2023-04-10T23:21:47.250000Z
  Found match for QMigrate/hypoinverse_corr: event at 2023-04-10T23:21:47.280000Z
  Found match for PhaseNet/hypoDD_dtct: event at 2023-04-10T23:21:47.340000Z
  Found matched events in 0.00s
  Saved plot: record_sections/picker_stages/QMigrate/24_QMigrate_20230410_232147.png
  Generated and saved plots in 9.76s
  Total time for this event: 25.60s

Processing reference event ID 25 at 2023-04-10T23:22:10.040000Z (20/21)
  Loaded 546 traces in 15.46s
  Couldn't find match for STALTA/Initial
  Couldn't find match for PhaseNet/Initial
  Found match for QMigrate/Initial: event at 2023-04-10T23:22:09.530000Z
  Couldn't find match for STALTA/VELEST
  Found match for PhaseNet/VELEST: event at 2023-04-10T23:21:46.540000Z
  Found match for QMigrate/VELEST: event at 2023-04-10T23:22:09.570000Z
  Couldn't find match for STALTA/hypoinverse
  Found match for PhaseNet/hypoinverse: event at 2023-04-10T23:22:11.270000Z
  Found match for QMigrate/hypoinverse: event at 2023-04-10T23:22:11.340000Z
  Couldn't find match for STALTA/hypoinverse_corr
  Found match for PhaseNet/hypoinverse_corr: event at 2023-04-10T23:22:10.190000Z
  Found match for QMigrate/hypoinverse_corr: event at 2023-04-10T23:22:10.040000Z
  Found match for PhaseNet/hypoDD_dtct: event at 2023-04-10T23:22:10.080000Z
  Found matched events in 0.00s
  Saved plot: record_sections/picker_stages/QMigrate/25_QMigrate_20230410_232210.png
  Generated and saved plots in 10.19s
  Total time for this event: 26.08s

Processing reference event ID 26 at 2023-04-10T23:23:29.480000Z (21/21)
  Loaded 546 traces in 15.44s
  Couldn't find match for STALTA/Initial
  Couldn't find match for PhaseNet/Initial
  Found match for QMigrate/Initial: event at 2023-04-10T23:23:28.575000Z
  Couldn't find match for STALTA/VELEST
  Found match for PhaseNet/VELEST: event at 2023-04-10T23:23:27.210000Z
  Found match for QMigrate/VELEST: event at 2023-04-10T23:23:29.480000Z
  Couldn't find match for STALTA/hypoinverse
  Found match for PhaseNet/hypoinverse: event at 2023-04-10T23:22:11.270000Z
  Found match for QMigrate/hypoinverse: event at 2023-04-10T23:22:11.340000Z
  Couldn't find match for STALTA/hypoinverse_corr
  Found match for PhaseNet/hypoinverse_corr: event at 2023-04-10T23:23:29.480000Z
  Found match for QMigrate/hypoinverse_corr: event at 2023-04-10T23:23:29.020000Z
  Found match for PhaseNet/hypoDD_dtct: event at 2023-04-10T23:23:29.640000Z
  Found matched events in 0.00s
  Saved plot: record_sections/picker_stages/QMigrate/26_QMigrate_20230410_232329.png
  Generated and saved plots in 9.93s
  Total time for this event: 25.81s

Total script execution time: 542.94s
Processing date: 2023-04-11
  Running plot_mode: all_in_one
Loaded station data in 0.00s
Loaded reference catalog (34 events from QMigrate/hypoDD_dtct) in 0.00s
Initial/STALTA: has 30
Initial/PhaseNet: has 30
Initial/QMigrate: has 40
VELEST/STALTA: has 10
VELEST/PhaseNet: has 22
VELEST/QMigrate: has 31
hypoinverse/STALTA: has 20
hypoinverse/PhaseNet: has 23
hypoinverse/QMigrate: has 29
hypoinverse_corr/STALTA: has 9
hypoinverse_corr/PhaseNet: has 26
hypoinverse_corr/QMigrate: has 35
hypoDD_dtct/STALTA: has 5
hypoDD_dtct/PhaseNet: has 25
hypoDD_dtct/QMigrate: has 34
Loaded all other catalogs in 0.04s

Processing reference event ID 27 at 2023-04-11T00:23:12.280000Z (1/34)
  Loaded 546 traces in 84.61s
  Couldn't find match for STALTA/Initial
  Couldn't find match for PhaseNet/Initial
  Found match for QMigrate/Initial: event at 2023-04-11T00:23:11.465000Z
  Found match for STALTA/VELEST: event at 2023-04-11T00:23:11.580000Z
  Couldn't find match for PhaseNet/VELEST
  Found match for QMigrate/VELEST: event at 2023-04-11T00:23:12.140000Z
  Found match for STALTA/hypoinverse: event at 2023-04-11T00:23:14.900000Z
  Couldn't find match for PhaseNet/hypoinverse
  Found match for QMigrate/hypoinverse: event at 2023-04-11T00:23:13.990000Z
  Found match for STALTA/hypoinverse_corr: event at 2023-04-11T00:23:13.700000Z
  Couldn't find match for PhaseNet/hypoinverse_corr
  Found match for QMigrate/hypoinverse_corr: event at 2023-04-11T00:23:12.310000Z
  Found match for STALTA/hypoDD_dtct: event at 2023-04-11T00:23:13.750000Z
  Couldn't find match for PhaseNet/hypoDD_dtct
  Found matched events in 0.00s
  Saved plot: record_sections/all_in_one/27_20230411_002312_N.png
  Saved plot: record_sections/all_in_one/27_20230411_002312_E.png
  Saved plot: record_sections/all_in_one/27_20230411_002312_Z.png
  Generated and saved plots in 19.28s
  Total time for this event: 105.00s

Processing reference event ID 28 at 2023-04-11T00:29:31.640000Z (2/34)
  Loaded 546 traces in 80.71s
  Couldn't find match for STALTA/Initial
  Couldn't find match for PhaseNet/Initial
  Found match for QMigrate/Initial: event at 2023-04-11T00:29:30.915000Z
  Found match for STALTA/VELEST: event at 2023-04-11T00:29:31.670000Z
  Couldn't find match for PhaseNet/VELEST
  Found match for QMigrate/VELEST: event at 2023-04-11T00:29:32.020000Z
  Found match for STALTA/hypoinverse: event at 2023-04-11T00:29:34.220000Z
  Couldn't find match for PhaseNet/hypoinverse
  Found match for QMigrate/hypoinverse: event at 2023-04-11T00:29:33.300000Z
  Couldn't find match for STALTA/hypoinverse_corr
  Couldn't find match for PhaseNet/hypoinverse_corr
  Found match for QMigrate/hypoinverse_corr: event at 2023-04-11T00:29:31.690000Z
  Couldn't find match for STALTA/hypoDD_dtct
  Couldn't find match for PhaseNet/hypoDD_dtct
  Found matched events in 0.00s
  Saved plot: record_sections/all_in_one/28_20230411_002931_N.png
  Saved plot: record_sections/all_in_one/28_20230411_002931_E.png
  Saved plot: record_sections/all_in_one/28_20230411_002931_Z.png
  Generated and saved plots in 17.46s
  Total time for this event: 98.64s

Processing reference event ID 29 at 2023-04-11T01:03:50.430000Z (3/34)
  Loaded 546 traces in 88.85s
  Couldn't find match for STALTA/Initial
  Couldn't find match for PhaseNet/Initial
  Found match for QMigrate/Initial: event at 2023-04-11T01:03:49.695000Z
  Couldn't find match for STALTA/VELEST
  Found match for PhaseNet/VELEST: event at 2023-04-11T01:03:49.690000Z
  Found match for QMigrate/VELEST: event at 2023-04-11T01:03:50.390000Z
  Couldn't find match for STALTA/hypoinverse
  Found match for PhaseNet/hypoinverse: event at 2023-04-11T01:03:52.160000Z
  Couldn't find match for QMigrate/hypoinverse
  Couldn't find match for STALTA/hypoinverse_corr
  Found match for PhaseNet/hypoinverse_corr: event at 2023-04-11T01:03:50.510000Z
  Found match for QMigrate/hypoinverse_corr: event at 2023-04-11T01:03:50.490000Z
  Couldn't find match for STALTA/hypoDD_dtct
  Found match for PhaseNet/hypoDD_dtct: event at 2023-04-11T01:03:50.480000Z
  Found matched events in 0.00s
  Saved plot: record_sections/all_in_one/29_20230411_010350_N.png
  Saved plot: record_sections/all_in_one/29_20230411_010350_E.png
  Saved plot: record_sections/all_in_one/29_20230411_010350_Z.png
  Generated and saved plots in 19.27s
  Total time for this event: 108.66s

Processing reference event ID 30 at 2023-04-11T02:20:48.190000Z (4/34)
  Loaded 546 traces in 98.34s
  Couldn't find match for STALTA/Initial
  Couldn't find match for PhaseNet/Initial
  Found match for QMigrate/Initial: event at 2023-04-11T02:20:47.700000Z
  Couldn't find match for STALTA/VELEST
  Couldn't find match for PhaseNet/VELEST
  Found match for QMigrate/VELEST: event at 2023-04-11T02:20:48.250000Z
  Couldn't find match for STALTA/hypoinverse
  Couldn't find match for PhaseNet/hypoinverse
  Found match for QMigrate/hypoinverse: event at 2023-04-11T02:20:49.580000Z
  Couldn't find match for STALTA/hypoinverse_corr
  Couldn't find match for PhaseNet/hypoinverse_corr
  Found match for QMigrate/hypoinverse_corr: event at 2023-04-11T02:20:48.750000Z
  Couldn't find match for STALTA/hypoDD_dtct
  Couldn't find match for PhaseNet/hypoDD_dtct
  Found matched events in 0.00s
  Saved plot: record_sections/all_in_one/30_20230411_022048_N.png
  Saved plot: record_sections/all_in_one/30_20230411_022048_E.png
  Saved plot: record_sections/all_in_one/30_20230411_022048_Z.png
  Generated and saved plots in 15.51s
  Total time for this event: 114.32s

Processing reference event ID 31 at 2023-04-11T02:37:38.240000Z (5/34)
  Loaded 546 traces in 89.90s
  Couldn't find match for STALTA/Initial
  Couldn't find match for PhaseNet/Initial
  Found match for QMigrate/Initial: event at 2023-04-11T02:37:37.430000Z
  Couldn't find match for STALTA/VELEST
  Couldn't find match for PhaseNet/VELEST
  Found match for QMigrate/VELEST: event at 2023-04-11T02:37:37.320000Z
  Couldn't find match for STALTA/hypoinverse
  Found match for PhaseNet/hypoinverse: event at 2023-04-11T02:37:38.280000Z
  Found match for QMigrate/hypoinverse: event at 2023-04-11T02:37:39.830000Z
  Couldn't find match for STALTA/hypoinverse_corr
  Couldn't find match for PhaseNet/hypoinverse_corr
  Found match for QMigrate/hypoinverse_corr: event at 2023-04-11T02:37:38.460000Z
  Couldn't find match for STALTA/hypoDD_dtct
  Couldn't find match for PhaseNet/hypoDD_dtct
  Found matched events in 0.00s
  Saved plot: record_sections/all_in_one/31_20230411_023738_N.png
  Saved plot: record_sections/all_in_one/31_20230411_023738_E.png
  Saved plot: record_sections/all_in_one/31_20230411_023738_Z.png
  Generated and saved plots in 15.96s
  Total time for this event: 106.29s

Processing reference event ID 32 at 2023-04-11T02:41:53.960000Z (6/34)
  Loaded 546 traces in 98.07s
  Couldn't find match for STALTA/Initial
  Couldn't find match for PhaseNet/Initial
  Found match for QMigrate/Initial: event at 2023-04-11T02:41:53.255000Z
  Couldn't find match for STALTA/VELEST
  Couldn't find match for PhaseNet/VELEST
  Found match for QMigrate/VELEST: event at 2023-04-11T02:41:54.980000Z
  Found match for STALTA/hypoinverse: event at 2023-04-11T02:41:55.680000Z
  Found match for PhaseNet/hypoinverse: event at 2023-04-11T02:41:53.990000Z
  Found match for QMigrate/hypoinverse: event at 2023-04-11T02:41:55.680000Z
  Couldn't find match for STALTA/hypoinverse_corr
  Couldn't find match for PhaseNet/hypoinverse_corr
  Found match for QMigrate/hypoinverse_corr: event at 2023-04-11T02:41:53.980000Z
  Couldn't find match for STALTA/hypoDD_dtct
  Couldn't find match for PhaseNet/hypoDD_dtct
  Found matched events in 0.00s
  Saved plot: record_sections/all_in_one/32_20230411_024153_N.png
  Saved plot: record_sections/all_in_one/32_20230411_024153_E.png
  Saved plot: record_sections/all_in_one/32_20230411_024153_Z.png
  Generated and saved plots in 17.40s
  Total time for this event: 115.91s

Processing reference event ID 33 at 2023-04-11T03:09:13.640000Z (7/34)
  Loaded 552 traces in 88.46s
  Couldn't find match for STALTA/Initial
  Couldn't find match for PhaseNet/Initial
  Found match for QMigrate/Initial: event at 2023-04-11T03:09:13.135000Z
  Couldn't find match for STALTA/VELEST
  Found match for PhaseNet/VELEST: event at 2023-04-11T03:09:12.260000Z
  Found match for QMigrate/VELEST: event at 2023-04-11T03:09:13.340000Z
  Couldn't find match for STALTA/hypoinverse
  Found match for PhaseNet/hypoinverse: event at 2023-04-11T03:09:14.860000Z
  Found match for QMigrate/hypoinverse: event at 2023-04-11T03:09:15.060000Z
  Couldn't find match for STALTA/hypoinverse_corr
  Found match for PhaseNet/hypoinverse_corr: event at 2023-04-11T03:09:13.870000Z
  Found match for QMigrate/hypoinverse_corr: event at 2023-04-11T03:09:14.000000Z
  Couldn't find match for STALTA/hypoDD_dtct
  Found match for PhaseNet/hypoDD_dtct: event at 2023-04-11T03:09:13.810000Z
  Found matched events in 0.00s
  Saved plot: record_sections/all_in_one/33_20230411_030913_N.png
  Saved plot: record_sections/all_in_one/33_20230411_030913_E.png
  Saved plot: record_sections/all_in_one/33_20230411_030913_Z.png
  Generated and saved plots in 21.05s
  Total time for this event: 109.97s

Processing reference event ID 34 at 2023-04-11T03:15:48.760000Z (8/34)
  Loaded 552 traces in 97.50s
  Couldn't find match for STALTA/Initial
  Couldn't find match for PhaseNet/Initial
  Found match for QMigrate/Initial: event at 2023-04-11T03:15:48.005000Z
  Found match for STALTA/VELEST: event at 2023-04-11T03:15:52.170000Z
  Found match for PhaseNet/VELEST: event at 2023-04-11T03:15:48.410000Z
  Found match for QMigrate/VELEST: event at 2023-04-11T03:15:48.220000Z
  Found match for STALTA/hypoinverse: event at 2023-04-11T03:15:53.890000Z
  Couldn't find match for PhaseNet/hypoinverse
  Found match for QMigrate/hypoinverse: event at 2023-04-11T03:15:50.470000Z
  Couldn't find match for STALTA/hypoinverse_corr
  Found match for PhaseNet/hypoinverse_corr: event at 2023-04-11T03:15:49.020000Z
  Found match for QMigrate/hypoinverse_corr: event at 2023-04-11T03:15:48.760000Z
  Couldn't find match for STALTA/hypoDD_dtct
  Found match for PhaseNet/hypoDD_dtct: event at 2023-04-11T03:15:48.940000Z
  Found matched events in 0.00s
  Saved plot: record_sections/all_in_one/34_20230411_031548_N.png
  Saved plot: record_sections/all_in_one/34_20230411_031548_E.png
  Saved plot: record_sections/all_in_one/34_20230411_031548_Z.png
  Generated and saved plots in 20.64s
  Total time for this event: 118.59s

Processing reference event ID 35 at 2023-04-11T03:17:08.670000Z (9/34)
  Loaded 552 traces in 93.91s
  Couldn't find match for STALTA/Initial
  Couldn't find match for PhaseNet/Initial
  Found match for QMigrate/Initial: event at 2023-04-11T03:17:07.845000Z
  Found match for STALTA/VELEST: event at 2023-04-11T03:15:52.170000Z
  Found match for PhaseNet/VELEST: event at 2023-04-11T03:15:48.410000Z
  Found match for QMigrate/VELEST: event at 2023-04-11T03:15:48.220000Z
  Found match for STALTA/hypoinverse: event at 2023-04-11T03:15:53.890000Z
  Couldn't find match for PhaseNet/hypoinverse
  Found match for QMigrate/hypoinverse: event at 2023-04-11T03:15:50.470000Z
  Couldn't find match for STALTA/hypoinverse_corr
  Found match for PhaseNet/hypoinverse_corr: event at 2023-04-11T03:15:49.020000Z
  Found match for QMigrate/hypoinverse_corr: event at 2023-04-11T03:17:08.380000Z
  Couldn't find match for STALTA/hypoDD_dtct
  Found match for PhaseNet/hypoDD_dtct: event at 2023-04-11T03:15:48.940000Z
  Found matched events in 0.00s
  Saved plot: record_sections/all_in_one/35_20230411_031708_N.png
  Saved plot: record_sections/all_in_one/35_20230411_031708_E.png
  Saved plot: record_sections/all_in_one/35_20230411_031708_Z.png
  Generated and saved plots in 15.15s
  Total time for this event: 109.50s

Processing reference event ID 36 at 2023-04-11T03:20:04.950000Z (10/34)
  Loaded 555 traces in 91.08s
  Couldn't find match for STALTA/Initial
  Couldn't find match for PhaseNet/Initial
  Found match for QMigrate/Initial: event at 2023-04-11T03:20:04.255000Z
  Found match for STALTA/VELEST: event at 2023-04-11T03:20:08.680000Z
  Found match for PhaseNet/VELEST: event at 2023-04-11T03:20:04.380000Z
  Found match for QMigrate/VELEST: event at 2023-04-11T03:20:05.110000Z
  Found match for STALTA/hypoinverse: event at 2023-04-11T03:20:09.910000Z
  Found match for PhaseNet/hypoinverse: event at 2023-04-11T03:20:06.600000Z
  Found match for QMigrate/hypoinverse: event at 2023-04-11T03:20:06.640000Z
  Found match for STALTA/hypoinverse_corr: event at 2023-04-11T03:20:08.320000Z
  Found match for PhaseNet/hypoinverse_corr: event at 2023-04-11T03:20:05.210000Z
  Found match for QMigrate/hypoinverse_corr: event at 2023-04-11T03:20:05.070000Z
  Couldn't find match for STALTA/hypoDD_dtct
  Found match for PhaseNet/hypoDD_dtct: event at 2023-04-11T03:20:05.100000Z
  Found matched events in 0.00s
  Saved plot: record_sections/all_in_one/36_20230411_032004_N.png
  Saved plot: record_sections/all_in_one/36_20230411_032004_E.png
  Saved plot: record_sections/all_in_one/36_20230411_032004_Z.png
  Generated and saved plots in 23.89s
  Total time for this event: 115.43s

Processing reference event ID 37 at 2023-04-11T06:00:04.010000Z (11/34)
  Loaded 642 traces in 104.35s
  Couldn't find match for STALTA/Initial
  Couldn't find match for PhaseNet/Initial
  Found match for QMigrate/Initial: event at 2023-04-11T06:00:03.400000Z
  Couldn't find match for STALTA/VELEST
  Couldn't find match for PhaseNet/VELEST
  Found match for QMigrate/VELEST: event at 2023-04-11T06:00:02.080000Z
  Couldn't find match for STALTA/hypoinverse
  Couldn't find match for PhaseNet/hypoinverse
  Found match for QMigrate/hypoinverse: event at 2023-04-11T06:00:05.900000Z
  Couldn't find match for STALTA/hypoinverse_corr
  Couldn't find match for PhaseNet/hypoinverse_corr
  Found match for QMigrate/hypoinverse_corr: event at 2023-04-11T06:00:03.970000Z
  Couldn't find match for STALTA/hypoDD_dtct
  Couldn't find match for PhaseNet/hypoDD_dtct
  Found matched events in 0.00s
  Saved plot: record_sections/all_in_one/37_20230411_060004_N.png
  Saved plot: record_sections/all_in_one/37_20230411_060004_E.png
  Saved plot: record_sections/all_in_one/37_20230411_060004_Z.png
  Generated and saved plots in 16.52s
  Total time for this event: 121.39s

Processing reference event ID 38 at 2023-04-11T06:30:08.200000Z (12/34)
  Loaded 669 traces in 99.53s
  Couldn't find match for STALTA/Initial
  Couldn't find match for PhaseNet/Initial
  Found match for QMigrate/Initial: event at 2023-04-11T06:30:07.590000Z
  Couldn't find match for STALTA/VELEST
  Couldn't find match for PhaseNet/VELEST
  Found match for QMigrate/VELEST: event at 2023-04-11T06:30:09.350000Z
  Couldn't find match for STALTA/hypoinverse
  Couldn't find match for PhaseNet/hypoinverse
  Found match for QMigrate/hypoinverse: event at 2023-04-11T06:30:09.430000Z
  Couldn't find match for STALTA/hypoinverse_corr
  Couldn't find match for PhaseNet/hypoinverse_corr
  Found match for QMigrate/hypoinverse_corr: event at 2023-04-11T06:30:07.910000Z
  Couldn't find match for STALTA/hypoDD_dtct
  Couldn't find match for PhaseNet/hypoDD_dtct
  Found matched events in 0.00s
  Saved plot: record_sections/all_in_one/38_20230411_063008_N.png
  Saved plot: record_sections/all_in_one/38_20230411_063008_E.png
  Saved plot: record_sections/all_in_one/38_20230411_063008_Z.png
  Generated and saved plots in 16.91s
  Total time for this event: 116.99s

Processing reference event ID 39 at 2023-04-11T07:17:13.990000Z (13/34)
  Loaded 705 traces in 92.05s
  Found match for STALTA/Initial: event at 2023-04-11T07:17:14.103000Z
  Found match for PhaseNet/Initial: event at 2023-04-11T07:17:14.103000Z
  Found match for QMigrate/Initial: event at 2023-04-11T07:17:13.215000Z
  Couldn't find match for STALTA/VELEST
  Found match for PhaseNet/VELEST: event at 2023-04-11T07:17:12.850000Z
  Found match for QMigrate/VELEST: event at 2023-04-11T07:17:13.440000Z
  Couldn't find match for STALTA/hypoinverse
  Found match for PhaseNet/hypoinverse: event at 2023-04-11T07:17:15.750000Z
  Found match for QMigrate/hypoinverse: event at 2023-04-11T07:17:15.750000Z
  Couldn't find match for STALTA/hypoinverse_corr
  Found match for PhaseNet/hypoinverse_corr: event at 2023-04-11T07:17:14.130000Z
  Found match for QMigrate/hypoinverse_corr: event at 2023-04-11T07:17:14.160000Z
  Couldn't find match for STALTA/hypoDD_dtct
  Found match for PhaseNet/hypoDD_dtct: event at 2023-04-11T07:17:14.140000Z
  Found matched events in 0.00s
  Saved plot: record_sections/all_in_one/39_20230411_071713_N.png
  Saved plot: record_sections/all_in_one/39_20230411_071713_E.png
  Saved plot: record_sections/all_in_one/39_20230411_071713_Z.png
  Generated and saved plots in 28.15s
  Total time for this event: 120.80s

Processing reference event ID 40 at 2023-04-11T07:32:28.520000Z (14/34)
  Loaded 711 traces in 101.78s
  Couldn't find match for STALTA/Initial
  Couldn't find match for PhaseNet/Initial
  Found match for QMigrate/Initial: event at 2023-04-11T07:32:27.925000Z
  Couldn't find match for STALTA/VELEST
  Found match for PhaseNet/VELEST: event at 2023-04-11T07:32:27.570000Z
  Found match for QMigrate/VELEST: event at 2023-04-11T07:32:27.720000Z
  Couldn't find match for STALTA/hypoinverse
  Found match for PhaseNet/hypoinverse: event at 2023-04-11T07:32:28.990000Z
  Found match for QMigrate/hypoinverse: event at 2023-04-11T07:32:29.130000Z
  Couldn't find match for STALTA/hypoinverse_corr
  Found match for PhaseNet/hypoinverse_corr: event at 2023-04-11T07:32:28.780000Z
  Found match for QMigrate/hypoinverse_corr: event at 2023-04-11T07:32:28.570000Z
  Couldn't find match for STALTA/hypoDD_dtct
  Found match for PhaseNet/hypoDD_dtct: event at 2023-04-11T07:32:28.700000Z
  Found matched events in 0.00s
  Saved plot: record_sections/all_in_one/40_20230411_073228_N.png
  Saved plot: record_sections/all_in_one/40_20230411_073228_E.png
  Saved plot: record_sections/all_in_one/40_20230411_073228_Z.png
  Generated and saved plots in 23.42s
  Total time for this event: 125.76s

Processing reference event ID 41 at 2023-04-11T11:12:43.570000Z (15/34)
  Loaded 762 traces in 89.08s
  Couldn't find match for STALTA/Initial
  Couldn't find match for PhaseNet/Initial
  Found match for QMigrate/Initial: event at 2023-04-11T11:12:42.920000Z
  Couldn't find match for STALTA/VELEST
  Found match for PhaseNet/VELEST: event at 2023-04-11T11:12:43.430000Z
  Couldn't find match for QMigrate/VELEST
  Found match for STALTA/hypoinverse: event at 2023-04-11T11:12:46.210000Z
  Found match for PhaseNet/hypoinverse: event at 2023-04-11T11:12:45.080000Z
  Found match for QMigrate/hypoinverse: event at 2023-04-11T11:12:44.970000Z
  Couldn't find match for STALTA/hypoinverse_corr
  Found match for PhaseNet/hypoinverse_corr: event at 2023-04-11T11:12:43.900000Z
  Found match for QMigrate/hypoinverse_corr: event at 2023-04-11T11:12:43.510000Z
  Couldn't find match for STALTA/hypoDD_dtct
  Found match for PhaseNet/hypoDD_dtct: event at 2023-04-11T11:12:43.750000Z
  Found matched events in 0.00s
  Saved plot: record_sections/all_in_one/41_20230411_111243_N.png
  Saved plot: record_sections/all_in_one/41_20230411_111243_E.png
  Saved plot: record_sections/all_in_one/41_20230411_111243_Z.png
  Generated and saved plots in 25.40s
  Total time for this event: 115.15s

Processing reference event ID 42 at 2023-04-11T12:55:14.780000Z (16/34)
  Loaded 765 traces in 106.46s
  Couldn't find match for STALTA/Initial
  Couldn't find match for PhaseNet/Initial
  Found match for QMigrate/Initial: event at 2023-04-11T12:55:14.015000Z
  Couldn't find match for STALTA/VELEST
  Found match for PhaseNet/VELEST: event at 2023-04-11T12:55:13.630000Z
  Found match for QMigrate/VELEST: event at 2023-04-11T12:55:15.160000Z
  Couldn't find match for STALTA/hypoinverse
  Found match for PhaseNet/hypoinverse: event at 2023-04-11T12:55:16.040000Z
  Found match for QMigrate/hypoinverse: event at 2023-04-11T12:55:15.930000Z
  Couldn't find match for STALTA/hypoinverse_corr
  Found match for PhaseNet/hypoinverse_corr: event at 2023-04-11T12:55:14.890000Z
  Found match for QMigrate/hypoinverse_corr: event at 2023-04-11T12:55:14.930000Z
  Couldn't find match for STALTA/hypoDD_dtct
  Found match for PhaseNet/hypoDD_dtct: event at 2023-04-11T12:55:14.970000Z
  Found matched events in 0.00s
  Saved plot: record_sections/all_in_one/42_20230411_125514_N.png
  Saved plot: record_sections/all_in_one/42_20230411_125514_E.png
  Saved plot: record_sections/all_in_one/42_20230411_125514_Z.png
  Generated and saved plots in 25.53s
  Total time for this event: 132.64s

Processing reference event ID 44 at 2023-04-11T14:32:33.190000Z (17/34)
  Loaded 765 traces in 81.88s
  Couldn't find match for STALTA/Initial
  Couldn't find match for PhaseNet/Initial
  Found match for QMigrate/Initial: event at 2023-04-11T14:32:32.425000Z
  Couldn't find match for STALTA/VELEST
  Couldn't find match for PhaseNet/VELEST
  Couldn't find match for QMigrate/VELEST
  Couldn't find match for STALTA/hypoinverse
  Couldn't find match for PhaseNet/hypoinverse
  Couldn't find match for QMigrate/hypoinverse
  Couldn't find match for STALTA/hypoinverse_corr
  Couldn't find match for PhaseNet/hypoinverse_corr
  Found match for QMigrate/hypoinverse_corr: event at 2023-04-11T14:32:32.960000Z
  Couldn't find match for STALTA/hypoDD_dtct
  Couldn't find match for PhaseNet/hypoDD_dtct
  Found matched events in 0.00s
  Saved plot: record_sections/all_in_one/44_20230411_143233_N.png
  Saved plot: record_sections/all_in_one/44_20230411_143233_E.png
  Saved plot: record_sections/all_in_one/44_20230411_143233_Z.png
  Generated and saved plots in 14.36s
  Total time for this event: 96.86s

Processing reference event ID 45 at 2023-04-11T15:16:08.220000Z (18/34)
  Loaded 765 traces in 102.73s
  Couldn't find match for STALTA/Initial
  Couldn't find match for PhaseNet/Initial
  Found match for QMigrate/Initial: event at 2023-04-11T15:16:07.555000Z
  Couldn't find match for STALTA/VELEST
  Found match for PhaseNet/VELEST: event at 2023-04-11T15:16:08.170000Z
  Found match for QMigrate/VELEST: event at 2023-04-11T15:16:07.480000Z
  Couldn't find match for STALTA/hypoinverse
  Found match for PhaseNet/hypoinverse: event at 2023-04-11T15:16:09.640000Z
  Found match for QMigrate/hypoinverse: event at 2023-04-11T15:16:09.840000Z
  Couldn't find match for STALTA/hypoinverse_corr
  Found match for PhaseNet/hypoinverse_corr: event at 2023-04-11T15:16:08.530000Z
  Found match for QMigrate/hypoinverse_corr: event at 2023-04-11T15:16:08.280000Z
  Couldn't find match for STALTA/hypoDD_dtct
  Found match for PhaseNet/hypoDD_dtct: event at 2023-04-11T15:16:08.380000Z
  Found matched events in 0.00s
  Saved plot: record_sections/all_in_one/45_20230411_151608_N.png
  Saved plot: record_sections/all_in_one/45_20230411_151608_E.png
  Saved plot: record_sections/all_in_one/45_20230411_151608_Z.png
  Generated and saved plots in 27.02s
  Total time for this event: 130.42s

Processing reference event ID 46 at 2023-04-11T17:31:50.480000Z (19/34)
  Loaded 765 traces in 88.87s
  Couldn't find match for STALTA/Initial
  Couldn't find match for PhaseNet/Initial
  Found match for QMigrate/Initial: event at 2023-04-11T17:31:49.770000Z
  Couldn't find match for STALTA/VELEST
  Found match for PhaseNet/VELEST: event at 2023-04-11T17:31:57.820000Z
  Found match for QMigrate/VELEST: event at 2023-04-11T17:31:49.830000Z
  Couldn't find match for STALTA/hypoinverse
  Found match for PhaseNet/hypoinverse: event at 2023-04-11T17:31:51.820000Z
  Found match for QMigrate/hypoinverse: event at 2023-04-11T17:31:51.680000Z
  Couldn't find match for STALTA/hypoinverse_corr
  Found match for PhaseNet/hypoinverse_corr: event at 2023-04-11T17:31:50.680000Z
  Found match for QMigrate/hypoinverse_corr: event at 2023-04-11T17:31:50.250000Z
  Couldn't find match for STALTA/hypoDD_dtct
  Found match for PhaseNet/hypoDD_dtct: event at 2023-04-11T17:31:50.660000Z
  Found matched events in 0.00s
  Saved plot: record_sections/all_in_one/46_20230411_173150_N.png
  Saved plot: record_sections/all_in_one/46_20230411_173150_E.png
  Saved plot: record_sections/all_in_one/46_20230411_173150_Z.png
  Generated and saved plots in 27.32s
  Total time for this event: 116.81s

Processing reference event ID 47 at 2023-04-11T17:31:57.840000Z (20/34)
  Loaded 765 traces in 95.96s
  Couldn't find match for STALTA/Initial
  Couldn't find match for PhaseNet/Initial
  Found match for QMigrate/Initial: event at 2023-04-11T17:31:57.120000Z
  Couldn't find match for STALTA/VELEST
  Found match for PhaseNet/VELEST: event at 2023-04-11T17:31:57.820000Z
  Found match for QMigrate/VELEST: event at 2023-04-11T17:31:56.850000Z
  Couldn't find match for STALTA/hypoinverse
  Found match for PhaseNet/hypoinverse: event at 2023-04-11T17:31:58.970000Z
  Found match for QMigrate/hypoinverse: event at 2023-04-11T17:31:59.110000Z
  Couldn't find match for STALTA/hypoinverse_corr
  Found match for PhaseNet/hypoinverse_corr: event at 2023-04-11T17:31:58.170000Z
  Found match for QMigrate/hypoinverse_corr: event at 2023-04-11T17:31:57.710000Z
  Couldn't find match for STALTA/hypoDD_dtct
  Found match for PhaseNet/hypoDD_dtct: event at 2023-04-11T17:31:57.960000Z
  Found matched events in 0.00s
  Saved plot: record_sections/all_in_one/47_20230411_173157_N.png
  Saved plot: record_sections/all_in_one/47_20230411_173157_E.png
  Saved plot: record_sections/all_in_one/47_20230411_173157_Z.png
  Generated and saved plots in 26.79s
  Total time for this event: 123.37s

Processing reference event ID 48 at 2023-04-11T17:32:08.680000Z (21/34)
  Loaded 765 traces in 96.60s
  Couldn't find match for STALTA/Initial
  Couldn't find match for PhaseNet/Initial
  Found match for QMigrate/Initial: event at 2023-04-11T17:32:07.980000Z
  Couldn't find match for STALTA/VELEST
  Found match for PhaseNet/VELEST: event at 2023-04-11T17:32:08.290000Z
  Found match for QMigrate/VELEST: event at 2023-04-11T17:32:07.630000Z
  Couldn't find match for STALTA/hypoinverse
  Found match for PhaseNet/hypoinverse: event at 2023-04-11T17:32:09.590000Z
  Found match for QMigrate/hypoinverse: event at 2023-04-11T17:32:09.880000Z
  Couldn't find match for STALTA/hypoinverse_corr
  Found match for PhaseNet/hypoinverse_corr: event at 2023-04-11T17:32:08.970000Z
  Found match for QMigrate/hypoinverse_corr: event at 2023-04-11T17:32:08.650000Z
  Couldn't find match for STALTA/hypoDD_dtct
  Found match for PhaseNet/hypoDD_dtct: event at 2023-04-11T17:32:08.800000Z
  Found matched events in 0.00s
  Saved plot: record_sections/all_in_one/48_20230411_173208_N.png
  Saved plot: record_sections/all_in_one/48_20230411_173208_E.png
  Saved plot: record_sections/all_in_one/48_20230411_173208_Z.png
  Generated and saved plots in 26.20s
  Total time for this event: 123.48s

Processing reference event ID 49 at 2023-04-11T18:16:26.320000Z (22/34)
  Loaded 765 traces in 102.71s
  Couldn't find match for STALTA/Initial
  Couldn't find match for PhaseNet/Initial
  Found match for QMigrate/Initial: event at 2023-04-11T18:16:25.555000Z
  Couldn't find match for STALTA/VELEST
  Found match for PhaseNet/VELEST: event at 2023-04-11T18:16:25.090000Z
  Found match for QMigrate/VELEST: event at 2023-04-11T18:16:25.510000Z
  Found match for STALTA/hypoinverse: event at 2023-04-11T18:16:31.230000Z
  Found match for PhaseNet/hypoinverse: event at 2023-04-11T18:16:27.610000Z
  Found match for QMigrate/hypoinverse: event at 2023-04-11T18:16:27.270000Z
  Couldn't find match for STALTA/hypoinverse_corr
  Found match for PhaseNet/hypoinverse_corr: event at 2023-04-11T18:16:26.480000Z
  Found match for QMigrate/hypoinverse_corr: event at 2023-04-11T18:16:26.330000Z
  Couldn't find match for STALTA/hypoDD_dtct
  Found match for PhaseNet/hypoDD_dtct: event at 2023-04-11T18:16:26.420000Z
  Found matched events in 0.00s
  Saved plot: record_sections/all_in_one/49_20230411_181626_N.png
  Saved plot: record_sections/all_in_one/49_20230411_181626_E.png
  Saved plot: record_sections/all_in_one/49_20230411_181626_Z.png
  Generated and saved plots in 27.60s
  Total time for this event: 130.94s

Processing reference event ID 50 at 2023-04-11T18:16:33.600000Z (23/34)
  Loaded 765 traces in 95.64s
  Couldn't find match for STALTA/Initial
  Couldn't find match for PhaseNet/Initial
  Found match for QMigrate/Initial: event at 2023-04-11T18:16:33.065000Z
  Couldn't find match for STALTA/VELEST
  Found match for PhaseNet/VELEST: event at 2023-04-11T18:16:31.860000Z
  Found match for QMigrate/VELEST: event at 2023-04-11T18:16:33.030000Z
  Found match for STALTA/hypoinverse: event at 2023-04-11T18:16:31.230000Z
  Found match for PhaseNet/hypoinverse: event at 2023-04-11T18:16:27.610000Z
  Found match for QMigrate/hypoinverse: event at 2023-04-11T18:16:34.750000Z
  Couldn't find match for STALTA/hypoinverse_corr
  Found match for PhaseNet/hypoinverse_corr: event at 2023-04-11T18:16:33.720000Z
  Found match for QMigrate/hypoinverse_corr: event at 2023-04-11T18:16:33.600000Z
  Couldn't find match for STALTA/hypoDD_dtct
  Found match for PhaseNet/hypoDD_dtct: event at 2023-04-11T18:16:33.680000Z
  Found matched events in 0.00s
  Saved plot: record_sections/all_in_one/50_20230411_181633_N.png
  Saved plot: record_sections/all_in_one/50_20230411_181633_E.png
  Saved plot: record_sections/all_in_one/50_20230411_181633_Z.png
  Generated and saved plots in 27.75s
  Total time for this event: 124.06s

Processing reference event ID 51 at 2023-04-11T18:28:07.220000Z (24/34)
  Loaded 765 traces in 86.81s
  Couldn't find match for STALTA/Initial
  Couldn't find match for PhaseNet/Initial
  Found match for QMigrate/Initial: event at 2023-04-11T18:28:06.490000Z
  Found match for STALTA/VELEST: event at 2023-04-11T18:28:06.450000Z
  Found match for PhaseNet/VELEST: event at 2023-04-11T18:28:05.970000Z
  Found match for QMigrate/VELEST: event at 2023-04-11T18:28:06.590000Z
  Found match for STALTA/hypoinverse: event at 2023-04-11T18:28:09.640000Z
  Found match for PhaseNet/hypoinverse: event at 2023-04-11T18:28:08.510000Z
  Found match for QMigrate/hypoinverse: event at 2023-04-11T18:28:08.370000Z
  Found match for STALTA/hypoinverse_corr: event at 2023-04-11T18:28:08.170000Z
  Found match for PhaseNet/hypoinverse_corr: event at 2023-04-11T18:28:07.340000Z
  Found match for QMigrate/hypoinverse_corr: event at 2023-04-11T18:28:07.220000Z
  Found match for STALTA/hypoDD_dtct: event at 2023-04-11T18:28:08.400000Z
  Found match for PhaseNet/hypoDD_dtct: event at 2023-04-11T18:28:07.360000Z
  Found matched events in 0.00s
  Saved plot: record_sections/all_in_one/51_20230411_182807_N.png
  Saved plot: record_sections/all_in_one/51_20230411_182807_E.png
  Saved plot: record_sections/all_in_one/51_20230411_182807_Z.png
  Generated and saved plots in 32.11s
  Total time for this event: 119.55s

Processing reference event ID 52 at 2023-04-11T18:45:30.120000Z (25/34)
  Loaded 765 traces in 117.34s
  Couldn't find match for STALTA/Initial
  Couldn't find match for PhaseNet/Initial
  Found match for QMigrate/Initial: event at 2023-04-11T18:45:29.430000Z
  Couldn't find match for STALTA/VELEST
  Couldn't find match for PhaseNet/VELEST
  Found match for QMigrate/VELEST: event at 2023-04-11T18:45:29.750000Z
  Found match for STALTA/hypoinverse: event at 2023-04-11T18:45:34.820000Z
  Found match for PhaseNet/hypoinverse: event at 2023-04-11T18:45:30.250000Z
  Found match for QMigrate/hypoinverse: event at 2023-04-11T18:45:31.220000Z
  Couldn't find match for STALTA/hypoinverse_corr
  Found match for PhaseNet/hypoinverse_corr: event at 2023-04-11T18:45:30.250000Z
  Found match for QMigrate/hypoinverse_corr: event at 2023-04-11T18:45:30.130000Z
  Couldn't find match for STALTA/hypoDD_dtct
  Found match for PhaseNet/hypoDD_dtct: event at 2023-04-11T18:45:30.220000Z
  Found matched events in 0.00s
  Saved plot: record_sections/all_in_one/52_20230411_184530_N.png
  Saved plot: record_sections/all_in_one/52_20230411_184530_E.png
  Saved plot: record_sections/all_in_one/52_20230411_184530_Z.png
  Generated and saved plots in 25.44s
  Total time for this event: 143.39s

Processing reference event ID 53 at 2023-04-11T18:48:38.400000Z (26/34)
  Loaded 765 traces in 100.37s
  Couldn't find match for STALTA/Initial
  Couldn't find match for PhaseNet/Initial
  Found match for QMigrate/Initial: event at 2023-04-11T18:48:37.565000Z
  Couldn't find match for STALTA/VELEST
  Found match for PhaseNet/VELEST: event at 2023-04-11T18:48:37.860000Z
  Found match for QMigrate/VELEST: event at 2023-04-11T18:48:38.220000Z
  Couldn't find match for STALTA/hypoinverse
  Found match for PhaseNet/hypoinverse: event at 2023-04-11T18:48:39.030000Z
  Found match for QMigrate/hypoinverse: event at 2023-04-11T18:48:39.530000Z
  Couldn't find match for STALTA/hypoinverse_corr
  Found match for PhaseNet/hypoinverse_corr: event at 2023-04-11T18:48:38.520000Z
  Found match for QMigrate/hypoinverse_corr: event at 2023-04-11T18:48:38.160000Z
  Couldn't find match for STALTA/hypoDD_dtct
  Couldn't find match for PhaseNet/hypoDD_dtct
  Found matched events in 0.00s
  Saved plot: record_sections/all_in_one/53_20230411_184838_N.png
  Saved plot: record_sections/all_in_one/53_20230411_184838_E.png
  Saved plot: record_sections/all_in_one/53_20230411_184838_Z.png
  Generated and saved plots in 24.03s
  Total time for this event: 125.02s

Processing reference event ID 54 at 2023-04-11T19:13:02.000000Z (27/34)
  Loaded 765 traces in 98.00s
  Couldn't find match for STALTA/Initial
  Couldn't find match for PhaseNet/Initial
  Found match for QMigrate/Initial: event at 2023-04-11T19:13:01.240000Z
  Found match for STALTA/VELEST: event at 2023-04-11T19:13:01.170000Z
  Found match for PhaseNet/VELEST: event at 2023-04-11T19:13:01.040000Z
  Found match for QMigrate/VELEST: event at 2023-04-11T19:13:01.160000Z
  Found match for STALTA/hypoinverse: event at 2023-04-11T19:13:02.930000Z
  Found match for PhaseNet/hypoinverse: event at 2023-04-11T19:13:03.300000Z
  Found match for QMigrate/hypoinverse: event at 2023-04-11T19:13:03.100000Z
  Found match for STALTA/hypoinverse_corr: event at 2023-04-11T19:13:02.160000Z
  Found match for PhaseNet/hypoinverse_corr: event at 2023-04-11T19:13:02.170000Z
  Found match for QMigrate/hypoinverse_corr: event at 2023-04-11T19:13:01.990000Z
  Found match for STALTA/hypoDD_dtct: event at 2023-04-11T19:13:02.120000Z
  Found match for PhaseNet/hypoDD_dtct: event at 2023-04-11T19:13:02.120000Z
  Found matched events in 0.00s
  Saved plot: record_sections/all_in_one/54_20230411_191302_N.png
  Saved plot: record_sections/all_in_one/54_20230411_191302_E.png
  Saved plot: record_sections/all_in_one/54_20230411_191302_Z.png
  Generated and saved plots in 33.66s
  Total time for this event: 132.27s

Processing reference event ID 55 at 2023-04-11T19:38:41.080000Z (28/34)
  Loaded 765 traces in 103.56s
  Couldn't find match for STALTA/Initial
  Couldn't find match for PhaseNet/Initial
  Found match for QMigrate/Initial: event at 2023-04-11T19:38:40.675000Z
  Couldn't find match for STALTA/VELEST
  Found match for PhaseNet/VELEST: event at 2023-04-11T19:38:39.010000Z
  Found match for QMigrate/VELEST: event at 2023-04-11T19:38:39.760000Z
  Couldn't find match for STALTA/hypoinverse
  Couldn't find match for PhaseNet/hypoinverse
  Couldn't find match for QMigrate/hypoinverse
  Couldn't find match for STALTA/hypoinverse_corr
  Found match for PhaseNet/hypoinverse_corr: event at 2023-04-11T19:38:41.310000Z
  Found match for QMigrate/hypoinverse_corr: event at 2023-04-11T19:38:41.210000Z
  Couldn't find match for STALTA/hypoDD_dtct
  Found match for PhaseNet/hypoDD_dtct: event at 2023-04-11T19:38:41.200000Z
  Found matched events in 0.00s
  Saved plot: record_sections/all_in_one/55_20230411_193841_N.png
  Saved plot: record_sections/all_in_one/55_20230411_193841_E.png
  Saved plot: record_sections/all_in_one/55_20230411_193841_Z.png
  Generated and saved plots in 22.65s
  Total time for this event: 126.84s

Processing reference event ID 56 at 2023-04-11T20:30:42.460000Z (29/34)
  Loaded 765 traces in 97.62s
  Couldn't find match for STALTA/Initial
  Couldn't find match for PhaseNet/Initial
  Found match for QMigrate/Initial: event at 2023-04-11T20:30:41.830000Z
  Found match for STALTA/VELEST: event at 2023-04-11T20:30:41.800000Z
  Found match for PhaseNet/VELEST: event at 2023-04-11T20:30:41.910000Z
  Found match for QMigrate/VELEST: event at 2023-04-11T20:30:42.230000Z
  Found match for STALTA/hypoinverse: event at 2023-04-11T20:30:43.950000Z
  Found match for PhaseNet/hypoinverse: event at 2023-04-11T20:30:43.920000Z
  Found match for QMigrate/hypoinverse: event at 2023-04-11T20:30:43.780000Z
  Found match for STALTA/hypoinverse_corr: event at 2023-04-11T20:30:42.900000Z
  Found match for PhaseNet/hypoinverse_corr: event at 2023-04-11T20:30:42.630000Z
  Found match for QMigrate/hypoinverse_corr: event at 2023-04-11T20:30:42.850000Z
  Found match for STALTA/hypoDD_dtct: event at 2023-04-11T20:30:42.760000Z
  Found match for PhaseNet/hypoDD_dtct: event at 2023-04-11T20:30:42.640000Z
  Found matched events in 0.00s
  Saved plot: record_sections/all_in_one/56_20230411_203042_N.png
  Saved plot: record_sections/all_in_one/56_20230411_203042_E.png
  Saved plot: record_sections/all_in_one/56_20230411_203042_Z.png
  Generated and saved plots in 36.26s
  Total time for this event: 134.54s

Processing reference event ID 57 at 2023-04-11T20:51:54.080000Z (30/34)
  Loaded 765 traces in 98.28s
  Couldn't find match for STALTA/Initial
  Couldn't find match for PhaseNet/Initial
  Found match for QMigrate/Initial: event at 2023-04-11T20:51:52.925000Z
  Couldn't find match for STALTA/VELEST
  Couldn't find match for PhaseNet/VELEST
  Couldn't find match for QMigrate/VELEST
  Couldn't find match for STALTA/hypoinverse
  Couldn't find match for PhaseNet/hypoinverse
  Couldn't find match for QMigrate/hypoinverse
  Couldn't find match for STALTA/hypoinverse_corr
  Couldn't find match for PhaseNet/hypoinverse_corr
  Found match for QMigrate/hypoinverse_corr: event at 2023-04-11T20:51:54.140000Z
  Couldn't find match for STALTA/hypoDD_dtct
  Couldn't find match for PhaseNet/hypoDD_dtct
  Found matched events in 0.00s
  Saved plot: record_sections/all_in_one/57_20230411_205154_N.png
  Saved plot: record_sections/all_in_one/57_20230411_205154_E.png
  Saved plot: record_sections/all_in_one/57_20230411_205154_Z.png
  Generated and saved plots in 14.72s
  Total time for this event: 113.61s

Processing reference event ID 58 at 2023-04-11T21:12:44.600000Z (31/34)
  Loaded 765 traces in 86.92s
  Couldn't find match for STALTA/Initial
  Couldn't find match for PhaseNet/Initial
  Found match for QMigrate/Initial: event at 2023-04-11T21:12:43.960000Z
  Found match for STALTA/VELEST: event at 2023-04-11T21:12:48.990000Z
  Found match for PhaseNet/VELEST: event at 2023-04-11T21:12:43.430000Z
  Couldn't find match for QMigrate/VELEST
  Couldn't find match for STALTA/hypoinverse
  Couldn't find match for PhaseNet/hypoinverse
  Found match for QMigrate/hypoinverse: event at 2023-04-11T21:12:46.630000Z
  Couldn't find match for STALTA/hypoinverse_corr
  Found match for PhaseNet/hypoinverse_corr: event at 2023-04-11T21:12:44.850000Z
  Found match for QMigrate/hypoinverse_corr: event at 2023-04-11T21:12:44.560000Z
  Couldn't find match for STALTA/hypoDD_dtct
  Found match for PhaseNet/hypoDD_dtct: event at 2023-04-11T21:12:44.740000Z
  Found matched events in 0.00s
  Saved plot: record_sections/all_in_one/58_20230411_211244_N.png
  Saved plot: record_sections/all_in_one/58_20230411_211244_E.png
  Saved plot: record_sections/all_in_one/58_20230411_211244_Z.png
  Generated and saved plots in 24.22s
  Total time for this event: 111.73s

Processing reference event ID 59 at 2023-04-11T21:18:31.240000Z (32/34)
  Loaded 765 traces in 97.37s
  Couldn't find match for STALTA/Initial
  Couldn't find match for PhaseNet/Initial
  Found match for QMigrate/Initial: event at 2023-04-11T21:18:30.655000Z
  Couldn't find match for STALTA/VELEST
  Couldn't find match for PhaseNet/VELEST
  Found match for QMigrate/VELEST: event at 2023-04-11T21:18:30.960000Z
  Couldn't find match for STALTA/hypoinverse
  Couldn't find match for PhaseNet/hypoinverse
  Found match for QMigrate/hypoinverse: event at 2023-04-11T21:18:32.530000Z
  Couldn't find match for STALTA/hypoinverse_corr
  Couldn't find match for PhaseNet/hypoinverse_corr
  Found match for QMigrate/hypoinverse_corr: event at 2023-04-11T21:18:31.430000Z
  Couldn't find match for STALTA/hypoDD_dtct
  Couldn't find match for PhaseNet/hypoDD_dtct
  Found matched events in 0.00s
  Saved plot: record_sections/all_in_one/59_20230411_211831_N.png
  Saved plot: record_sections/all_in_one/59_20230411_211831_E.png
  Saved plot: record_sections/all_in_one/59_20230411_211831_Z.png
  Generated and saved plots in 19.22s
  Total time for this event: 117.19s

Processing reference event ID 60 at 2023-04-11T22:39:43.680000Z (33/34)
  Loaded 765 traces in 92.71s
  Couldn't find match for STALTA/Initial
  Couldn't find match for PhaseNet/Initial
  Found match for QMigrate/Initial: event at 2023-04-11T22:39:43.125000Z
  Found match for STALTA/VELEST: event at 2023-04-11T22:39:43.000000Z
  Found match for PhaseNet/VELEST: event at 2023-04-11T22:39:41.910000Z
  Found match for QMigrate/VELEST: event at 2023-04-11T22:39:42.360000Z
  Found match for STALTA/hypoinverse: event at 2023-04-11T22:39:45.030000Z
  Found match for PhaseNet/hypoinverse: event at 2023-04-11T22:39:44.860000Z
  Found match for QMigrate/hypoinverse: event at 2023-04-11T22:39:44.920000Z
  Found match for STALTA/hypoinverse_corr: event at 2023-04-11T22:39:43.980000Z
  Found match for PhaseNet/hypoinverse_corr: event at 2023-04-11T22:39:43.690000Z
  Found match for QMigrate/hypoinverse_corr: event at 2023-04-11T22:39:43.610000Z
  Found match for STALTA/hypoDD_dtct: event at 2023-04-11T22:39:43.760000Z
  Found match for PhaseNet/hypoDD_dtct: event at 2023-04-11T22:39:43.760000Z
  Found matched events in 0.00s
  Saved plot: record_sections/all_in_one/60_20230411_223943_N.png
  Saved plot: record_sections/all_in_one/60_20230411_223943_E.png
  Saved plot: record_sections/all_in_one/60_20230411_223943_Z.png
  Generated and saved plots in 35.01s
  Total time for this event: 128.34s

Processing reference event ID 61 at 2023-04-11T23:09:11.020000Z (34/34)
  Loaded 765 traces in 104.22s
  Couldn't find match for STALTA/Initial
  Couldn't find match for PhaseNet/Initial
  Found match for QMigrate/Initial: event at 2023-04-11T23:09:10.355000Z
  Couldn't find match for STALTA/VELEST
  Found match for PhaseNet/VELEST: event at 2023-04-11T23:09:10.190000Z
  Found match for QMigrate/VELEST: event at 2023-04-11T23:09:10.320000Z
  Couldn't find match for STALTA/hypoinverse
  Couldn't find match for PhaseNet/hypoinverse
  Found match for QMigrate/hypoinverse: event at 2023-04-11T23:09:12.630000Z
  Couldn't find match for STALTA/hypoinverse_corr
  Found match for PhaseNet/hypoinverse_corr: event at 2023-04-11T23:09:11.190000Z
  Found match for QMigrate/hypoinverse_corr: event at 2023-04-11T23:09:10.980000Z
  Couldn't find match for STALTA/hypoDD_dtct
  Found match for PhaseNet/hypoDD_dtct: event at 2023-04-11T23:09:11.200000Z
  Found matched events in 0.00s
  Saved plot: record_sections/all_in_one/61_20230411_230911_N.png
  Saved plot: record_sections/all_in_one/61_20230411_230911_E.png
  Saved plot: record_sections/all_in_one/61_20230411_230911_Z.png
  Generated and saved plots in 23.21s
  Total time for this event: 128.05s

Total script execution time: 4061.57s
  Running plot_mode: individual
Loaded station data in 0.00s
Loaded reference catalog (34 events from QMigrate/hypoDD_dtct) in 0.01s
Initial/STALTA: has 30
Initial/PhaseNet: has 30
Initial/QMigrate: has 40
VELEST/STALTA: has 10
VELEST/PhaseNet: has 22
VELEST/QMigrate: has 31
hypoinverse/STALTA: has 20
hypoinverse/PhaseNet: has 23
hypoinverse/QMigrate: has 29
hypoinverse_corr/STALTA: has 9
hypoinverse_corr/PhaseNet: has 26
hypoinverse_corr/QMigrate: has 35
hypoDD_dtct/STALTA: has 5
hypoDD_dtct/PhaseNet: has 25
hypoDD_dtct/QMigrate: has 34
Loaded all other catalogs in 0.07s

Processing reference event ID 27 at 2023-04-11T00:23:12.280000Z (1/34)
  Loaded 546 traces in 101.27s
  Couldn't find match for STALTA/Initial
  Couldn't find match for PhaseNet/Initial
  Found match for QMigrate/Initial: event at 2023-04-11T00:23:11.465000Z
  Found match for STALTA/VELEST: event at 2023-04-11T00:23:11.580000Z
  Couldn't find match for PhaseNet/VELEST
  Found match for QMigrate/VELEST: event at 2023-04-11T00:23:12.140000Z
  Found match for STALTA/hypoinverse: event at 2023-04-11T00:23:14.900000Z
  Couldn't find match for PhaseNet/hypoinverse
  Found match for QMigrate/hypoinverse: event at 2023-04-11T00:23:13.990000Z
  Found match for STALTA/hypoinverse_corr: event at 2023-04-11T00:23:13.700000Z
  Couldn't find match for PhaseNet/hypoinverse_corr
  Found match for QMigrate/hypoinverse_corr: event at 2023-04-11T00:23:12.310000Z
  Found match for STALTA/hypoDD_dtct: event at 2023-04-11T00:23:13.750000Z
  Couldn't find match for PhaseNet/hypoDD_dtct
  Found matched events in 0.00s
  Saved plot: record_sections/individual/QMigrate/hypoDD_dtct/27_hypoDD_dtct_QMigrate_20230411_002312.png
  Saved plot: record_sections/individual/QMigrate/Initial/27_Initial_QMigrate_20230411_002312.png
  Saved plot: record_sections/individual/STALTA/VELEST/27_VELEST_STALTA_20230411_002312.png
  Saved plot: record_sections/individual/QMigrate/VELEST/27_VELEST_QMigrate_20230411_002312.png
  Saved plot: record_sections/individual/STALTA/hypoinverse/27_hypoinverse_STALTA_20230411_002312.png
  Saved plot: record_sections/individual/QMigrate/hypoinverse/27_hypoinverse_QMigrate_20230411_002312.png
  Saved plot: record_sections/individual/STALTA/hypoinverse_corr/27_hypoinverse_corr_STALTA_20230411_002312.png
  Saved plot: record_sections/individual/QMigrate/hypoinverse_corr/27_hypoinverse_corr_QMigrate_20230411_002312.png
  Saved plot: record_sections/individual/STALTA/hypoDD_dtct/27_hypoDD_dtct_STALTA_20230411_002312.png
  Generated and saved plots in 20.97s
  Total time for this event: 124.11s

Processing reference event ID 28 at 2023-04-11T00:29:31.640000Z (2/34)
  Loaded 546 traces in 93.97s
  Couldn't find match for STALTA/Initial
  Couldn't find match for PhaseNet/Initial
  Found match for QMigrate/Initial: event at 2023-04-11T00:29:30.915000Z
  Found match for STALTA/VELEST: event at 2023-04-11T00:29:31.670000Z
  Couldn't find match for PhaseNet/VELEST
  Found match for QMigrate/VELEST: event at 2023-04-11T00:29:32.020000Z
  Found match for STALTA/hypoinverse: event at 2023-04-11T00:29:34.220000Z
  Couldn't find match for PhaseNet/hypoinverse
  Found match for QMigrate/hypoinverse: event at 2023-04-11T00:29:33.300000Z
  Couldn't find match for STALTA/hypoinverse_corr
  Couldn't find match for PhaseNet/hypoinverse_corr
  Found match for QMigrate/hypoinverse_corr: event at 2023-04-11T00:29:31.690000Z
  Couldn't find match for STALTA/hypoDD_dtct
  Couldn't find match for PhaseNet/hypoDD_dtct
  Found matched events in 0.00s
  Saved plot: record_sections/individual/QMigrate/hypoDD_dtct/28_hypoDD_dtct_QMigrate_20230411_002931.png
  Saved plot: record_sections/individual/QMigrate/Initial/28_Initial_QMigrate_20230411_002931.png
  Saved plot: record_sections/individual/STALTA/VELEST/28_VELEST_STALTA_20230411_002931.png
  Saved plot: record_sections/individual/QMigrate/VELEST/28_VELEST_QMigrate_20230411_002931.png
  Saved plot: record_sections/individual/STALTA/hypoinverse/28_hypoinverse_STALTA_20230411_002931.png
  Saved plot: record_sections/individual/QMigrate/hypoinverse/28_hypoinverse_QMigrate_20230411_002931.png
  Saved plot: record_sections/individual/QMigrate/hypoinverse_corr/28_hypoinverse_corr_QMigrate_20230411_002931.png
  Generated and saved plots in 17.98s
  Total time for this event: 112.44s

Processing reference event ID 29 at 2023-04-11T01:03:50.430000Z (3/34)
  Loaded 546 traces in 100.91s
  Couldn't find match for STALTA/Initial
  Couldn't find match for PhaseNet/Initial
  Found match for QMigrate/Initial: event at 2023-04-11T01:03:49.695000Z
  Couldn't find match for STALTA/VELEST
  Found match for PhaseNet/VELEST: event at 2023-04-11T01:03:49.690000Z
  Found match for QMigrate/VELEST: event at 2023-04-11T01:03:50.390000Z
  Couldn't find match for STALTA/hypoinverse
  Found match for PhaseNet/hypoinverse: event at 2023-04-11T01:03:52.160000Z
  Couldn't find match for QMigrate/hypoinverse
  Couldn't find match for STALTA/hypoinverse_corr
  Found match for PhaseNet/hypoinverse_corr: event at 2023-04-11T01:03:50.510000Z
  Found match for QMigrate/hypoinverse_corr: event at 2023-04-11T01:03:50.490000Z
  Couldn't find match for STALTA/hypoDD_dtct
  Found match for PhaseNet/hypoDD_dtct: event at 2023-04-11T01:03:50.480000Z
  Found matched events in 0.00s
  Saved plot: record_sections/individual/QMigrate/hypoDD_dtct/29_hypoDD_dtct_QMigrate_20230411_010350.png
  Saved plot: record_sections/individual/QMigrate/Initial/29_Initial_QMigrate_20230411_010350.png
  Saved plot: record_sections/individual/PhaseNet/VELEST/29_VELEST_PhaseNet_20230411_010350.png
  Saved plot: record_sections/individual/QMigrate/VELEST/29_VELEST_QMigrate_20230411_010350.png
  Saved plot: record_sections/individual/PhaseNet/hypoinverse/29_hypoinverse_PhaseNet_20230411_010350.png
  Saved plot: record_sections/individual/PhaseNet/hypoinverse_corr/29_hypoinverse_corr_PhaseNet_20230411_010350.png
  Saved plot: record_sections/individual/QMigrate/hypoinverse_corr/29_hypoinverse_corr_QMigrate_20230411_010350.png
  Saved plot: record_sections/individual/PhaseNet/hypoDD_dtct/29_hypoDD_dtct_PhaseNet_20230411_010350.png
  Generated and saved plots in 21.56s
  Total time for this event: 122.95s

Processing reference event ID 30 at 2023-04-11T02:20:48.190000Z (4/34)
  Loaded 546 traces in 109.28s
  Couldn't find match for STALTA/Initial
  Couldn't find match for PhaseNet/Initial
  Found match for QMigrate/Initial: event at 2023-04-11T02:20:47.700000Z
  Couldn't find match for STALTA/VELEST
  Couldn't find match for PhaseNet/VELEST
  Found match for QMigrate/VELEST: event at 2023-04-11T02:20:48.250000Z
  Couldn't find match for STALTA/hypoinverse
  Couldn't find match for PhaseNet/hypoinverse
  Found match for QMigrate/hypoinverse: event at 2023-04-11T02:20:49.580000Z
  Couldn't find match for STALTA/hypoinverse_corr
  Couldn't find match for PhaseNet/hypoinverse_corr
  Found match for QMigrate/hypoinverse_corr: event at 2023-04-11T02:20:48.750000Z
  Couldn't find match for STALTA/hypoDD_dtct
  Couldn't find match for PhaseNet/hypoDD_dtct
  Found matched events in 0.00s
  Saved plot: record_sections/individual/QMigrate/hypoDD_dtct/30_hypoDD_dtct_QMigrate_20230411_022048.png
  Saved plot: record_sections/individual/QMigrate/Initial/30_Initial_QMigrate_20230411_022048.png
  Saved plot: record_sections/individual/QMigrate/VELEST/30_VELEST_QMigrate_20230411_022048.png
  Saved plot: record_sections/individual/QMigrate/hypoinverse/30_hypoinverse_QMigrate_20230411_022048.png
  Saved plot: record_sections/individual/QMigrate/hypoinverse_corr/30_hypoinverse_corr_QMigrate_20230411_022048.png
  Generated and saved plots in 13.75s
  Total time for this event: 123.80s

Processing reference event ID 31 at 2023-04-11T02:37:38.240000Z (5/34)
  Loaded 546 traces in 96.76s
  Couldn't find match for STALTA/Initial
  Couldn't find match for PhaseNet/Initial
  Found match for QMigrate/Initial: event at 2023-04-11T02:37:37.430000Z
  Couldn't find match for STALTA/VELEST
  Couldn't find match for PhaseNet/VELEST
  Found match for QMigrate/VELEST: event at 2023-04-11T02:37:37.320000Z
  Couldn't find match for STALTA/hypoinverse
  Found match for PhaseNet/hypoinverse: event at 2023-04-11T02:37:38.280000Z
  Found match for QMigrate/hypoinverse: event at 2023-04-11T02:37:39.830000Z
  Couldn't find match for STALTA/hypoinverse_corr
  Couldn't find match for PhaseNet/hypoinverse_corr
  Found match for QMigrate/hypoinverse_corr: event at 2023-04-11T02:37:38.460000Z
  Couldn't find match for STALTA/hypoDD_dtct
  Couldn't find match for PhaseNet/hypoDD_dtct
  Found matched events in 0.00s
  Saved plot: record_sections/individual/QMigrate/hypoDD_dtct/31_hypoDD_dtct_QMigrate_20230411_023738.png
  Saved plot: record_sections/individual/QMigrate/Initial/31_Initial_QMigrate_20230411_023738.png
  Saved plot: record_sections/individual/QMigrate/VELEST/31_VELEST_QMigrate_20230411_023738.png
  Saved plot: record_sections/individual/PhaseNet/hypoinverse/31_hypoinverse_PhaseNet_20230411_023738.png
  Saved plot: record_sections/individual/QMigrate/hypoinverse/31_hypoinverse_QMigrate_20230411_023738.png
  Saved plot: record_sections/individual/QMigrate/hypoinverse_corr/31_hypoinverse_corr_QMigrate_20230411_023738.png
  Generated and saved plots in 16.70s
  Total time for this event: 113.98s

Processing reference event ID 32 at 2023-04-11T02:41:53.960000Z (6/34)
  Loaded 546 traces in 96.26s
  Couldn't find match for STALTA/Initial
  Couldn't find match for PhaseNet/Initial
  Found match for QMigrate/Initial: event at 2023-04-11T02:41:53.255000Z
  Couldn't find match for STALTA/VELEST
  Couldn't find match for PhaseNet/VELEST
  Found match for QMigrate/VELEST: event at 2023-04-11T02:41:54.980000Z
  Found match for STALTA/hypoinverse: event at 2023-04-11T02:41:55.680000Z
  Found match for PhaseNet/hypoinverse: event at 2023-04-11T02:41:53.990000Z
  Found match for QMigrate/hypoinverse: event at 2023-04-11T02:41:55.680000Z
  Couldn't find match for STALTA/hypoinverse_corr
  Couldn't find match for PhaseNet/hypoinverse_corr
  Found match for QMigrate/hypoinverse_corr: event at 2023-04-11T02:41:53.980000Z
  Couldn't find match for STALTA/hypoDD_dtct
  Couldn't find match for PhaseNet/hypoDD_dtct
  Found matched events in 0.00s
  Saved plot: record_sections/individual/QMigrate/hypoDD_dtct/32_hypoDD_dtct_QMigrate_20230411_024153.png
  Saved plot: record_sections/individual/QMigrate/Initial/32_Initial_QMigrate_20230411_024153.png
  Saved plot: record_sections/individual/QMigrate/VELEST/32_VELEST_QMigrate_20230411_024153.png
  Saved plot: record_sections/individual/STALTA/hypoinverse/32_hypoinverse_STALTA_20230411_024153.png
  Saved plot: record_sections/individual/PhaseNet/hypoinverse/32_hypoinverse_PhaseNet_20230411_024153.png
  Saved plot: record_sections/individual/QMigrate/hypoinverse/32_hypoinverse_QMigrate_20230411_024153.png
  Saved plot: record_sections/individual/QMigrate/hypoinverse_corr/32_hypoinverse_corr_QMigrate_20230411_024153.png
  Generated and saved plots in 18.88s
  Total time for this event: 115.64s

Processing reference event ID 33 at 2023-04-11T03:09:13.640000Z (7/34)
  Loaded 552 traces in 94.12s
  Couldn't find match for STALTA/Initial
  Couldn't find match for PhaseNet/Initial
  Found match for QMigrate/Initial: event at 2023-04-11T03:09:13.135000Z
  Couldn't find match for STALTA/VELEST
  Found match for PhaseNet/VELEST: event at 2023-04-11T03:09:12.260000Z
  Found match for QMigrate/VELEST: event at 2023-04-11T03:09:13.340000Z
  Couldn't find match for STALTA/hypoinverse
  Found match for PhaseNet/hypoinverse: event at 2023-04-11T03:09:14.860000Z
  Found match for QMigrate/hypoinverse: event at 2023-04-11T03:09:15.060000Z
  Couldn't find match for STALTA/hypoinverse_corr
  Found match for PhaseNet/hypoinverse_corr: event at 2023-04-11T03:09:13.870000Z
  Found match for QMigrate/hypoinverse_corr: event at 2023-04-11T03:09:14.000000Z
  Couldn't find match for STALTA/hypoDD_dtct
  Found match for PhaseNet/hypoDD_dtct: event at 2023-04-11T03:09:13.810000Z
  Found matched events in 0.00s
  Saved plot: record_sections/individual/QMigrate/hypoDD_dtct/33_hypoDD_dtct_QMigrate_20230411_030913.png
  Saved plot: record_sections/individual/QMigrate/Initial/33_Initial_QMigrate_20230411_030913.png
  Saved plot: record_sections/individual/PhaseNet/VELEST/33_VELEST_PhaseNet_20230411_030913.png
  Saved plot: record_sections/individual/QMigrate/VELEST/33_VELEST_QMigrate_20230411_030913.png
  Saved plot: record_sections/individual/PhaseNet/hypoinverse/33_hypoinverse_PhaseNet_20230411_030913.png
  Saved plot: record_sections/individual/QMigrate/hypoinverse/33_hypoinverse_QMigrate_20230411_030913.png
  Saved plot: record_sections/individual/PhaseNet/hypoinverse_corr/33_hypoinverse_corr_PhaseNet_20230411_030913.png
  Saved plot: record_sections/individual/QMigrate/hypoinverse_corr/33_hypoinverse_corr_QMigrate_20230411_030913.png
  Saved plot: record_sections/individual/PhaseNet/hypoDD_dtct/33_hypoDD_dtct_PhaseNet_20230411_030913.png
  Generated and saved plots in 23.99s
  Total time for this event: 118.59s

Processing reference event ID 34 at 2023-04-11T03:15:48.760000Z (8/34)
  Loaded 552 traces in 99.04s
  Couldn't find match for STALTA/Initial
  Couldn't find match for PhaseNet/Initial
  Found match for QMigrate/Initial: event at 2023-04-11T03:15:48.005000Z
  Found match for STALTA/VELEST: event at 2023-04-11T03:15:52.170000Z
  Found match for PhaseNet/VELEST: event at 2023-04-11T03:15:48.410000Z
  Found match for QMigrate/VELEST: event at 2023-04-11T03:15:48.220000Z
  Found match for STALTA/hypoinverse: event at 2023-04-11T03:15:53.890000Z
  Couldn't find match for PhaseNet/hypoinverse
  Found match for QMigrate/hypoinverse: event at 2023-04-11T03:15:50.470000Z
  Couldn't find match for STALTA/hypoinverse_corr
  Found match for PhaseNet/hypoinverse_corr: event at 2023-04-11T03:15:49.020000Z
  Found match for QMigrate/hypoinverse_corr: event at 2023-04-11T03:15:48.760000Z
  Couldn't find match for STALTA/hypoDD_dtct
  Found match for PhaseNet/hypoDD_dtct: event at 2023-04-11T03:15:48.940000Z
  Found matched events in 0.00s
  Saved plot: record_sections/individual/QMigrate/hypoDD_dtct/34_hypoDD_dtct_QMigrate_20230411_031548.png
  Saved plot: record_sections/individual/QMigrate/Initial/34_Initial_QMigrate_20230411_031548.png
  Saved plot: record_sections/individual/STALTA/VELEST/34_VELEST_STALTA_20230411_031548.png
  Saved plot: record_sections/individual/PhaseNet/VELEST/34_VELEST_PhaseNet_20230411_031548.png
  Saved plot: record_sections/individual/QMigrate/VELEST/34_VELEST_QMigrate_20230411_031548.png
  Saved plot: record_sections/individual/STALTA/hypoinverse/34_hypoinverse_STALTA_20230411_031548.png
  Saved plot: record_sections/individual/QMigrate/hypoinverse/34_hypoinverse_QMigrate_20230411_031548.png
  Saved plot: record_sections/individual/PhaseNet/hypoinverse_corr/34_hypoinverse_corr_PhaseNet_20230411_031548.png
  Saved plot: record_sections/individual/QMigrate/hypoinverse_corr/34_hypoinverse_corr_QMigrate_20230411_031548.png
  Saved plot: record_sections/individual/PhaseNet/hypoDD_dtct/34_hypoDD_dtct_PhaseNet_20230411_031548.png
  Generated and saved plots in 24.19s
  Total time for this event: 123.70s

Processing reference event ID 35 at 2023-04-11T03:17:08.670000Z (9/34)
  Loaded 552 traces in 86.59s
  Couldn't find match for STALTA/Initial
  Couldn't find match for PhaseNet/Initial
  Found match for QMigrate/Initial: event at 2023-04-11T03:17:07.845000Z
  Found match for STALTA/VELEST: event at 2023-04-11T03:15:52.170000Z
  Found match for PhaseNet/VELEST: event at 2023-04-11T03:15:48.410000Z
  Found match for QMigrate/VELEST: event at 2023-04-11T03:15:48.220000Z
  Found match for STALTA/hypoinverse: event at 2023-04-11T03:15:53.890000Z
  Couldn't find match for PhaseNet/hypoinverse
  Found match for QMigrate/hypoinverse: event at 2023-04-11T03:15:50.470000Z
  Couldn't find match for STALTA/hypoinverse_corr
  Found match for PhaseNet/hypoinverse_corr: event at 2023-04-11T03:15:49.020000Z
  Found match for QMigrate/hypoinverse_corr: event at 2023-04-11T03:17:08.380000Z
  Couldn't find match for STALTA/hypoDD_dtct
  Found match for PhaseNet/hypoDD_dtct: event at 2023-04-11T03:15:48.940000Z
  Found matched events in 0.00s
  Saved plot: record_sections/individual/QMigrate/hypoDD_dtct/35_hypoDD_dtct_QMigrate_20230411_031708.png
  Saved plot: record_sections/individual/QMigrate/Initial/35_Initial_QMigrate_20230411_031708.png
  --> Could not plot record section for STALTA/VELEST: No suitable waveform data found.
  --> Could not plot record section for PhaseNet/VELEST: No suitable waveform data found.
  --> Could not plot record section for QMigrate/VELEST: No suitable waveform data found.
  --> Could not plot record section for STALTA/hypoinverse: No suitable waveform data found.
  --> Could not plot record section for QMigrate/hypoinverse: No suitable waveform data found.
  --> Could not plot record section for PhaseNet/hypoinverse_corr: No suitable waveform data found.
  Saved plot: record_sections/individual/QMigrate/hypoinverse_corr/35_hypoinverse_corr_QMigrate_20230411_031708.png
  --> Could not plot record section for PhaseNet/hypoDD_dtct: No suitable waveform data found.
  Generated and saved plots in 10.82s
  Total time for this event: 97.87s

Processing reference event ID 36 at 2023-04-11T03:20:04.950000Z (10/34)
  Loaded 555 traces in 99.45s
  Couldn't find match for STALTA/Initial
  Couldn't find match for PhaseNet/Initial
  Found match for QMigrate/Initial: event at 2023-04-11T03:20:04.255000Z
  Found match for STALTA/VELEST: event at 2023-04-11T03:20:08.680000Z
  Found match for PhaseNet/VELEST: event at 2023-04-11T03:20:04.380000Z
  Found match for QMigrate/VELEST: event at 2023-04-11T03:20:05.110000Z
  Found match for STALTA/hypoinverse: event at 2023-04-11T03:20:09.910000Z
  Found match for PhaseNet/hypoinverse: event at 2023-04-11T03:20:06.600000Z
  Found match for QMigrate/hypoinverse: event at 2023-04-11T03:20:06.640000Z
  Found match for STALTA/hypoinverse_corr: event at 2023-04-11T03:20:08.320000Z
  Found match for PhaseNet/hypoinverse_corr: event at 2023-04-11T03:20:05.210000Z
  Found match for QMigrate/hypoinverse_corr: event at 2023-04-11T03:20:05.070000Z
  Couldn't find match for STALTA/hypoDD_dtct
  Found match for PhaseNet/hypoDD_dtct: event at 2023-04-11T03:20:05.100000Z
  Found matched events in 0.00s
  Saved plot: record_sections/individual/QMigrate/hypoDD_dtct/36_hypoDD_dtct_QMigrate_20230411_032004.png
  Saved plot: record_sections/individual/QMigrate/Initial/36_Initial_QMigrate_20230411_032004.png
  Saved plot: record_sections/individual/STALTA/VELEST/36_VELEST_STALTA_20230411_032004.png
  Saved plot: record_sections/individual/PhaseNet/VELEST/36_VELEST_PhaseNet_20230411_032004.png
  Saved plot: record_sections/individual/QMigrate/VELEST/36_VELEST_QMigrate_20230411_032004.png
  Saved plot: record_sections/individual/STALTA/hypoinverse/36_hypoinverse_STALTA_20230411_032004.png
  Saved plot: record_sections/individual/PhaseNet/hypoinverse/36_hypoinverse_PhaseNet_20230411_032004.png
  Saved plot: record_sections/individual/QMigrate/hypoinverse/36_hypoinverse_QMigrate_20230411_032004.png
  Saved plot: record_sections/individual/STALTA/hypoinverse_corr/36_hypoinverse_corr_STALTA_20230411_032004.png
  Saved plot: record_sections/individual/PhaseNet/hypoinverse_corr/36_hypoinverse_corr_PhaseNet_20230411_032004.png
  Saved plot: record_sections/individual/QMigrate/hypoinverse_corr/36_hypoinverse_corr_QMigrate_20230411_032004.png
  Saved plot: record_sections/individual/PhaseNet/hypoDD_dtct/36_hypoDD_dtct_PhaseNet_20230411_032004.png
  Generated and saved plots in 30.51s
  Total time for this event: 130.42s

Processing reference event ID 37 at 2023-04-11T06:00:04.010000Z (11/34)
  Loaded 642 traces in 98.13s
  Couldn't find match for STALTA/Initial
  Couldn't find match for PhaseNet/Initial
  Found match for QMigrate/Initial: event at 2023-04-11T06:00:03.400000Z
  Couldn't find match for STALTA/VELEST
  Couldn't find match for PhaseNet/VELEST
  Found match for QMigrate/VELEST: event at 2023-04-11T06:00:02.080000Z
  Couldn't find match for STALTA/hypoinverse
  Couldn't find match for PhaseNet/hypoinverse
  Found match for QMigrate/hypoinverse: event at 2023-04-11T06:00:05.900000Z
  Couldn't find match for STALTA/hypoinverse_corr
  Couldn't find match for PhaseNet/hypoinverse_corr
  Found match for QMigrate/hypoinverse_corr: event at 2023-04-11T06:00:03.970000Z
  Couldn't find match for STALTA/hypoDD_dtct
  Couldn't find match for PhaseNet/hypoDD_dtct
  Found matched events in 0.00s
  Saved plot: record_sections/individual/QMigrate/hypoDD_dtct/37_hypoDD_dtct_QMigrate_20230411_060004.png
  Saved plot: record_sections/individual/QMigrate/Initial/37_Initial_QMigrate_20230411_060004.png
  Saved plot: record_sections/individual/QMigrate/VELEST/37_VELEST_QMigrate_20230411_060004.png
  Saved plot: record_sections/individual/QMigrate/hypoinverse/37_hypoinverse_QMigrate_20230411_060004.png
  Saved plot: record_sections/individual/QMigrate/hypoinverse_corr/37_hypoinverse_corr_QMigrate_20230411_060004.png
  Generated and saved plots in 14.78s
  Total time for this event: 113.45s

Processing reference event ID 38 at 2023-04-11T06:30:08.200000Z (12/34)
  Loaded 669 traces in 100.11s
  Couldn't find match for STALTA/Initial
  Couldn't find match for PhaseNet/Initial
  Found match for QMigrate/Initial: event at 2023-04-11T06:30:07.590000Z
  Couldn't find match for STALTA/VELEST
  Couldn't find match for PhaseNet/VELEST
  Found match for QMigrate/VELEST: event at 2023-04-11T06:30:09.350000Z
  Couldn't find match for STALTA/hypoinverse
  Couldn't find match for PhaseNet/hypoinverse
  Found match for QMigrate/hypoinverse: event at 2023-04-11T06:30:09.430000Z
  Couldn't find match for STALTA/hypoinverse_corr
  Couldn't find match for PhaseNet/hypoinverse_corr
  Found match for QMigrate/hypoinverse_corr: event at 2023-04-11T06:30:07.910000Z
  Couldn't find match for STALTA/hypoDD_dtct
  Couldn't find match for PhaseNet/hypoDD_dtct
  Found matched events in 0.00s
  Saved plot: record_sections/individual/QMigrate/hypoDD_dtct/38_hypoDD_dtct_QMigrate_20230411_063008.png
  Saved plot: record_sections/individual/QMigrate/Initial/38_Initial_QMigrate_20230411_063008.png
  Saved plot: record_sections/individual/QMigrate/VELEST/38_VELEST_QMigrate_20230411_063008.png
  Saved plot: record_sections/individual/QMigrate/hypoinverse/38_hypoinverse_QMigrate_20230411_063008.png
  Saved plot: record_sections/individual/QMigrate/hypoinverse_corr/38_hypoinverse_corr_QMigrate_20230411_063008.png
  Generated and saved plots in 15.02s
  Total time for this event: 115.71s

Processing reference event ID 39 at 2023-04-11T07:17:13.990000Z (13/34)
  Loaded 705 traces in 102.91s
  Found match for STALTA/Initial: event at 2023-04-11T07:17:14.103000Z
  Found match for PhaseNet/Initial: event at 2023-04-11T07:17:14.103000Z
  Found match for QMigrate/Initial: event at 2023-04-11T07:17:13.215000Z
  Couldn't find match for STALTA/VELEST
  Found match for PhaseNet/VELEST: event at 2023-04-11T07:17:12.850000Z
  Found match for QMigrate/VELEST: event at 2023-04-11T07:17:13.440000Z
  Couldn't find match for STALTA/hypoinverse
  Found match for PhaseNet/hypoinverse: event at 2023-04-11T07:17:15.750000Z
  Found match for QMigrate/hypoinverse: event at 2023-04-11T07:17:15.750000Z
  Couldn't find match for STALTA/hypoinverse_corr
  Found match for PhaseNet/hypoinverse_corr: event at 2023-04-11T07:17:14.130000Z
  Found match for QMigrate/hypoinverse_corr: event at 2023-04-11T07:17:14.160000Z
  Couldn't find match for STALTA/hypoDD_dtct
  Found match for PhaseNet/hypoDD_dtct: event at 2023-04-11T07:17:14.140000Z
  Found matched events in 0.00s
  Saved plot: record_sections/individual/QMigrate/hypoDD_dtct/39_hypoDD_dtct_QMigrate_20230411_071713.png
  Saved plot: record_sections/individual/STALTA/Initial/39_Initial_STALTA_20230411_071713.png
  Saved plot: record_sections/individual/PhaseNet/Initial/39_Initial_PhaseNet_20230411_071713.png
  Saved plot: record_sections/individual/QMigrate/Initial/39_Initial_QMigrate_20230411_071713.png
  Saved plot: record_sections/individual/PhaseNet/VELEST/39_VELEST_PhaseNet_20230411_071713.png
  Saved plot: record_sections/individual/QMigrate/VELEST/39_VELEST_QMigrate_20230411_071713.png
  Saved plot: record_sections/individual/PhaseNet/hypoinverse/39_hypoinverse_PhaseNet_20230411_071713.png
  Saved plot: record_sections/individual/QMigrate/hypoinverse/39_hypoinverse_QMigrate_20230411_071713.png
  Saved plot: record_sections/individual/PhaseNet/hypoinverse_corr/39_hypoinverse_corr_PhaseNet_20230411_071713.png
  Saved plot: record_sections/individual/QMigrate/hypoinverse_corr/39_hypoinverse_corr_QMigrate_20230411_071713.png
  Saved plot: record_sections/individual/PhaseNet/hypoDD_dtct/39_hypoDD_dtct_PhaseNet_20230411_071713.png
  Generated and saved plots in 35.37s
  Total time for this event: 138.91s

Processing reference event ID 40 at 2023-04-11T07:32:28.520000Z (14/34)
  Loaded 711 traces in 94.04s
  Couldn't find match for STALTA/Initial
  Couldn't find match for PhaseNet/Initial
  Found match for QMigrate/Initial: event at 2023-04-11T07:32:27.925000Z
  Couldn't find match for STALTA/VELEST
  Found match for PhaseNet/VELEST: event at 2023-04-11T07:32:27.570000Z
  Found match for QMigrate/VELEST: event at 2023-04-11T07:32:27.720000Z
  Couldn't find match for STALTA/hypoinverse
  Found match for PhaseNet/hypoinverse: event at 2023-04-11T07:32:28.990000Z
  Found match for QMigrate/hypoinverse: event at 2023-04-11T07:32:29.130000Z
  Couldn't find match for STALTA/hypoinverse_corr
  Found match for PhaseNet/hypoinverse_corr: event at 2023-04-11T07:32:28.780000Z
  Found match for QMigrate/hypoinverse_corr: event at 2023-04-11T07:32:28.570000Z
  Couldn't find match for STALTA/hypoDD_dtct
  Found match for PhaseNet/hypoDD_dtct: event at 2023-04-11T07:32:28.700000Z
  Found matched events in 0.00s
  Saved plot: record_sections/individual/QMigrate/hypoDD_dtct/40_hypoDD_dtct_QMigrate_20230411_073228.png
  Saved plot: record_sections/individual/QMigrate/Initial/40_Initial_QMigrate_20230411_073228.png
  Saved plot: record_sections/individual/PhaseNet/VELEST/40_VELEST_PhaseNet_20230411_073228.png
  Saved plot: record_sections/individual/QMigrate/VELEST/40_VELEST_QMigrate_20230411_073228.png
  Saved plot: record_sections/individual/PhaseNet/hypoinverse/40_hypoinverse_PhaseNet_20230411_073228.png
  Saved plot: record_sections/individual/QMigrate/hypoinverse/40_hypoinverse_QMigrate_20230411_073228.png
  Saved plot: record_sections/individual/PhaseNet/hypoinverse_corr/40_hypoinverse_corr_PhaseNet_20230411_073228.png
  Saved plot: record_sections/individual/QMigrate/hypoinverse_corr/40_hypoinverse_corr_QMigrate_20230411_073228.png
  Saved plot: record_sections/individual/PhaseNet/hypoDD_dtct/40_hypoDD_dtct_PhaseNet_20230411_073228.png
  Generated and saved plots in 27.41s
  Total time for this event: 122.09s

Processing reference event ID 41 at 2023-04-11T11:12:43.570000Z (15/34)
  Loaded 762 traces in 88.39s
  Couldn't find match for STALTA/Initial
  Couldn't find match for PhaseNet/Initial
  Found match for QMigrate/Initial: event at 2023-04-11T11:12:42.920000Z
  Couldn't find match for STALTA/VELEST
  Found match for PhaseNet/VELEST: event at 2023-04-11T11:12:43.430000Z
  Couldn't find match for QMigrate/VELEST
  Found match for STALTA/hypoinverse: event at 2023-04-11T11:12:46.210000Z
  Found match for PhaseNet/hypoinverse: event at 2023-04-11T11:12:45.080000Z
  Found match for QMigrate/hypoinverse: event at 2023-04-11T11:12:44.970000Z
  Couldn't find match for STALTA/hypoinverse_corr
  Found match for PhaseNet/hypoinverse_corr: event at 2023-04-11T11:12:43.900000Z
  Found match for QMigrate/hypoinverse_corr: event at 2023-04-11T11:12:43.510000Z
  Couldn't find match for STALTA/hypoDD_dtct
  Found match for PhaseNet/hypoDD_dtct: event at 2023-04-11T11:12:43.750000Z
  Found matched events in 0.00s
  Saved plot: record_sections/individual/QMigrate/hypoDD_dtct/41_hypoDD_dtct_QMigrate_20230411_111243.png
  Saved plot: record_sections/individual/QMigrate/Initial/41_Initial_QMigrate_20230411_111243.png
  Saved plot: record_sections/individual/PhaseNet/VELEST/41_VELEST_PhaseNet_20230411_111243.png
  Saved plot: record_sections/individual/STALTA/hypoinverse/41_hypoinverse_STALTA_20230411_111243.png
  Saved plot: record_sections/individual/PhaseNet/hypoinverse/41_hypoinverse_PhaseNet_20230411_111243.png
  Saved plot: record_sections/individual/QMigrate/hypoinverse/41_hypoinverse_QMigrate_20230411_111243.png
  Saved plot: record_sections/individual/PhaseNet/hypoinverse_corr/41_hypoinverse_corr_PhaseNet_20230411_111243.png
  Saved plot: record_sections/individual/QMigrate/hypoinverse_corr/41_hypoinverse_corr_QMigrate_20230411_111243.png
  Saved plot: record_sections/individual/PhaseNet/hypoDD_dtct/41_hypoDD_dtct_PhaseNet_20230411_111243.png
  Generated and saved plots in 28.35s
  Total time for this event: 117.37s

Processing reference event ID 42 at 2023-04-11T12:55:14.780000Z (16/34)
  Loaded 765 traces in 91.83s
  Couldn't find match for STALTA/Initial
  Couldn't find match for PhaseNet/Initial
  Found match for QMigrate/Initial: event at 2023-04-11T12:55:14.015000Z
  Couldn't find match for STALTA/VELEST
  Found match for PhaseNet/VELEST: event at 2023-04-11T12:55:13.630000Z
  Found match for QMigrate/VELEST: event at 2023-04-11T12:55:15.160000Z
  Couldn't find match for STALTA/hypoinverse
  Found match for PhaseNet/hypoinverse: event at 2023-04-11T12:55:16.040000Z
  Found match for QMigrate/hypoinverse: event at 2023-04-11T12:55:15.930000Z
  Couldn't find match for STALTA/hypoinverse_corr
  Found match for PhaseNet/hypoinverse_corr: event at 2023-04-11T12:55:14.890000Z
  Found match for QMigrate/hypoinverse_corr: event at 2023-04-11T12:55:14.930000Z
  Couldn't find match for STALTA/hypoDD_dtct
  Found match for PhaseNet/hypoDD_dtct: event at 2023-04-11T12:55:14.970000Z
  Found matched events in 0.00s
  Saved plot: record_sections/individual/QMigrate/hypoDD_dtct/42_hypoDD_dtct_QMigrate_20230411_125514.png
  Saved plot: record_sections/individual/QMigrate/Initial/42_Initial_QMigrate_20230411_125514.png
  Saved plot: record_sections/individual/PhaseNet/VELEST/42_VELEST_PhaseNet_20230411_125514.png
  Saved plot: record_sections/individual/QMigrate/VELEST/42_VELEST_QMigrate_20230411_125514.png
  Saved plot: record_sections/individual/PhaseNet/hypoinverse/42_hypoinverse_PhaseNet_20230411_125514.png
  Saved plot: record_sections/individual/QMigrate/hypoinverse/42_hypoinverse_QMigrate_20230411_125514.png
  Saved plot: record_sections/individual/PhaseNet/hypoinverse_corr/42_hypoinverse_corr_PhaseNet_20230411_125514.png
  Saved plot: record_sections/individual/QMigrate/hypoinverse_corr/42_hypoinverse_corr_QMigrate_20230411_125514.png
  Saved plot: record_sections/individual/PhaseNet/hypoDD_dtct/42_hypoDD_dtct_PhaseNet_20230411_125514.png
  Generated and saved plots in 28.60s
  Total time for this event: 121.09s

Processing reference event ID 44 at 2023-04-11T14:32:33.190000Z (17/34)
  Loaded 765 traces in 98.21s
  Couldn't find match for STALTA/Initial
  Couldn't find match for PhaseNet/Initial
  Found match for QMigrate/Initial: event at 2023-04-11T14:32:32.425000Z
  Couldn't find match for STALTA/VELEST
  Couldn't find match for PhaseNet/VELEST
  Couldn't find match for QMigrate/VELEST
  Couldn't find match for STALTA/hypoinverse
  Couldn't find match for PhaseNet/hypoinverse
  Couldn't find match for QMigrate/hypoinverse
  Couldn't find match for STALTA/hypoinverse_corr
  Couldn't find match for PhaseNet/hypoinverse_corr
  Found match for QMigrate/hypoinverse_corr: event at 2023-04-11T14:32:32.960000Z
  Couldn't find match for STALTA/hypoDD_dtct
  Couldn't find match for PhaseNet/hypoDD_dtct
  Found matched events in 0.00s
  Saved plot: record_sections/individual/QMigrate/hypoDD_dtct/44_hypoDD_dtct_QMigrate_20230411_143233.png
  Saved plot: record_sections/individual/QMigrate/Initial/44_Initial_QMigrate_20230411_143233.png
  Saved plot: record_sections/individual/QMigrate/hypoinverse_corr/44_hypoinverse_corr_QMigrate_20230411_143233.png
  Generated and saved plots in 10.12s
  Total time for this event: 108.96s

Processing reference event ID 45 at 2023-04-11T15:16:08.220000Z (18/34)
  Loaded 765 traces in 106.35s
  Couldn't find match for STALTA/Initial
  Couldn't find match for PhaseNet/Initial
  Found match for QMigrate/Initial: event at 2023-04-11T15:16:07.555000Z
  Couldn't find match for STALTA/VELEST
  Found match for PhaseNet/VELEST: event at 2023-04-11T15:16:08.170000Z
  Found match for QMigrate/VELEST: event at 2023-04-11T15:16:07.480000Z
  Couldn't find match for STALTA/hypoinverse
  Found match for PhaseNet/hypoinverse: event at 2023-04-11T15:16:09.640000Z
  Found match for QMigrate/hypoinverse: event at 2023-04-11T15:16:09.840000Z
  Couldn't find match for STALTA/hypoinverse_corr
  Found match for PhaseNet/hypoinverse_corr: event at 2023-04-11T15:16:08.530000Z
  Found match for QMigrate/hypoinverse_corr: event at 2023-04-11T15:16:08.280000Z
  Couldn't find match for STALTA/hypoDD_dtct
  Found match for PhaseNet/hypoDD_dtct: event at 2023-04-11T15:16:08.380000Z
  Found matched events in 0.00s
  Saved plot: record_sections/individual/QMigrate/hypoDD_dtct/45_hypoDD_dtct_QMigrate_20230411_151608.png
  Saved plot: record_sections/individual/QMigrate/Initial/45_Initial_QMigrate_20230411_151608.png
  Saved plot: record_sections/individual/PhaseNet/VELEST/45_VELEST_PhaseNet_20230411_151608.png
  Saved plot: record_sections/individual/QMigrate/VELEST/45_VELEST_QMigrate_20230411_151608.png
  Saved plot: record_sections/individual/PhaseNet/hypoinverse/45_hypoinverse_PhaseNet_20230411_151608.png
  Saved plot: record_sections/individual/QMigrate/hypoinverse/45_hypoinverse_QMigrate_20230411_151608.png
  Saved plot: record_sections/individual/PhaseNet/hypoinverse_corr/45_hypoinverse_corr_PhaseNet_20230411_151608.png
  Saved plot: record_sections/individual/QMigrate/hypoinverse_corr/45_hypoinverse_corr_QMigrate_20230411_151608.png
  Saved plot: record_sections/individual/PhaseNet/hypoDD_dtct/45_hypoDD_dtct_PhaseNet_20230411_151608.png
  Generated and saved plots in 30.67s
  Total time for this event: 137.66s

Processing reference event ID 46 at 2023-04-11T17:31:50.480000Z (19/34)
  Loaded 765 traces in 103.00s
  Couldn't find match for STALTA/Initial
  Couldn't find match for PhaseNet/Initial
  Found match for QMigrate/Initial: event at 2023-04-11T17:31:49.770000Z
  Couldn't find match for STALTA/VELEST
  Found match for PhaseNet/VELEST: event at 2023-04-11T17:31:57.820000Z
  Found match for QMigrate/VELEST: event at 2023-04-11T17:31:49.830000Z
  Couldn't find match for STALTA/hypoinverse
  Found match for PhaseNet/hypoinverse: event at 2023-04-11T17:31:51.820000Z
  Found match for QMigrate/hypoinverse: event at 2023-04-11T17:31:51.680000Z
  Couldn't find match for STALTA/hypoinverse_corr
  Found match for PhaseNet/hypoinverse_corr: event at 2023-04-11T17:31:50.680000Z
  Found match for QMigrate/hypoinverse_corr: event at 2023-04-11T17:31:50.250000Z
  Couldn't find match for STALTA/hypoDD_dtct
  Found match for PhaseNet/hypoDD_dtct: event at 2023-04-11T17:31:50.660000Z
  Found matched events in 0.01s
  Saved plot: record_sections/individual/QMigrate/hypoDD_dtct/46_hypoDD_dtct_QMigrate_20230411_173150.png
  Saved plot: record_sections/individual/QMigrate/Initial/46_Initial_QMigrate_20230411_173150.png
  Saved plot: record_sections/individual/PhaseNet/VELEST/46_VELEST_PhaseNet_20230411_173150.png
  Saved plot: record_sections/individual/QMigrate/VELEST/46_VELEST_QMigrate_20230411_173150.png
  Saved plot: record_sections/individual/PhaseNet/hypoinverse/46_hypoinverse_PhaseNet_20230411_173150.png
  Saved plot: record_sections/individual/QMigrate/hypoinverse/46_hypoinverse_QMigrate_20230411_173150.png
  Saved plot: record_sections/individual/PhaseNet/hypoinverse_corr/46_hypoinverse_corr_PhaseNet_20230411_173150.png
  Saved plot: record_sections/individual/QMigrate/hypoinverse_corr/46_hypoinverse_corr_QMigrate_20230411_173150.png
  Saved plot: record_sections/individual/PhaseNet/hypoDD_dtct/46_hypoDD_dtct_PhaseNet_20230411_173150.png
  Generated and saved plots in 30.64s
  Total time for this event: 134.30s

Processing reference event ID 47 at 2023-04-11T17:31:57.840000Z (20/34)
  Loaded 765 traces in 98.96s
  Couldn't find match for STALTA/Initial
  Couldn't find match for PhaseNet/Initial
  Found match for QMigrate/Initial: event at 2023-04-11T17:31:57.120000Z
  Couldn't find match for STALTA/VELEST
  Found match for PhaseNet/VELEST: event at 2023-04-11T17:31:57.820000Z
  Found match for QMigrate/VELEST: event at 2023-04-11T17:31:56.850000Z
  Couldn't find match for STALTA/hypoinverse
  Found match for PhaseNet/hypoinverse: event at 2023-04-11T17:31:58.970000Z
  Found match for QMigrate/hypoinverse: event at 2023-04-11T17:31:59.110000Z
  Couldn't find match for STALTA/hypoinverse_corr
  Found match for PhaseNet/hypoinverse_corr: event at 2023-04-11T17:31:58.170000Z
  Found match for QMigrate/hypoinverse_corr: event at 2023-04-11T17:31:57.710000Z
  Couldn't find match for STALTA/hypoDD_dtct
  Found match for PhaseNet/hypoDD_dtct: event at 2023-04-11T17:31:57.960000Z
  Found matched events in 0.00s
  Saved plot: record_sections/individual/QMigrate/hypoDD_dtct/47_hypoDD_dtct_QMigrate_20230411_173157.png
  Saved plot: record_sections/individual/QMigrate/Initial/47_Initial_QMigrate_20230411_173157.png
  Saved plot: record_sections/individual/PhaseNet/VELEST/47_VELEST_PhaseNet_20230411_173157.png
  Saved plot: record_sections/individual/QMigrate/VELEST/47_VELEST_QMigrate_20230411_173157.png
  Saved plot: record_sections/individual/PhaseNet/hypoinverse/47_hypoinverse_PhaseNet_20230411_173157.png
  Saved plot: record_sections/individual/QMigrate/hypoinverse/47_hypoinverse_QMigrate_20230411_173157.png
  Saved plot: record_sections/individual/PhaseNet/hypoinverse_corr/47_hypoinverse_corr_PhaseNet_20230411_173157.png
  Saved plot: record_sections/individual/QMigrate/hypoinverse_corr/47_hypoinverse_corr_QMigrate_20230411_173157.png
  Saved plot: record_sections/individual/PhaseNet/hypoDD_dtct/47_hypoDD_dtct_PhaseNet_20230411_173157.png
  Generated and saved plots in 31.91s
  Total time for this event: 131.52s

Processing reference event ID 48 at 2023-04-11T17:32:08.680000Z (21/34)
  Loaded 765 traces in 97.03s
  Couldn't find match for STALTA/Initial
  Couldn't find match for PhaseNet/Initial
  Found match for QMigrate/Initial: event at 2023-04-11T17:32:07.980000Z
  Couldn't find match for STALTA/VELEST
  Found match for PhaseNet/VELEST: event at 2023-04-11T17:32:08.290000Z
  Found match for QMigrate/VELEST: event at 2023-04-11T17:32:07.630000Z
  Couldn't find match for STALTA/hypoinverse
  Found match for PhaseNet/hypoinverse: event at 2023-04-11T17:32:09.590000Z
  Found match for QMigrate/hypoinverse: event at 2023-04-11T17:32:09.880000Z
  Couldn't find match for STALTA/hypoinverse_corr
  Found match for PhaseNet/hypoinverse_corr: event at 2023-04-11T17:32:08.970000Z
  Found match for QMigrate/hypoinverse_corr: event at 2023-04-11T17:32:08.650000Z
  Couldn't find match for STALTA/hypoDD_dtct
  Found match for PhaseNet/hypoDD_dtct: event at 2023-04-11T17:32:08.800000Z
  Found matched events in 0.01s
  Saved plot: record_sections/individual/QMigrate/hypoDD_dtct/48_hypoDD_dtct_QMigrate_20230411_173208.png
  Saved plot: record_sections/individual/QMigrate/Initial/48_Initial_QMigrate_20230411_173208.png
  Saved plot: record_sections/individual/PhaseNet/VELEST/48_VELEST_PhaseNet_20230411_173208.png
  Saved plot: record_sections/individual/QMigrate/VELEST/48_VELEST_QMigrate_20230411_173208.png
  Saved plot: record_sections/individual/PhaseNet/hypoinverse/48_hypoinverse_PhaseNet_20230411_173208.png
  Saved plot: record_sections/individual/QMigrate/hypoinverse/48_hypoinverse_QMigrate_20230411_173208.png
  Saved plot: record_sections/individual/PhaseNet/hypoinverse_corr/48_hypoinverse_corr_PhaseNet_20230411_173208.png
  Saved plot: record_sections/individual/QMigrate/hypoinverse_corr/48_hypoinverse_corr_QMigrate_20230411_173208.png
  Saved plot: record_sections/individual/PhaseNet/hypoDD_dtct/48_hypoDD_dtct_PhaseNet_20230411_173208.png
  Generated and saved plots in 30.85s
  Total time for this event: 128.53s

Processing reference event ID 49 at 2023-04-11T18:16:26.320000Z (22/34)
  Loaded 765 traces in 94.99s
  Couldn't find match for STALTA/Initial
  Couldn't find match for PhaseNet/Initial
  Found match for QMigrate/Initial: event at 2023-04-11T18:16:25.555000Z
  Couldn't find match for STALTA/VELEST
  Found match for PhaseNet/VELEST: event at 2023-04-11T18:16:25.090000Z
  Found match for QMigrate/VELEST: event at 2023-04-11T18:16:25.510000Z
  Found match for STALTA/hypoinverse: event at 2023-04-11T18:16:31.230000Z
  Found match for PhaseNet/hypoinverse: event at 2023-04-11T18:16:27.610000Z
  Found match for QMigrate/hypoinverse: event at 2023-04-11T18:16:27.270000Z
  Couldn't find match for STALTA/hypoinverse_corr
  Found match for PhaseNet/hypoinverse_corr: event at 2023-04-11T18:16:26.480000Z
  Found match for QMigrate/hypoinverse_corr: event at 2023-04-11T18:16:26.330000Z
  Couldn't find match for STALTA/hypoDD_dtct
  Found match for PhaseNet/hypoDD_dtct: event at 2023-04-11T18:16:26.420000Z
  Found matched events in 0.00s
  Saved plot: record_sections/individual/QMigrate/hypoDD_dtct/49_hypoDD_dtct_QMigrate_20230411_181626.png
  Saved plot: record_sections/individual/QMigrate/Initial/49_Initial_QMigrate_20230411_181626.png
  Saved plot: record_sections/individual/PhaseNet/VELEST/49_VELEST_PhaseNet_20230411_181626.png
  Saved plot: record_sections/individual/QMigrate/VELEST/49_VELEST_QMigrate_20230411_181626.png
  Saved plot: record_sections/individual/STALTA/hypoinverse/49_hypoinverse_STALTA_20230411_181626.png
  Saved plot: record_sections/individual/PhaseNet/hypoinverse/49_hypoinverse_PhaseNet_20230411_181626.png
  Saved plot: record_sections/individual/QMigrate/hypoinverse/49_hypoinverse_QMigrate_20230411_181626.png
  Saved plot: record_sections/individual/PhaseNet/hypoinverse_corr/49_hypoinverse_corr_PhaseNet_20230411_181626.png
  Saved plot: record_sections/individual/QMigrate/hypoinverse_corr/49_hypoinverse_corr_QMigrate_20230411_181626.png
  Saved plot: record_sections/individual/PhaseNet/hypoDD_dtct/49_hypoDD_dtct_PhaseNet_20230411_181626.png
  Generated and saved plots in 32.24s
  Total time for this event: 127.86s

Processing reference event ID 50 at 2023-04-11T18:16:33.600000Z (23/34)
  Loaded 765 traces in 93.06s
  Couldn't find match for STALTA/Initial
  Couldn't find match for PhaseNet/Initial
  Found match for QMigrate/Initial: event at 2023-04-11T18:16:33.065000Z
  Couldn't find match for STALTA/VELEST
  Found match for PhaseNet/VELEST: event at 2023-04-11T18:16:31.860000Z
  Found match for QMigrate/VELEST: event at 2023-04-11T18:16:33.030000Z
  Found match for STALTA/hypoinverse: event at 2023-04-11T18:16:31.230000Z
  Found match for PhaseNet/hypoinverse: event at 2023-04-11T18:16:27.610000Z
  Found match for QMigrate/hypoinverse: event at 2023-04-11T18:16:34.750000Z
  Couldn't find match for STALTA/hypoinverse_corr
  Found match for PhaseNet/hypoinverse_corr: event at 2023-04-11T18:16:33.720000Z
  Found match for QMigrate/hypoinverse_corr: event at 2023-04-11T18:16:33.600000Z
  Couldn't find match for STALTA/hypoDD_dtct
  Found match for PhaseNet/hypoDD_dtct: event at 2023-04-11T18:16:33.680000Z
  Found matched events in 0.00s
  Saved plot: record_sections/individual/QMigrate/hypoDD_dtct/50_hypoDD_dtct_QMigrate_20230411_181633.png
  Saved plot: record_sections/individual/QMigrate/Initial/50_Initial_QMigrate_20230411_181633.png
  Saved plot: record_sections/individual/PhaseNet/VELEST/50_VELEST_PhaseNet_20230411_181633.png
  Saved plot: record_sections/individual/QMigrate/VELEST/50_VELEST_QMigrate_20230411_181633.png
  Saved plot: record_sections/individual/STALTA/hypoinverse/50_hypoinverse_STALTA_20230411_181633.png
  Saved plot: record_sections/individual/PhaseNet/hypoinverse/50_hypoinverse_PhaseNet_20230411_181633.png
  Saved plot: record_sections/individual/QMigrate/hypoinverse/50_hypoinverse_QMigrate_20230411_181633.png
  Saved plot: record_sections/individual/PhaseNet/hypoinverse_corr/50_hypoinverse_corr_PhaseNet_20230411_181633.png
  Saved plot: record_sections/individual/QMigrate/hypoinverse_corr/50_hypoinverse_corr_QMigrate_20230411_181633.png
  Saved plot: record_sections/individual/PhaseNet/hypoDD_dtct/50_hypoDD_dtct_PhaseNet_20230411_181633.png
  Generated and saved plots in 32.35s
  Total time for this event: 126.00s

Processing reference event ID 51 at 2023-04-11T18:28:07.220000Z (24/34)
  Loaded 765 traces in 86.18s
  Couldn't find match for STALTA/Initial
  Couldn't find match for PhaseNet/Initial
  Found match for QMigrate/Initial: event at 2023-04-11T18:28:06.490000Z
  Found match for STALTA/VELEST: event at 2023-04-11T18:28:06.450000Z
  Found match for PhaseNet/VELEST: event at 2023-04-11T18:28:05.970000Z
  Found match for QMigrate/VELEST: event at 2023-04-11T18:28:06.590000Z
  Found match for STALTA/hypoinverse: event at 2023-04-11T18:28:09.640000Z
  Found match for PhaseNet/hypoinverse: event at 2023-04-11T18:28:08.510000Z
  Found match for QMigrate/hypoinverse: event at 2023-04-11T18:28:08.370000Z
  Found match for STALTA/hypoinverse_corr: event at 2023-04-11T18:28:08.170000Z
  Found match for PhaseNet/hypoinverse_corr: event at 2023-04-11T18:28:07.340000Z
  Found match for QMigrate/hypoinverse_corr: event at 2023-04-11T18:28:07.220000Z
  Found match for STALTA/hypoDD_dtct: event at 2023-04-11T18:28:08.400000Z
  Found match for PhaseNet/hypoDD_dtct: event at 2023-04-11T18:28:07.360000Z
  Found matched events in 0.00s
  Saved plot: record_sections/individual/QMigrate/hypoDD_dtct/51_hypoDD_dtct_QMigrate_20230411_182807.png
  Saved plot: record_sections/individual/QMigrate/Initial/51_Initial_QMigrate_20230411_182807.png
  Saved plot: record_sections/individual/STALTA/VELEST/51_VELEST_STALTA_20230411_182807.png
  Saved plot: record_sections/individual/PhaseNet/VELEST/51_VELEST_PhaseNet_20230411_182807.png
  Saved plot: record_sections/individual/QMigrate/VELEST/51_VELEST_QMigrate_20230411_182807.png
  Saved plot: record_sections/individual/STALTA/hypoinverse/51_hypoinverse_STALTA_20230411_182807.png
  Saved plot: record_sections/individual/PhaseNet/hypoinverse/51_hypoinverse_PhaseNet_20230411_182807.png
  Saved plot: record_sections/individual/QMigrate/hypoinverse/51_hypoinverse_QMigrate_20230411_182807.png
  Saved plot: record_sections/individual/STALTA/hypoinverse_corr/51_hypoinverse_corr_STALTA_20230411_182807.png
  Saved plot: record_sections/individual/PhaseNet/hypoinverse_corr/51_hypoinverse_corr_PhaseNet_20230411_182807.png
  Saved plot: record_sections/individual/QMigrate/hypoinverse_corr/51_hypoinverse_corr_QMigrate_20230411_182807.png
  Saved plot: record_sections/individual/STALTA/hypoDD_dtct/51_hypoDD_dtct_STALTA_20230411_182807.png
  Saved plot: record_sections/individual/PhaseNet/hypoDD_dtct/51_hypoDD_dtct_PhaseNet_20230411_182807.png
  Generated and saved plots in 39.20s
  Total time for this event: 126.01s

Processing reference event ID 52 at 2023-04-11T18:45:30.120000Z (25/34)
  Loaded 765 traces in 94.84s
  Couldn't find match for STALTA/Initial
  Couldn't find match for PhaseNet/Initial
  Found match for QMigrate/Initial: event at 2023-04-11T18:45:29.430000Z
  Couldn't find match for STALTA/VELEST
  Couldn't find match for PhaseNet/VELEST
  Found match for QMigrate/VELEST: event at 2023-04-11T18:45:29.750000Z
  Found match for STALTA/hypoinverse: event at 2023-04-11T18:45:34.820000Z
  Found match for PhaseNet/hypoinverse: event at 2023-04-11T18:45:30.250000Z
  Found match for QMigrate/hypoinverse: event at 2023-04-11T18:45:31.220000Z
  Couldn't find match for STALTA/hypoinverse_corr
  Found match for PhaseNet/hypoinverse_corr: event at 2023-04-11T18:45:30.250000Z
  Found match for QMigrate/hypoinverse_corr: event at 2023-04-11T18:45:30.130000Z
  Couldn't find match for STALTA/hypoDD_dtct
  Found match for PhaseNet/hypoDD_dtct: event at 2023-04-11T18:45:30.220000Z
  Found matched events in 0.00s
  Saved plot: record_sections/individual/QMigrate/hypoDD_dtct/52_hypoDD_dtct_QMigrate_20230411_184530.png
  Saved plot: record_sections/individual/QMigrate/Initial/52_Initial_QMigrate_20230411_184530.png
  Saved plot: record_sections/individual/QMigrate/VELEST/52_VELEST_QMigrate_20230411_184530.png
  Saved plot: record_sections/individual/STALTA/hypoinverse/52_hypoinverse_STALTA_20230411_184530.png
  Saved plot: record_sections/individual/PhaseNet/hypoinverse/52_hypoinverse_PhaseNet_20230411_184530.png
  Saved plot: record_sections/individual/QMigrate/hypoinverse/52_hypoinverse_QMigrate_20230411_184530.png
  Saved plot: record_sections/individual/PhaseNet/hypoinverse_corr/52_hypoinverse_corr_PhaseNet_20230411_184530.png
  Saved plot: record_sections/individual/QMigrate/hypoinverse_corr/52_hypoinverse_corr_QMigrate_20230411_184530.png
  Saved plot: record_sections/individual/PhaseNet/hypoDD_dtct/52_hypoDD_dtct_PhaseNet_20230411_184530.png
  Generated and saved plots in 29.89s
  Total time for this event: 125.35s

Processing reference event ID 53 at 2023-04-11T18:48:38.400000Z (26/34)
  Loaded 765 traces in 96.66s
  Couldn't find match for STALTA/Initial
  Couldn't find match for PhaseNet/Initial
  Found match for QMigrate/Initial: event at 2023-04-11T18:48:37.565000Z
  Couldn't find match for STALTA/VELEST
  Found match for PhaseNet/VELEST: event at 2023-04-11T18:48:37.860000Z
  Found match for QMigrate/VELEST: event at 2023-04-11T18:48:38.220000Z
  Couldn't find match for STALTA/hypoinverse
  Found match for PhaseNet/hypoinverse: event at 2023-04-11T18:48:39.030000Z
  Found match for QMigrate/hypoinverse: event at 2023-04-11T18:48:39.530000Z
  Couldn't find match for STALTA/hypoinverse_corr
  Found match for PhaseNet/hypoinverse_corr: event at 2023-04-11T18:48:38.520000Z
  Found match for QMigrate/hypoinverse_corr: event at 2023-04-11T18:48:38.160000Z
  Couldn't find match for STALTA/hypoDD_dtct
  Couldn't find match for PhaseNet/hypoDD_dtct
  Found matched events in 0.00s
  Saved plot: record_sections/individual/QMigrate/hypoDD_dtct/53_hypoDD_dtct_QMigrate_20230411_184838.png
  Saved plot: record_sections/individual/QMigrate/Initial/53_Initial_QMigrate_20230411_184838.png
  Saved plot: record_sections/individual/PhaseNet/VELEST/53_VELEST_PhaseNet_20230411_184838.png
  Saved plot: record_sections/individual/QMigrate/VELEST/53_VELEST_QMigrate_20230411_184838.png
  Saved plot: record_sections/individual/PhaseNet/hypoinverse/53_hypoinverse_PhaseNet_20230411_184838.png
  Saved plot: record_sections/individual/QMigrate/hypoinverse/53_hypoinverse_QMigrate_20230411_184838.png
  Saved plot: record_sections/individual/PhaseNet/hypoinverse_corr/53_hypoinverse_corr_PhaseNet_20230411_184838.png
  Saved plot: record_sections/individual/QMigrate/hypoinverse_corr/53_hypoinverse_corr_QMigrate_20230411_184838.png
  Generated and saved plots in 26.84s
  Total time for this event: 124.17s

Processing reference event ID 54 at 2023-04-11T19:13:02.000000Z (27/34)
  Loaded 765 traces in 92.28s
  Couldn't find match for STALTA/Initial
  Couldn't find match for PhaseNet/Initial
  Found match for QMigrate/Initial: event at 2023-04-11T19:13:01.240000Z
  Found match for STALTA/VELEST: event at 2023-04-11T19:13:01.170000Z
  Found match for PhaseNet/VELEST: event at 2023-04-11T19:13:01.040000Z
  Found match for QMigrate/VELEST: event at 2023-04-11T19:13:01.160000Z
  Found match for STALTA/hypoinverse: event at 2023-04-11T19:13:02.930000Z
  Found match for PhaseNet/hypoinverse: event at 2023-04-11T19:13:03.300000Z
  Found match for QMigrate/hypoinverse: event at 2023-04-11T19:13:03.100000Z
  Found match for STALTA/hypoinverse_corr: event at 2023-04-11T19:13:02.160000Z
  Found match for PhaseNet/hypoinverse_corr: event at 2023-04-11T19:13:02.170000Z
  Found match for QMigrate/hypoinverse_corr: event at 2023-04-11T19:13:01.990000Z
  Found match for STALTA/hypoDD_dtct: event at 2023-04-11T19:13:02.120000Z
  Found match for PhaseNet/hypoDD_dtct: event at 2023-04-11T19:13:02.120000Z
  Found matched events in 0.00s
  Saved plot: record_sections/individual/QMigrate/hypoDD_dtct/54_hypoDD_dtct_QMigrate_20230411_191302.png
  Saved plot: record_sections/individual/QMigrate/Initial/54_Initial_QMigrate_20230411_191302.png
  Saved plot: record_sections/individual/STALTA/VELEST/54_VELEST_STALTA_20230411_191302.png
  Saved plot: record_sections/individual/PhaseNet/VELEST/54_VELEST_PhaseNet_20230411_191302.png
  Saved plot: record_sections/individual/QMigrate/VELEST/54_VELEST_QMigrate_20230411_191302.png
  Saved plot: record_sections/individual/STALTA/hypoinverse/54_hypoinverse_STALTA_20230411_191302.png
  Saved plot: record_sections/individual/PhaseNet/hypoinverse/54_hypoinverse_PhaseNet_20230411_191302.png
  Saved plot: record_sections/individual/QMigrate/hypoinverse/54_hypoinverse_QMigrate_20230411_191302.png
  Saved plot: record_sections/individual/STALTA/hypoinverse_corr/54_hypoinverse_corr_STALTA_20230411_191302.png
  Saved plot: record_sections/individual/PhaseNet/hypoinverse_corr/54_hypoinverse_corr_PhaseNet_20230411_191302.png
  Saved plot: record_sections/individual/QMigrate/hypoinverse_corr/54_hypoinverse_corr_QMigrate_20230411_191302.png
  Saved plot: record_sections/individual/STALTA/hypoDD_dtct/54_hypoDD_dtct_STALTA_20230411_191302.png
  Saved plot: record_sections/individual/PhaseNet/hypoDD_dtct/54_hypoDD_dtct_PhaseNet_20230411_191302.png
  Generated and saved plots in 42.26s
  Total time for this event: 135.19s

Processing reference event ID 55 at 2023-04-11T19:38:41.080000Z (28/34)
  Loaded 765 traces in 93.53s
  Couldn't find match for STALTA/Initial
  Couldn't find match for PhaseNet/Initial
  Found match for QMigrate/Initial: event at 2023-04-11T19:38:40.675000Z
  Couldn't find match for STALTA/VELEST
  Found match for PhaseNet/VELEST: event at 2023-04-11T19:38:39.010000Z
  Found match for QMigrate/VELEST: event at 2023-04-11T19:38:39.760000Z
  Couldn't find match for STALTA/hypoinverse
  Couldn't find match for PhaseNet/hypoinverse
  Couldn't find match for QMigrate/hypoinverse
  Couldn't find match for STALTA/hypoinverse_corr
  Found match for PhaseNet/hypoinverse_corr: event at 2023-04-11T19:38:41.310000Z
  Found match for QMigrate/hypoinverse_corr: event at 2023-04-11T19:38:41.210000Z
  Couldn't find match for STALTA/hypoDD_dtct
  Found match for PhaseNet/hypoDD_dtct: event at 2023-04-11T19:38:41.200000Z
  Found matched events in 0.00s
  Saved plot: record_sections/individual/QMigrate/hypoDD_dtct/55_hypoDD_dtct_QMigrate_20230411_193841.png
  Saved plot: record_sections/individual/QMigrate/Initial/55_Initial_QMigrate_20230411_193841.png
  Saved plot: record_sections/individual/PhaseNet/VELEST/55_VELEST_PhaseNet_20230411_193841.png
  Saved plot: record_sections/individual/QMigrate/VELEST/55_VELEST_QMigrate_20230411_193841.png
  Saved plot: record_sections/individual/PhaseNet/hypoinverse_corr/55_hypoinverse_corr_PhaseNet_20230411_193841.png
  Saved plot: record_sections/individual/QMigrate/hypoinverse_corr/55_hypoinverse_corr_QMigrate_20230411_193841.png
  Saved plot: record_sections/individual/PhaseNet/hypoDD_dtct/55_hypoDD_dtct_PhaseNet_20230411_193841.png
  Generated and saved plots in 23.52s
  Total time for this event: 117.66s

Processing reference event ID 56 at 2023-04-11T20:30:42.460000Z (29/34)
  Loaded 765 traces in 97.46s
  Couldn't find match for STALTA/Initial
  Couldn't find match for PhaseNet/Initial
  Found match for QMigrate/Initial: event at 2023-04-11T20:30:41.830000Z
  Found match for STALTA/VELEST: event at 2023-04-11T20:30:41.800000Z
  Found match for PhaseNet/VELEST: event at 2023-04-11T20:30:41.910000Z
  Found match for QMigrate/VELEST: event at 2023-04-11T20:30:42.230000Z
  Found match for STALTA/hypoinverse: event at 2023-04-11T20:30:43.950000Z
  Found match for PhaseNet/hypoinverse: event at 2023-04-11T20:30:43.920000Z
  Found match for QMigrate/hypoinverse: event at 2023-04-11T20:30:43.780000Z
  Found match for STALTA/hypoinverse_corr: event at 2023-04-11T20:30:42.900000Z
  Found match for PhaseNet/hypoinverse_corr: event at 2023-04-11T20:30:42.630000Z
  Found match for QMigrate/hypoinverse_corr: event at 2023-04-11T20:30:42.850000Z
  Found match for STALTA/hypoDD_dtct: event at 2023-04-11T20:30:42.760000Z
  Found match for PhaseNet/hypoDD_dtct: event at 2023-04-11T20:30:42.640000Z
  Found matched events in 0.00s
  Saved plot: record_sections/individual/QMigrate/hypoDD_dtct/56_hypoDD_dtct_QMigrate_20230411_203042.png
  Saved plot: record_sections/individual/QMigrate/Initial/56_Initial_QMigrate_20230411_203042.png
  Saved plot: record_sections/individual/STALTA/VELEST/56_VELEST_STALTA_20230411_203042.png
  Saved plot: record_sections/individual/PhaseNet/VELEST/56_VELEST_PhaseNet_20230411_203042.png
  Saved plot: record_sections/individual/QMigrate/VELEST/56_VELEST_QMigrate_20230411_203042.png
  Saved plot: record_sections/individual/STALTA/hypoinverse/56_hypoinverse_STALTA_20230411_203042.png
  Saved plot: record_sections/individual/PhaseNet/hypoinverse/56_hypoinverse_PhaseNet_20230411_203042.png
  Saved plot: record_sections/individual/QMigrate/hypoinverse/56_hypoinverse_QMigrate_20230411_203042.png
  Saved plot: record_sections/individual/STALTA/hypoinverse_corr/56_hypoinverse_corr_STALTA_20230411_203042.png
  Saved plot: record_sections/individual/PhaseNet/hypoinverse_corr/56_hypoinverse_corr_PhaseNet_20230411_203042.png
  Saved plot: record_sections/individual/QMigrate/hypoinverse_corr/56_hypoinverse_corr_QMigrate_20230411_203042.png
  Saved plot: record_sections/individual/STALTA/hypoDD_dtct/56_hypoDD_dtct_STALTA_20230411_203042.png
  Saved plot: record_sections/individual/PhaseNet/hypoDD_dtct/56_hypoDD_dtct_PhaseNet_20230411_203042.png
  Generated and saved plots in 44.52s
  Total time for this event: 142.65s

Processing reference event ID 57 at 2023-04-11T20:51:54.080000Z (30/34)
  Loaded 765 traces in 96.83s
  Couldn't find match for STALTA/Initial
  Couldn't find match for PhaseNet/Initial
  Found match for QMigrate/Initial: event at 2023-04-11T20:51:52.925000Z
  Couldn't find match for STALTA/VELEST
  Couldn't find match for PhaseNet/VELEST
  Couldn't find match for QMigrate/VELEST
  Couldn't find match for STALTA/hypoinverse
  Couldn't find match for PhaseNet/hypoinverse
  Couldn't find match for QMigrate/hypoinverse
  Couldn't find match for STALTA/hypoinverse_corr
  Couldn't find match for PhaseNet/hypoinverse_corr
  Found match for QMigrate/hypoinverse_corr: event at 2023-04-11T20:51:54.140000Z
  Couldn't find match for STALTA/hypoDD_dtct
  Couldn't find match for PhaseNet/hypoDD_dtct
  Found matched events in 0.00s
  Saved plot: record_sections/individual/QMigrate/hypoDD_dtct/57_hypoDD_dtct_QMigrate_20230411_205154.png
  Saved plot: record_sections/individual/QMigrate/Initial/57_Initial_QMigrate_20230411_205154.png
  Saved plot: record_sections/individual/QMigrate/hypoinverse_corr/57_hypoinverse_corr_QMigrate_20230411_205154.png
  Generated and saved plots in 11.32s
  Total time for this event: 108.74s

Processing reference event ID 58 at 2023-04-11T21:12:44.600000Z (31/34)
  Loaded 765 traces in 94.23s
  Couldn't find match for STALTA/Initial
  Couldn't find match for PhaseNet/Initial
  Found match for QMigrate/Initial: event at 2023-04-11T21:12:43.960000Z
  Found match for STALTA/VELEST: event at 2023-04-11T21:12:48.990000Z
  Found match for PhaseNet/VELEST: event at 2023-04-11T21:12:43.430000Z
  Couldn't find match for QMigrate/VELEST
  Couldn't find match for STALTA/hypoinverse
  Couldn't find match for PhaseNet/hypoinverse
  Found match for QMigrate/hypoinverse: event at 2023-04-11T21:12:46.630000Z
  Couldn't find match for STALTA/hypoinverse_corr
  Found match for PhaseNet/hypoinverse_corr: event at 2023-04-11T21:12:44.850000Z
  Found match for QMigrate/hypoinverse_corr: event at 2023-04-11T21:12:44.560000Z
  Couldn't find match for STALTA/hypoDD_dtct
  Found match for PhaseNet/hypoDD_dtct: event at 2023-04-11T21:12:44.740000Z
  Found matched events in 0.01s
  Saved plot: record_sections/individual/QMigrate/hypoDD_dtct/58_hypoDD_dtct_QMigrate_20230411_211244.png
  Saved plot: record_sections/individual/QMigrate/Initial/58_Initial_QMigrate_20230411_211244.png
  Saved plot: record_sections/individual/STALTA/VELEST/58_VELEST_STALTA_20230411_211244.png
  Saved plot: record_sections/individual/PhaseNet/VELEST/58_VELEST_PhaseNet_20230411_211244.png
  Saved plot: record_sections/individual/QMigrate/hypoinverse/58_hypoinverse_QMigrate_20230411_211244.png
  Saved plot: record_sections/individual/PhaseNet/hypoinverse_corr/58_hypoinverse_corr_PhaseNet_20230411_211244.png
  Saved plot: record_sections/individual/QMigrate/hypoinverse_corr/58_hypoinverse_corr_QMigrate_20230411_211244.png
  Saved plot: record_sections/individual/PhaseNet/hypoDD_dtct/58_hypoDD_dtct_PhaseNet_20230411_211244.png
  Generated and saved plots in 26.96s
  Total time for this event: 121.83s

Processing reference event ID 59 at 2023-04-11T21:18:31.240000Z (32/34)
  Loaded 765 traces in 95.95s
  Couldn't find match for STALTA/Initial
  Couldn't find match for PhaseNet/Initial
  Found match for QMigrate/Initial: event at 2023-04-11T21:18:30.655000Z
  Couldn't find match for STALTA/VELEST
  Couldn't find match for PhaseNet/VELEST
  Found match for QMigrate/VELEST: event at 2023-04-11T21:18:30.960000Z
  Couldn't find match for STALTA/hypoinverse
  Couldn't find match for PhaseNet/hypoinverse
  Found match for QMigrate/hypoinverse: event at 2023-04-11T21:18:32.530000Z
  Couldn't find match for STALTA/hypoinverse_corr
  Couldn't find match for PhaseNet/hypoinverse_corr
  Found match for QMigrate/hypoinverse_corr: event at 2023-04-11T21:18:31.430000Z
  Couldn't find match for STALTA/hypoDD_dtct
  Couldn't find match for PhaseNet/hypoDD_dtct
  Found matched events in 0.00s
  Saved plot: record_sections/individual/QMigrate/hypoDD_dtct/59_hypoDD_dtct_QMigrate_20230411_211831.png
  Saved plot: record_sections/individual/QMigrate/Initial/59_Initial_QMigrate_20230411_211831.png
  Saved plot: record_sections/individual/QMigrate/VELEST/59_VELEST_QMigrate_20230411_211831.png
  Saved plot: record_sections/individual/QMigrate/hypoinverse/59_hypoinverse_QMigrate_20230411_211831.png
  Saved plot: record_sections/individual/QMigrate/hypoinverse_corr/59_hypoinverse_corr_QMigrate_20230411_211831.png
  Generated and saved plots in 17.65s
  Total time for this event: 114.21s

Processing reference event ID 60 at 2023-04-11T22:39:43.680000Z (33/34)
  Loaded 765 traces in 98.05s
  Couldn't find match for STALTA/Initial
  Couldn't find match for PhaseNet/Initial
  Found match for QMigrate/Initial: event at 2023-04-11T22:39:43.125000Z
  Found match for STALTA/VELEST: event at 2023-04-11T22:39:43.000000Z
  Found match for PhaseNet/VELEST: event at 2023-04-11T22:39:41.910000Z
  Found match for QMigrate/VELEST: event at 2023-04-11T22:39:42.360000Z
  Found match for STALTA/hypoinverse: event at 2023-04-11T22:39:45.030000Z
  Found match for PhaseNet/hypoinverse: event at 2023-04-11T22:39:44.860000Z
  Found match for QMigrate/hypoinverse: event at 2023-04-11T22:39:44.920000Z
  Found match for STALTA/hypoinverse_corr: event at 2023-04-11T22:39:43.980000Z
  Found match for PhaseNet/hypoinverse_corr: event at 2023-04-11T22:39:43.690000Z
  Found match for QMigrate/hypoinverse_corr: event at 2023-04-11T22:39:43.610000Z
  Found match for STALTA/hypoDD_dtct: event at 2023-04-11T22:39:43.760000Z
  Found match for PhaseNet/hypoDD_dtct: event at 2023-04-11T22:39:43.760000Z
  Found matched events in 0.00s
  Saved plot: record_sections/individual/QMigrate/hypoDD_dtct/60_hypoDD_dtct_QMigrate_20230411_223943.png
  Saved plot: record_sections/individual/QMigrate/Initial/60_Initial_QMigrate_20230411_223943.png
  Saved plot: record_sections/individual/STALTA/VELEST/60_VELEST_STALTA_20230411_223943.png
  Saved plot: record_sections/individual/PhaseNet/VELEST/60_VELEST_PhaseNet_20230411_223943.png
  Saved plot: record_sections/individual/QMigrate/VELEST/60_VELEST_QMigrate_20230411_223943.png
  Saved plot: record_sections/individual/STALTA/hypoinverse/60_hypoinverse_STALTA_20230411_223943.png
  Saved plot: record_sections/individual/PhaseNet/hypoinverse/60_hypoinverse_PhaseNet_20230411_223943.png
  Saved plot: record_sections/individual/QMigrate/hypoinverse/60_hypoinverse_QMigrate_20230411_223943.png
  Saved plot: record_sections/individual/STALTA/hypoinverse_corr/60_hypoinverse_corr_STALTA_20230411_223943.png
  Saved plot: record_sections/individual/PhaseNet/hypoinverse_corr/60_hypoinverse_corr_PhaseNet_20230411_223943.png
  Saved plot: record_sections/individual/QMigrate/hypoinverse_corr/60_hypoinverse_corr_QMigrate_20230411_223943.png
  Saved plot: record_sections/individual/STALTA/hypoDD_dtct/60_hypoDD_dtct_STALTA_20230411_223943.png
  Saved plot: record_sections/individual/PhaseNet/hypoDD_dtct/60_hypoDD_dtct_PhaseNet_20230411_223943.png
  Generated and saved plots in 43.62s
  Total time for this event: 142.28s

Processing reference event ID 61 at 2023-04-11T23:09:11.020000Z (34/34)
  Loaded 765 traces in 102.87s
  Couldn't find match for STALTA/Initial
  Couldn't find match for PhaseNet/Initial
  Found match for QMigrate/Initial: event at 2023-04-11T23:09:10.355000Z
  Couldn't find match for STALTA/VELEST
  Found match for PhaseNet/VELEST: event at 2023-04-11T23:09:10.190000Z
  Found match for QMigrate/VELEST: event at 2023-04-11T23:09:10.320000Z
  Couldn't find match for STALTA/hypoinverse
  Couldn't find match for PhaseNet/hypoinverse
  Found match for QMigrate/hypoinverse: event at 2023-04-11T23:09:12.630000Z
  Couldn't find match for STALTA/hypoinverse_corr
  Found match for PhaseNet/hypoinverse_corr: event at 2023-04-11T23:09:11.190000Z
  Found match for QMigrate/hypoinverse_corr: event at 2023-04-11T23:09:10.980000Z
  Couldn't find match for STALTA/hypoDD_dtct
  Found match for PhaseNet/hypoDD_dtct: event at 2023-04-11T23:09:11.200000Z
  Found matched events in 0.00s
  Saved plot: record_sections/individual/QMigrate/hypoDD_dtct/61_hypoDD_dtct_QMigrate_20230411_230911.png
  Saved plot: record_sections/individual/QMigrate/Initial/61_Initial_QMigrate_20230411_230911.png
  Saved plot: record_sections/individual/PhaseNet/VELEST/61_VELEST_PhaseNet_20230411_230911.png
  Saved plot: record_sections/individual/QMigrate/VELEST/61_VELEST_QMigrate_20230411_230911.png
  Saved plot: record_sections/individual/QMigrate/hypoinverse/61_hypoinverse_QMigrate_20230411_230911.png
  Saved plot: record_sections/individual/PhaseNet/hypoinverse_corr/61_hypoinverse_corr_PhaseNet_20230411_230911.png
  Saved plot: record_sections/individual/QMigrate/hypoinverse_corr/61_hypoinverse_corr_QMigrate_20230411_230911.png
  Saved plot: record_sections/individual/PhaseNet/hypoDD_dtct/61_hypoDD_dtct_PhaseNet_20230411_230911.png
  Generated and saved plots in 24.23s
  Total time for this event: 127.71s

Total script execution time: 4192.84s
  Running plot_mode: picker_stages for picker: STALTA
Loaded station data in 0.00s
Using STALTA/hypoDD_dtct as reference catalog for picker_stages mode.
Loaded reference catalog (5 events from STALTA/hypoDD_dtct) in 0.00s
Initial/STALTA: has 30
Initial/PhaseNet: has 30
Initial/QMigrate: has 40
VELEST/STALTA: has 10
VELEST/PhaseNet: has 22
VELEST/QMigrate: has 31
hypoinverse/STALTA: has 20
hypoinverse/PhaseNet: has 23
hypoinverse/QMigrate: has 29
hypoinverse_corr/STALTA: has 9
hypoinverse_corr/PhaseNet: has 26
hypoinverse_corr/QMigrate: has 35
hypoDD_dtct/STALTA: has 5
hypoDD_dtct/PhaseNet: has 25
hypoDD_dtct/QMigrate: has 34
Loaded all other catalogs in 0.06s

Processing reference event ID 3 at 2023-04-11T00:23:13.750000Z (1/5)
  Loaded 546 traces in 100.11s
  Couldn't find match for STALTA/Initial
  Couldn't find match for PhaseNet/Initial
  Found match for QMigrate/Initial: event at 2023-04-11T00:23:11.465000Z
  Found match for STALTA/VELEST: event at 2023-04-11T00:23:11.580000Z
  Couldn't find match for PhaseNet/VELEST
  Found match for QMigrate/VELEST: event at 2023-04-11T00:23:12.140000Z
  Found match for STALTA/hypoinverse: event at 2023-04-11T00:23:14.900000Z
  Couldn't find match for PhaseNet/hypoinverse
  Found match for QMigrate/hypoinverse: event at 2023-04-11T00:23:13.990000Z
  Found match for STALTA/hypoinverse_corr: event at 2023-04-11T00:23:13.700000Z
  Couldn't find match for PhaseNet/hypoinverse_corr
  Found match for QMigrate/hypoinverse_corr: event at 2023-04-11T00:23:12.310000Z
  Couldn't find match for PhaseNet/hypoDD_dtct
  Found match for QMigrate/hypoDD_dtct: event at 2023-04-11T00:23:12.280000Z
  Found matched events in 0.00s
  Saved plot: record_sections/picker_stages/STALTA/3_STALTA_20230411_002313.png
  Generated and saved plots in 8.05s
  Total time for this event: 110.05s

Processing reference event ID 6 at 2023-04-11T18:28:08.400000Z (2/5)
  Loaded 765 traces in 95.22s
  Couldn't find match for STALTA/Initial
  Couldn't find match for PhaseNet/Initial
  Found match for QMigrate/Initial: event at 2023-04-11T18:28:06.490000Z
  Found match for STALTA/VELEST: event at 2023-04-11T18:28:06.450000Z
  Found match for PhaseNet/VELEST: event at 2023-04-11T18:28:05.970000Z
  Found match for QMigrate/VELEST: event at 2023-04-11T18:28:06.590000Z
  Found match for STALTA/hypoinverse: event at 2023-04-11T18:28:09.640000Z
  Found match for PhaseNet/hypoinverse: event at 2023-04-11T18:28:08.510000Z
  Found match for QMigrate/hypoinverse: event at 2023-04-11T18:28:08.370000Z
  Found match for STALTA/hypoinverse_corr: event at 2023-04-11T18:28:08.170000Z
  Found match for PhaseNet/hypoinverse_corr: event at 2023-04-11T18:28:07.340000Z
  Found match for QMigrate/hypoinverse_corr: event at 2023-04-11T18:28:07.220000Z
  Found match for PhaseNet/hypoDD_dtct: event at 2023-04-11T18:28:07.360000Z
  Found match for QMigrate/hypoDD_dtct: event at 2023-04-11T18:28:07.220000Z
  Found matched events in 0.00s
  Saved plot: record_sections/picker_stages/STALTA/6_STALTA_20230411_182808.png
  Generated and saved plots in 10.44s
  Total time for this event: 106.30s

Processing reference event ID 7 at 2023-04-11T19:13:02.120000Z (3/5)
  Loaded 765 traces in 97.59s
  Couldn't find match for STALTA/Initial
  Couldn't find match for PhaseNet/Initial
  Found match for QMigrate/Initial: event at 2023-04-11T19:13:01.240000Z
  Found match for STALTA/VELEST: event at 2023-04-11T19:13:01.170000Z
  Found match for PhaseNet/VELEST: event at 2023-04-11T19:13:01.040000Z
  Found match for QMigrate/VELEST: event at 2023-04-11T19:13:01.160000Z
  Found match for STALTA/hypoinverse: event at 2023-04-11T19:13:02.930000Z
  Found match for PhaseNet/hypoinverse: event at 2023-04-11T19:13:03.300000Z
  Found match for QMigrate/hypoinverse: event at 2023-04-11T19:13:03.100000Z
  Found match for STALTA/hypoinverse_corr: event at 2023-04-11T19:13:02.160000Z
  Found match for PhaseNet/hypoinverse_corr: event at 2023-04-11T19:13:02.170000Z
  Found match for QMigrate/hypoinverse_corr: event at 2023-04-11T19:13:01.990000Z
  Found match for PhaseNet/hypoDD_dtct: event at 2023-04-11T19:13:02.120000Z
  Found match for QMigrate/hypoDD_dtct: event at 2023-04-11T19:13:02.000000Z
  Found matched events in 0.00s
  Saved plot: record_sections/picker_stages/STALTA/7_STALTA_20230411_191302.png
  Generated and saved plots in 11.03s
  Total time for this event: 109.28s

Processing reference event ID 8 at 2023-04-11T20:30:42.760000Z (4/5)
  Loaded 765 traces in 80.36s
  Couldn't find match for STALTA/Initial
  Couldn't find match for PhaseNet/Initial
  Found match for QMigrate/Initial: event at 2023-04-11T20:30:41.830000Z
  Found match for STALTA/VELEST: event at 2023-04-11T20:30:41.800000Z
  Found match for PhaseNet/VELEST: event at 2023-04-11T20:30:41.910000Z
  Found match for QMigrate/VELEST: event at 2023-04-11T20:30:42.230000Z
  Found match for STALTA/hypoinverse: event at 2023-04-11T20:30:43.950000Z
  Found match for PhaseNet/hypoinverse: event at 2023-04-11T20:30:43.920000Z
  Found match for QMigrate/hypoinverse: event at 2023-04-11T20:30:43.780000Z
  Found match for STALTA/hypoinverse_corr: event at 2023-04-11T20:30:42.900000Z
  Found match for PhaseNet/hypoinverse_corr: event at 2023-04-11T20:30:42.630000Z
  Found match for QMigrate/hypoinverse_corr: event at 2023-04-11T20:30:42.850000Z
  Found match for PhaseNet/hypoDD_dtct: event at 2023-04-11T20:30:42.640000Z
  Found match for QMigrate/hypoDD_dtct: event at 2023-04-11T20:30:42.460000Z
  Found matched events in 0.00s
  Saved plot: record_sections/picker_stages/STALTA/8_STALTA_20230411_203042.png
  Generated and saved plots in 11.70s
  Total time for this event: 92.69s

Processing reference event ID 9 at 2023-04-11T22:39:43.760000Z (5/5)
  Loaded 765 traces in 100.64s
  Couldn't find match for STALTA/Initial
  Couldn't find match for PhaseNet/Initial
  Found match for QMigrate/Initial: event at 2023-04-11T22:39:43.125000Z
  Found match for STALTA/VELEST: event at 2023-04-11T22:39:43.000000Z
  Found match for PhaseNet/VELEST: event at 2023-04-11T22:39:41.910000Z
  Found match for QMigrate/VELEST: event at 2023-04-11T22:39:42.360000Z
  Found match for STALTA/hypoinverse: event at 2023-04-11T22:39:45.030000Z
  Found match for PhaseNet/hypoinverse: event at 2023-04-11T22:39:44.860000Z
  Found match for QMigrate/hypoinverse: event at 2023-04-11T22:39:44.920000Z
  Found match for STALTA/hypoinverse_corr: event at 2023-04-11T22:39:43.980000Z
  Found match for PhaseNet/hypoinverse_corr: event at 2023-04-11T22:39:43.690000Z
  Found match for QMigrate/hypoinverse_corr: event at 2023-04-11T22:39:43.610000Z
  Found match for PhaseNet/hypoDD_dtct: event at 2023-04-11T22:39:43.760000Z
  Found match for QMigrate/hypoDD_dtct: event at 2023-04-11T22:39:43.680000Z
  Found matched events in 0.00s
  Saved plot: record_sections/picker_stages/STALTA/9_STALTA_20230411_223943.png
  Generated and saved plots in 11.30s
  Total time for this event: 112.55s

Total script execution time: 530.94s
  Running plot_mode: picker_stages for picker: PhaseNet
Loaded station data in 0.00s
Using PhaseNet/hypoDD_dtct as reference catalog for picker_stages mode.
Loaded reference catalog (25 events from PhaseNet/hypoDD_dtct) in 0.01s
Initial/STALTA: has 30
Initial/PhaseNet: has 30
Initial/QMigrate: has 40
VELEST/STALTA: has 10
VELEST/PhaseNet: has 22
VELEST/QMigrate: has 31
hypoinverse/STALTA: has 20
hypoinverse/PhaseNet: has 23
hypoinverse/QMigrate: has 29
hypoinverse_corr/STALTA: has 9
hypoinverse_corr/PhaseNet: has 26
hypoinverse_corr/QMigrate: has 35
hypoDD_dtct/STALTA: has 5
hypoDD_dtct/PhaseNet: has 25
hypoDD_dtct/QMigrate: has 34
Loaded all other catalogs in 0.06s

Processing reference event ID 15 at 2023-04-11T01:03:50.480000Z (1/25)
  Loaded 546 traces in 106.48s
  Couldn't find match for STALTA/Initial
  Couldn't find match for PhaseNet/Initial
  Found match for QMigrate/Initial: event at 2023-04-11T01:03:49.695000Z
  Couldn't find match for STALTA/VELEST
  Found match for PhaseNet/VELEST: event at 2023-04-11T01:03:49.690000Z
  Found match for QMigrate/VELEST: event at 2023-04-11T01:03:50.390000Z
  Couldn't find match for STALTA/hypoinverse
  Found match for PhaseNet/hypoinverse: event at 2023-04-11T01:03:52.160000Z
  Couldn't find match for QMigrate/hypoinverse
  Couldn't find match for STALTA/hypoinverse_corr
  Found match for PhaseNet/hypoinverse_corr: event at 2023-04-11T01:03:50.510000Z
  Found match for QMigrate/hypoinverse_corr: event at 2023-04-11T01:03:50.490000Z
  Couldn't find match for STALTA/hypoDD_dtct
  Found match for QMigrate/hypoDD_dtct: event at 2023-04-11T01:03:50.430000Z
  Found matched events in 0.00s
  Saved plot: record_sections/picker_stages/PhaseNet/15_PhaseNet_20230411_010350.png
  Generated and saved plots in 9.44s
  Total time for this event: 117.90s

Processing reference event ID 16 at 2023-04-11T03:09:13.810000Z (2/25)
  Loaded 552 traces in 90.50s
  Couldn't find match for STALTA/Initial
  Couldn't find match for PhaseNet/Initial
  Found match for QMigrate/Initial: event at 2023-04-11T03:09:13.135000Z
  Couldn't find match for STALTA/VELEST
  Found match for PhaseNet/VELEST: event at 2023-04-11T03:09:12.260000Z
  Found match for QMigrate/VELEST: event at 2023-04-11T03:09:13.340000Z
  Couldn't find match for STALTA/hypoinverse
  Found match for PhaseNet/hypoinverse: event at 2023-04-11T03:09:14.860000Z
  Found match for QMigrate/hypoinverse: event at 2023-04-11T03:09:15.060000Z
  Couldn't find match for STALTA/hypoinverse_corr
  Found match for PhaseNet/hypoinverse_corr: event at 2023-04-11T03:09:13.870000Z
  Found match for QMigrate/hypoinverse_corr: event at 2023-04-11T03:09:14.000000Z
  Couldn't find match for STALTA/hypoDD_dtct
  Found match for QMigrate/hypoDD_dtct: event at 2023-04-11T03:09:13.640000Z
  Found matched events in 0.00s
  Saved plot: record_sections/picker_stages/PhaseNet/16_PhaseNet_20230411_030913.png
  Generated and saved plots in 9.06s
  Total time for this event: 100.04s

Processing reference event ID 17 at 2023-04-11T03:15:48.940000Z (3/25)
  Loaded 552 traces in 94.86s
  Couldn't find match for STALTA/Initial
  Couldn't find match for PhaseNet/Initial
  Found match for QMigrate/Initial: event at 2023-04-11T03:15:48.005000Z
  Found match for STALTA/VELEST: event at 2023-04-11T03:15:52.170000Z
  Found match for PhaseNet/VELEST: event at 2023-04-11T03:15:48.410000Z
  Found match for QMigrate/VELEST: event at 2023-04-11T03:15:48.220000Z
  Found match for STALTA/hypoinverse: event at 2023-04-11T03:15:53.890000Z
  Couldn't find match for PhaseNet/hypoinverse
  Found match for QMigrate/hypoinverse: event at 2023-04-11T03:15:50.470000Z
  Couldn't find match for STALTA/hypoinverse_corr
  Found match for PhaseNet/hypoinverse_corr: event at 2023-04-11T03:15:49.020000Z
  Found match for QMigrate/hypoinverse_corr: event at 2023-04-11T03:15:48.760000Z
  Couldn't find match for STALTA/hypoDD_dtct
  Found match for QMigrate/hypoDD_dtct: event at 2023-04-11T03:15:48.760000Z
  Found matched events in 0.00s
  Saved plot: record_sections/picker_stages/PhaseNet/17_PhaseNet_20230411_031548.png
  Generated and saved plots in 6.29s
  Total time for this event: 101.63s

Processing reference event ID 18 at 2023-04-11T03:20:05.100000Z (4/25)
  Loaded 555 traces in 99.61s
  Couldn't find match for STALTA/Initial
  Couldn't find match for PhaseNet/Initial
  Found match for QMigrate/Initial: event at 2023-04-11T03:20:04.255000Z
  Found match for STALTA/VELEST: event at 2023-04-11T03:20:08.680000Z
  Found match for PhaseNet/VELEST: event at 2023-04-11T03:20:04.380000Z
  Found match for QMigrate/VELEST: event at 2023-04-11T03:20:05.110000Z
  Found match for STALTA/hypoinverse: event at 2023-04-11T03:20:09.910000Z
  Found match for PhaseNet/hypoinverse: event at 2023-04-11T03:20:06.600000Z
  Found match for QMigrate/hypoinverse: event at 2023-04-11T03:20:06.640000Z
  Found match for STALTA/hypoinverse_corr: event at 2023-04-11T03:20:08.320000Z
  Found match for PhaseNet/hypoinverse_corr: event at 2023-04-11T03:20:05.210000Z
  Found match for QMigrate/hypoinverse_corr: event at 2023-04-11T03:20:05.070000Z
  Couldn't find match for STALTA/hypoDD_dtct
  Found match for QMigrate/hypoDD_dtct: event at 2023-04-11T03:20:04.950000Z
  Found matched events in 0.00s
  Saved plot: record_sections/picker_stages/PhaseNet/18_PhaseNet_20230411_032005.png
  Generated and saved plots in 8.83s
  Total time for this event: 108.91s

Processing reference event ID 19 at 2023-04-11T03:55:11.430000Z (5/25)
  Loaded 573 traces in 107.16s
  Couldn't find match for STALTA/Initial
  Couldn't find match for PhaseNet/Initial
  Couldn't find match for QMigrate/Initial
  Couldn't find match for STALTA/VELEST
  Couldn't find match for PhaseNet/VELEST
  Couldn't find match for QMigrate/VELEST
  Couldn't find match for STALTA/hypoinverse
  Couldn't find match for PhaseNet/hypoinverse
  Couldn't find match for QMigrate/hypoinverse
  Couldn't find match for STALTA/hypoinverse_corr
  Found match for PhaseNet/hypoinverse_corr: event at 2023-04-11T03:55:11.460000Z
  Couldn't find match for QMigrate/hypoinverse_corr
  Couldn't find match for STALTA/hypoDD_dtct
  Couldn't find match for QMigrate/hypoDD_dtct
  Found matched events in 0.00s
  Saved plot: record_sections/picker_stages/PhaseNet/19_PhaseNet_20230411_035511.png
  Generated and saved plots in 4.51s
  Total time for this event: 112.16s

Processing reference event ID 20 at 2023-04-11T07:17:14.140000Z (6/25)
  Loaded 705 traces in 98.78s
  Found match for STALTA/Initial: event at 2023-04-11T07:17:14.103000Z
  Found match for PhaseNet/Initial: event at 2023-04-11T07:17:14.103000Z
  Found match for QMigrate/Initial: event at 2023-04-11T07:17:13.215000Z
  Couldn't find match for STALTA/VELEST
  Found match for PhaseNet/VELEST: event at 2023-04-11T07:17:12.850000Z
  Found match for QMigrate/VELEST: event at 2023-04-11T07:17:13.440000Z
  Couldn't find match for STALTA/hypoinverse
  Found match for PhaseNet/hypoinverse: event at 2023-04-11T07:17:15.750000Z
  Found match for QMigrate/hypoinverse: event at 2023-04-11T07:17:15.750000Z
  Couldn't find match for STALTA/hypoinverse_corr
  Found match for PhaseNet/hypoinverse_corr: event at 2023-04-11T07:17:14.130000Z
  Found match for QMigrate/hypoinverse_corr: event at 2023-04-11T07:17:14.160000Z
  Couldn't find match for STALTA/hypoDD_dtct
  Found match for QMigrate/hypoDD_dtct: event at 2023-04-11T07:17:13.990000Z
  Found matched events in 0.00s
  Saved plot: record_sections/picker_stages/PhaseNet/20_PhaseNet_20230411_071714.png
  Generated and saved plots in 13.93s
  Total time for this event: 113.36s

Processing reference event ID 21 at 2023-04-11T07:32:28.700000Z (7/25)
  Loaded 711 traces in 90.49s
  Couldn't find match for STALTA/Initial
  Couldn't find match for PhaseNet/Initial
  Found match for QMigrate/Initial: event at 2023-04-11T07:32:27.925000Z
  Couldn't find match for STALTA/VELEST
  Found match for PhaseNet/VELEST: event at 2023-04-11T07:32:27.570000Z
  Found match for QMigrate/VELEST: event at 2023-04-11T07:32:27.720000Z
  Couldn't find match for STALTA/hypoinverse
  Found match for PhaseNet/hypoinverse: event at 2023-04-11T07:32:28.990000Z
  Found match for QMigrate/hypoinverse: event at 2023-04-11T07:32:29.130000Z
  Couldn't find match for STALTA/hypoinverse_corr
  Found match for PhaseNet/hypoinverse_corr: event at 2023-04-11T07:32:28.780000Z
  Found match for QMigrate/hypoinverse_corr: event at 2023-04-11T07:32:28.570000Z
  Couldn't find match for STALTA/hypoDD_dtct
  Found match for QMigrate/hypoDD_dtct: event at 2023-04-11T07:32:28.520000Z
  Found matched events in 0.00s
  Saved plot: record_sections/picker_stages/PhaseNet/21_PhaseNet_20230411_073228.png
  Generated and saved plots in 10.32s
  Total time for this event: 101.44s

Processing reference event ID 22 at 2023-04-11T11:12:43.750000Z (8/25)
  Loaded 762 traces in 102.60s
  Couldn't find match for STALTA/Initial
  Couldn't find match for PhaseNet/Initial
  Found match for QMigrate/Initial: event at 2023-04-11T11:12:42.920000Z
  Couldn't find match for STALTA/VELEST
  Found match for PhaseNet/VELEST: event at 2023-04-11T11:12:43.430000Z
  Couldn't find match for QMigrate/VELEST
  Found match for STALTA/hypoinverse: event at 2023-04-11T11:12:46.210000Z
  Found match for PhaseNet/hypoinverse: event at 2023-04-11T11:12:45.080000Z
  Found match for QMigrate/hypoinverse: event at 2023-04-11T11:12:44.970000Z
  Couldn't find match for STALTA/hypoinverse_corr
  Found match for PhaseNet/hypoinverse_corr: event at 2023-04-11T11:12:43.900000Z
  Found match for QMigrate/hypoinverse_corr: event at 2023-04-11T11:12:43.510000Z
  Couldn't find match for STALTA/hypoDD_dtct
  Found match for QMigrate/hypoDD_dtct: event at 2023-04-11T11:12:43.570000Z
  Found matched events in 0.00s
  Saved plot: record_sections/picker_stages/PhaseNet/22_PhaseNet_20230411_111243.png
  Generated and saved plots in 10.76s
  Total time for this event: 113.98s

Processing reference event ID 23 at 2023-04-11T12:31:06.190000Z (9/25)
  Loaded 765 traces in 114.04s
  Couldn't find match for STALTA/Initial
  Couldn't find match for PhaseNet/Initial
  Couldn't find match for QMigrate/Initial
  Couldn't find match for STALTA/VELEST
  Found match for PhaseNet/VELEST: event at 2023-04-11T12:31:07.230000Z
  Couldn't find match for QMigrate/VELEST
  Couldn't find match for STALTA/hypoinverse
  Found match for PhaseNet/hypoinverse: event at 2023-04-11T12:31:07.260000Z
  Couldn't find match for QMigrate/hypoinverse
  Couldn't find match for STALTA/hypoinverse_corr
  Found match for PhaseNet/hypoinverse_corr: event at 2023-04-11T12:31:06.420000Z
  Couldn't find match for QMigrate/hypoinverse_corr
  Couldn't find match for STALTA/hypoDD_dtct
  Couldn't find match for QMigrate/hypoDD_dtct
  Found matched events in 0.00s
  Saved plot: record_sections/picker_stages/PhaseNet/23_PhaseNet_20230411_123106.png
  Generated and saved plots in 11.01s
  Total time for this event: 125.68s

Processing reference event ID 24 at 2023-04-11T12:55:14.970000Z (10/25)
  Loaded 765 traces in 105.21s
  Couldn't find match for STALTA/Initial
  Couldn't find match for PhaseNet/Initial
  Found match for QMigrate/Initial: event at 2023-04-11T12:55:14.015000Z
  Couldn't find match for STALTA/VELEST
  Found match for PhaseNet/VELEST: event at 2023-04-11T12:55:13.630000Z
  Found match for QMigrate/VELEST: event at 2023-04-11T12:55:15.160000Z
  Couldn't find match for STALTA/hypoinverse
  Found match for PhaseNet/hypoinverse: event at 2023-04-11T12:55:16.040000Z
  Found match for QMigrate/hypoinverse: event at 2023-04-11T12:55:15.930000Z
  Couldn't find match for STALTA/hypoinverse_corr
  Found match for PhaseNet/hypoinverse_corr: event at 2023-04-11T12:55:14.890000Z
  Found match for QMigrate/hypoinverse_corr: event at 2023-04-11T12:55:14.930000Z
  Couldn't find match for STALTA/hypoDD_dtct
  Found match for QMigrate/hypoDD_dtct: event at 2023-04-11T12:55:14.780000Z
  Found matched events in 0.01s
  Saved plot: record_sections/picker_stages/PhaseNet/24_PhaseNet_20230411_125514.png
  Generated and saved plots in 11.16s
  Total time for this event: 117.03s

Processing reference event ID 25 at 2023-04-11T15:16:08.380000Z (11/25)
  Loaded 765 traces in 118.61s
  Couldn't find match for STALTA/Initial
  Couldn't find match for PhaseNet/Initial
  Found match for QMigrate/Initial: event at 2023-04-11T15:16:07.555000Z
  Couldn't find match for STALTA/VELEST
  Found match for PhaseNet/VELEST: event at 2023-04-11T15:16:08.170000Z
  Found match for QMigrate/VELEST: event at 2023-04-11T15:16:07.480000Z
  Couldn't find match for STALTA/hypoinverse
  Found match for PhaseNet/hypoinverse: event at 2023-04-11T15:16:09.640000Z
  Found match for QMigrate/hypoinverse: event at 2023-04-11T15:16:09.840000Z
  Couldn't find match for STALTA/hypoinverse_corr
  Found match for PhaseNet/hypoinverse_corr: event at 2023-04-11T15:16:08.530000Z
  Found match for QMigrate/hypoinverse_corr: event at 2023-04-11T15:16:08.280000Z
  Couldn't find match for STALTA/hypoDD_dtct
  Found match for QMigrate/hypoDD_dtct: event at 2023-04-11T15:16:08.220000Z
  Found matched events in 0.00s
  Saved plot: record_sections/picker_stages/PhaseNet/25_PhaseNet_20230411_151608.png
  Generated and saved plots in 12.76s
  Total time for this event: 132.06s

Processing reference event ID 26 at 2023-04-11T17:31:50.660000Z (12/25)
  Loaded 765 traces in 98.52s
  Couldn't find match for STALTA/Initial
  Couldn't find match for PhaseNet/Initial
  Found match for QMigrate/Initial: event at 2023-04-11T17:31:49.770000Z
  Couldn't find match for STALTA/VELEST
  Found match for PhaseNet/VELEST: event at 2023-04-11T17:31:57.820000Z
  Found match for QMigrate/VELEST: event at 2023-04-11T17:31:49.830000Z
  Couldn't find match for STALTA/hypoinverse
  Found match for PhaseNet/hypoinverse: event at 2023-04-11T17:31:51.820000Z
  Found match for QMigrate/hypoinverse: event at 2023-04-11T17:31:51.680000Z
  Couldn't find match for STALTA/hypoinverse_corr
  Found match for PhaseNet/hypoinverse_corr: event at 2023-04-11T17:31:50.680000Z
  Found match for QMigrate/hypoinverse_corr: event at 2023-04-11T17:31:50.250000Z
  Couldn't find match for STALTA/hypoDD_dtct
  Found match for QMigrate/hypoDD_dtct: event at 2023-04-11T17:31:50.480000Z
  Found matched events in 0.00s
  Saved plot: record_sections/picker_stages/PhaseNet/26_PhaseNet_20230411_173150.png
  Generated and saved plots in 11.29s
  Total time for this event: 110.44s

Processing reference event ID 27 at 2023-04-11T17:31:57.960000Z (13/25)
  Loaded 765 traces in 95.01s
  Couldn't find match for STALTA/Initial
  Couldn't find match for PhaseNet/Initial
  Found match for QMigrate/Initial: event at 2023-04-11T17:31:57.120000Z
  Couldn't find match for STALTA/VELEST
  Found match for PhaseNet/VELEST: event at 2023-04-11T17:31:57.820000Z
  Found match for QMigrate/VELEST: event at 2023-04-11T17:31:56.850000Z
  Couldn't find match for STALTA/hypoinverse
  Found match for PhaseNet/hypoinverse: event at 2023-04-11T17:31:58.970000Z
  Found match for QMigrate/hypoinverse: event at 2023-04-11T17:31:59.110000Z
  Couldn't find match for STALTA/hypoinverse_corr
  Found match for PhaseNet/hypoinverse_corr: event at 2023-04-11T17:31:58.170000Z
  Found match for QMigrate/hypoinverse_corr: event at 2023-04-11T17:31:57.710000Z
  Couldn't find match for STALTA/hypoDD_dtct
  Found match for QMigrate/hypoDD_dtct: event at 2023-04-11T17:31:57.840000Z
  Found matched events in 0.00s
  Saved plot: record_sections/picker_stages/PhaseNet/27_PhaseNet_20230411_173157.png
  Generated and saved plots in 12.11s
  Total time for this event: 107.81s

Processing reference event ID 28 at 2023-04-11T17:32:08.800000Z (14/25)
  Loaded 765 traces in 101.73s
  Couldn't find match for STALTA/Initial
  Couldn't find match for PhaseNet/Initial
  Found match for QMigrate/Initial: event at 2023-04-11T17:32:07.980000Z
  Couldn't find match for STALTA/VELEST
  Found match for PhaseNet/VELEST: event at 2023-04-11T17:32:08.290000Z
  Found match for QMigrate/VELEST: event at 2023-04-11T17:32:07.630000Z
  Couldn't find match for STALTA/hypoinverse
  Found match for PhaseNet/hypoinverse: event at 2023-04-11T17:32:09.590000Z
  Found match for QMigrate/hypoinverse: event at 2023-04-11T17:32:09.880000Z
  Couldn't find match for STALTA/hypoinverse_corr
  Found match for PhaseNet/hypoinverse_corr: event at 2023-04-11T17:32:08.970000Z
  Found match for QMigrate/hypoinverse_corr: event at 2023-04-11T17:32:08.650000Z
  Couldn't find match for STALTA/hypoDD_dtct
  Found match for QMigrate/hypoDD_dtct: event at 2023-04-11T17:32:08.680000Z
  Found matched events in 0.00s
  Saved plot: record_sections/picker_stages/PhaseNet/28_PhaseNet_20230411_173208.png
  Generated and saved plots in 11.54s
  Total time for this event: 113.89s

Processing reference event ID 29 at 2023-04-11T18:02:51.680000Z (15/25)
  Loaded 765 traces in 116.20s
  Couldn't find match for STALTA/Initial
  Couldn't find match for PhaseNet/Initial
  Couldn't find match for QMigrate/Initial
  Couldn't find match for STALTA/VELEST
  Couldn't find match for PhaseNet/VELEST
  Couldn't find match for QMigrate/VELEST
  Couldn't find match for STALTA/hypoinverse
  Found match for PhaseNet/hypoinverse: event at 2023-04-11T18:02:51.930000Z
  Couldn't find match for QMigrate/hypoinverse
  Couldn't find match for STALTA/hypoinverse_corr
  Found match for PhaseNet/hypoinverse_corr: event at 2023-04-11T18:02:51.640000Z
  Couldn't find match for QMigrate/hypoinverse_corr
  Couldn't find match for STALTA/hypoDD_dtct
  Couldn't find match for QMigrate/hypoDD_dtct
  Found matched events in 0.00s
  Saved plot: record_sections/picker_stages/PhaseNet/29_PhaseNet_20230411_180251.png
  Generated and saved plots in 8.81s
  Total time for this event: 125.66s

Processing reference event ID 30 at 2023-04-11T18:16:26.420000Z (16/25)
  Loaded 765 traces in 103.16s
  Couldn't find match for STALTA/Initial
  Couldn't find match for PhaseNet/Initial
  Found match for QMigrate/Initial: event at 2023-04-11T18:16:25.555000Z
  Couldn't find match for STALTA/VELEST
  Found match for PhaseNet/VELEST: event at 2023-04-11T18:16:25.090000Z
  Found match for QMigrate/VELEST: event at 2023-04-11T18:16:25.510000Z
  Found match for STALTA/hypoinverse: event at 2023-04-11T18:16:31.230000Z
  Found match for PhaseNet/hypoinverse: event at 2023-04-11T18:16:27.610000Z
  Found match for QMigrate/hypoinverse: event at 2023-04-11T18:16:27.270000Z
  Couldn't find match for STALTA/hypoinverse_corr
  Found match for PhaseNet/hypoinverse_corr: event at 2023-04-11T18:16:26.480000Z
  Found match for QMigrate/hypoinverse_corr: event at 2023-04-11T18:16:26.330000Z
  Couldn't find match for STALTA/hypoDD_dtct
  Found match for QMigrate/hypoDD_dtct: event at 2023-04-11T18:16:26.320000Z
  Found matched events in 0.00s
  Saved plot: record_sections/picker_stages/PhaseNet/30_PhaseNet_20230411_181626.png
  Generated and saved plots in 11.19s
  Total time for this event: 114.99s

Processing reference event ID 31 at 2023-04-11T18:16:33.680000Z (17/25)
  Loaded 765 traces in 96.49s
  Couldn't find match for STALTA/Initial
  Couldn't find match for PhaseNet/Initial
  Found match for QMigrate/Initial: event at 2023-04-11T18:16:33.065000Z
  Couldn't find match for STALTA/VELEST
  Found match for PhaseNet/VELEST: event at 2023-04-11T18:16:31.860000Z
  Found match for QMigrate/VELEST: event at 2023-04-11T18:16:33.030000Z
  Found match for STALTA/hypoinverse: event at 2023-04-11T18:16:31.230000Z
  Found match for PhaseNet/hypoinverse: event at 2023-04-11T18:16:27.610000Z
  Found match for QMigrate/hypoinverse: event at 2023-04-11T18:16:34.750000Z
  Couldn't find match for STALTA/hypoinverse_corr
  Found match for PhaseNet/hypoinverse_corr: event at 2023-04-11T18:16:33.720000Z
  Found match for QMigrate/hypoinverse_corr: event at 2023-04-11T18:16:33.600000Z
  Couldn't find match for STALTA/hypoDD_dtct
  Found match for QMigrate/hypoDD_dtct: event at 2023-04-11T18:16:33.600000Z
  Found matched events in 0.00s
  Saved plot: record_sections/picker_stages/PhaseNet/31_PhaseNet_20230411_181633.png
  Generated and saved plots in 11.27s
  Total time for this event: 108.42s

Processing reference event ID 32 at 2023-04-11T18:28:07.360000Z (18/25)
  Loaded 765 traces in 90.62s
  Couldn't find match for STALTA/Initial
  Couldn't find match for PhaseNet/Initial
  Found match for QMigrate/Initial: event at 2023-04-11T18:28:06.490000Z
  Found match for STALTA/VELEST: event at 2023-04-11T18:28:06.450000Z
  Found match for PhaseNet/VELEST: event at 2023-04-11T18:28:05.970000Z
  Found match for QMigrate/VELEST: event at 2023-04-11T18:28:06.590000Z
  Found match for STALTA/hypoinverse: event at 2023-04-11T18:28:09.640000Z
  Found match for PhaseNet/hypoinverse: event at 2023-04-11T18:28:08.510000Z
  Found match for QMigrate/hypoinverse: event at 2023-04-11T18:28:08.370000Z
  Found match for STALTA/hypoinverse_corr: event at 2023-04-11T18:28:08.170000Z
  Found match for PhaseNet/hypoinverse_corr: event at 2023-04-11T18:28:07.340000Z
  Found match for QMigrate/hypoinverse_corr: event at 2023-04-11T18:28:07.220000Z
  Found match for STALTA/hypoDD_dtct: event at 2023-04-11T18:28:08.400000Z
  Found match for QMigrate/hypoDD_dtct: event at 2023-04-11T18:28:07.220000Z
  Found matched events in 0.00s
  Saved plot: record_sections/picker_stages/PhaseNet/32_PhaseNet_20230411_182807.png
  Generated and saved plots in 10.82s
  Total time for this event: 102.10s

Processing reference event ID 33 at 2023-04-11T18:45:30.220000Z (19/25)
  Loaded 765 traces in 100.36s
  Couldn't find match for STALTA/Initial
  Couldn't find match for PhaseNet/Initial
  Found match for QMigrate/Initial: event at 2023-04-11T18:45:29.430000Z
  Couldn't find match for STALTA/VELEST
  Couldn't find match for PhaseNet/VELEST
  Found match for QMigrate/VELEST: event at 2023-04-11T18:45:29.750000Z
  Found match for STALTA/hypoinverse: event at 2023-04-11T18:45:34.820000Z
  Found match for PhaseNet/hypoinverse: event at 2023-04-11T18:45:30.250000Z
  Found match for QMigrate/hypoinverse: event at 2023-04-11T18:45:31.220000Z
  Couldn't find match for STALTA/hypoinverse_corr
  Found match for PhaseNet/hypoinverse_corr: event at 2023-04-11T18:45:30.250000Z
  Found match for QMigrate/hypoinverse_corr: event at 2023-04-11T18:45:30.130000Z
  Couldn't find match for STALTA/hypoDD_dtct
  Found match for QMigrate/hypoDD_dtct: event at 2023-04-11T18:45:30.120000Z
  Found matched events in 0.00s
  Saved plot: record_sections/picker_stages/PhaseNet/33_PhaseNet_20230411_184530.png
  Generated and saved plots in 8.84s
  Total time for this event: 109.85s

Processing reference event ID 35 at 2023-04-11T19:13:02.120000Z (20/25)
  Loaded 765 traces in 76.86s
  Couldn't find match for STALTA/Initial
  Couldn't find match for PhaseNet/Initial
  Found match for QMigrate/Initial: event at 2023-04-11T19:13:01.240000Z
  Found match for STALTA/VELEST: event at 2023-04-11T19:13:01.170000Z
  Found match for PhaseNet/VELEST: event at 2023-04-11T19:13:01.040000Z
  Found match for QMigrate/VELEST: event at 2023-04-11T19:13:01.160000Z
  Found match for STALTA/hypoinverse: event at 2023-04-11T19:13:02.930000Z
  Found match for PhaseNet/hypoinverse: event at 2023-04-11T19:13:03.300000Z
  Found match for QMigrate/hypoinverse: event at 2023-04-11T19:13:03.100000Z
  Found match for STALTA/hypoinverse_corr: event at 2023-04-11T19:13:02.160000Z
  Found match for PhaseNet/hypoinverse_corr: event at 2023-04-11T19:13:02.170000Z
  Found match for QMigrate/hypoinverse_corr: event at 2023-04-11T19:13:01.990000Z
  Found match for STALTA/hypoDD_dtct: event at 2023-04-11T19:13:02.120000Z
  Found match for QMigrate/hypoDD_dtct: event at 2023-04-11T19:13:02.000000Z
  Found matched events in 0.00s
  Saved plot: record_sections/picker_stages/PhaseNet/35_PhaseNet_20230411_191302.png
  Generated and saved plots in 11.34s
  Total time for this event: 88.87s

Processing reference event ID 36 at 2023-04-11T19:38:41.200000Z (21/25)
  Loaded 765 traces in 99.44s
  Couldn't find match for STALTA/Initial
  Couldn't find match for PhaseNet/Initial
  Found match for QMigrate/Initial: event at 2023-04-11T19:38:40.675000Z
  Couldn't find match for STALTA/VELEST
  Found match for PhaseNet/VELEST: event at 2023-04-11T19:38:39.010000Z
  Found match for QMigrate/VELEST: event at 2023-04-11T19:38:39.760000Z
  Couldn't find match for STALTA/hypoinverse
  Couldn't find match for PhaseNet/hypoinverse
  Couldn't find match for QMigrate/hypoinverse
  Couldn't find match for STALTA/hypoinverse_corr
  Found match for PhaseNet/hypoinverse_corr: event at 2023-04-11T19:38:41.310000Z
  Found match for QMigrate/hypoinverse_corr: event at 2023-04-11T19:38:41.210000Z
  Couldn't find match for STALTA/hypoDD_dtct
  Found match for QMigrate/hypoDD_dtct: event at 2023-04-11T19:38:41.080000Z
  Found matched events in 0.00s
  Saved plot: record_sections/picker_stages/PhaseNet/36_PhaseNet_20230411_193841.png
  Generated and saved plots in 8.78s
  Total time for this event: 108.95s

Processing reference event ID 37 at 2023-04-11T20:30:42.640000Z (22/25)
  Loaded 765 traces in 103.86s
  Couldn't find match for STALTA/Initial
  Couldn't find match for PhaseNet/Initial
  Found match for QMigrate/Initial: event at 2023-04-11T20:30:41.830000Z
  Found match for STALTA/VELEST: event at 2023-04-11T20:30:41.800000Z
  Found match for PhaseNet/VELEST: event at 2023-04-11T20:30:41.910000Z
  Found match for QMigrate/VELEST: event at 2023-04-11T20:30:42.230000Z
  Found match for STALTA/hypoinverse: event at 2023-04-11T20:30:43.950000Z
  Found match for PhaseNet/hypoinverse: event at 2023-04-11T20:30:43.920000Z
  Found match for QMigrate/hypoinverse: event at 2023-04-11T20:30:43.780000Z
  Found match for STALTA/hypoinverse_corr: event at 2023-04-11T20:30:42.900000Z
  Found match for PhaseNet/hypoinverse_corr: event at 2023-04-11T20:30:42.630000Z
  Found match for QMigrate/hypoinverse_corr: event at 2023-04-11T20:30:42.850000Z
  Found match for STALTA/hypoDD_dtct: event at 2023-04-11T20:30:42.760000Z
  Found match for QMigrate/hypoDD_dtct: event at 2023-04-11T20:30:42.460000Z
  Found matched events in 0.00s
  Saved plot: record_sections/picker_stages/PhaseNet/37_PhaseNet_20230411_203042.png
  Generated and saved plots in 12.01s
  Total time for this event: 116.52s

Processing reference event ID 38 at 2023-04-11T21:12:44.740000Z (23/25)
  Loaded 765 traces in 92.94s
  Couldn't find match for STALTA/Initial
  Couldn't find match for PhaseNet/Initial
  Found match for QMigrate/Initial: event at 2023-04-11T21:12:43.960000Z
  Found match for STALTA/VELEST: event at 2023-04-11T21:12:48.990000Z
  Found match for PhaseNet/VELEST: event at 2023-04-11T21:12:43.430000Z
  Couldn't find match for QMigrate/VELEST
  Couldn't find match for STALTA/hypoinverse
  Couldn't find match for PhaseNet/hypoinverse
  Found match for QMigrate/hypoinverse: event at 2023-04-11T21:12:46.630000Z
  Couldn't find match for STALTA/hypoinverse_corr
  Found match for PhaseNet/hypoinverse_corr: event at 2023-04-11T21:12:44.850000Z
  Found match for QMigrate/hypoinverse_corr: event at 2023-04-11T21:12:44.560000Z
  Couldn't find match for STALTA/hypoDD_dtct
  Found match for QMigrate/hypoDD_dtct: event at 2023-04-11T21:12:44.600000Z
  Found matched events in 0.00s
  Saved plot: record_sections/picker_stages/PhaseNet/38_PhaseNet_20230411_211244.png
  Generated and saved plots in 8.94s
  Total time for this event: 102.59s

Processing reference event ID 39 at 2023-04-11T22:39:43.760000Z (24/25)
  Loaded 765 traces in 101.64s
  Couldn't find match for STALTA/Initial
  Couldn't find match for PhaseNet/Initial
  Found match for QMigrate/Initial: event at 2023-04-11T22:39:43.125000Z
  Found match for STALTA/VELEST: event at 2023-04-11T22:39:43.000000Z
  Found match for PhaseNet/VELEST: event at 2023-04-11T22:39:41.910000Z
  Found match for QMigrate/VELEST: event at 2023-04-11T22:39:42.360000Z
  Found match for STALTA/hypoinverse: event at 2023-04-11T22:39:45.030000Z
  Found match for PhaseNet/hypoinverse: event at 2023-04-11T22:39:44.860000Z
  Found match for QMigrate/hypoinverse: event at 2023-04-11T22:39:44.920000Z
  Found match for STALTA/hypoinverse_corr: event at 2023-04-11T22:39:43.980000Z
  Found match for PhaseNet/hypoinverse_corr: event at 2023-04-11T22:39:43.690000Z
  Found match for QMigrate/hypoinverse_corr: event at 2023-04-11T22:39:43.610000Z
  Found match for STALTA/hypoDD_dtct: event at 2023-04-11T22:39:43.760000Z
  Found match for QMigrate/hypoDD_dtct: event at 2023-04-11T22:39:43.680000Z
  Found matched events in 0.00s
  Saved plot: record_sections/picker_stages/PhaseNet/39_PhaseNet_20230411_223943.png
  Generated and saved plots in 11.65s
  Total time for this event: 113.93s

Processing reference event ID 40 at 2023-04-11T23:09:11.200000Z (25/25)
  Loaded 765 traces in 102.81s
  Couldn't find match for STALTA/Initial
  Couldn't find match for PhaseNet/Initial
  Found match for QMigrate/Initial: event at 2023-04-11T23:09:10.355000Z
  Couldn't find match for STALTA/VELEST
  Found match for PhaseNet/VELEST: event at 2023-04-11T23:09:10.190000Z
  Found match for QMigrate/VELEST: event at 2023-04-11T23:09:10.320000Z
  Couldn't find match for STALTA/hypoinverse
  Couldn't find match for PhaseNet/hypoinverse
  Found match for QMigrate/hypoinverse: event at 2023-04-11T23:09:12.630000Z
  Couldn't find match for STALTA/hypoinverse_corr
  Found match for PhaseNet/hypoinverse_corr: event at 2023-04-11T23:09:11.190000Z
  Found match for QMigrate/hypoinverse_corr: event at 2023-04-11T23:09:10.980000Z
  Couldn't find match for STALTA/hypoDD_dtct
  Found match for QMigrate/hypoDD_dtct: event at 2023-04-11T23:09:11.020000Z
  Found matched events in 0.00s
  Saved plot: record_sections/picker_stages/PhaseNet/40_PhaseNet_20230411_230911.png
  Generated and saved plots in 8.11s
  Total time for this event: 111.55s

Total script execution time: 2779.83s
  Running plot_mode: picker_stages for picker: QMigrate
Loaded station data in 0.00s
Using QMigrate/hypoDD_dtct as reference catalog for picker_stages mode.
Loaded reference catalog (34 events from QMigrate/hypoDD_dtct) in 0.01s
Initial/STALTA: has 30
Initial/PhaseNet: has 30
Initial/QMigrate: has 40
VELEST/STALTA: has 10
VELEST/PhaseNet: has 22
VELEST/QMigrate: has 31
hypoinverse/STALTA: has 20
hypoinverse/PhaseNet: has 23
hypoinverse/QMigrate: has 29
hypoinverse_corr/STALTA: has 9
hypoinverse_corr/PhaseNet: has 26
hypoinverse_corr/QMigrate: has 35
hypoDD_dtct/STALTA: has 5
hypoDD_dtct/PhaseNet: has 25
hypoDD_dtct/QMigrate: has 34
Loaded all other catalogs in 0.05s

Processing reference event ID 27 at 2023-04-11T00:23:12.280000Z (1/34)
  Loaded 546 traces in 89.26s
  Couldn't find match for STALTA/Initial
  Couldn't find match for PhaseNet/Initial
  Found match for QMigrate/Initial: event at 2023-04-11T00:23:11.465000Z
  Found match for STALTA/VELEST: event at 2023-04-11T00:23:11.580000Z
  Couldn't find match for PhaseNet/VELEST
  Found match for QMigrate/VELEST: event at 2023-04-11T00:23:12.140000Z
  Found match for STALTA/hypoinverse: event at 2023-04-11T00:23:14.900000Z
  Couldn't find match for PhaseNet/hypoinverse
  Found match for QMigrate/hypoinverse: event at 2023-04-11T00:23:13.990000Z
  Found match for STALTA/hypoinverse_corr: event at 2023-04-11T00:23:13.700000Z
  Couldn't find match for PhaseNet/hypoinverse_corr
  Found match for QMigrate/hypoinverse_corr: event at 2023-04-11T00:23:12.310000Z
  Found match for STALTA/hypoDD_dtct: event at 2023-04-11T00:23:13.750000Z
  Couldn't find match for PhaseNet/hypoDD_dtct
  Found matched events in 0.00s
  Saved plot: record_sections/picker_stages/QMigrate/27_QMigrate_20230411_002312.png
  Generated and saved plots in 10.18s
  Total time for this event: 101.46s

Processing reference event ID 28 at 2023-04-11T00:29:31.640000Z (2/34)
  Loaded 546 traces in 103.40s
  Couldn't find match for STALTA/Initial
  Couldn't find match for PhaseNet/Initial
  Found match for QMigrate/Initial: event at 2023-04-11T00:29:30.915000Z
  Found match for STALTA/VELEST: event at 2023-04-11T00:29:31.670000Z
  Couldn't find match for PhaseNet/VELEST
  Found match for QMigrate/VELEST: event at 2023-04-11T00:29:32.020000Z
  Found match for STALTA/hypoinverse: event at 2023-04-11T00:29:34.220000Z
  Couldn't find match for PhaseNet/hypoinverse
  Found match for QMigrate/hypoinverse: event at 2023-04-11T00:29:33.300000Z
  Couldn't find match for STALTA/hypoinverse_corr
  Couldn't find match for PhaseNet/hypoinverse_corr
  Found match for QMigrate/hypoinverse_corr: event at 2023-04-11T00:29:31.690000Z
  Couldn't find match for STALTA/hypoDD_dtct
  Couldn't find match for PhaseNet/hypoDD_dtct
  Found matched events in 0.00s
  Saved plot: record_sections/picker_stages/QMigrate/28_QMigrate_20230411_002931.png
  Generated and saved plots in 10.82s
  Total time for this event: 114.74s

Processing reference event ID 29 at 2023-04-11T01:03:50.430000Z (3/34)
  Loaded 546 traces in 88.17s
  Couldn't find match for STALTA/Initial
  Couldn't find match for PhaseNet/Initial
  Found match for QMigrate/Initial: event at 2023-04-11T01:03:49.695000Z
  Couldn't find match for STALTA/VELEST
  Found match for PhaseNet/VELEST: event at 2023-04-11T01:03:49.690000Z
  Found match for QMigrate/VELEST: event at 2023-04-11T01:03:50.390000Z
  Couldn't find match for STALTA/hypoinverse
  Found match for PhaseNet/hypoinverse: event at 2023-04-11T01:03:52.160000Z
  Couldn't find match for QMigrate/hypoinverse
  Couldn't find match for STALTA/hypoinverse_corr
  Found match for PhaseNet/hypoinverse_corr: event at 2023-04-11T01:03:50.510000Z
  Found match for QMigrate/hypoinverse_corr: event at 2023-04-11T01:03:50.490000Z
  Couldn't find match for STALTA/hypoDD_dtct
  Found match for PhaseNet/hypoDD_dtct: event at 2023-04-11T01:03:50.480000Z
  Found matched events in 0.00s
  Saved plot: record_sections/picker_stages/QMigrate/29_QMigrate_20230411_010350.png
  Generated and saved plots in 9.04s
  Total time for this event: 97.73s

Processing reference event ID 30 at 2023-04-11T02:20:48.190000Z (4/34)
  Loaded 546 traces in 102.00s
  Couldn't find match for STALTA/Initial
  Couldn't find match for PhaseNet/Initial
  Found match for QMigrate/Initial: event at 2023-04-11T02:20:47.700000Z
  Couldn't find match for STALTA/VELEST
  Couldn't find match for PhaseNet/VELEST
  Found match for QMigrate/VELEST: event at 2023-04-11T02:20:48.250000Z
  Couldn't find match for STALTA/hypoinverse
  Couldn't find match for PhaseNet/hypoinverse
  Found match for QMigrate/hypoinverse: event at 2023-04-11T02:20:49.580000Z
  Couldn't find match for STALTA/hypoinverse_corr
  Couldn't find match for PhaseNet/hypoinverse_corr
  Found match for QMigrate/hypoinverse_corr: event at 2023-04-11T02:20:48.750000Z
  Couldn't find match for STALTA/hypoDD_dtct
  Couldn't find match for PhaseNet/hypoDD_dtct
  Found matched events in 0.00s
  Saved plot: record_sections/picker_stages/QMigrate/30_QMigrate_20230411_022048.png
  Generated and saved plots in 11.26s
  Total time for this event: 113.72s

Processing reference event ID 31 at 2023-04-11T02:37:38.240000Z (5/34)
  Loaded 546 traces in 114.62s
  Couldn't find match for STALTA/Initial
  Couldn't find match for PhaseNet/Initial
  Found match for QMigrate/Initial: event at 2023-04-11T02:37:37.430000Z
  Couldn't find match for STALTA/VELEST
  Couldn't find match for PhaseNet/VELEST
  Found match for QMigrate/VELEST: event at 2023-04-11T02:37:37.320000Z
  Couldn't find match for STALTA/hypoinverse
  Found match for PhaseNet/hypoinverse: event at 2023-04-11T02:37:38.280000Z
  Found match for QMigrate/hypoinverse: event at 2023-04-11T02:37:39.830000Z
  Couldn't find match for STALTA/hypoinverse_corr
  Couldn't find match for PhaseNet/hypoinverse_corr
  Found match for QMigrate/hypoinverse_corr: event at 2023-04-11T02:37:38.460000Z
  Couldn't find match for STALTA/hypoDD_dtct
  Couldn't find match for PhaseNet/hypoDD_dtct
  Found matched events in 0.00s
  Saved plot: record_sections/picker_stages/QMigrate/31_QMigrate_20230411_023738.png
  Generated and saved plots in 11.02s
  Total time for this event: 126.10s

Processing reference event ID 32 at 2023-04-11T02:41:53.960000Z (6/34)
  Loaded 546 traces in 101.28s
  Couldn't find match for STALTA/Initial
  Couldn't find match for PhaseNet/Initial
  Found match for QMigrate/Initial: event at 2023-04-11T02:41:53.255000Z
  Couldn't find match for STALTA/VELEST
  Couldn't find match for PhaseNet/VELEST
  Found match for QMigrate/VELEST: event at 2023-04-11T02:41:54.980000Z
  Found match for STALTA/hypoinverse: event at 2023-04-11T02:41:55.680000Z
  Found match for PhaseNet/hypoinverse: event at 2023-04-11T02:41:53.990000Z
  Found match for QMigrate/hypoinverse: event at 2023-04-11T02:41:55.680000Z
  Couldn't find match for STALTA/hypoinverse_corr
  Couldn't find match for PhaseNet/hypoinverse_corr
  Found match for QMigrate/hypoinverse_corr: event at 2023-04-11T02:41:53.980000Z
  Couldn't find match for STALTA/hypoDD_dtct
  Couldn't find match for PhaseNet/hypoDD_dtct
  Found matched events in 0.00s
  Saved plot: record_sections/picker_stages/QMigrate/32_QMigrate_20230411_024153.png
  Generated and saved plots in 11.16s
  Total time for this event: 112.90s

Processing reference event ID 33 at 2023-04-11T03:09:13.640000Z (7/34)
  Loaded 552 traces in 103.99s
  Couldn't find match for STALTA/Initial
  Couldn't find match for PhaseNet/Initial
  Found match for QMigrate/Initial: event at 2023-04-11T03:09:13.135000Z
  Couldn't find match for STALTA/VELEST
  Found match for PhaseNet/VELEST: event at 2023-04-11T03:09:12.260000Z
  Found match for QMigrate/VELEST: event at 2023-04-11T03:09:13.340000Z
  Couldn't find match for STALTA/hypoinverse
  Found match for PhaseNet/hypoinverse: event at 2023-04-11T03:09:14.860000Z
  Found match for QMigrate/hypoinverse: event at 2023-04-11T03:09:15.060000Z
  Couldn't find match for STALTA/hypoinverse_corr
  Found match for PhaseNet/hypoinverse_corr: event at 2023-04-11T03:09:13.870000Z
  Found match for QMigrate/hypoinverse_corr: event at 2023-04-11T03:09:14.000000Z
  Couldn't find match for STALTA/hypoDD_dtct
  Found match for PhaseNet/hypoDD_dtct: event at 2023-04-11T03:09:13.810000Z
  Found matched events in 0.00s
  Saved plot: record_sections/picker_stages/QMigrate/33_QMigrate_20230411_030913.png
  Generated and saved plots in 11.12s
  Total time for this event: 115.58s

Processing reference event ID 34 at 2023-04-11T03:15:48.760000Z (8/34)
  Loaded 552 traces in 90.26s
  Couldn't find match for STALTA/Initial
  Couldn't find match for PhaseNet/Initial
  Found match for QMigrate/Initial: event at 2023-04-11T03:15:48.005000Z
  Found match for STALTA/VELEST: event at 2023-04-11T03:15:52.170000Z
  Found match for PhaseNet/VELEST: event at 2023-04-11T03:15:48.410000Z
  Found match for QMigrate/VELEST: event at 2023-04-11T03:15:48.220000Z
  Found match for STALTA/hypoinverse: event at 2023-04-11T03:15:53.890000Z
  Couldn't find match for PhaseNet/hypoinverse
  Found match for QMigrate/hypoinverse: event at 2023-04-11T03:15:50.470000Z
  Couldn't find match for STALTA/hypoinverse_corr
  Found match for PhaseNet/hypoinverse_corr: event at 2023-04-11T03:15:49.020000Z
  Found match for QMigrate/hypoinverse_corr: event at 2023-04-11T03:15:48.760000Z
  Couldn't find match for STALTA/hypoDD_dtct
  Found match for PhaseNet/hypoDD_dtct: event at 2023-04-11T03:15:48.940000Z
  Found matched events in 0.00s
  Saved plot: record_sections/picker_stages/QMigrate/34_QMigrate_20230411_031548.png
  Generated and saved plots in 10.71s
  Total time for this event: 101.51s

Processing reference event ID 35 at 2023-04-11T03:17:08.670000Z (9/34)
  Loaded 552 traces in 92.42s
  Couldn't find match for STALTA/Initial
  Couldn't find match for PhaseNet/Initial
  Found match for QMigrate/Initial: event at 2023-04-11T03:17:07.845000Z
  Found match for STALTA/VELEST: event at 2023-04-11T03:15:52.170000Z
  Found match for PhaseNet/VELEST: event at 2023-04-11T03:15:48.410000Z
  Found match for QMigrate/VELEST: event at 2023-04-11T03:15:48.220000Z
  Found match for STALTA/hypoinverse: event at 2023-04-11T03:15:53.890000Z
  Couldn't find match for PhaseNet/hypoinverse
  Found match for QMigrate/hypoinverse: event at 2023-04-11T03:15:50.470000Z
  Couldn't find match for STALTA/hypoinverse_corr
  Found match for PhaseNet/hypoinverse_corr: event at 2023-04-11T03:15:49.020000Z
  Found match for QMigrate/hypoinverse_corr: event at 2023-04-11T03:17:08.380000Z
  Couldn't find match for STALTA/hypoDD_dtct
  Found match for PhaseNet/hypoDD_dtct: event at 2023-04-11T03:15:48.940000Z
  Found matched events in 0.00s
  Saved plot: record_sections/picker_stages/QMigrate/35_QMigrate_20230411_031708.png
  Generated and saved plots in 8.74s
  Total time for this event: 101.62s

Processing reference event ID 36 at 2023-04-11T03:20:04.950000Z (10/34)
  Loaded 555 traces in 89.45s
  Couldn't find match for STALTA/Initial
  Couldn't find match for PhaseNet/Initial
  Found match for QMigrate/Initial: event at 2023-04-11T03:20:04.255000Z
  Found match for STALTA/VELEST: event at 2023-04-11T03:20:08.680000Z
  Found match for PhaseNet/VELEST: event at 2023-04-11T03:20:04.380000Z
  Found match for QMigrate/VELEST: event at 2023-04-11T03:20:05.110000Z
  Found match for STALTA/hypoinverse: event at 2023-04-11T03:20:09.910000Z
  Found match for PhaseNet/hypoinverse: event at 2023-04-11T03:20:06.600000Z
  Found match for QMigrate/hypoinverse: event at 2023-04-11T03:20:06.640000Z
  Found match for STALTA/hypoinverse_corr: event at 2023-04-11T03:20:08.320000Z
  Found match for PhaseNet/hypoinverse_corr: event at 2023-04-11T03:20:05.210000Z
  Found match for QMigrate/hypoinverse_corr: event at 2023-04-11T03:20:05.070000Z
  Couldn't find match for STALTA/hypoDD_dtct
  Found match for PhaseNet/hypoDD_dtct: event at 2023-04-11T03:20:05.100000Z
  Found matched events in 0.00s
  Saved plot: record_sections/picker_stages/QMigrate/36_QMigrate_20230411_032004.png
  Generated and saved plots in 10.78s
  Total time for this event: 100.69s

Processing reference event ID 37 at 2023-04-11T06:00:04.010000Z (11/34)
  Loaded 642 traces in 88.03s
  Couldn't find match for STALTA/Initial
  Couldn't find match for PhaseNet/Initial
  Found match for QMigrate/Initial: event at 2023-04-11T06:00:03.400000Z
  Couldn't find match for STALTA/VELEST
  Couldn't find match for PhaseNet/VELEST
  Found match for QMigrate/VELEST: event at 2023-04-11T06:00:02.080000Z
  Couldn't find match for STALTA/hypoinverse
  Couldn't find match for PhaseNet/hypoinverse
  Found match for QMigrate/hypoinverse: event at 2023-04-11T06:00:05.900000Z
  Couldn't find match for STALTA/hypoinverse_corr
  Couldn't find match for PhaseNet/hypoinverse_corr
  Found match for QMigrate/hypoinverse_corr: event at 2023-04-11T06:00:03.970000Z
  Couldn't find match for STALTA/hypoDD_dtct
  Couldn't find match for PhaseNet/hypoDD_dtct
  Found matched events in 0.00s
  Saved plot: record_sections/picker_stages/QMigrate/37_QMigrate_20230411_060004.png
  Generated and saved plots in 12.36s
  Total time for this event: 100.92s

Processing reference event ID 38 at 2023-04-11T06:30:08.200000Z (12/34)
  Loaded 669 traces in 108.79s
  Couldn't find match for STALTA/Initial
  Couldn't find match for PhaseNet/Initial
  Found match for QMigrate/Initial: event at 2023-04-11T06:30:07.590000Z
  Couldn't find match for STALTA/VELEST
  Couldn't find match for PhaseNet/VELEST
  Found match for QMigrate/VELEST: event at 2023-04-11T06:30:09.350000Z
  Couldn't find match for STALTA/hypoinverse
  Couldn't find match for PhaseNet/hypoinverse
  Found match for QMigrate/hypoinverse: event at 2023-04-11T06:30:09.430000Z
  Couldn't find match for STALTA/hypoinverse_corr
  Couldn't find match for PhaseNet/hypoinverse_corr
  Found match for QMigrate/hypoinverse_corr: event at 2023-04-11T06:30:07.910000Z
  Couldn't find match for STALTA/hypoDD_dtct
  Couldn't find match for PhaseNet/hypoDD_dtct
  Found matched events in 0.00s
  Saved plot: record_sections/picker_stages/QMigrate/38_QMigrate_20230411_063008.png
  Generated and saved plots in 12.53s
  Total time for this event: 121.88s

Processing reference event ID 39 at 2023-04-11T07:17:13.990000Z (13/34)
  Loaded 705 traces in 112.24s
  Found match for STALTA/Initial: event at 2023-04-11T07:17:14.103000Z
  Found match for PhaseNet/Initial: event at 2023-04-11T07:17:14.103000Z
  Found match for QMigrate/Initial: event at 2023-04-11T07:17:13.215000Z
  Couldn't find match for STALTA/VELEST
  Found match for PhaseNet/VELEST: event at 2023-04-11T07:17:12.850000Z
  Found match for QMigrate/VELEST: event at 2023-04-11T07:17:13.440000Z
  Couldn't find match for STALTA/hypoinverse
  Found match for PhaseNet/hypoinverse: event at 2023-04-11T07:17:15.750000Z
  Found match for QMigrate/hypoinverse: event at 2023-04-11T07:17:15.750000Z
  Couldn't find match for STALTA/hypoinverse_corr
  Found match for PhaseNet/hypoinverse_corr: event at 2023-04-11T07:17:14.130000Z
  Found match for QMigrate/hypoinverse_corr: event at 2023-04-11T07:17:14.160000Z
  Couldn't find match for STALTA/hypoDD_dtct
  Found match for PhaseNet/hypoDD_dtct: event at 2023-04-11T07:17:14.140000Z
  Found matched events in 0.00s
  Saved plot: record_sections/picker_stages/QMigrate/39_QMigrate_20230411_071713.png
  Generated and saved plots in 13.65s
  Total time for this event: 126.58s

Processing reference event ID 40 at 2023-04-11T07:32:28.520000Z (14/34)
  Loaded 711 traces in 105.72s
  Couldn't find match for STALTA/Initial
  Couldn't find match for PhaseNet/Initial
  Found match for QMigrate/Initial: event at 2023-04-11T07:32:27.925000Z
  Couldn't find match for STALTA/VELEST
  Found match for PhaseNet/VELEST: event at 2023-04-11T07:32:27.570000Z
  Found match for QMigrate/VELEST: event at 2023-04-11T07:32:27.720000Z
  Couldn't find match for STALTA/hypoinverse
  Found match for PhaseNet/hypoinverse: event at 2023-04-11T07:32:28.990000Z
  Found match for QMigrate/hypoinverse: event at 2023-04-11T07:32:29.130000Z
  Couldn't find match for STALTA/hypoinverse_corr
  Found match for PhaseNet/hypoinverse_corr: event at 2023-04-11T07:32:28.780000Z
  Found match for QMigrate/hypoinverse_corr: event at 2023-04-11T07:32:28.570000Z
  Couldn't find match for STALTA/hypoDD_dtct
  Found match for PhaseNet/hypoDD_dtct: event at 2023-04-11T07:32:28.700000Z
  Found matched events in 0.00s
  Saved plot: record_sections/picker_stages/QMigrate/40_QMigrate_20230411_073228.png
  Generated and saved plots in 12.71s
  Total time for this event: 119.03s

Processing reference event ID 41 at 2023-04-11T11:12:43.570000Z (15/34)
  Loaded 762 traces in 99.52s
  Couldn't find match for STALTA/Initial
  Couldn't find match for PhaseNet/Initial
  Found match for QMigrate/Initial: event at 2023-04-11T11:12:42.920000Z
  Couldn't find match for STALTA/VELEST
  Found match for PhaseNet/VELEST: event at 2023-04-11T11:12:43.430000Z
  Couldn't find match for QMigrate/VELEST
  Found match for STALTA/hypoinverse: event at 2023-04-11T11:12:46.210000Z
  Found match for PhaseNet/hypoinverse: event at 2023-04-11T11:12:45.080000Z
  Found match for QMigrate/hypoinverse: event at 2023-04-11T11:12:44.970000Z
  Couldn't find match for STALTA/hypoinverse_corr
  Found match for PhaseNet/hypoinverse_corr: event at 2023-04-11T11:12:43.900000Z
  Found match for QMigrate/hypoinverse_corr: event at 2023-04-11T11:12:43.510000Z
  Couldn't find match for STALTA/hypoDD_dtct
  Found match for PhaseNet/hypoDD_dtct: event at 2023-04-11T11:12:43.750000Z
  Found matched events in 0.00s
  Saved plot: record_sections/picker_stages/QMigrate/41_QMigrate_20230411_111243.png
  Generated and saved plots in 10.74s
  Total time for this event: 110.90s

Processing reference event ID 42 at 2023-04-11T12:55:14.780000Z (16/34)
  Loaded 765 traces in 94.87s
  Couldn't find match for STALTA/Initial
  Couldn't find match for PhaseNet/Initial
  Found match for QMigrate/Initial: event at 2023-04-11T12:55:14.015000Z
  Couldn't find match for STALTA/VELEST
  Found match for PhaseNet/VELEST: event at 2023-04-11T12:55:13.630000Z
  Found match for QMigrate/VELEST: event at 2023-04-11T12:55:15.160000Z
  Couldn't find match for STALTA/hypoinverse
  Found match for PhaseNet/hypoinverse: event at 2023-04-11T12:55:16.040000Z
  Found match for QMigrate/hypoinverse: event at 2023-04-11T12:55:15.930000Z
  Couldn't find match for STALTA/hypoinverse_corr
  Found match for PhaseNet/hypoinverse_corr: event at 2023-04-11T12:55:14.890000Z
  Found match for QMigrate/hypoinverse_corr: event at 2023-04-11T12:55:14.930000Z
  Couldn't find match for STALTA/hypoDD_dtct
  Found match for PhaseNet/hypoDD_dtct: event at 2023-04-11T12:55:14.970000Z
  Found matched events in 0.00s
  Saved plot: record_sections/picker_stages/QMigrate/42_QMigrate_20230411_125514.png
  Generated and saved plots in 14.29s
  Total time for this event: 109.87s

Processing reference event ID 44 at 2023-04-11T14:32:33.190000Z (17/34)
  Loaded 765 traces in 108.91s
  Couldn't find match for STALTA/Initial
  Couldn't find match for PhaseNet/Initial
  Found match for QMigrate/Initial: event at 2023-04-11T14:32:32.425000Z
  Couldn't find match for STALTA/VELEST
  Couldn't find match for PhaseNet/VELEST
  Couldn't find match for QMigrate/VELEST
  Couldn't find match for STALTA/hypoinverse
  Couldn't find match for PhaseNet/hypoinverse
  Couldn't find match for QMigrate/hypoinverse
  Couldn't find match for STALTA/hypoinverse_corr
  Couldn't find match for PhaseNet/hypoinverse_corr
  Found match for QMigrate/hypoinverse_corr: event at 2023-04-11T14:32:32.960000Z
  Couldn't find match for STALTA/hypoDD_dtct
  Couldn't find match for PhaseNet/hypoDD_dtct
  Found matched events in 0.00s
  Saved plot: record_sections/picker_stages/QMigrate/44_QMigrate_20230411_143233.png
  Generated and saved plots in 8.70s
  Total time for this event: 118.26s

Processing reference event ID 45 at 2023-04-11T15:16:08.220000Z (18/34)
  Loaded 765 traces in 89.96s
  Couldn't find match for STALTA/Initial
  Couldn't find match for PhaseNet/Initial
  Found match for QMigrate/Initial: event at 2023-04-11T15:16:07.555000Z
  Couldn't find match for STALTA/VELEST
  Found match for PhaseNet/VELEST: event at 2023-04-11T15:16:08.170000Z
  Found match for QMigrate/VELEST: event at 2023-04-11T15:16:07.480000Z
  Couldn't find match for STALTA/hypoinverse
  Found match for PhaseNet/hypoinverse: event at 2023-04-11T15:16:09.640000Z
  Found match for QMigrate/hypoinverse: event at 2023-04-11T15:16:09.840000Z
  Couldn't find match for STALTA/hypoinverse_corr
  Found match for PhaseNet/hypoinverse_corr: event at 2023-04-11T15:16:08.530000Z
  Found match for QMigrate/hypoinverse_corr: event at 2023-04-11T15:16:08.280000Z
  Couldn't find match for STALTA/hypoDD_dtct
  Found match for PhaseNet/hypoDD_dtct: event at 2023-04-11T15:16:08.380000Z
  Found matched events in 0.00s
  Saved plot: record_sections/picker_stages/QMigrate/45_QMigrate_20230411_151608.png
  Generated and saved plots in 14.61s
  Total time for this event: 105.21s

Processing reference event ID 46 at 2023-04-11T17:31:50.480000Z (19/34)
  Loaded 765 traces in 92.11s
  Couldn't find match for STALTA/Initial
  Couldn't find match for PhaseNet/Initial
  Found match for QMigrate/Initial: event at 2023-04-11T17:31:49.770000Z
  Couldn't find match for STALTA/VELEST
  Found match for PhaseNet/VELEST: event at 2023-04-11T17:31:57.820000Z
  Found match for QMigrate/VELEST: event at 2023-04-11T17:31:49.830000Z
  Couldn't find match for STALTA/hypoinverse
  Found match for PhaseNet/hypoinverse: event at 2023-04-11T17:31:51.820000Z
  Found match for QMigrate/hypoinverse: event at 2023-04-11T17:31:51.680000Z
  Couldn't find match for STALTA/hypoinverse_corr
  Found match for PhaseNet/hypoinverse_corr: event at 2023-04-11T17:31:50.680000Z
  Found match for QMigrate/hypoinverse_corr: event at 2023-04-11T17:31:50.250000Z
  Couldn't find match for STALTA/hypoDD_dtct
  Found match for PhaseNet/hypoDD_dtct: event at 2023-04-11T17:31:50.660000Z
  Found matched events in 0.01s
  Saved plot: record_sections/picker_stages/QMigrate/46_QMigrate_20230411_173150.png
  Generated and saved plots in 15.08s
  Total time for this event: 107.88s

Processing reference event ID 47 at 2023-04-11T17:31:57.840000Z (20/34)
  Loaded 765 traces in 99.14s
  Couldn't find match for STALTA/Initial
  Couldn't find match for PhaseNet/Initial
  Found match for QMigrate/Initial: event at 2023-04-11T17:31:57.120000Z
  Couldn't find match for STALTA/VELEST
  Found match for PhaseNet/VELEST: event at 2023-04-11T17:31:57.820000Z
  Found match for QMigrate/VELEST: event at 2023-04-11T17:31:56.850000Z
  Couldn't find match for STALTA/hypoinverse
  Found match for PhaseNet/hypoinverse: event at 2023-04-11T17:31:58.970000Z
  Found match for QMigrate/hypoinverse: event at 2023-04-11T17:31:59.110000Z
  Couldn't find match for STALTA/hypoinverse_corr
  Found match for PhaseNet/hypoinverse_corr: event at 2023-04-11T17:31:58.170000Z
  Found match for QMigrate/hypoinverse_corr: event at 2023-04-11T17:31:57.710000Z
  Couldn't find match for STALTA/hypoDD_dtct
  Found match for PhaseNet/hypoDD_dtct: event at 2023-04-11T17:31:57.960000Z
  Found matched events in 0.00s
  Saved plot: record_sections/picker_stages/QMigrate/47_QMigrate_20230411_173157.png
  Generated and saved plots in 14.79s
  Total time for this event: 114.58s

Processing reference event ID 48 at 2023-04-11T17:32:08.680000Z (21/34)
  Loaded 765 traces in 87.50s
  Couldn't find match for STALTA/Initial
  Couldn't find match for PhaseNet/Initial
  Found match for QMigrate/Initial: event at 2023-04-11T17:32:07.980000Z
  Couldn't find match for STALTA/VELEST
  Found match for PhaseNet/VELEST: event at 2023-04-11T17:32:08.290000Z
  Found match for QMigrate/VELEST: event at 2023-04-11T17:32:07.630000Z
  Couldn't find match for STALTA/hypoinverse
  Found match for PhaseNet/hypoinverse: event at 2023-04-11T17:32:09.590000Z
  Found match for QMigrate/hypoinverse: event at 2023-04-11T17:32:09.880000Z
  Couldn't find match for STALTA/hypoinverse_corr
  Found match for PhaseNet/hypoinverse_corr: event at 2023-04-11T17:32:08.970000Z
  Found match for QMigrate/hypoinverse_corr: event at 2023-04-11T17:32:08.650000Z
  Couldn't find match for STALTA/hypoDD_dtct
  Found match for PhaseNet/hypoDD_dtct: event at 2023-04-11T17:32:08.800000Z
  Found matched events in 0.00s
  Saved plot: record_sections/picker_stages/QMigrate/48_QMigrate_20230411_173208.png
  Generated and saved plots in 14.68s
  Total time for this event: 102.81s

Processing reference event ID 49 at 2023-04-11T18:16:26.320000Z (22/34)
  Loaded 765 traces in 100.22s
  Couldn't find match for STALTA/Initial
  Couldn't find match for PhaseNet/Initial
  Found match for QMigrate/Initial: event at 2023-04-11T18:16:25.555000Z
  Couldn't find match for STALTA/VELEST
  Found match for PhaseNet/VELEST: event at 2023-04-11T18:16:25.090000Z
  Found match for QMigrate/VELEST: event at 2023-04-11T18:16:25.510000Z
  Found match for STALTA/hypoinverse: event at 2023-04-11T18:16:31.230000Z
  Found match for PhaseNet/hypoinverse: event at 2023-04-11T18:16:27.610000Z
  Found match for QMigrate/hypoinverse: event at 2023-04-11T18:16:27.270000Z
  Couldn't find match for STALTA/hypoinverse_corr
  Found match for PhaseNet/hypoinverse_corr: event at 2023-04-11T18:16:26.480000Z
  Found match for QMigrate/hypoinverse_corr: event at 2023-04-11T18:16:26.330000Z
  Couldn't find match for STALTA/hypoDD_dtct
  Found match for PhaseNet/hypoDD_dtct: event at 2023-04-11T18:16:26.420000Z
  Found matched events in 0.00s
  Saved plot: record_sections/picker_stages/QMigrate/49_QMigrate_20230411_181626.png
  Generated and saved plots in 14.36s
  Total time for this event: 115.22s

Processing reference event ID 50 at 2023-04-11T18:16:33.600000Z (23/34)
  Loaded 765 traces in 99.02s
  Couldn't find match for STALTA/Initial
  Couldn't find match for PhaseNet/Initial
  Found match for QMigrate/Initial: event at 2023-04-11T18:16:33.065000Z
  Couldn't find match for STALTA/VELEST
  Found match for PhaseNet/VELEST: event at 2023-04-11T18:16:31.860000Z
  Found match for QMigrate/VELEST: event at 2023-04-11T18:16:33.030000Z
  Found match for STALTA/hypoinverse: event at 2023-04-11T18:16:31.230000Z
  Found match for PhaseNet/hypoinverse: event at 2023-04-11T18:16:27.610000Z
  Found match for QMigrate/hypoinverse: event at 2023-04-11T18:16:34.750000Z
  Couldn't find match for STALTA/hypoinverse_corr
  Found match for PhaseNet/hypoinverse_corr: event at 2023-04-11T18:16:33.720000Z
  Found match for QMigrate/hypoinverse_corr: event at 2023-04-11T18:16:33.600000Z
  Couldn't find match for STALTA/hypoDD_dtct
  Found match for PhaseNet/hypoDD_dtct: event at 2023-04-11T18:16:33.680000Z
  Found matched events in 0.00s
  Saved plot: record_sections/picker_stages/QMigrate/50_QMigrate_20230411_181633.png
  Generated and saved plots in 14.08s
  Total time for this event: 113.76s

Processing reference event ID 51 at 2023-04-11T18:28:07.220000Z (24/34)
  Loaded 765 traces in 94.47s
  Couldn't find match for STALTA/Initial
  Couldn't find match for PhaseNet/Initial
  Found match for QMigrate/Initial: event at 2023-04-11T18:28:06.490000Z
  Found match for STALTA/VELEST: event at 2023-04-11T18:28:06.450000Z
  Found match for PhaseNet/VELEST: event at 2023-04-11T18:28:05.970000Z
  Found match for QMigrate/VELEST: event at 2023-04-11T18:28:06.590000Z
  Found match for STALTA/hypoinverse: event at 2023-04-11T18:28:09.640000Z
  Found match for PhaseNet/hypoinverse: event at 2023-04-11T18:28:08.510000Z
  Found match for QMigrate/hypoinverse: event at 2023-04-11T18:28:08.370000Z
  Found match for STALTA/hypoinverse_corr: event at 2023-04-11T18:28:08.170000Z
  Found match for PhaseNet/hypoinverse_corr: event at 2023-04-11T18:28:07.340000Z
  Found match for QMigrate/hypoinverse_corr: event at 2023-04-11T18:28:07.220000Z
  Found match for STALTA/hypoDD_dtct: event at 2023-04-11T18:28:08.400000Z
  Found match for PhaseNet/hypoDD_dtct: event at 2023-04-11T18:28:07.360000Z
  Found matched events in 0.00s
  Saved plot: record_sections/picker_stages/QMigrate/51_QMigrate_20230411_182807.png
  Generated and saved plots in 13.22s
  Total time for this event: 108.34s

Processing reference event ID 52 at 2023-04-11T18:45:30.120000Z (25/34)
  Loaded 765 traces in 88.21s
  Couldn't find match for STALTA/Initial
  Couldn't find match for PhaseNet/Initial
  Found match for QMigrate/Initial: event at 2023-04-11T18:45:29.430000Z
  Couldn't find match for STALTA/VELEST
  Couldn't find match for PhaseNet/VELEST
  Found match for QMigrate/VELEST: event at 2023-04-11T18:45:29.750000Z
  Found match for STALTA/hypoinverse: event at 2023-04-11T18:45:34.820000Z
  Found match for PhaseNet/hypoinverse: event at 2023-04-11T18:45:30.250000Z
  Found match for QMigrate/hypoinverse: event at 2023-04-11T18:45:31.220000Z
  Couldn't find match for STALTA/hypoinverse_corr
  Found match for PhaseNet/hypoinverse_corr: event at 2023-04-11T18:45:30.250000Z
  Found match for QMigrate/hypoinverse_corr: event at 2023-04-11T18:45:30.130000Z
  Couldn't find match for STALTA/hypoDD_dtct
  Found match for PhaseNet/hypoDD_dtct: event at 2023-04-11T18:45:30.220000Z
  Found matched events in 0.00s
  Saved plot: record_sections/picker_stages/QMigrate/52_QMigrate_20230411_184530.png
  Generated and saved plots in 14.30s
  Total time for this event: 103.13s

Processing reference event ID 53 at 2023-04-11T18:48:38.400000Z (26/34)
  Loaded 765 traces in 98.22s
  Couldn't find match for STALTA/Initial
  Couldn't find match for PhaseNet/Initial
  Found match for QMigrate/Initial: event at 2023-04-11T18:48:37.565000Z
  Couldn't find match for STALTA/VELEST
  Found match for PhaseNet/VELEST: event at 2023-04-11T18:48:37.860000Z
  Found match for QMigrate/VELEST: event at 2023-04-11T18:48:38.220000Z
  Couldn't find match for STALTA/hypoinverse
  Found match for PhaseNet/hypoinverse: event at 2023-04-11T18:48:39.030000Z
  Found match for QMigrate/hypoinverse: event at 2023-04-11T18:48:39.530000Z
  Couldn't find match for STALTA/hypoinverse_corr
  Found match for PhaseNet/hypoinverse_corr: event at 2023-04-11T18:48:38.520000Z
  Found match for QMigrate/hypoinverse_corr: event at 2023-04-11T18:48:38.160000Z
  Couldn't find match for STALTA/hypoDD_dtct
  Couldn't find match for PhaseNet/hypoDD_dtct
  Found matched events in 0.00s
  Saved plot: record_sections/picker_stages/QMigrate/53_QMigrate_20230411_184838.png
  Generated and saved plots in 14.57s
  Total time for this event: 113.43s

Processing reference event ID 54 at 2023-04-11T19:13:02.000000Z (27/34)
  Loaded 765 traces in 94.70s
  Couldn't find match for STALTA/Initial
  Couldn't find match for PhaseNet/Initial
  Found match for QMigrate/Initial: event at 2023-04-11T19:13:01.240000Z
  Found match for STALTA/VELEST: event at 2023-04-11T19:13:01.170000Z
  Found match for PhaseNet/VELEST: event at 2023-04-11T19:13:01.040000Z
  Found match for QMigrate/VELEST: event at 2023-04-11T19:13:01.160000Z
  Found match for STALTA/hypoinverse: event at 2023-04-11T19:13:02.930000Z
  Found match for PhaseNet/hypoinverse: event at 2023-04-11T19:13:03.300000Z
  Found match for QMigrate/hypoinverse: event at 2023-04-11T19:13:03.100000Z
  Found match for STALTA/hypoinverse_corr: event at 2023-04-11T19:13:02.160000Z
  Found match for PhaseNet/hypoinverse_corr: event at 2023-04-11T19:13:02.170000Z
  Found match for QMigrate/hypoinverse_corr: event at 2023-04-11T19:13:01.990000Z
  Found match for STALTA/hypoDD_dtct: event at 2023-04-11T19:13:02.120000Z
  Found match for PhaseNet/hypoDD_dtct: event at 2023-04-11T19:13:02.120000Z
  Found matched events in 0.00s
  Saved plot: record_sections/picker_stages/QMigrate/54_QMigrate_20230411_191302.png
  Generated and saved plots in 14.65s
  Total time for this event: 110.07s

Processing reference event ID 55 at 2023-04-11T19:38:41.080000Z (28/34)
  Loaded 765 traces in 100.08s
  Couldn't find match for STALTA/Initial
  Couldn't find match for PhaseNet/Initial
  Found match for QMigrate/Initial: event at 2023-04-11T19:38:40.675000Z
  Couldn't find match for STALTA/VELEST
  Found match for PhaseNet/VELEST: event at 2023-04-11T19:38:39.010000Z
  Found match for QMigrate/VELEST: event at 2023-04-11T19:38:39.760000Z
  Couldn't find match for STALTA/hypoinverse
  Couldn't find match for PhaseNet/hypoinverse
  Couldn't find match for QMigrate/hypoinverse
  Couldn't find match for STALTA/hypoinverse_corr
  Found match for PhaseNet/hypoinverse_corr: event at 2023-04-11T19:38:41.310000Z
  Found match for QMigrate/hypoinverse_corr: event at 2023-04-11T19:38:41.210000Z
  Couldn't find match for STALTA/hypoDD_dtct
  Found match for PhaseNet/hypoDD_dtct: event at 2023-04-11T19:38:41.200000Z
  Found matched events in 0.00s
  Saved plot: record_sections/picker_stages/QMigrate/55_QMigrate_20230411_193841.png
  Generated and saved plots in 11.63s
  Total time for this event: 112.38s

Processing reference event ID 56 at 2023-04-11T20:30:42.460000Z (29/34)
  Loaded 765 traces in 102.36s
  Couldn't find match for STALTA/Initial
  Couldn't find match for PhaseNet/Initial
  Found match for QMigrate/Initial: event at 2023-04-11T20:30:41.830000Z
  Found match for STALTA/VELEST: event at 2023-04-11T20:30:41.800000Z
  Found match for PhaseNet/VELEST: event at 2023-04-11T20:30:41.910000Z
  Found match for QMigrate/VELEST: event at 2023-04-11T20:30:42.230000Z
  Found match for STALTA/hypoinverse: event at 2023-04-11T20:30:43.950000Z
  Found match for PhaseNet/hypoinverse: event at 2023-04-11T20:30:43.920000Z
  Found match for QMigrate/hypoinverse: event at 2023-04-11T20:30:43.780000Z
  Found match for STALTA/hypoinverse_corr: event at 2023-04-11T20:30:42.900000Z
  Found match for PhaseNet/hypoinverse_corr: event at 2023-04-11T20:30:42.630000Z
  Found match for QMigrate/hypoinverse_corr: event at 2023-04-11T20:30:42.850000Z
  Found match for STALTA/hypoDD_dtct: event at 2023-04-11T20:30:42.760000Z
  Found match for PhaseNet/hypoDD_dtct: event at 2023-04-11T20:30:42.640000Z
  Found matched events in 0.00s
  Saved plot: record_sections/picker_stages/QMigrate/56_QMigrate_20230411_203042.png
  Generated and saved plots in 14.83s
  Total time for this event: 117.84s

Processing reference event ID 57 at 2023-04-11T20:51:54.080000Z (30/34)
  Loaded 765 traces in 94.43s
  Couldn't find match for STALTA/Initial
  Couldn't find match for PhaseNet/Initial
  Found match for QMigrate/Initial: event at 2023-04-11T20:51:52.925000Z
  Couldn't find match for STALTA/VELEST
  Couldn't find match for PhaseNet/VELEST
  Couldn't find match for QMigrate/VELEST
  Couldn't find match for STALTA/hypoinverse
  Couldn't find match for PhaseNet/hypoinverse
  Couldn't find match for QMigrate/hypoinverse
  Couldn't find match for STALTA/hypoinverse_corr
  Couldn't find match for PhaseNet/hypoinverse_corr
  Found match for QMigrate/hypoinverse_corr: event at 2023-04-11T20:51:54.140000Z
  Couldn't find match for STALTA/hypoDD_dtct
  Couldn't find match for PhaseNet/hypoDD_dtct
  Found matched events in 0.00s
  Saved plot: record_sections/picker_stages/QMigrate/57_QMigrate_20230411_205154.png
  Generated and saved plots in 9.60s
  Total time for this event: 104.67s

Processing reference event ID 58 at 2023-04-11T21:12:44.600000Z (31/34)
  Loaded 765 traces in 93.70s
  Couldn't find match for STALTA/Initial
  Couldn't find match for PhaseNet/Initial
  Found match for QMigrate/Initial: event at 2023-04-11T21:12:43.960000Z
  Found match for STALTA/VELEST: event at 2023-04-11T21:12:48.990000Z
  Found match for PhaseNet/VELEST: event at 2023-04-11T21:12:43.430000Z
  Couldn't find match for QMigrate/VELEST
  Couldn't find match for STALTA/hypoinverse
  Couldn't find match for PhaseNet/hypoinverse
  Found match for QMigrate/hypoinverse: event at 2023-04-11T21:12:46.630000Z
  Couldn't find match for STALTA/hypoinverse_corr
  Found match for PhaseNet/hypoinverse_corr: event at 2023-04-11T21:12:44.850000Z
  Found match for QMigrate/hypoinverse_corr: event at 2023-04-11T21:12:44.560000Z
  Couldn't find match for STALTA/hypoDD_dtct
  Found match for PhaseNet/hypoDD_dtct: event at 2023-04-11T21:12:44.740000Z
  Found matched events in 0.00s
  Saved plot: record_sections/picker_stages/QMigrate/58_QMigrate_20230411_211244.png
  Generated and saved plots in 11.86s
  Total time for this event: 106.24s

Processing reference event ID 59 at 2023-04-11T21:18:31.240000Z (32/34)
  Loaded 765 traces in 102.57s
  Couldn't find match for STALTA/Initial
  Couldn't find match for PhaseNet/Initial
  Found match for QMigrate/Initial: event at 2023-04-11T21:18:30.655000Z
  Couldn't find match for STALTA/VELEST
  Couldn't find match for PhaseNet/VELEST
  Found match for QMigrate/VELEST: event at 2023-04-11T21:18:30.960000Z
  Couldn't find match for STALTA/hypoinverse
  Couldn't find match for PhaseNet/hypoinverse
  Found match for QMigrate/hypoinverse: event at 2023-04-11T21:18:32.530000Z
  Couldn't find match for STALTA/hypoinverse_corr
  Couldn't find match for PhaseNet/hypoinverse_corr
  Found match for QMigrate/hypoinverse_corr: event at 2023-04-11T21:18:31.430000Z
  Couldn't find match for STALTA/hypoDD_dtct
  Couldn't find match for PhaseNet/hypoDD_dtct
  Found matched events in 0.01s
  Saved plot: record_sections/picker_stages/QMigrate/59_QMigrate_20230411_211831.png
  Generated and saved plots in 16.30s
  Total time for this event: 119.61s

Processing reference event ID 60 at 2023-04-11T22:39:43.680000Z (33/34)
  Loaded 765 traces in 102.77s
  Couldn't find match for STALTA/Initial
  Couldn't find match for PhaseNet/Initial
  Found match for QMigrate/Initial: event at 2023-04-11T22:39:43.125000Z
  Found match for STALTA/VELEST: event at 2023-04-11T22:39:43.000000Z
  Found match for PhaseNet/VELEST: event at 2023-04-11T22:39:41.910000Z
  Found match for QMigrate/VELEST: event at 2023-04-11T22:39:42.360000Z
  Found match for STALTA/hypoinverse: event at 2023-04-11T22:39:45.030000Z
  Found match for PhaseNet/hypoinverse: event at 2023-04-11T22:39:44.860000Z
  Found match for QMigrate/hypoinverse: event at 2023-04-11T22:39:44.920000Z
  Found match for STALTA/hypoinverse_corr: event at 2023-04-11T22:39:43.980000Z
  Found match for PhaseNet/hypoinverse_corr: event at 2023-04-11T22:39:43.690000Z
  Found match for QMigrate/hypoinverse_corr: event at 2023-04-11T22:39:43.610000Z
  Found match for STALTA/hypoDD_dtct: event at 2023-04-11T22:39:43.760000Z
  Found match for PhaseNet/hypoDD_dtct: event at 2023-04-11T22:39:43.760000Z
  Found matched events in 0.00s
  Saved plot: record_sections/picker_stages/QMigrate/60_QMigrate_20230411_223943.png
  Generated and saved plots in 14.94s
  Total time for this event: 118.39s

Processing reference event ID 61 at 2023-04-11T23:09:11.020000Z (34/34)
  Loaded 765 traces in 92.87s
  Couldn't find match for STALTA/Initial
  Couldn't find match for PhaseNet/Initial
  Found match for QMigrate/Initial: event at 2023-04-11T23:09:10.355000Z
  Couldn't find match for STALTA/VELEST
  Found match for PhaseNet/VELEST: event at 2023-04-11T23:09:10.190000Z
  Found match for QMigrate/VELEST: event at 2023-04-11T23:09:10.320000Z
  Couldn't find match for STALTA/hypoinverse
  Couldn't find match for PhaseNet/hypoinverse
  Found match for QMigrate/hypoinverse: event at 2023-04-11T23:09:12.630000Z
  Couldn't find match for STALTA/hypoinverse_corr
  Found match for PhaseNet/hypoinverse_corr: event at 2023-04-11T23:09:11.190000Z
  Found match for QMigrate/hypoinverse_corr: event at 2023-04-11T23:09:10.980000Z
  Couldn't find match for STALTA/hypoDD_dtct
  Found match for PhaseNet/hypoDD_dtct: event at 2023-04-11T23:09:11.200000Z
  Found matched events in 0.00s
  Saved plot: record_sections/picker_stages/QMigrate/61_QMigrate_20230411_230911.png
  Generated and saved plots in 13.44s
  Total time for this event: 107.00s

Total script execution time: 3774.10s
Processing date: 2023-04-12
  Running plot_mode: all_in_one
Loaded station data in 0.00s
Loaded reference catalog (26 events from QMigrate/hypoDD_dtct) in 0.01s
Initial/STALTA: has 40
Initial/PhaseNet: has 40
Initial/QMigrate: has 33
VELEST/STALTA: has 18
VELEST/PhaseNet: has 29
VELEST/QMigrate: has 28
hypoinverse/STALTA: has 19
hypoinverse/PhaseNet: has 35
hypoinverse/QMigrate: has 23
hypoinverse_corr/STALTA: has 16
hypoinverse_corr/PhaseNet: has 34
hypoinverse_corr/QMigrate: has 28
hypoDD_dtct/STALTA: has 13
hypoDD_dtct/PhaseNet: has 33
hypoDD_dtct/QMigrate: has 26
Loaded all other catalogs in 0.05s

Processing reference event ID 62 at 2023-04-12T01:07:45.800000Z (1/26)
  Loaded 765 traces in 110.98s
  Couldn't find match for STALTA/Initial
  Couldn't find match for PhaseNet/Initial
  Found match for QMigrate/Initial: event at 2023-04-12T01:07:45.085000Z
  Found match for STALTA/VELEST: event at 2023-04-12T01:07:44.300000Z
  Found match for PhaseNet/VELEST: event at 2023-04-12T01:07:44.330000Z
  Found match for QMigrate/VELEST: event at 2023-04-12T01:07:44.480000Z
  Found match for STALTA/hypoinverse: event at 2023-04-12T01:07:48.130000Z
  Found match for PhaseNet/hypoinverse: event at 2023-04-12T01:07:45.990000Z
  Couldn't find match for QMigrate/hypoinverse
  Found match for STALTA/hypoinverse_corr: event at 2023-04-12T01:07:46.090000Z
  Found match for PhaseNet/hypoinverse_corr: event at 2023-04-12T01:07:45.970000Z
  Found match for QMigrate/hypoinverse_corr: event at 2023-04-12T01:07:45.760000Z
  Found match for STALTA/hypoDD_dtct: event at 2023-04-12T01:07:45.980000Z
  Found match for PhaseNet/hypoDD_dtct: event at 2023-04-12T01:07:45.980000Z
  Found matched events in 0.00s
  Saved plot: record_sections/all_in_one/62_20230412_010745_N.png
  Saved plot: record_sections/all_in_one/62_20230412_010745_E.png
  Saved plot: record_sections/all_in_one/62_20230412_010745_Z.png
  Generated and saved plots in 30.51s
  Total time for this event: 143.64s

Processing reference event ID 63 at 2023-04-12T01:49:36.020000Z (2/26)
  Loaded 765 traces in 101.10s
  Couldn't find match for STALTA/Initial
  Couldn't find match for PhaseNet/Initial
  Found match for QMigrate/Initial: event at 2023-04-12T01:49:35.415000Z
  Found match for STALTA/VELEST: event at 2023-04-12T01:49:32.040000Z
  Found match for PhaseNet/VELEST: event at 2023-04-12T01:49:35.510000Z
  Found match for QMigrate/VELEST: event at 2023-04-12T01:49:35.930000Z
  Found match for STALTA/hypoinverse: event at 2023-04-12T01:49:38.350000Z
  Found match for PhaseNet/hypoinverse: event at 2023-04-12T01:49:37.210000Z
  Found match for QMigrate/hypoinverse: event at 2023-04-12T01:49:37.390000Z
  Found match for STALTA/hypoinverse_corr: event at 2023-04-12T01:49:37.320000Z
  Found match for PhaseNet/hypoinverse_corr: event at 2023-04-12T01:49:36.420000Z
  Found match for QMigrate/hypoinverse_corr: event at 2023-04-12T01:49:36.190000Z
  Found match for STALTA/hypoDD_dtct: event at 2023-04-12T01:49:37.220000Z
  Found match for PhaseNet/hypoDD_dtct: event at 2023-04-12T01:49:36.170000Z
  Found matched events in 0.00s
  Saved plot: record_sections/all_in_one/63_20230412_014936_N.png
  Saved plot: record_sections/all_in_one/63_20230412_014936_E.png
  Saved plot: record_sections/all_in_one/63_20230412_014936_Z.png
  Generated and saved plots in 33.05s
  Total time for this event: 134.77s

Processing reference event ID 64 at 2023-04-12T12:05:45.640000Z (3/26)
  Loaded 906 traces in 103.68s
  Found match for STALTA/Initial: event at 2023-04-12T12:05:45.945000Z
  Found match for PhaseNet/Initial: event at 2023-04-12T12:05:45.945000Z
  Found match for QMigrate/Initial: event at 2023-04-12T12:05:45.115000Z
  Found match for STALTA/VELEST: event at 2023-04-12T12:05:44.900000Z
  Found match for PhaseNet/VELEST: event at 2023-04-12T12:05:44.350000Z
  Found match for QMigrate/VELEST: event at 2023-04-12T12:05:44.910000Z
  Couldn't find match for STALTA/hypoinverse
  Found match for PhaseNet/hypoinverse: event at 2023-04-12T12:05:46.950000Z
  Found match for QMigrate/hypoinverse: event at 2023-04-12T12:05:47.320000Z
  Found match for STALTA/hypoinverse_corr: event at 2023-04-12T12:05:45.570000Z
  Found match for PhaseNet/hypoinverse_corr: event at 2023-04-12T12:05:45.870000Z
  Found match for QMigrate/hypoinverse_corr: event at 2023-04-12T12:05:45.610000Z
  Couldn't find match for STALTA/hypoDD_dtct
  Found match for PhaseNet/hypoDD_dtct: event at 2023-04-12T12:05:45.720000Z
  Found matched events in 0.00s
  Saved plot: record_sections/all_in_one/64_20230412_120545_N.png
  Saved plot: record_sections/all_in_one/64_20230412_120545_E.png
  Saved plot: record_sections/all_in_one/64_20230412_120545_Z.png
  Generated and saved plots in 39.78s
  Total time for this event: 144.20s

Processing reference event ID 65 at 2023-04-12T14:08:23.560000Z (4/26)
  Loaded 909 traces in 107.09s
  Couldn't find match for STALTA/Initial
  Couldn't find match for PhaseNet/Initial
  Found match for QMigrate/Initial: event at 2023-04-12T14:08:22.875000Z
  Found match for STALTA/VELEST: event at 2023-04-12T14:08:22.380000Z
  Found match for PhaseNet/VELEST: event at 2023-04-12T14:08:21.490000Z
  Found match for QMigrate/VELEST: event at 2023-04-12T14:08:22.620000Z
  Found match for STALTA/hypoinverse: event at 2023-04-12T14:08:25.150000Z
  Found match for PhaseNet/hypoinverse: event at 2023-04-12T14:08:25.310000Z
  Found match for QMigrate/hypoinverse: event at 2023-04-12T14:08:25.220000Z
  Found match for STALTA/hypoinverse_corr: event at 2023-04-12T14:08:23.730000Z
  Found match for PhaseNet/hypoinverse_corr: event at 2023-04-12T14:08:23.790000Z
  Found match for QMigrate/hypoinverse_corr: event at 2023-04-12T14:08:23.780000Z
  Found match for STALTA/hypoDD_dtct: event at 2023-04-12T14:08:23.670000Z
  Found match for PhaseNet/hypoDD_dtct: event at 2023-04-12T14:08:23.720000Z
  Found matched events in 0.00s
  Saved plot: record_sections/all_in_one/65_20230412_140823_N.png
  Saved plot: record_sections/all_in_one/65_20230412_140823_E.png
  Saved plot: record_sections/all_in_one/65_20230412_140823_Z.png
  Generated and saved plots in 39.19s
  Total time for this event: 147.02s

Processing reference event ID 66 at 2023-04-12T15:31:43.000000Z (5/26)
  Loaded 909 traces in 121.09s
  Couldn't find match for STALTA/Initial
  Couldn't find match for PhaseNet/Initial
  Found match for QMigrate/Initial: event at 2023-04-12T15:31:42.115000Z
  Couldn't find match for STALTA/VELEST
  Found match for PhaseNet/VELEST: event at 2023-04-12T15:31:41.410000Z
  Found match for QMigrate/VELEST: event at 2023-04-12T15:31:42.650000Z
  Couldn't find match for STALTA/hypoinverse
  Couldn't find match for PhaseNet/hypoinverse
  Couldn't find match for QMigrate/hypoinverse
  Couldn't find match for STALTA/hypoinverse_corr
  Found match for PhaseNet/hypoinverse_corr: event at 2023-04-12T15:31:43.170000Z
  Found match for QMigrate/hypoinverse_corr: event at 2023-04-12T15:31:43.000000Z
  Couldn't find match for STALTA/hypoDD_dtct
  Found match for PhaseNet/hypoDD_dtct: event at 2023-04-12T15:31:43.080000Z
  Found matched events in 0.00s
  Saved plot: record_sections/all_in_one/66_20230412_153143_N.png
  Saved plot: record_sections/all_in_one/66_20230412_153143_E.png
  Saved plot: record_sections/all_in_one/66_20230412_153143_Z.png
  Generated and saved plots in 26.77s
  Total time for this event: 148.60s

Processing reference event ID 68 at 2023-04-12T16:54:13.390000Z (6/26)
  Loaded 909 traces in 128.85s
  Couldn't find match for STALTA/Initial
  Couldn't find match for PhaseNet/Initial
  Found match for QMigrate/Initial: event at 2023-04-12T16:54:12.640000Z
  Couldn't find match for STALTA/VELEST
  Found match for PhaseNet/VELEST: event at 2023-04-12T16:54:12.160000Z
  Found match for QMigrate/VELEST: event at 2023-04-12T16:54:12.720000Z
  Couldn't find match for STALTA/hypoinverse
  Found match for PhaseNet/hypoinverse: event at 2023-04-12T16:54:13.420000Z
  Found match for QMigrate/hypoinverse: event at 2023-04-12T16:54:13.370000Z
  Couldn't find match for STALTA/hypoinverse_corr
  Found match for PhaseNet/hypoinverse_corr: event at 2023-04-12T16:54:13.590000Z
  Found match for QMigrate/hypoinverse_corr: event at 2023-04-12T16:54:13.390000Z
  Couldn't find match for STALTA/hypoDD_dtct
  Found match for PhaseNet/hypoDD_dtct: event at 2023-04-12T16:54:13.560000Z
  Found matched events in 0.00s
  Saved plot: record_sections/all_in_one/68_20230412_165413_N.png
  Saved plot: record_sections/all_in_one/68_20230412_165413_E.png
  Saved plot: record_sections/all_in_one/68_20230412_165413_Z.png
  Generated and saved plots in 30.18s
  Total time for this event: 159.77s

Processing reference event ID 69 at 2023-04-12T17:13:48.600000Z (7/26)
  Loaded 909 traces in 131.65s
  Couldn't find match for STALTA/Initial
  Couldn't find match for PhaseNet/Initial
  Found match for QMigrate/Initial: event at 2023-04-12T17:13:47.830000Z
  Couldn't find match for STALTA/VELEST
  Found match for PhaseNet/VELEST: event at 2023-04-12T17:13:47.520000Z
  Found match for QMigrate/VELEST: event at 2023-04-12T17:13:47.710000Z
  Couldn't find match for STALTA/hypoinverse
  Found match for PhaseNet/hypoinverse: event at 2023-04-12T17:13:49.520000Z
  Found match for QMigrate/hypoinverse: event at 2023-04-12T17:13:50.180000Z
  Couldn't find match for STALTA/hypoinverse_corr
  Found match for PhaseNet/hypoinverse_corr: event at 2023-04-12T17:13:48.770000Z
  Found match for QMigrate/hypoinverse_corr: event at 2023-04-12T17:13:48.880000Z
  Couldn't find match for STALTA/hypoDD_dtct
  Found match for PhaseNet/hypoDD_dtct: event at 2023-04-12T17:13:48.680000Z
  Found matched events in 0.00s
  Saved plot: record_sections/all_in_one/69_20230412_171348_N.png
  Saved plot: record_sections/all_in_one/69_20230412_171348_E.png
  Saved plot: record_sections/all_in_one/69_20230412_171348_Z.png
  Generated and saved plots in 30.63s
  Total time for this event: 163.02s

Processing reference event ID 70 at 2023-04-12T17:57:18.680000Z (8/26)
  Loaded 909 traces in 139.43s
  Couldn't find match for STALTA/Initial
  Couldn't find match for PhaseNet/Initial
  Found match for QMigrate/Initial: event at 2023-04-12T17:57:18.005000Z
  Found match for STALTA/VELEST: event at 2023-04-12T17:57:17.680000Z
  Found match for PhaseNet/VELEST: event at 2023-04-12T17:57:18.030000Z
  Found match for QMigrate/VELEST: event at 2023-04-12T17:57:17.740000Z
  Found match for STALTA/hypoinverse: event at 2023-04-12T17:57:21.070000Z
  Found match for PhaseNet/hypoinverse: event at 2023-04-12T17:57:19.730000Z
  Found match for QMigrate/hypoinverse: event at 2023-04-12T17:57:19.950000Z
  Found match for STALTA/hypoinverse_corr: event at 2023-04-12T17:57:19.070000Z
  Found match for PhaseNet/hypoinverse_corr: event at 2023-04-12T17:57:18.840000Z
  Found match for QMigrate/hypoinverse_corr: event at 2023-04-12T17:57:18.780000Z
  Found match for STALTA/hypoDD_dtct: event at 2023-04-12T17:57:18.920000Z
  Found match for PhaseNet/hypoDD_dtct: event at 2023-04-12T17:57:18.800000Z
  Found matched events in 0.00s
  Saved plot: record_sections/all_in_one/70_20230412_175718_N.png
  Saved plot: record_sections/all_in_one/70_20230412_175718_E.png
  Saved plot: record_sections/all_in_one/70_20230412_175718_Z.png
  Generated and saved plots in 39.84s
  Total time for this event: 180.02s

Processing reference event ID 71 at 2023-04-12T18:12:03.020000Z (9/26)
  Loaded 909 traces in 140.90s
  Couldn't find match for STALTA/Initial
  Couldn't find match for PhaseNet/Initial
  Found match for QMigrate/Initial: event at 2023-04-12T18:12:02.440000Z
  Couldn't find match for STALTA/VELEST
  Found match for PhaseNet/VELEST: event at 2023-04-12T18:12:02.560000Z
  Found match for QMigrate/VELEST: event at 2023-04-12T18:12:02.870000Z
  Couldn't find match for STALTA/hypoinverse
  Found match for PhaseNet/hypoinverse: event at 2023-04-12T18:12:04.060000Z
  Found match for QMigrate/hypoinverse: event at 2023-04-12T18:12:04.200000Z
  Couldn't find match for STALTA/hypoinverse_corr
  Found match for PhaseNet/hypoinverse_corr: event at 2023-04-12T18:12:03.150000Z
  Found match for QMigrate/hypoinverse_corr: event at 2023-04-12T18:12:02.980000Z
  Couldn't find match for STALTA/hypoDD_dtct
  Found match for PhaseNet/hypoDD_dtct: event at 2023-04-12T18:12:03.140000Z
  Found matched events in 0.00s
  Saved plot: record_sections/all_in_one/71_20230412_181203_N.png
  Saved plot: record_sections/all_in_one/71_20230412_181203_E.png
  Saved plot: record_sections/all_in_one/71_20230412_181203_Z.png
  Generated and saved plots in 31.46s
  Total time for this event: 173.11s

Processing reference event ID 72 at 2023-04-12T18:36:26.960000Z (10/26)
  Loaded 909 traces in 148.06s
  Couldn't find match for STALTA/Initial
  Couldn't find match for PhaseNet/Initial
  Found match for QMigrate/Initial: event at 2023-04-12T18:36:26.375000Z
  Found match for STALTA/VELEST: event at 2023-04-12T18:36:26.550000Z
  Found match for PhaseNet/VELEST: event at 2023-04-12T18:36:26.070000Z
  Found match for QMigrate/VELEST: event at 2023-04-12T18:36:26.360000Z
  Found match for STALTA/hypoinverse: event at 2023-04-12T18:36:27.780000Z
  Found match for PhaseNet/hypoinverse: event at 2023-04-12T18:36:28.270000Z
  Found match for QMigrate/hypoinverse: event at 2023-04-12T18:36:28.080000Z
  Found match for STALTA/hypoinverse_corr: event at 2023-04-12T18:36:27.070000Z
  Found match for PhaseNet/hypoinverse_corr: event at 2023-04-12T18:36:27.130000Z
  Found match for QMigrate/hypoinverse_corr: event at 2023-04-12T18:36:27.010000Z
  Found match for STALTA/hypoDD_dtct: event at 2023-04-12T18:36:27.060000Z
  Found match for PhaseNet/hypoDD_dtct: event at 2023-04-12T18:36:27.060000Z
  Found matched events in 0.00s
  Saved plot: record_sections/all_in_one/72_20230412_183626_N.png
  Saved plot: record_sections/all_in_one/72_20230412_183626_E.png
  Saved plot: record_sections/all_in_one/72_20230412_183626_Z.png
  Generated and saved plots in 41.97s
  Total time for this event: 190.77s

Processing reference event ID 73 at 2023-04-12T18:41:37.160000Z (11/26)
  Loaded 909 traces in 141.94s
  Couldn't find match for STALTA/Initial
  Couldn't find match for PhaseNet/Initial
  Found match for QMigrate/Initial: event at 2023-04-12T18:41:36.530000Z
  Found match for STALTA/VELEST: event at 2023-04-12T18:41:36.630000Z
  Found match for PhaseNet/VELEST: event at 2023-04-12T18:41:36.600000Z
  Found match for QMigrate/VELEST: event at 2023-04-12T18:41:36.520000Z
  Found match for STALTA/hypoinverse: event at 2023-04-12T18:41:39.550000Z
  Found match for PhaseNet/hypoinverse: event at 2023-04-12T18:41:38.410000Z
  Found match for QMigrate/hypoinverse: event at 2023-04-12T18:41:38.270000Z
  Found match for STALTA/hypoinverse_corr: event at 2023-04-12T18:41:38.010000Z
  Found match for PhaseNet/hypoinverse_corr: event at 2023-04-12T18:41:37.310000Z
  Found match for QMigrate/hypoinverse_corr: event at 2023-04-12T18:41:37.170000Z
  Couldn't find match for STALTA/hypoDD_dtct
  Found match for PhaseNet/hypoDD_dtct: event at 2023-04-12T18:41:37.360000Z
  Found matched events in 0.00s
  Saved plot: record_sections/all_in_one/73_20230412_184137_N.png
  Saved plot: record_sections/all_in_one/73_20230412_184137_E.png
  Saved plot: record_sections/all_in_one/73_20230412_184137_Z.png
  Generated and saved plots in 35.18s
  Total time for this event: 177.86s

Processing reference event ID 74 at 2023-04-12T18:45:59.100000Z (12/26)
  Loaded 909 traces in 148.61s
  Couldn't find match for STALTA/Initial
  Couldn't find match for PhaseNet/Initial
  Found match for QMigrate/Initial: event at 2023-04-12T18:45:58.535000Z
  Found match for STALTA/VELEST: event at 2023-04-12T18:46:01.700000Z
  Found match for PhaseNet/VELEST: event at 2023-04-12T18:45:58.430000Z
  Found match for QMigrate/VELEST: event at 2023-04-12T18:45:58.560000Z
  Found match for STALTA/hypoinverse: event at 2023-04-12T18:46:03.550000Z
  Found match for PhaseNet/hypoinverse: event at 2023-04-12T18:46:00.410000Z
  Found match for QMigrate/hypoinverse: event at 2023-04-12T18:46:00.350000Z
  Couldn't find match for STALTA/hypoinverse_corr
  Found match for PhaseNet/hypoinverse_corr: event at 2023-04-12T18:45:59.210000Z
  Found match for QMigrate/hypoinverse_corr: event at 2023-04-12T18:45:59.100000Z
  Couldn't find match for STALTA/hypoDD_dtct
  Found match for PhaseNet/hypoDD_dtct: event at 2023-04-12T18:45:59.240000Z
  Found matched events in 0.00s
  Saved plot: record_sections/all_in_one/74_20230412_184559_N.png
  Saved plot: record_sections/all_in_one/74_20230412_184559_E.png
  Saved plot: record_sections/all_in_one/74_20230412_184559_Z.png
  Generated and saved plots in 35.13s
  Total time for this event: 184.48s

Processing reference event ID 76 at 2023-04-12T19:24:48.540000Z (13/26)
  Loaded 909 traces in 138.15s
  Couldn't find match for STALTA/Initial
  Couldn't find match for PhaseNet/Initial
  Found match for QMigrate/Initial: event at 2023-04-12T19:24:47.890000Z
  Couldn't find match for STALTA/VELEST
  Couldn't find match for PhaseNet/VELEST
  Found match for QMigrate/VELEST: event at 2023-04-12T19:24:48.310000Z
  Couldn't find match for STALTA/hypoinverse
  Couldn't find match for PhaseNet/hypoinverse
  Couldn't find match for QMigrate/hypoinverse
  Couldn't find match for STALTA/hypoinverse_corr
  Found match for PhaseNet/hypoinverse_corr: event at 2023-04-12T19:24:48.880000Z
  Found match for QMigrate/hypoinverse_corr: event at 2023-04-12T19:24:48.240000Z
  Couldn't find match for STALTA/hypoDD_dtct
  Found match for PhaseNet/hypoDD_dtct: event at 2023-04-12T19:24:48.560000Z
  Found matched events in 0.00s
  Saved plot: record_sections/all_in_one/76_20230412_192448_N.png
  Saved plot: record_sections/all_in_one/76_20230412_192448_E.png
  Saved plot: record_sections/all_in_one/76_20230412_192448_Z.png
  Generated and saved plots in 24.47s
  Total time for this event: 163.36s

Processing reference event ID 77 at 2023-04-12T20:02:26.200000Z (14/26)
  Loaded 909 traces in 147.25s
  Couldn't find match for STALTA/Initial
  Couldn't find match for PhaseNet/Initial
  Found match for QMigrate/Initial: event at 2023-04-12T20:02:25.585000Z
  Found match for STALTA/VELEST: event at 2023-04-12T20:02:29.730000Z
  Found match for PhaseNet/VELEST: event at 2023-04-12T20:02:25.040000Z
  Found match for QMigrate/VELEST: event at 2023-04-12T20:02:25.280000Z
  Found match for STALTA/hypoinverse: event at 2023-04-12T20:02:30.590000Z
  Found match for PhaseNet/hypoinverse: event at 2023-04-12T20:02:27.380000Z
  Found match for QMigrate/hypoinverse: event at 2023-04-12T20:02:27.570000Z
  Couldn't find match for STALTA/hypoinverse_corr
  Found match for PhaseNet/hypoinverse_corr: event at 2023-04-12T20:02:26.310000Z
  Found match for QMigrate/hypoinverse_corr: event at 2023-04-12T20:02:26.250000Z
  Couldn't find match for STALTA/hypoDD_dtct
  Found match for PhaseNet/hypoDD_dtct: event at 2023-04-12T20:02:26.320000Z
  Found matched events in 0.00s
  Saved plot: record_sections/all_in_one/77_20230412_200226_N.png
  Saved plot: record_sections/all_in_one/77_20230412_200226_E.png
  Saved plot: record_sections/all_in_one/77_20230412_200226_Z.png
  Generated and saved plots in 34.58s
  Total time for this event: 182.56s

Processing reference event ID 78 at 2023-04-12T20:17:30.600000Z (15/26)
  Loaded 909 traces in 137.93s
  Couldn't find match for STALTA/Initial
  Couldn't find match for PhaseNet/Initial
  Found match for QMigrate/Initial: event at 2023-04-12T20:17:30.085000Z
  Found match for STALTA/VELEST: event at 2023-04-12T20:17:30.010000Z
  Found match for PhaseNet/VELEST: event at 2023-04-12T20:17:30.030000Z
  Found match for QMigrate/VELEST: event at 2023-04-12T20:17:30.210000Z
  Found match for STALTA/hypoinverse: event at 2023-04-12T20:17:31.990000Z
  Found match for PhaseNet/hypoinverse: event at 2023-04-12T20:17:31.810000Z
  Found match for QMigrate/hypoinverse: event at 2023-04-12T20:17:31.850000Z
  Found match for STALTA/hypoinverse_corr: event at 2023-04-12T20:17:30.950000Z
  Found match for PhaseNet/hypoinverse_corr: event at 2023-04-12T20:17:30.780000Z
  Found match for QMigrate/hypoinverse_corr: event at 2023-04-12T20:17:30.740000Z
  Found match for STALTA/hypoDD_dtct: event at 2023-04-12T20:17:30.840000Z
  Found match for PhaseNet/hypoDD_dtct: event at 2023-04-12T20:17:30.720000Z
  Found matched events in 0.00s
  Saved plot: record_sections/all_in_one/78_20230412_201730_N.png
  Saved plot: record_sections/all_in_one/78_20230412_201730_E.png
  Saved plot: record_sections/all_in_one/78_20230412_201730_Z.png
  Generated and saved plots in 41.04s
  Total time for this event: 179.71s

Processing reference event ID 79 at 2023-04-12T20:22:13.360000Z (16/26)
  Loaded 909 traces in 139.59s
  Couldn't find match for STALTA/Initial
  Couldn't find match for PhaseNet/Initial
  Found match for QMigrate/Initial: event at 2023-04-12T20:22:12.695000Z
  Found match for STALTA/VELEST: event at 2023-04-12T20:22:12.240000Z
  Found match for PhaseNet/VELEST: event at 2023-04-12T20:22:11.480000Z
  Found match for QMigrate/VELEST: event at 2023-04-12T20:22:11.660000Z
  Found match for STALTA/hypoinverse: event at 2023-04-12T20:22:14.290000Z
  Found match for PhaseNet/hypoinverse: event at 2023-04-12T20:22:15.110000Z
  Found match for QMigrate/hypoinverse: event at 2023-04-12T20:22:14.400000Z
  Found match for STALTA/hypoinverse_corr: event at 2023-04-12T20:22:13.500000Z
  Found match for PhaseNet/hypoinverse_corr: event at 2023-04-12T20:22:13.630000Z
  Found match for QMigrate/hypoinverse_corr: event at 2023-04-12T20:22:13.460000Z
  Found match for STALTA/hypoDD_dtct: event at 2023-04-12T20:22:13.480000Z
  Found match for PhaseNet/hypoDD_dtct: event at 2023-04-12T20:22:13.560000Z
  Found matched events in 0.00s
  Saved plot: record_sections/all_in_one/79_20230412_202213_N.png
  Saved plot: record_sections/all_in_one/79_20230412_202213_E.png
  Saved plot: record_sections/all_in_one/79_20230412_202213_Z.png
  Generated and saved plots in 39.41s
  Total time for this event: 179.74s

Processing reference event ID 80 at 2023-04-12T21:16:24.880000Z (17/26)
  Loaded 909 traces in 135.58s
  Found match for STALTA/Initial: event at 2023-04-12T21:16:25.332000Z
  Found match for PhaseNet/Initial: event at 2023-04-12T21:16:25.332000Z
  Found match for QMigrate/Initial: event at 2023-04-12T21:16:24.235000Z
  Found match for STALTA/VELEST: event at 2023-04-12T21:16:27.760000Z
  Found match for PhaseNet/VELEST: event at 2023-04-12T21:16:23.850000Z
  Found match for QMigrate/VELEST: event at 2023-04-12T21:16:24.390000Z
  Found match for STALTA/hypoinverse: event at 2023-04-12T21:16:29.840000Z
  Found match for PhaseNet/hypoinverse: event at 2023-04-12T21:16:26.400000Z
  Found match for QMigrate/hypoinverse: event at 2023-04-12T21:16:26.590000Z
  Couldn't find match for STALTA/hypoinverse_corr
  Found match for PhaseNet/hypoinverse_corr: event at 2023-04-12T21:16:25.000000Z
  Found match for QMigrate/hypoinverse_corr: event at 2023-04-12T21:16:24.920000Z
  Couldn't find match for STALTA/hypoDD_dtct
  Found match for PhaseNet/hypoDD_dtct: event at 2023-04-12T21:16:25.060000Z
  Found matched events in 0.00s
  Saved plot: record_sections/all_in_one/80_20230412_211624_N.png
  Saved plot: record_sections/all_in_one/80_20230412_211624_E.png
  Saved plot: record_sections/all_in_one/80_20230412_211624_Z.png
  Generated and saved plots in 41.28s
  Total time for this event: 177.82s

Processing reference event ID 81 at 2023-04-12T21:22:09.000000Z (18/26)
  Loaded 909 traces in 140.18s
  Couldn't find match for STALTA/Initial
  Couldn't find match for PhaseNet/Initial
  Found match for QMigrate/Initial: event at 2023-04-12T21:22:08.265000Z
  Couldn't find match for STALTA/VELEST
  Found match for PhaseNet/VELEST: event at 2023-04-12T21:22:07.460000Z
  Found match for QMigrate/VELEST: event at 2023-04-12T21:22:08.750000Z
  Couldn't find match for STALTA/hypoinverse
  Found match for PhaseNet/hypoinverse: event at 2023-04-12T21:22:10.330000Z
  Found match for QMigrate/hypoinverse: event at 2023-04-12T21:22:10.690000Z
  Couldn't find match for STALTA/hypoinverse_corr
  Found match for PhaseNet/hypoinverse_corr: event at 2023-04-12T21:22:09.150000Z
  Found match for QMigrate/hypoinverse_corr: event at 2023-04-12T21:22:08.960000Z
  Couldn't find match for STALTA/hypoDD_dtct
  Found match for PhaseNet/hypoDD_dtct: event at 2023-04-12T21:22:09.140000Z
  Found matched events in 0.00s
  Saved plot: record_sections/all_in_one/81_20230412_212209_N.png
  Saved plot: record_sections/all_in_one/81_20230412_212209_E.png
  Saved plot: record_sections/all_in_one/81_20230412_212209_Z.png
  Generated and saved plots in 31.49s
  Total time for this event: 172.43s

Processing reference event ID 82 at 2023-04-12T21:41:29.040000Z (19/26)
  Loaded 909 traces in 138.32s
  Couldn't find match for STALTA/Initial
  Couldn't find match for PhaseNet/Initial
  Found match for QMigrate/Initial: event at 2023-04-12T21:41:28.440000Z
  Found match for STALTA/VELEST: event at 2023-04-12T21:41:27.920000Z
  Found match for PhaseNet/VELEST: event at 2023-04-12T21:41:27.910000Z
  Found match for QMigrate/VELEST: event at 2023-04-12T21:41:27.750000Z
  Found match for STALTA/hypoinverse: event at 2023-04-12T21:41:30.530000Z
  Found match for PhaseNet/hypoinverse: event at 2023-04-12T21:41:29.640000Z
  Found match for QMigrate/hypoinverse: event at 2023-04-12T21:41:29.560000Z
  Found match for STALTA/hypoinverse_corr: event at 2023-04-12T21:41:29.260000Z
  Found match for PhaseNet/hypoinverse_corr: event at 2023-04-12T21:41:29.210000Z
  Found match for QMigrate/hypoinverse_corr: event at 2023-04-12T21:41:29.130000Z
  Found match for STALTA/hypoDD_dtct: event at 2023-04-12T21:41:29.240000Z
  Found match for PhaseNet/hypoDD_dtct: event at 2023-04-12T21:41:29.200000Z
  Found matched events in 0.00s
  Saved plot: record_sections/all_in_one/82_20230412_214129_N.png
  Saved plot: record_sections/all_in_one/82_20230412_214129_E.png
  Saved plot: record_sections/all_in_one/82_20230412_214129_Z.png
  Generated and saved plots in 38.18s
  Total time for this event: 177.35s

Processing reference event ID 83 at 2023-04-12T21:46:33.760000Z (20/26)
  Loaded 909 traces in 134.04s
  Couldn't find match for STALTA/Initial
  Couldn't find match for PhaseNet/Initial
  Found match for QMigrate/Initial: event at 2023-04-12T21:46:33.045000Z
  Found match for STALTA/VELEST: event at 2023-04-12T21:46:32.850000Z
  Found match for PhaseNet/VELEST: event at 2023-04-12T21:46:32.410000Z
  Found match for QMigrate/VELEST: event at 2023-04-12T21:46:32.900000Z
  Found match for STALTA/hypoinverse: event at 2023-04-12T21:46:35.510000Z
  Found match for PhaseNet/hypoinverse: event at 2023-04-12T21:46:34.100000Z
  Found match for QMigrate/hypoinverse: event at 2023-04-12T21:46:33.880000Z
  Found match for STALTA/hypoinverse_corr: event at 2023-04-12T21:46:33.940000Z
  Found match for PhaseNet/hypoinverse_corr: event at 2023-04-12T21:46:33.920000Z
  Found match for QMigrate/hypoinverse_corr: event at 2023-04-12T21:46:33.740000Z
  Found match for STALTA/hypoDD_dtct: event at 2023-04-12T21:46:33.920000Z
  Found match for PhaseNet/hypoDD_dtct: event at 2023-04-12T21:46:33.920000Z
  Found matched events in 0.00s
  Saved plot: record_sections/all_in_one/83_20230412_214633_N.png
  Saved plot: record_sections/all_in_one/83_20230412_214633_E.png
  Saved plot: record_sections/all_in_one/83_20230412_214633_Z.png
  Generated and saved plots in 39.17s
  Total time for this event: 173.95s

Processing reference event ID 84 at 2023-04-12T21:49:55.680000Z (21/26)
  Loaded 909 traces in 131.08s
  Couldn't find match for STALTA/Initial
  Couldn't find match for PhaseNet/Initial
  Found match for QMigrate/Initial: event at 2023-04-12T21:49:54.980000Z
  Couldn't find match for STALTA/VELEST
  Found match for PhaseNet/VELEST: event at 2023-04-12T21:49:53.570000Z
  Found match for QMigrate/VELEST: event at 2023-04-12T21:49:54.640000Z
  Couldn't find match for STALTA/hypoinverse
  Couldn't find match for PhaseNet/hypoinverse
  Found match for QMigrate/hypoinverse: event at 2023-04-12T21:49:56.950000Z
  Couldn't find match for STALTA/hypoinverse_corr
  Found match for PhaseNet/hypoinverse_corr: event at 2023-04-12T21:49:55.740000Z
  Found match for QMigrate/hypoinverse_corr: event at 2023-04-12T21:49:55.630000Z
  Couldn't find match for STALTA/hypoDD_dtct
  Found match for PhaseNet/hypoDD_dtct: event at 2023-04-12T21:49:55.720000Z
  Found matched events in 0.00s
  Saved plot: record_sections/all_in_one/84_20230412_214955_N.png
  Saved plot: record_sections/all_in_one/84_20230412_214955_E.png
  Saved plot: record_sections/all_in_one/84_20230412_214955_Z.png
  Generated and saved plots in 29.21s
  Total time for this event: 161.04s

Processing reference event ID 85 at 2023-04-12T22:02:14.200000Z (22/26)
  Loaded 909 traces in 136.75s
  Couldn't find match for STALTA/Initial
  Couldn't find match for PhaseNet/Initial
  Found match for QMigrate/Initial: event at 2023-04-12T22:02:13.370000Z
  Found match for STALTA/VELEST: event at 2023-04-12T22:02:18.470000Z
  Found match for PhaseNet/VELEST: event at 2023-04-12T22:02:12.260000Z
  Found match for QMigrate/VELEST: event at 2023-04-12T22:02:12.400000Z
  Found match for STALTA/hypoinverse: event at 2023-04-12T22:02:19.370000Z
  Found match for PhaseNet/hypoinverse: event at 2023-04-12T22:02:14.820000Z
  Found match for QMigrate/hypoinverse: event at 2023-04-12T22:02:14.750000Z
  Couldn't find match for STALTA/hypoinverse_corr
  Found match for PhaseNet/hypoinverse_corr: event at 2023-04-12T22:02:14.320000Z
  Found match for QMigrate/hypoinverse_corr: event at 2023-04-12T22:02:14.200000Z
  Couldn't find match for STALTA/hypoDD_dtct
  Found match for PhaseNet/hypoDD_dtct: event at 2023-04-12T22:02:14.360000Z
  Found matched events in 0.00s
  Saved plot: record_sections/all_in_one/85_20230412_220214_N.png
  Saved plot: record_sections/all_in_one/85_20230412_220214_E.png
  Saved plot: record_sections/all_in_one/85_20230412_220214_Z.png
  Generated and saved plots in 33.45s
  Total time for this event: 170.93s

Processing reference event ID 86 at 2023-04-12T22:33:39.320000Z (23/26)
  Loaded 909 traces in 131.40s
  Couldn't find match for STALTA/Initial
  Couldn't find match for PhaseNet/Initial
  Found match for QMigrate/Initial: event at 2023-04-12T22:33:38.605000Z
  Couldn't find match for STALTA/VELEST
  Found match for PhaseNet/VELEST: event at 2023-04-12T22:33:37.570000Z
  Found match for QMigrate/VELEST: event at 2023-04-12T22:33:37.630000Z
  Couldn't find match for STALTA/hypoinverse
  Found match for PhaseNet/hypoinverse: event at 2023-04-12T22:33:40.690000Z
  Found match for QMigrate/hypoinverse: event at 2023-04-12T22:33:39.730000Z
  Couldn't find match for STALTA/hypoinverse_corr
  Found match for PhaseNet/hypoinverse_corr: event at 2023-04-12T22:33:39.490000Z
  Found match for QMigrate/hypoinverse_corr: event at 2023-04-12T22:33:39.280000Z
  Couldn't find match for STALTA/hypoDD_dtct
  Found match for PhaseNet/hypoDD_dtct: event at 2023-04-12T22:33:39.480000Z
  Found matched events in 0.00s
  Saved plot: record_sections/all_in_one/86_20230412_223339_N.png
  Saved plot: record_sections/all_in_one/86_20230412_223339_E.png
  Saved plot: record_sections/all_in_one/86_20230412_223339_Z.png
  Generated and saved plots in 29.39s
  Total time for this event: 161.53s

Processing reference event ID 87 at 2023-04-12T23:02:10.760000Z (24/26)
  Loaded 909 traces in 138.26s
  Found match for STALTA/Initial: event at 2023-04-12T23:04:10.539000Z
  Found match for PhaseNet/Initial: event at 2023-04-12T23:04:10.539000Z
  Found match for QMigrate/Initial: event at 2023-04-12T23:02:09.995000Z
  Found match for STALTA/VELEST: event at 2023-04-12T23:04:09.500000Z
  Found match for PhaseNet/VELEST: event at 2023-04-12T23:02:09.730000Z
  Found match for QMigrate/VELEST: event at 2023-04-12T23:02:10.360000Z
  Couldn't find match for STALTA/hypoinverse
  Found match for PhaseNet/hypoinverse: event at 2023-04-12T23:02:12.090000Z
  Found match for QMigrate/hypoinverse: event at 2023-04-12T23:02:12.090000Z
  Found match for STALTA/hypoinverse_corr: event at 2023-04-12T23:04:10.310000Z
  Found match for PhaseNet/hypoinverse_corr: event at 2023-04-12T23:02:10.950000Z
  Found match for QMigrate/hypoinverse_corr: event at 2023-04-12T23:02:10.730000Z
  Found match for STALTA/hypoDD_dtct: event at 2023-04-12T23:04:10.380000Z
  Found match for PhaseNet/hypoDD_dtct: event at 2023-04-12T23:02:10.920000Z
  Found matched events in 0.00s
  Saved plot: record_sections/all_in_one/87_20230412_230210_N.png
  Saved plot: record_sections/all_in_one/87_20230412_230210_E.png
  Saved plot: record_sections/all_in_one/87_20230412_230210_Z.png
  Generated and saved plots in 35.77s
  Total time for this event: 174.75s

Processing reference event ID 88 at 2023-04-12T23:04:10.240000Z (25/26)
  Loaded 909 traces in 139.19s
  Found match for STALTA/Initial: event at 2023-04-12T23:04:10.539000Z
  Found match for PhaseNet/Initial: event at 2023-04-12T23:04:10.539000Z
  Found match for QMigrate/Initial: event at 2023-04-12T23:04:09.625000Z
  Found match for STALTA/VELEST: event at 2023-04-12T23:04:09.500000Z
  Found match for PhaseNet/VELEST: event at 2023-04-12T23:04:09.390000Z
  Found match for QMigrate/VELEST: event at 2023-04-12T23:04:09.500000Z
  Found match for STALTA/hypoinverse: event at 2023-04-12T23:04:11.500000Z
  Found match for PhaseNet/hypoinverse: event at 2023-04-12T23:04:11.640000Z
  Found match for QMigrate/hypoinverse: event at 2023-04-12T23:04:11.550000Z
  Found match for STALTA/hypoinverse_corr: event at 2023-04-12T23:04:10.310000Z
  Found match for PhaseNet/hypoinverse_corr: event at 2023-04-12T23:04:10.420000Z
  Found match for QMigrate/hypoinverse_corr: event at 2023-04-12T23:04:10.240000Z
  Found match for STALTA/hypoDD_dtct: event at 2023-04-12T23:04:10.380000Z
  Found match for PhaseNet/hypoDD_dtct: event at 2023-04-12T23:04:10.360000Z
  Found matched events in 0.00s
  Saved plot: record_sections/all_in_one/88_20230412_230410_N.png
  Saved plot: record_sections/all_in_one/88_20230412_230410_E.png
  Saved plot: record_sections/all_in_one/88_20230412_230410_Z.png
  Generated and saved plots in 47.62s
  Total time for this event: 187.53s

Processing reference event ID 89 at 2023-04-12T23:06:22.720000Z (26/26)
  Loaded 909 traces in 139.16s
  Couldn't find match for STALTA/Initial
  Couldn't find match for PhaseNet/Initial
  Found match for QMigrate/Initial: event at 2023-04-12T23:06:21.985000Z
  Found match for STALTA/VELEST: event at 2023-04-12T23:06:20.400000Z
  Found match for PhaseNet/VELEST: event at 2023-04-12T23:06:21.570000Z
  Found match for QMigrate/VELEST: event at 2023-04-12T23:06:21.490000Z
  Couldn't find match for STALTA/hypoinverse
  Found match for PhaseNet/hypoinverse: event at 2023-04-12T23:06:23.370000Z
  Found match for QMigrate/hypoinverse: event at 2023-04-12T23:06:24.390000Z
  Found match for STALTA/hypoinverse_corr: event at 2023-04-12T23:06:23.770000Z
  Found match for PhaseNet/hypoinverse_corr: event at 2023-04-12T23:06:22.840000Z
  Found match for QMigrate/hypoinverse_corr: event at 2023-04-12T23:06:22.710000Z
  Couldn't find match for STALTA/hypoDD_dtct
  Found match for PhaseNet/hypoDD_dtct: event at 2023-04-12T23:06:22.900000Z
  Found matched events in 0.00s
  Saved plot: record_sections/all_in_one/89_20230412_230622_N.png
  Saved plot: record_sections/all_in_one/89_20230412_230622_E.png
  Saved plot: record_sections/all_in_one/89_20230412_230622_Z.png
  Generated and saved plots in 32.36s
  Total time for this event: 172.24s

Total script execution time: 4382.28s
  Running plot_mode: individual
Loaded station data in 0.00s
Loaded reference catalog (26 events from QMigrate/hypoDD_dtct) in 0.01s
Initial/STALTA: has 40
Initial/PhaseNet: has 40
Initial/QMigrate: has 33
VELEST/STALTA: has 18
VELEST/PhaseNet: has 29
VELEST/QMigrate: has 28
hypoinverse/STALTA: has 19
hypoinverse/PhaseNet: has 35
hypoinverse/QMigrate: has 23
hypoinverse_corr/STALTA: has 16
hypoinverse_corr/PhaseNet: has 34
hypoinverse_corr/QMigrate: has 28
hypoDD_dtct/STALTA: has 13
hypoDD_dtct/PhaseNet: has 33
hypoDD_dtct/QMigrate: has 26
Loaded all other catalogs in 0.05s

Processing reference event ID 62 at 2023-04-12T01:07:45.800000Z (1/26)
  Loaded 765 traces in 130.92s
  Couldn't find match for STALTA/Initial
  Couldn't find match for PhaseNet/Initial
  Found match for QMigrate/Initial: event at 2023-04-12T01:07:45.085000Z
  Found match for STALTA/VELEST: event at 2023-04-12T01:07:44.300000Z
  Found match for PhaseNet/VELEST: event at 2023-04-12T01:07:44.330000Z
  Found match for QMigrate/VELEST: event at 2023-04-12T01:07:44.480000Z
  Found match for STALTA/hypoinverse: event at 2023-04-12T01:07:48.130000Z
  Found match for PhaseNet/hypoinverse: event at 2023-04-12T01:07:45.990000Z
  Couldn't find match for QMigrate/hypoinverse
  Found match for STALTA/hypoinverse_corr: event at 2023-04-12T01:07:46.090000Z
  Found match for PhaseNet/hypoinverse_corr: event at 2023-04-12T01:07:45.970000Z
  Found match for QMigrate/hypoinverse_corr: event at 2023-04-12T01:07:45.760000Z
  Found match for STALTA/hypoDD_dtct: event at 2023-04-12T01:07:45.980000Z
  Found match for PhaseNet/hypoDD_dtct: event at 2023-04-12T01:07:45.980000Z
  Found matched events in 0.00s
  Saved plot: record_sections/individual/QMigrate/hypoDD_dtct/62_hypoDD_dtct_QMigrate_20230412_010745.png
  Saved plot: record_sections/individual/QMigrate/Initial/62_Initial_QMigrate_20230412_010745.png
  Saved plot: record_sections/individual/STALTA/VELEST/62_VELEST_STALTA_20230412_010745.png
  Saved plot: record_sections/individual/PhaseNet/VELEST/62_VELEST_PhaseNet_20230412_010745.png
  Saved plot: record_sections/individual/QMigrate/VELEST/62_VELEST_QMigrate_20230412_010745.png
  Saved plot: record_sections/individual/STALTA/hypoinverse/62_hypoinverse_STALTA_20230412_010745.png
  Saved plot: record_sections/individual/PhaseNet/hypoinverse/62_hypoinverse_PhaseNet_20230412_010745.png
  Saved plot: record_sections/individual/STALTA/hypoinverse_corr/62_hypoinverse_corr_STALTA_20230412_010745.png
  Saved plot: record_sections/individual/PhaseNet/hypoinverse_corr/62_hypoinverse_corr_PhaseNet_20230412_010745.png
  Saved plot: record_sections/individual/QMigrate/hypoinverse_corr/62_hypoinverse_corr_QMigrate_20230412_010745.png
  Saved plot: record_sections/individual/STALTA/hypoDD_dtct/62_hypoDD_dtct_STALTA_20230412_010745.png
  Saved plot: record_sections/individual/PhaseNet/hypoDD_dtct/62_hypoDD_dtct_PhaseNet_20230412_010745.png
  Generated and saved plots in 38.94s
  Total time for this event: 172.67s

Processing reference event ID 63 at 2023-04-12T01:49:36.020000Z (2/26)
  Loaded 765 traces in 132.43s
  Couldn't find match for STALTA/Initial
  Couldn't find match for PhaseNet/Initial
  Found match for QMigrate/Initial: event at 2023-04-12T01:49:35.415000Z
  Found match for STALTA/VELEST: event at 2023-04-12T01:49:32.040000Z
  Found match for PhaseNet/VELEST: event at 2023-04-12T01:49:35.510000Z
  Found match for QMigrate/VELEST: event at 2023-04-12T01:49:35.930000Z
  Found match for STALTA/hypoinverse: event at 2023-04-12T01:49:38.350000Z
  Found match for PhaseNet/hypoinverse: event at 2023-04-12T01:49:37.210000Z
  Found match for QMigrate/hypoinverse: event at 2023-04-12T01:49:37.390000Z
  Found match for STALTA/hypoinverse_corr: event at 2023-04-12T01:49:37.320000Z
  Found match for PhaseNet/hypoinverse_corr: event at 2023-04-12T01:49:36.420000Z
  Found match for QMigrate/hypoinverse_corr: event at 2023-04-12T01:49:36.190000Z
  Found match for STALTA/hypoDD_dtct: event at 2023-04-12T01:49:37.220000Z
  Found match for PhaseNet/hypoDD_dtct: event at 2023-04-12T01:49:36.170000Z
  Found matched events in 0.00s
  Saved plot: record_sections/individual/QMigrate/hypoDD_dtct/63_hypoDD_dtct_QMigrate_20230412_014936.png
  Saved plot: record_sections/individual/QMigrate/Initial/63_Initial_QMigrate_20230412_014936.png
  Saved plot: record_sections/individual/STALTA/VELEST/63_VELEST_STALTA_20230412_014936.png
  Saved plot: record_sections/individual/PhaseNet/VELEST/63_VELEST_PhaseNet_20230412_014936.png
  Saved plot: record_sections/individual/QMigrate/VELEST/63_VELEST_QMigrate_20230412_014936.png
  Saved plot: record_sections/individual/STALTA/hypoinverse/63_hypoinverse_STALTA_20230412_014936.png
  Saved plot: record_sections/individual/PhaseNet/hypoinverse/63_hypoinverse_PhaseNet_20230412_014936.png
  Saved plot: record_sections/individual/QMigrate/hypoinverse/63_hypoinverse_QMigrate_20230412_014936.png
  Saved plot: record_sections/individual/STALTA/hypoinverse_corr/63_hypoinverse_corr_STALTA_20230412_014936.png
  Saved plot: record_sections/individual/PhaseNet/hypoinverse_corr/63_hypoinverse_corr_PhaseNet_20230412_014936.png
  Saved plot: record_sections/individual/QMigrate/hypoinverse_corr/63_hypoinverse_corr_QMigrate_20230412_014936.png
  Saved plot: record_sections/individual/STALTA/hypoDD_dtct/63_hypoDD_dtct_STALTA_20230412_014936.png
  Saved plot: record_sections/individual/PhaseNet/hypoDD_dtct/63_hypoDD_dtct_PhaseNet_20230412_014936.png
  Generated and saved plots in 40.47s
  Total time for this event: 173.59s

Processing reference event ID 64 at 2023-04-12T12:05:45.640000Z (3/26)
  Loaded 906 traces in 136.58s
  Found match for STALTA/Initial: event at 2023-04-12T12:05:45.945000Z
  Found match for PhaseNet/Initial: event at 2023-04-12T12:05:45.945000Z
  Found match for QMigrate/Initial: event at 2023-04-12T12:05:45.115000Z
  Found match for STALTA/VELEST: event at 2023-04-12T12:05:44.900000Z
  Found match for PhaseNet/VELEST: event at 2023-04-12T12:05:44.350000Z
  Found match for QMigrate/VELEST: event at 2023-04-12T12:05:44.910000Z
  Couldn't find match for STALTA/hypoinverse
  Found match for PhaseNet/hypoinverse: event at 2023-04-12T12:05:46.950000Z
  Found match for QMigrate/hypoinverse: event at 2023-04-12T12:05:47.320000Z
  Found match for STALTA/hypoinverse_corr: event at 2023-04-12T12:05:45.570000Z
  Found match for PhaseNet/hypoinverse_corr: event at 2023-04-12T12:05:45.870000Z
  Found match for QMigrate/hypoinverse_corr: event at 2023-04-12T12:05:45.610000Z
  Couldn't find match for STALTA/hypoDD_dtct
  Found match for PhaseNet/hypoDD_dtct: event at 2023-04-12T12:05:45.720000Z
  Found matched events in 0.00s
  Saved plot: record_sections/individual/QMigrate/hypoDD_dtct/64_hypoDD_dtct_QMigrate_20230412_120545.png
  Saved plot: record_sections/individual/STALTA/Initial/64_Initial_STALTA_20230412_120545.png
  Saved plot: record_sections/individual/PhaseNet/Initial/64_Initial_PhaseNet_20230412_120545.png
  Saved plot: record_sections/individual/QMigrate/Initial/64_Initial_QMigrate_20230412_120545.png
  Saved plot: record_sections/individual/STALTA/VELEST/64_VELEST_STALTA_20230412_120545.png
  Saved plot: record_sections/individual/PhaseNet/VELEST/64_VELEST_PhaseNet_20230412_120545.png
  Saved plot: record_sections/individual/QMigrate/VELEST/64_VELEST_QMigrate_20230412_120545.png
  Saved plot: record_sections/individual/PhaseNet/hypoinverse/64_hypoinverse_PhaseNet_20230412_120545.png
  Saved plot: record_sections/individual/QMigrate/hypoinverse/64_hypoinverse_QMigrate_20230412_120545.png
  Saved plot: record_sections/individual/STALTA/hypoinverse_corr/64_hypoinverse_corr_STALTA_20230412_120545.png
  Saved plot: record_sections/individual/PhaseNet/hypoinverse_corr/64_hypoinverse_corr_PhaseNet_20230412_120545.png
  Saved plot: record_sections/individual/QMigrate/hypoinverse_corr/64_hypoinverse_corr_QMigrate_20230412_120545.png
  Saved plot: record_sections/individual/PhaseNet/hypoDD_dtct/64_hypoDD_dtct_PhaseNet_20230412_120545.png
  Generated and saved plots in 51.13s
  Total time for this event: 188.51s

Processing reference event ID 65 at 2023-04-12T14:08:23.560000Z (4/26)
  Loaded 909 traces in 134.32s
  Couldn't find match for STALTA/Initial
  Couldn't find match for PhaseNet/Initial
  Found match for QMigrate/Initial: event at 2023-04-12T14:08:22.875000Z
  Found match for STALTA/VELEST: event at 2023-04-12T14:08:22.380000Z
  Found match for PhaseNet/VELEST: event at 2023-04-12T14:08:21.490000Z
  Found match for QMigrate/VELEST: event at 2023-04-12T14:08:22.620000Z
  Found match for STALTA/hypoinverse: event at 2023-04-12T14:08:25.150000Z
  Found match for PhaseNet/hypoinverse: event at 2023-04-12T14:08:25.310000Z
  Found match for QMigrate/hypoinverse: event at 2023-04-12T14:08:25.220000Z
  Found match for STALTA/hypoinverse_corr: event at 2023-04-12T14:08:23.730000Z
  Found match for PhaseNet/hypoinverse_corr: event at 2023-04-12T14:08:23.790000Z
  Found match for QMigrate/hypoinverse_corr: event at 2023-04-12T14:08:23.780000Z
  Found match for STALTA/hypoDD_dtct: event at 2023-04-12T14:08:23.670000Z
  Found match for PhaseNet/hypoDD_dtct: event at 2023-04-12T14:08:23.720000Z
  Found matched events in 0.00s
  Saved plot: record_sections/individual/QMigrate/hypoDD_dtct/65_hypoDD_dtct_QMigrate_20230412_140823.png
  Saved plot: record_sections/individual/QMigrate/Initial/65_Initial_QMigrate_20230412_140823.png
  Saved plot: record_sections/individual/STALTA/VELEST/65_VELEST_STALTA_20230412_140823.png
  Saved plot: record_sections/individual/PhaseNet/VELEST/65_VELEST_PhaseNet_20230412_140823.png
  Saved plot: record_sections/individual/QMigrate/VELEST/65_VELEST_QMigrate_20230412_140823.png
  Saved plot: record_sections/individual/STALTA/hypoinverse/65_hypoinverse_STALTA_20230412_140823.png
  Saved plot: record_sections/individual/PhaseNet/hypoinverse/65_hypoinverse_PhaseNet_20230412_140823.png
  Saved plot: record_sections/individual/QMigrate/hypoinverse/65_hypoinverse_QMigrate_20230412_140823.png
  Saved plot: record_sections/individual/STALTA/hypoinverse_corr/65_hypoinverse_corr_STALTA_20230412_140823.png
  Saved plot: record_sections/individual/PhaseNet/hypoinverse_corr/65_hypoinverse_corr_PhaseNet_20230412_140823.png
  Saved plot: record_sections/individual/QMigrate/hypoinverse_corr/65_hypoinverse_corr_QMigrate_20230412_140823.png
  Saved plot: record_sections/individual/STALTA/hypoDD_dtct/65_hypoDD_dtct_STALTA_20230412_140823.png
  Saved plot: record_sections/individual/PhaseNet/hypoDD_dtct/65_hypoDD_dtct_PhaseNet_20230412_140823.png
  Generated and saved plots in 47.34s
  Total time for this event: 182.40s

Processing reference event ID 66 at 2023-04-12T15:31:43.000000Z (5/26)
  Loaded 909 traces in 144.26s
  Couldn't find match for STALTA/Initial
  Couldn't find match for PhaseNet/Initial
  Found match for QMigrate/Initial: event at 2023-04-12T15:31:42.115000Z
  Couldn't find match for STALTA/VELEST
  Found match for PhaseNet/VELEST: event at 2023-04-12T15:31:41.410000Z
  Found match for QMigrate/VELEST: event at 2023-04-12T15:31:42.650000Z
  Couldn't find match for STALTA/hypoinverse
  Couldn't find match for PhaseNet/hypoinverse
  Couldn't find match for QMigrate/hypoinverse
  Couldn't find match for STALTA/hypoinverse_corr
  Found match for PhaseNet/hypoinverse_corr: event at 2023-04-12T15:31:43.170000Z
  Found match for QMigrate/hypoinverse_corr: event at 2023-04-12T15:31:43.000000Z
  Couldn't find match for STALTA/hypoDD_dtct
  Found match for PhaseNet/hypoDD_dtct: event at 2023-04-12T15:31:43.080000Z
  Found matched events in 0.00s
  Saved plot: record_sections/individual/QMigrate/hypoDD_dtct/66_hypoDD_dtct_QMigrate_20230412_153143.png
  Saved plot: record_sections/individual/QMigrate/Initial/66_Initial_QMigrate_20230412_153143.png
  Saved plot: record_sections/individual/PhaseNet/VELEST/66_VELEST_PhaseNet_20230412_153143.png
  Saved plot: record_sections/individual/QMigrate/VELEST/66_VELEST_QMigrate_20230412_153143.png
  Saved plot: record_sections/individual/PhaseNet/hypoinverse_corr/66_hypoinverse_corr_PhaseNet_20230412_153143.png
  Saved plot: record_sections/individual/QMigrate/hypoinverse_corr/66_hypoinverse_corr_QMigrate_20230412_153143.png
  Saved plot: record_sections/individual/PhaseNet/hypoDD_dtct/66_hypoDD_dtct_PhaseNet_20230412_153143.png
  Generated and saved plots in 29.17s
  Total time for this event: 174.23s

Processing reference event ID 68 at 2023-04-12T16:54:13.390000Z (6/26)
  Loaded 909 traces in 139.91s
  Couldn't find match for STALTA/Initial
  Couldn't find match for PhaseNet/Initial
  Found match for QMigrate/Initial: event at 2023-04-12T16:54:12.640000Z
  Couldn't find match for STALTA/VELEST
  Found match for PhaseNet/VELEST: event at 2023-04-12T16:54:12.160000Z
  Found match for QMigrate/VELEST: event at 2023-04-12T16:54:12.720000Z
  Couldn't find match for STALTA/hypoinverse
  Found match for PhaseNet/hypoinverse: event at 2023-04-12T16:54:13.420000Z
  Found match for QMigrate/hypoinverse: event at 2023-04-12T16:54:13.370000Z
  Couldn't find match for STALTA/hypoinverse_corr
  Found match for PhaseNet/hypoinverse_corr: event at 2023-04-12T16:54:13.590000Z
  Found match for QMigrate/hypoinverse_corr: event at 2023-04-12T16:54:13.390000Z
  Couldn't find match for STALTA/hypoDD_dtct
  Found match for PhaseNet/hypoDD_dtct: event at 2023-04-12T16:54:13.560000Z
  Found matched events in 0.00s
  Saved plot: record_sections/individual/QMigrate/hypoDD_dtct/68_hypoDD_dtct_QMigrate_20230412_165413.png
  Saved plot: record_sections/individual/QMigrate/Initial/68_Initial_QMigrate_20230412_165413.png
  Saved plot: record_sections/individual/PhaseNet/VELEST/68_VELEST_PhaseNet_20230412_165413.png
  Saved plot: record_sections/individual/QMigrate/VELEST/68_VELEST_QMigrate_20230412_165413.png
  Saved plot: record_sections/individual/PhaseNet/hypoinverse/68_hypoinverse_PhaseNet_20230412_165413.png
  Saved plot: record_sections/individual/QMigrate/hypoinverse/68_hypoinverse_QMigrate_20230412_165413.png
  Saved plot: record_sections/individual/PhaseNet/hypoinverse_corr/68_hypoinverse_corr_PhaseNet_20230412_165413.png
  Saved plot: record_sections/individual/QMigrate/hypoinverse_corr/68_hypoinverse_corr_QMigrate_20230412_165413.png
  Saved plot: record_sections/individual/PhaseNet/hypoDD_dtct/68_hypoDD_dtct_PhaseNet_20230412_165413.png
  Generated and saved plots in 34.52s
  Total time for this event: 175.19s

Processing reference event ID 69 at 2023-04-12T17:13:48.600000Z (7/26)
  Loaded 909 traces in 135.54s
  Couldn't find match for STALTA/Initial
  Couldn't find match for PhaseNet/Initial
  Found match for QMigrate/Initial: event at 2023-04-12T17:13:47.830000Z
  Couldn't find match for STALTA/VELEST
  Found match for PhaseNet/VELEST: event at 2023-04-12T17:13:47.520000Z
  Found match for QMigrate/VELEST: event at 2023-04-12T17:13:47.710000Z
  Couldn't find match for STALTA/hypoinverse
  Found match for PhaseNet/hypoinverse: event at 2023-04-12T17:13:49.520000Z
  Found match for QMigrate/hypoinverse: event at 2023-04-12T17:13:50.180000Z
  Couldn't find match for STALTA/hypoinverse_corr
  Found match for PhaseNet/hypoinverse_corr: event at 2023-04-12T17:13:48.770000Z
  Found match for QMigrate/hypoinverse_corr: event at 2023-04-12T17:13:48.880000Z
  Couldn't find match for STALTA/hypoDD_dtct
  Found match for PhaseNet/hypoDD_dtct: event at 2023-04-12T17:13:48.680000Z
  Found matched events in 0.00s
  Saved plot: record_sections/individual/QMigrate/hypoDD_dtct/69_hypoDD_dtct_QMigrate_20230412_171348.png
  Saved plot: record_sections/individual/QMigrate/Initial/69_Initial_QMigrate_20230412_171348.png
  Saved plot: record_sections/individual/PhaseNet/VELEST/69_VELEST_PhaseNet_20230412_171348.png
  Saved plot: record_sections/individual/QMigrate/VELEST/69_VELEST_QMigrate_20230412_171348.png
  Saved plot: record_sections/individual/PhaseNet/hypoinverse/69_hypoinverse_PhaseNet_20230412_171348.png
  Saved plot: record_sections/individual/QMigrate/hypoinverse/69_hypoinverse_QMigrate_20230412_171348.png
  Saved plot: record_sections/individual/PhaseNet/hypoinverse_corr/69_hypoinverse_corr_PhaseNet_20230412_171348.png
  Saved plot: record_sections/individual/QMigrate/hypoinverse_corr/69_hypoinverse_corr_QMigrate_20230412_171348.png
  Saved plot: record_sections/individual/PhaseNet/hypoDD_dtct/69_hypoDD_dtct_PhaseNet_20230412_171348.png
  Generated and saved plots in 33.93s
  Total time for this event: 170.18s

Processing reference event ID 70 at 2023-04-12T17:57:18.680000Z (8/26)
  Loaded 909 traces in 144.20s
  Couldn't find match for STALTA/Initial
  Couldn't find match for PhaseNet/Initial
  Found match for QMigrate/Initial: event at 2023-04-12T17:57:18.005000Z
  Found match for STALTA/VELEST: event at 2023-04-12T17:57:17.680000Z
  Found match for PhaseNet/VELEST: event at 2023-04-12T17:57:18.030000Z
  Found match for QMigrate/VELEST: event at 2023-04-12T17:57:17.740000Z
  Found match for STALTA/hypoinverse: event at 2023-04-12T17:57:21.070000Z
  Found match for PhaseNet/hypoinverse: event at 2023-04-12T17:57:19.730000Z
  Found match for QMigrate/hypoinverse: event at 2023-04-12T17:57:19.950000Z
  Found match for STALTA/hypoinverse_corr: event at 2023-04-12T17:57:19.070000Z
  Found match for PhaseNet/hypoinverse_corr: event at 2023-04-12T17:57:18.840000Z
  Found match for QMigrate/hypoinverse_corr: event at 2023-04-12T17:57:18.780000Z
  Found match for STALTA/hypoDD_dtct: event at 2023-04-12T17:57:18.920000Z
  Found match for PhaseNet/hypoDD_dtct: event at 2023-04-12T17:57:18.800000Z
  Found matched events in 0.00s
  Saved plot: record_sections/individual/QMigrate/hypoDD_dtct/70_hypoDD_dtct_QMigrate_20230412_175718.png
  Saved plot: record_sections/individual/QMigrate/Initial/70_Initial_QMigrate_20230412_175718.png
  Saved plot: record_sections/individual/STALTA/VELEST/70_VELEST_STALTA_20230412_175718.png
  Saved plot: record_sections/individual/PhaseNet/VELEST/70_VELEST_PhaseNet_20230412_175718.png
  Saved plot: record_sections/individual/QMigrate/VELEST/70_VELEST_QMigrate_20230412_175718.png
  Saved plot: record_sections/individual/STALTA/hypoinverse/70_hypoinverse_STALTA_20230412_175718.png
  Saved plot: record_sections/individual/PhaseNet/hypoinverse/70_hypoinverse_PhaseNet_20230412_175718.png
  Saved plot: record_sections/individual/QMigrate/hypoinverse/70_hypoinverse_QMigrate_20230412_175718.png
  Saved plot: record_sections/individual/STALTA/hypoinverse_corr/70_hypoinverse_corr_STALTA_20230412_175718.png
  Saved plot: record_sections/individual/PhaseNet/hypoinverse_corr/70_hypoinverse_corr_PhaseNet_20230412_175718.png
  Saved plot: record_sections/individual/QMigrate/hypoinverse_corr/70_hypoinverse_corr_QMigrate_20230412_175718.png
  Saved plot: record_sections/individual/STALTA/hypoDD_dtct/70_hypoDD_dtct_STALTA_20230412_175718.png
  Saved plot: record_sections/individual/PhaseNet/hypoDD_dtct/70_hypoDD_dtct_PhaseNet_20230412_175718.png
  Generated and saved plots in 48.85s
  Total time for this event: 193.75s

Processing reference event ID 71 at 2023-04-12T18:12:03.020000Z (9/26)
  Loaded 909 traces in 139.75s
  Couldn't find match for STALTA/Initial
  Couldn't find match for PhaseNet/Initial
  Found match for QMigrate/Initial: event at 2023-04-12T18:12:02.440000Z
  Couldn't find match for STALTA/VELEST
  Found match for PhaseNet/VELEST: event at 2023-04-12T18:12:02.560000Z
  Found match for QMigrate/VELEST: event at 2023-04-12T18:12:02.870000Z
  Couldn't find match for STALTA/hypoinverse
  Found match for PhaseNet/hypoinverse: event at 2023-04-12T18:12:04.060000Z
  Found match for QMigrate/hypoinverse: event at 2023-04-12T18:12:04.200000Z
  Couldn't find match for STALTA/hypoinverse_corr
  Found match for PhaseNet/hypoinverse_corr: event at 2023-04-12T18:12:03.150000Z
  Found match for QMigrate/hypoinverse_corr: event at 2023-04-12T18:12:02.980000Z
  Couldn't find match for STALTA/hypoDD_dtct
  Found match for PhaseNet/hypoDD_dtct: event at 2023-04-12T18:12:03.140000Z
  Found matched events in 0.00s
  Saved plot: record_sections/individual/QMigrate/hypoDD_dtct/71_hypoDD_dtct_QMigrate_20230412_181203.png
  Saved plot: record_sections/individual/QMigrate/Initial/71_Initial_QMigrate_20230412_181203.png
  Saved plot: record_sections/individual/PhaseNet/VELEST/71_VELEST_PhaseNet_20230412_181203.png
  Saved plot: record_sections/individual/QMigrate/VELEST/71_VELEST_QMigrate_20230412_181203.png
  Saved plot: record_sections/individual/PhaseNet/hypoinverse/71_hypoinverse_PhaseNet_20230412_181203.png
  Saved plot: record_sections/individual/QMigrate/hypoinverse/71_hypoinverse_QMigrate_20230412_181203.png
  Saved plot: record_sections/individual/PhaseNet/hypoinverse_corr/71_hypoinverse_corr_PhaseNet_20230412_181203.png
  Saved plot: record_sections/individual/QMigrate/hypoinverse_corr/71_hypoinverse_corr_QMigrate_20230412_181203.png
  Saved plot: record_sections/individual/PhaseNet/hypoDD_dtct/71_hypoDD_dtct_PhaseNet_20230412_181203.png
  Generated and saved plots in 34.56s
  Total time for this event: 175.01s

Processing reference event ID 72 at 2023-04-12T18:36:26.960000Z (10/26)
  Loaded 909 traces in 148.25s
  Couldn't find match for STALTA/Initial
  Couldn't find match for PhaseNet/Initial
  Found match for QMigrate/Initial: event at 2023-04-12T18:36:26.375000Z
  Found match for STALTA/VELEST: event at 2023-04-12T18:36:26.550000Z
  Found match for PhaseNet/VELEST: event at 2023-04-12T18:36:26.070000Z
  Found match for QMigrate/VELEST: event at 2023-04-12T18:36:26.360000Z
  Found match for STALTA/hypoinverse: event at 2023-04-12T18:36:27.780000Z
  Found match for PhaseNet/hypoinverse: event at 2023-04-12T18:36:28.270000Z
  Found match for QMigrate/hypoinverse: event at 2023-04-12T18:36:28.080000Z
  Found match for STALTA/hypoinverse_corr: event at 2023-04-12T18:36:27.070000Z
  Found match for PhaseNet/hypoinverse_corr: event at 2023-04-12T18:36:27.130000Z
  Found match for QMigrate/hypoinverse_corr: event at 2023-04-12T18:36:27.010000Z
  Found match for STALTA/hypoDD_dtct: event at 2023-04-12T18:36:27.060000Z
  Found match for PhaseNet/hypoDD_dtct: event at 2023-04-12T18:36:27.060000Z
  Found matched events in 0.00s
  Saved plot: record_sections/individual/QMigrate/hypoDD_dtct/72_hypoDD_dtct_QMigrate_20230412_183626.png
  Saved plot: record_sections/individual/QMigrate/Initial/72_Initial_QMigrate_20230412_183626.png
  Saved plot: record_sections/individual/STALTA/VELEST/72_VELEST_STALTA_20230412_183626.png
  Saved plot: record_sections/individual/PhaseNet/VELEST/72_VELEST_PhaseNet_20230412_183626.png
  Saved plot: record_sections/individual/QMigrate/VELEST/72_VELEST_QMigrate_20230412_183626.png
  Saved plot: record_sections/individual/STALTA/hypoinverse/72_hypoinverse_STALTA_20230412_183626.png
  Saved plot: record_sections/individual/PhaseNet/hypoinverse/72_hypoinverse_PhaseNet_20230412_183626.png
  Saved plot: record_sections/individual/QMigrate/hypoinverse/72_hypoinverse_QMigrate_20230412_183626.png
  Saved plot: record_sections/individual/STALTA/hypoinverse_corr/72_hypoinverse_corr_STALTA_20230412_183626.png
  Saved plot: record_sections/individual/PhaseNet/hypoinverse_corr/72_hypoinverse_corr_PhaseNet_20230412_183626.png
  Saved plot: record_sections/individual/QMigrate/hypoinverse_corr/72_hypoinverse_corr_QMigrate_20230412_183626.png
  Saved plot: record_sections/individual/STALTA/hypoDD_dtct/72_hypoDD_dtct_STALTA_20230412_183626.png
  Saved plot: record_sections/individual/PhaseNet/hypoDD_dtct/72_hypoDD_dtct_PhaseNet_20230412_183626.png
  Generated and saved plots in 50.26s
  Total time for this event: 199.20s

Processing reference event ID 73 at 2023-04-12T18:41:37.160000Z (11/26)
  Loaded 909 traces in 140.20s
  Couldn't find match for STALTA/Initial
  Couldn't find match for PhaseNet/Initial
  Found match for QMigrate/Initial: event at 2023-04-12T18:41:36.530000Z
  Found match for STALTA/VELEST: event at 2023-04-12T18:41:36.630000Z
  Found match for PhaseNet/VELEST: event at 2023-04-12T18:41:36.600000Z
  Found match for QMigrate/VELEST: event at 2023-04-12T18:41:36.520000Z
  Found match for STALTA/hypoinverse: event at 2023-04-12T18:41:39.550000Z
  Found match for PhaseNet/hypoinverse: event at 2023-04-12T18:41:38.410000Z
  Found match for QMigrate/hypoinverse: event at 2023-04-12T18:41:38.270000Z
  Found match for STALTA/hypoinverse_corr: event at 2023-04-12T18:41:38.010000Z
  Found match for PhaseNet/hypoinverse_corr: event at 2023-04-12T18:41:37.310000Z
  Found match for QMigrate/hypoinverse_corr: event at 2023-04-12T18:41:37.170000Z
  Couldn't find match for STALTA/hypoDD_dtct
  Found match for PhaseNet/hypoDD_dtct: event at 2023-04-12T18:41:37.360000Z
  Found matched events in 0.01s
  Saved plot: record_sections/individual/QMigrate/hypoDD_dtct/73_hypoDD_dtct_QMigrate_20230412_184137.png
  Saved plot: record_sections/individual/QMigrate/Initial/73_Initial_QMigrate_20230412_184137.png
  Saved plot: record_sections/individual/STALTA/VELEST/73_VELEST_STALTA_20230412_184137.png
  Saved plot: record_sections/individual/PhaseNet/VELEST/73_VELEST_PhaseNet_20230412_184137.png
  Saved plot: record_sections/individual/QMigrate/VELEST/73_VELEST_QMigrate_20230412_184137.png
  Saved plot: record_sections/individual/STALTA/hypoinverse/73_hypoinverse_STALTA_20230412_184137.png
  Saved plot: record_sections/individual/PhaseNet/hypoinverse/73_hypoinverse_PhaseNet_20230412_184137.png
  Saved plot: record_sections/individual/QMigrate/hypoinverse/73_hypoinverse_QMigrate_20230412_184137.png
  Saved plot: record_sections/individual/STALTA/hypoinverse_corr/73_hypoinverse_corr_STALTA_20230412_184137.png
  Saved plot: record_sections/individual/PhaseNet/hypoinverse_corr/73_hypoinverse_corr_PhaseNet_20230412_184137.png
  Saved plot: record_sections/individual/QMigrate/hypoinverse_corr/73_hypoinverse_corr_QMigrate_20230412_184137.png
  Saved plot: record_sections/individual/PhaseNet/hypoDD_dtct/73_hypoDD_dtct_PhaseNet_20230412_184137.png
  Generated and saved plots in 40.67s
  Total time for this event: 181.58s

Processing reference event ID 74 at 2023-04-12T18:45:59.100000Z (12/26)
  Loaded 909 traces in 143.77s
  Couldn't find match for STALTA/Initial
  Couldn't find match for PhaseNet/Initial
  Found match for QMigrate/Initial: event at 2023-04-12T18:45:58.535000Z
  Found match for STALTA/VELEST: event at 2023-04-12T18:46:01.700000Z
  Found match for PhaseNet/VELEST: event at 2023-04-12T18:45:58.430000Z
  Found match for QMigrate/VELEST: event at 2023-04-12T18:45:58.560000Z
  Found match for STALTA/hypoinverse: event at 2023-04-12T18:46:03.550000Z
  Found match for PhaseNet/hypoinverse: event at 2023-04-12T18:46:00.410000Z
  Found match for QMigrate/hypoinverse: event at 2023-04-12T18:46:00.350000Z
  Couldn't find match for STALTA/hypoinverse_corr
  Found match for PhaseNet/hypoinverse_corr: event at 2023-04-12T18:45:59.210000Z
  Found match for QMigrate/hypoinverse_corr: event at 2023-04-12T18:45:59.100000Z
  Couldn't find match for STALTA/hypoDD_dtct
  Found match for PhaseNet/hypoDD_dtct: event at 2023-04-12T18:45:59.240000Z
  Found matched events in 0.00s
  Saved plot: record_sections/individual/QMigrate/hypoDD_dtct/74_hypoDD_dtct_QMigrate_20230412_184559.png
  Saved plot: record_sections/individual/QMigrate/Initial/74_Initial_QMigrate_20230412_184559.png
  Saved plot: record_sections/individual/STALTA/VELEST/74_VELEST_STALTA_20230412_184559.png
  Saved plot: record_sections/individual/PhaseNet/VELEST/74_VELEST_PhaseNet_20230412_184559.png
  Saved plot: record_sections/individual/QMigrate/VELEST/74_VELEST_QMigrate_20230412_184559.png
  Saved plot: record_sections/individual/STALTA/hypoinverse/74_hypoinverse_STALTA_20230412_184559.png
  Saved plot: record_sections/individual/PhaseNet/hypoinverse/74_hypoinverse_PhaseNet_20230412_184559.png
  Saved plot: record_sections/individual/QMigrate/hypoinverse/74_hypoinverse_QMigrate_20230412_184559.png
  Saved plot: record_sections/individual/PhaseNet/hypoinverse_corr/74_hypoinverse_corr_PhaseNet_20230412_184559.png
  Saved plot: record_sections/individual/QMigrate/hypoinverse_corr/74_hypoinverse_corr_QMigrate_20230412_184559.png
  Saved plot: record_sections/individual/PhaseNet/hypoDD_dtct/74_hypoDD_dtct_PhaseNet_20230412_184559.png
  Generated and saved plots in 40.42s
  Total time for this event: 184.90s

Processing reference event ID 76 at 2023-04-12T19:24:48.540000Z (13/26)
  Loaded 909 traces in 137.05s
  Couldn't find match for STALTA/Initial
  Couldn't find match for PhaseNet/Initial
  Found match for QMigrate/Initial: event at 2023-04-12T19:24:47.890000Z
  Couldn't find match for STALTA/VELEST
  Couldn't find match for PhaseNet/VELEST
  Found match for QMigrate/VELEST: event at 2023-04-12T19:24:48.310000Z
  Couldn't find match for STALTA/hypoinverse
  Couldn't find match for PhaseNet/hypoinverse
  Couldn't find match for QMigrate/hypoinverse
  Couldn't find match for STALTA/hypoinverse_corr
  Found match for PhaseNet/hypoinverse_corr: event at 2023-04-12T19:24:48.880000Z
  Found match for QMigrate/hypoinverse_corr: event at 2023-04-12T19:24:48.240000Z
  Couldn't find match for STALTA/hypoDD_dtct
  Found match for PhaseNet/hypoDD_dtct: event at 2023-04-12T19:24:48.560000Z
  Found matched events in 0.00s
  Saved plot: record_sections/individual/QMigrate/hypoDD_dtct/76_hypoDD_dtct_QMigrate_20230412_192448.png
  Saved plot: record_sections/individual/QMigrate/Initial/76_Initial_QMigrate_20230412_192448.png
  Saved plot: record_sections/individual/QMigrate/VELEST/76_VELEST_QMigrate_20230412_192448.png
  Saved plot: record_sections/individual/PhaseNet/hypoinverse_corr/76_hypoinverse_corr_PhaseNet_20230412_192448.png
  Saved plot: record_sections/individual/QMigrate/hypoinverse_corr/76_hypoinverse_corr_QMigrate_20230412_192448.png
  Saved plot: record_sections/individual/PhaseNet/hypoDD_dtct/76_hypoDD_dtct_PhaseNet_20230412_192448.png
  Generated and saved plots in 23.65s
  Total time for this event: 161.40s

Processing reference event ID 77 at 2023-04-12T20:02:26.200000Z (14/26)
  Loaded 909 traces in 139.90s
  Couldn't find match for STALTA/Initial
  Couldn't find match for PhaseNet/Initial
  Found match for QMigrate/Initial: event at 2023-04-12T20:02:25.585000Z
  Found match for STALTA/VELEST: event at 2023-04-12T20:02:29.730000Z
  Found match for PhaseNet/VELEST: event at 2023-04-12T20:02:25.040000Z
  Found match for QMigrate/VELEST: event at 2023-04-12T20:02:25.280000Z
  Found match for STALTA/hypoinverse: event at 2023-04-12T20:02:30.590000Z
  Found match for PhaseNet/hypoinverse: event at 2023-04-12T20:02:27.380000Z
  Found match for QMigrate/hypoinverse: event at 2023-04-12T20:02:27.570000Z
  Couldn't find match for STALTA/hypoinverse_corr
  Found match for PhaseNet/hypoinverse_corr: event at 2023-04-12T20:02:26.310000Z
  Found match for QMigrate/hypoinverse_corr: event at 2023-04-12T20:02:26.250000Z
  Couldn't find match for STALTA/hypoDD_dtct
  Found match for PhaseNet/hypoDD_dtct: event at 2023-04-12T20:02:26.320000Z
  Found matched events in 0.00s
  Saved plot: record_sections/individual/QMigrate/hypoDD_dtct/77_hypoDD_dtct_QMigrate_20230412_200226.png
  Saved plot: record_sections/individual/QMigrate/Initial/77_Initial_QMigrate_20230412_200226.png
  Saved plot: record_sections/individual/STALTA/VELEST/77_VELEST_STALTA_20230412_200226.png
  Saved plot: record_sections/individual/PhaseNet/VELEST/77_VELEST_PhaseNet_20230412_200226.png
  Saved plot: record_sections/individual/QMigrate/VELEST/77_VELEST_QMigrate_20230412_200226.png
  Saved plot: record_sections/individual/STALTA/hypoinverse/77_hypoinverse_STALTA_20230412_200226.png
  Saved plot: record_sections/individual/PhaseNet/hypoinverse/77_hypoinverse_PhaseNet_20230412_200226.png
  Saved plot: record_sections/individual/QMigrate/hypoinverse/77_hypoinverse_QMigrate_20230412_200226.png
  Saved plot: record_sections/individual/PhaseNet/hypoinverse_corr/77_hypoinverse_corr_PhaseNet_20230412_200226.png
  Saved plot: record_sections/individual/QMigrate/hypoinverse_corr/77_hypoinverse_corr_QMigrate_20230412_200226.png
  Saved plot: record_sections/individual/PhaseNet/hypoDD_dtct/77_hypoDD_dtct_PhaseNet_20230412_200226.png
  Generated and saved plots in 40.45s
  Total time for this event: 181.03s

Processing reference event ID 78 at 2023-04-12T20:17:30.600000Z (15/26)
  Loaded 909 traces in 140.89s
  Couldn't find match for STALTA/Initial
  Couldn't find match for PhaseNet/Initial
  Found match for QMigrate/Initial: event at 2023-04-12T20:17:30.085000Z
  Found match for STALTA/VELEST: event at 2023-04-12T20:17:30.010000Z
  Found match for PhaseNet/VELEST: event at 2023-04-12T20:17:30.030000Z
  Found match for QMigrate/VELEST: event at 2023-04-12T20:17:30.210000Z
  Found match for STALTA/hypoinverse: event at 2023-04-12T20:17:31.990000Z
  Found match for PhaseNet/hypoinverse: event at 2023-04-12T20:17:31.810000Z
  Found match for QMigrate/hypoinverse: event at 2023-04-12T20:17:31.850000Z
  Found match for STALTA/hypoinverse_corr: event at 2023-04-12T20:17:30.950000Z
  Found match for PhaseNet/hypoinverse_corr: event at 2023-04-12T20:17:30.780000Z
  Found match for QMigrate/hypoinverse_corr: event at 2023-04-12T20:17:30.740000Z
  Found match for STALTA/hypoDD_dtct: event at 2023-04-12T20:17:30.840000Z
  Found match for PhaseNet/hypoDD_dtct: event at 2023-04-12T20:17:30.720000Z
  Found matched events in 0.00s
  Saved plot: record_sections/individual/QMigrate/hypoDD_dtct/78_hypoDD_dtct_QMigrate_20230412_201730.png
  Saved plot: record_sections/individual/QMigrate/Initial/78_Initial_QMigrate_20230412_201730.png
  Saved plot: record_sections/individual/STALTA/VELEST/78_VELEST_STALTA_20230412_201730.png
  Saved plot: record_sections/individual/PhaseNet/VELEST/78_VELEST_PhaseNet_20230412_201730.png
  Saved plot: record_sections/individual/QMigrate/VELEST/78_VELEST_QMigrate_20230412_201730.png
  Saved plot: record_sections/individual/STALTA/hypoinverse/78_hypoinverse_STALTA_20230412_201730.png
  Saved plot: record_sections/individual/PhaseNet/hypoinverse/78_hypoinverse_PhaseNet_20230412_201730.png
  Saved plot: record_sections/individual/QMigrate/hypoinverse/78_hypoinverse_QMigrate_20230412_201730.png
  Saved plot: record_sections/individual/STALTA/hypoinverse_corr/78_hypoinverse_corr_STALTA_20230412_201730.png
  Saved plot: record_sections/individual/PhaseNet/hypoinverse_corr/78_hypoinverse_corr_PhaseNet_20230412_201730.png
  Saved plot: record_sections/individual/QMigrate/hypoinverse_corr/78_hypoinverse_corr_QMigrate_20230412_201730.png
  Saved plot: record_sections/individual/STALTA/hypoDD_dtct/78_hypoDD_dtct_STALTA_20230412_201730.png
  Saved plot: record_sections/individual/PhaseNet/hypoDD_dtct/78_hypoDD_dtct_PhaseNet_20230412_201730.png
  Generated and saved plots in 49.10s
  Total time for this event: 190.69s

Processing reference event ID 79 at 2023-04-12T20:22:13.360000Z (16/26)
  Loaded 909 traces in 140.33s
  Couldn't find match for STALTA/Initial
  Couldn't find match for PhaseNet/Initial
  Found match for QMigrate/Initial: event at 2023-04-12T20:22:12.695000Z
  Found match for STALTA/VELEST: event at 2023-04-12T20:22:12.240000Z
  Found match for PhaseNet/VELEST: event at 2023-04-12T20:22:11.480000Z
  Found match for QMigrate/VELEST: event at 2023-04-12T20:22:11.660000Z
  Found match for STALTA/hypoinverse: event at 2023-04-12T20:22:14.290000Z
  Found match for PhaseNet/hypoinverse: event at 2023-04-12T20:22:15.110000Z
  Found match for QMigrate/hypoinverse: event at 2023-04-12T20:22:14.400000Z
  Found match for STALTA/hypoinverse_corr: event at 2023-04-12T20:22:13.500000Z
  Found match for PhaseNet/hypoinverse_corr: event at 2023-04-12T20:22:13.630000Z
  Found match for QMigrate/hypoinverse_corr: event at 2023-04-12T20:22:13.460000Z
  Found match for STALTA/hypoDD_dtct: event at 2023-04-12T20:22:13.480000Z
  Found match for PhaseNet/hypoDD_dtct: event at 2023-04-12T20:22:13.560000Z
  Found matched events in 0.00s
  Saved plot: record_sections/individual/QMigrate/hypoDD_dtct/79_hypoDD_dtct_QMigrate_20230412_202213.png
  Saved plot: record_sections/individual/QMigrate/Initial/79_Initial_QMigrate_20230412_202213.png
  Saved plot: record_sections/individual/STALTA/VELEST/79_VELEST_STALTA_20230412_202213.png
  Saved plot: record_sections/individual/PhaseNet/VELEST/79_VELEST_PhaseNet_20230412_202213.png
  Saved plot: record_sections/individual/QMigrate/VELEST/79_VELEST_QMigrate_20230412_202213.png
  Saved plot: record_sections/individual/STALTA/hypoinverse/79_hypoinverse_STALTA_20230412_202213.png
  Saved plot: record_sections/individual/PhaseNet/hypoinverse/79_hypoinverse_PhaseNet_20230412_202213.png
  Saved plot: record_sections/individual/QMigrate/hypoinverse/79_hypoinverse_QMigrate_20230412_202213.png
  Saved plot: record_sections/individual/STALTA/hypoinverse_corr/79_hypoinverse_corr_STALTA_20230412_202213.png
  Saved plot: record_sections/individual/PhaseNet/hypoinverse_corr/79_hypoinverse_corr_PhaseNet_20230412_202213.png
  Saved plot: record_sections/individual/QMigrate/hypoinverse_corr/79_hypoinverse_corr_QMigrate_20230412_202213.png
  Saved plot: record_sections/individual/STALTA/hypoDD_dtct/79_hypoDD_dtct_STALTA_20230412_202213.png
  Saved plot: record_sections/individual/PhaseNet/hypoDD_dtct/79_hypoDD_dtct_PhaseNet_20230412_202213.png
  Generated and saved plots in 47.81s
  Total time for this event: 188.84s

Processing reference event ID 80 at 2023-04-12T21:16:24.880000Z (17/26)
  Loaded 909 traces in 140.55s
  Found match for STALTA/Initial: event at 2023-04-12T21:16:25.332000Z
  Found match for PhaseNet/Initial: event at 2023-04-12T21:16:25.332000Z
  Found match for QMigrate/Initial: event at 2023-04-12T21:16:24.235000Z
  Found match for STALTA/VELEST: event at 2023-04-12T21:16:27.760000Z
  Found match for PhaseNet/VELEST: event at 2023-04-12T21:16:23.850000Z
  Found match for QMigrate/VELEST: event at 2023-04-12T21:16:24.390000Z
  Found match for STALTA/hypoinverse: event at 2023-04-12T21:16:29.840000Z
  Found match for PhaseNet/hypoinverse: event at 2023-04-12T21:16:26.400000Z
  Found match for QMigrate/hypoinverse: event at 2023-04-12T21:16:26.590000Z
  Couldn't find match for STALTA/hypoinverse_corr
  Found match for PhaseNet/hypoinverse_corr: event at 2023-04-12T21:16:25.000000Z
  Found match for QMigrate/hypoinverse_corr: event at 2023-04-12T21:16:24.920000Z
  Couldn't find match for STALTA/hypoDD_dtct
  Found match for PhaseNet/hypoDD_dtct: event at 2023-04-12T21:16:25.060000Z
  Found matched events in 0.00s
  Saved plot: record_sections/individual/QMigrate/hypoDD_dtct/80_hypoDD_dtct_QMigrate_20230412_211624.png
  Saved plot: record_sections/individual/STALTA/Initial/80_Initial_STALTA_20230412_211624.png
  Saved plot: record_sections/individual/PhaseNet/Initial/80_Initial_PhaseNet_20230412_211624.png
  Saved plot: record_sections/individual/QMigrate/Initial/80_Initial_QMigrate_20230412_211624.png
  Saved plot: record_sections/individual/STALTA/VELEST/80_VELEST_STALTA_20230412_211624.png
  Saved plot: record_sections/individual/PhaseNet/VELEST/80_VELEST_PhaseNet_20230412_211624.png
  Saved plot: record_sections/individual/QMigrate/VELEST/80_VELEST_QMigrate_20230412_211624.png
  Saved plot: record_sections/individual/STALTA/hypoinverse/80_hypoinverse_STALTA_20230412_211624.png
  Saved plot: record_sections/individual/PhaseNet/hypoinverse/80_hypoinverse_PhaseNet_20230412_211624.png
  Saved plot: record_sections/individual/QMigrate/hypoinverse/80_hypoinverse_QMigrate_20230412_211624.png
  Saved plot: record_sections/individual/PhaseNet/hypoinverse_corr/80_hypoinverse_corr_PhaseNet_20230412_211624.png
  Saved plot: record_sections/individual/QMigrate/hypoinverse_corr/80_hypoinverse_corr_QMigrate_20230412_211624.png
  Saved plot: record_sections/individual/PhaseNet/hypoDD_dtct/80_hypoDD_dtct_PhaseNet_20230412_211624.png
  Generated and saved plots in 45.43s
  Total time for this event: 186.68s

Processing reference event ID 81 at 2023-04-12T21:22:09.000000Z (18/26)
  Loaded 909 traces in 146.76s
  Couldn't find match for STALTA/Initial
  Couldn't find match for PhaseNet/Initial
  Found match for QMigrate/Initial: event at 2023-04-12T21:22:08.265000Z
  Couldn't find match for STALTA/VELEST
  Found match for PhaseNet/VELEST: event at 2023-04-12T21:22:07.460000Z
  Found match for QMigrate/VELEST: event at 2023-04-12T21:22:08.750000Z
  Couldn't find match for STALTA/hypoinverse
  Found match for PhaseNet/hypoinverse: event at 2023-04-12T21:22:10.330000Z
  Found match for QMigrate/hypoinverse: event at 2023-04-12T21:22:10.690000Z
  Couldn't find match for STALTA/hypoinverse_corr
  Found match for PhaseNet/hypoinverse_corr: event at 2023-04-12T21:22:09.150000Z
  Found match for QMigrate/hypoinverse_corr: event at 2023-04-12T21:22:08.960000Z
  Couldn't find match for STALTA/hypoDD_dtct
  Found match for PhaseNet/hypoDD_dtct: event at 2023-04-12T21:22:09.140000Z
  Found matched events in 0.00s
  Saved plot: record_sections/individual/QMigrate/hypoDD_dtct/81_hypoDD_dtct_QMigrate_20230412_212209.png
  Saved plot: record_sections/individual/QMigrate/Initial/81_Initial_QMigrate_20230412_212209.png
  Saved plot: record_sections/individual/PhaseNet/VELEST/81_VELEST_PhaseNet_20230412_212209.png
  Saved plot: record_sections/individual/QMigrate/VELEST/81_VELEST_QMigrate_20230412_212209.png
  Saved plot: record_sections/individual/PhaseNet/hypoinverse/81_hypoinverse_PhaseNet_20230412_212209.png
  Saved plot: record_sections/individual/QMigrate/hypoinverse/81_hypoinverse_QMigrate_20230412_212209.png
  Saved plot: record_sections/individual/PhaseNet/hypoinverse_corr/81_hypoinverse_corr_PhaseNet_20230412_212209.png
  Saved plot: record_sections/individual/QMigrate/hypoinverse_corr/81_hypoinverse_corr_QMigrate_20230412_212209.png
  Saved plot: record_sections/individual/PhaseNet/hypoDD_dtct/81_hypoDD_dtct_PhaseNet_20230412_212209.png
  Generated and saved plots in 34.31s
  Total time for this event: 181.77s

Processing reference event ID 82 at 2023-04-12T21:41:29.040000Z (19/26)
  Loaded 909 traces in 139.98s
  Couldn't find match for STALTA/Initial
  Couldn't find match for PhaseNet/Initial
  Found match for QMigrate/Initial: event at 2023-04-12T21:41:28.440000Z
  Found match for STALTA/VELEST: event at 2023-04-12T21:41:27.920000Z
  Found match for PhaseNet/VELEST: event at 2023-04-12T21:41:27.910000Z
  Found match for QMigrate/VELEST: event at 2023-04-12T21:41:27.750000Z
  Found match for STALTA/hypoinverse: event at 2023-04-12T21:41:30.530000Z
  Found match for PhaseNet/hypoinverse: event at 2023-04-12T21:41:29.640000Z
  Found match for QMigrate/hypoinverse: event at 2023-04-12T21:41:29.560000Z
  Found match for STALTA/hypoinverse_corr: event at 2023-04-12T21:41:29.260000Z
  Found match for PhaseNet/hypoinverse_corr: event at 2023-04-12T21:41:29.210000Z
  Found match for QMigrate/hypoinverse_corr: event at 2023-04-12T21:41:29.130000Z
  Found match for STALTA/hypoDD_dtct: event at 2023-04-12T21:41:29.240000Z
  Found match for PhaseNet/hypoDD_dtct: event at 2023-04-12T21:41:29.200000Z
  Found matched events in 0.00s
  Saved plot: record_sections/individual/QMigrate/hypoDD_dtct/82_hypoDD_dtct_QMigrate_20230412_214129.png
  Saved plot: record_sections/individual/QMigrate/Initial/82_Initial_QMigrate_20230412_214129.png
  Saved plot: record_sections/individual/STALTA/VELEST/82_VELEST_STALTA_20230412_214129.png
  Saved plot: record_sections/individual/PhaseNet/VELEST/82_VELEST_PhaseNet_20230412_214129.png
  Saved plot: record_sections/individual/QMigrate/VELEST/82_VELEST_QMigrate_20230412_214129.png
  Saved plot: record_sections/individual/STALTA/hypoinverse/82_hypoinverse_STALTA_20230412_214129.png
  Saved plot: record_sections/individual/PhaseNet/hypoinverse/82_hypoinverse_PhaseNet_20230412_214129.png
  Saved plot: record_sections/individual/QMigrate/hypoinverse/82_hypoinverse_QMigrate_20230412_214129.png
  Saved plot: record_sections/individual/STALTA/hypoinverse_corr/82_hypoinverse_corr_STALTA_20230412_214129.png
  Saved plot: record_sections/individual/PhaseNet/hypoinverse_corr/82_hypoinverse_corr_PhaseNet_20230412_214129.png
  Saved plot: record_sections/individual/QMigrate/hypoinverse_corr/82_hypoinverse_corr_QMigrate_20230412_214129.png
  Saved plot: record_sections/individual/STALTA/hypoDD_dtct/82_hypoDD_dtct_STALTA_20230412_214129.png
  Saved plot: record_sections/individual/PhaseNet/hypoDD_dtct/82_hypoDD_dtct_PhaseNet_20230412_214129.png
  Generated and saved plots in 45.07s
  Total time for this event: 185.75s

Processing reference event ID 83 at 2023-04-12T21:46:33.760000Z (20/26)
  Loaded 909 traces in 142.12s
  Couldn't find match for STALTA/Initial
  Couldn't find match for PhaseNet/Initial
  Found match for QMigrate/Initial: event at 2023-04-12T21:46:33.045000Z
  Found match for STALTA/VELEST: event at 2023-04-12T21:46:32.850000Z
  Found match for PhaseNet/VELEST: event at 2023-04-12T21:46:32.410000Z
  Found match for QMigrate/VELEST: event at 2023-04-12T21:46:32.900000Z
  Found match for STALTA/hypoinverse: event at 2023-04-12T21:46:35.510000Z
  Found match for PhaseNet/hypoinverse: event at 2023-04-12T21:46:34.100000Z
  Found match for QMigrate/hypoinverse: event at 2023-04-12T21:46:33.880000Z
  Found match for STALTA/hypoinverse_corr: event at 2023-04-12T21:46:33.940000Z
  Found match for PhaseNet/hypoinverse_corr: event at 2023-04-12T21:46:33.920000Z
  Found match for QMigrate/hypoinverse_corr: event at 2023-04-12T21:46:33.740000Z
  Found match for STALTA/hypoDD_dtct: event at 2023-04-12T21:46:33.920000Z
  Found match for PhaseNet/hypoDD_dtct: event at 2023-04-12T21:46:33.920000Z
  Found matched events in 0.00s
  Saved plot: record_sections/individual/QMigrate/hypoDD_dtct/83_hypoDD_dtct_QMigrate_20230412_214633.png
  Saved plot: record_sections/individual/QMigrate/Initial/83_Initial_QMigrate_20230412_214633.png
  Saved plot: record_sections/individual/STALTA/VELEST/83_VELEST_STALTA_20230412_214633.png
  Saved plot: record_sections/individual/PhaseNet/VELEST/83_VELEST_PhaseNet_20230412_214633.png
  Saved plot: record_sections/individual/QMigrate/VELEST/83_VELEST_QMigrate_20230412_214633.png
  Saved plot: record_sections/individual/STALTA/hypoinverse/83_hypoinverse_STALTA_20230412_214633.png
  Saved plot: record_sections/individual/PhaseNet/hypoinverse/83_hypoinverse_PhaseNet_20230412_214633.png
  Saved plot: record_sections/individual/QMigrate/hypoinverse/83_hypoinverse_QMigrate_20230412_214633.png
  Saved plot: record_sections/individual/STALTA/hypoinverse_corr/83_hypoinverse_corr_STALTA_20230412_214633.png
  Saved plot: record_sections/individual/PhaseNet/hypoinverse_corr/83_hypoinverse_corr_PhaseNet_20230412_214633.png
  Saved plot: record_sections/individual/QMigrate/hypoinverse_corr/83_hypoinverse_corr_QMigrate_20230412_214633.png
  Saved plot: record_sections/individual/STALTA/hypoDD_dtct/83_hypoDD_dtct_STALTA_20230412_214633.png
  Saved plot: record_sections/individual/PhaseNet/hypoDD_dtct/83_hypoDD_dtct_PhaseNet_20230412_214633.png
  Generated and saved plots in 49.41s
  Total time for this event: 192.23s

Processing reference event ID 84 at 2023-04-12T21:49:55.680000Z (21/26)
  Loaded 909 traces in 142.79s
  Couldn't find match for STALTA/Initial
  Couldn't find match for PhaseNet/Initial
  Found match for QMigrate/Initial: event at 2023-04-12T21:49:54.980000Z
  Couldn't find match for STALTA/VELEST
  Found match for PhaseNet/VELEST: event at 2023-04-12T21:49:53.570000Z
  Found match for QMigrate/VELEST: event at 2023-04-12T21:49:54.640000Z
  Couldn't find match for STALTA/hypoinverse
  Couldn't find match for PhaseNet/hypoinverse
  Found match for QMigrate/hypoinverse: event at 2023-04-12T21:49:56.950000Z
  Couldn't find match for STALTA/hypoinverse_corr
  Found match for PhaseNet/hypoinverse_corr: event at 2023-04-12T21:49:55.740000Z
  Found match for QMigrate/hypoinverse_corr: event at 2023-04-12T21:49:55.630000Z
  Couldn't find match for STALTA/hypoDD_dtct
  Found match for PhaseNet/hypoDD_dtct: event at 2023-04-12T21:49:55.720000Z
  Found matched events in 0.00s
  Saved plot: record_sections/individual/QMigrate/hypoDD_dtct/84_hypoDD_dtct_QMigrate_20230412_214955.png
  Saved plot: record_sections/individual/QMigrate/Initial/84_Initial_QMigrate_20230412_214955.png
  Saved plot: record_sections/individual/PhaseNet/VELEST/84_VELEST_PhaseNet_20230412_214955.png
  Saved plot: record_sections/individual/QMigrate/VELEST/84_VELEST_QMigrate_20230412_214955.png
  Saved plot: record_sections/individual/QMigrate/hypoinverse/84_hypoinverse_QMigrate_20230412_214955.png
  Saved plot: record_sections/individual/PhaseNet/hypoinverse_corr/84_hypoinverse_corr_PhaseNet_20230412_214955.png
  Saved plot: record_sections/individual/QMigrate/hypoinverse_corr/84_hypoinverse_corr_QMigrate_20230412_214955.png
  Saved plot: record_sections/individual/PhaseNet/hypoDD_dtct/84_hypoDD_dtct_PhaseNet_20230412_214955.png
  Generated and saved plots in 31.21s
  Total time for this event: 174.70s

Processing reference event ID 85 at 2023-04-12T22:02:14.200000Z (22/26)
  Loaded 909 traces in 157.94s
  Couldn't find match for STALTA/Initial
  Couldn't find match for PhaseNet/Initial
  Found match for QMigrate/Initial: event at 2023-04-12T22:02:13.370000Z
  Found match for STALTA/VELEST: event at 2023-04-12T22:02:18.470000Z
  Found match for PhaseNet/VELEST: event at 2023-04-12T22:02:12.260000Z
  Found match for QMigrate/VELEST: event at 2023-04-12T22:02:12.400000Z
  Found match for STALTA/hypoinverse: event at 2023-04-12T22:02:19.370000Z
  Found match for PhaseNet/hypoinverse: event at 2023-04-12T22:02:14.820000Z
  Found match for QMigrate/hypoinverse: event at 2023-04-12T22:02:14.750000Z
  Couldn't find match for STALTA/hypoinverse_corr
  Found match for PhaseNet/hypoinverse_corr: event at 2023-04-12T22:02:14.320000Z
  Found match for QMigrate/hypoinverse_corr: event at 2023-04-12T22:02:14.200000Z
  Couldn't find match for STALTA/hypoDD_dtct
  Found match for PhaseNet/hypoDD_dtct: event at 2023-04-12T22:02:14.360000Z
  Found matched events in 0.00s
  Saved plot: record_sections/individual/QMigrate/hypoDD_dtct/85_hypoDD_dtct_QMigrate_20230412_220214.png
  Saved plot: record_sections/individual/QMigrate/Initial/85_Initial_QMigrate_20230412_220214.png
  Saved plot: record_sections/individual/STALTA/VELEST/85_VELEST_STALTA_20230412_220214.png
  Saved plot: record_sections/individual/PhaseNet/VELEST/85_VELEST_PhaseNet_20230412_220214.png
  Saved plot: record_sections/individual/QMigrate/VELEST/85_VELEST_QMigrate_20230412_220214.png
  Saved plot: record_sections/individual/STALTA/hypoinverse/85_hypoinverse_STALTA_20230412_220214.png
  Saved plot: record_sections/individual/PhaseNet/hypoinverse/85_hypoinverse_PhaseNet_20230412_220214.png
  Saved plot: record_sections/individual/QMigrate/hypoinverse/85_hypoinverse_QMigrate_20230412_220214.png
  Saved plot: record_sections/individual/PhaseNet/hypoinverse_corr/85_hypoinverse_corr_PhaseNet_20230412_220214.png
  Saved plot: record_sections/individual/QMigrate/hypoinverse_corr/85_hypoinverse_corr_QMigrate_20230412_220214.png
  Saved plot: record_sections/individual/PhaseNet/hypoDD_dtct/85_hypoDD_dtct_PhaseNet_20230412_220214.png
  Generated and saved plots in 39.36s
  Total time for this event: 197.99s

Processing reference event ID 86 at 2023-04-12T22:33:39.320000Z (23/26)
  Loaded 909 traces in 154.93s
  Couldn't find match for STALTA/Initial
  Couldn't find match for PhaseNet/Initial
  Found match for QMigrate/Initial: event at 2023-04-12T22:33:38.605000Z
  Couldn't find match for STALTA/VELEST
  Found match for PhaseNet/VELEST: event at 2023-04-12T22:33:37.570000Z
  Found match for QMigrate/VELEST: event at 2023-04-12T22:33:37.630000Z
  Couldn't find match for STALTA/hypoinverse
  Found match for PhaseNet/hypoinverse: event at 2023-04-12T22:33:40.690000Z
  Found match for QMigrate/hypoinverse: event at 2023-04-12T22:33:39.730000Z
  Couldn't find match for STALTA/hypoinverse_corr
  Found match for PhaseNet/hypoinverse_corr: event at 2023-04-12T22:33:39.490000Z
  Found match for QMigrate/hypoinverse_corr: event at 2023-04-12T22:33:39.280000Z
  Couldn't find match for STALTA/hypoDD_dtct
  Found match for PhaseNet/hypoDD_dtct: event at 2023-04-12T22:33:39.480000Z
  Found matched events in 0.00s
  Saved plot: record_sections/individual/QMigrate/hypoDD_dtct/86_hypoDD_dtct_QMigrate_20230412_223339.png
  Saved plot: record_sections/individual/QMigrate/Initial/86_Initial_QMigrate_20230412_223339.png
  Saved plot: record_sections/individual/PhaseNet/VELEST/86_VELEST_PhaseNet_20230412_223339.png
  Saved plot: record_sections/individual/QMigrate/VELEST/86_VELEST_QMigrate_20230412_223339.png
  Saved plot: record_sections/individual/PhaseNet/hypoinverse/86_hypoinverse_PhaseNet_20230412_223339.png
  Saved plot: record_sections/individual/QMigrate/hypoinverse/86_hypoinverse_QMigrate_20230412_223339.png
  Saved plot: record_sections/individual/PhaseNet/hypoinverse_corr/86_hypoinverse_corr_PhaseNet_20230412_223339.png
  Saved plot: record_sections/individual/QMigrate/hypoinverse_corr/86_hypoinverse_corr_QMigrate_20230412_223339.png
  Saved plot: record_sections/individual/PhaseNet/hypoDD_dtct/86_hypoDD_dtct_PhaseNet_20230412_223339.png
  Generated and saved plots in 32.50s
  Total time for this event: 188.13s

Processing reference event ID 87 at 2023-04-12T23:02:10.760000Z (24/26)
  Loaded 909 traces in 158.33s
  Found match for STALTA/Initial: event at 2023-04-12T23:04:10.539000Z
  Found match for PhaseNet/Initial: event at 2023-04-12T23:04:10.539000Z
  Found match for QMigrate/Initial: event at 2023-04-12T23:02:09.995000Z
  Found match for STALTA/VELEST: event at 2023-04-12T23:04:09.500000Z
  Found match for PhaseNet/VELEST: event at 2023-04-12T23:02:09.730000Z
  Found match for QMigrate/VELEST: event at 2023-04-12T23:02:10.360000Z
  Couldn't find match for STALTA/hypoinverse
  Found match for PhaseNet/hypoinverse: event at 2023-04-12T23:02:12.090000Z
  Found match for QMigrate/hypoinverse: event at 2023-04-12T23:02:12.090000Z
  Found match for STALTA/hypoinverse_corr: event at 2023-04-12T23:04:10.310000Z
  Found match for PhaseNet/hypoinverse_corr: event at 2023-04-12T23:02:10.950000Z
  Found match for QMigrate/hypoinverse_corr: event at 2023-04-12T23:02:10.730000Z
  Found match for STALTA/hypoDD_dtct: event at 2023-04-12T23:04:10.380000Z
  Found match for PhaseNet/hypoDD_dtct: event at 2023-04-12T23:02:10.920000Z
  Found matched events in 0.00s
  Saved plot: record_sections/individual/QMigrate/hypoDD_dtct/87_hypoDD_dtct_QMigrate_20230412_230210.png
  --> Could not plot record section for STALTA/Initial: No suitable waveform data found.
  --> Could not plot record section for PhaseNet/Initial: No suitable waveform data found.
  Saved plot: record_sections/individual/QMigrate/Initial/87_Initial_QMigrate_20230412_230210.png
  --> Could not plot record section for STALTA/VELEST: No suitable waveform data found.
  Saved plot: record_sections/individual/PhaseNet/VELEST/87_VELEST_PhaseNet_20230412_230210.png
  Saved plot: record_sections/individual/QMigrate/VELEST/87_VELEST_QMigrate_20230412_230210.png
  Saved plot: record_sections/individual/PhaseNet/hypoinverse/87_hypoinverse_PhaseNet_20230412_230210.png
  Saved plot: record_sections/individual/QMigrate/hypoinverse/87_hypoinverse_QMigrate_20230412_230210.png
  --> Could not plot record section for STALTA/hypoinverse_corr: No suitable waveform data found.
  Saved plot: record_sections/individual/PhaseNet/hypoinverse_corr/87_hypoinverse_corr_PhaseNet_20230412_230210.png
  Saved plot: record_sections/individual/QMigrate/hypoinverse_corr/87_hypoinverse_corr_QMigrate_20230412_230210.png
  --> Could not plot record section for STALTA/hypoDD_dtct: No suitable waveform data found.
  Saved plot: record_sections/individual/PhaseNet/hypoDD_dtct/87_hypoDD_dtct_PhaseNet_20230412_230210.png
  Generated and saved plots in 39.24s
  Total time for this event: 198.27s

Processing reference event ID 88 at 2023-04-12T23:04:10.240000Z (25/26)
  Loaded 909 traces in 160.14s
  Found match for STALTA/Initial: event at 2023-04-12T23:04:10.539000Z
  Found match for PhaseNet/Initial: event at 2023-04-12T23:04:10.539000Z
  Found match for QMigrate/Initial: event at 2023-04-12T23:04:09.625000Z
  Found match for STALTA/VELEST: event at 2023-04-12T23:04:09.500000Z
  Found match for PhaseNet/VELEST: event at 2023-04-12T23:04:09.390000Z
  Found match for QMigrate/VELEST: event at 2023-04-12T23:04:09.500000Z
  Found match for STALTA/hypoinverse: event at 2023-04-12T23:04:11.500000Z
  Found match for PhaseNet/hypoinverse: event at 2023-04-12T23:04:11.640000Z
  Found match for QMigrate/hypoinverse: event at 2023-04-12T23:04:11.550000Z
  Found match for STALTA/hypoinverse_corr: event at 2023-04-12T23:04:10.310000Z
  Found match for PhaseNet/hypoinverse_corr: event at 2023-04-12T23:04:10.420000Z
  Found match for QMigrate/hypoinverse_corr: event at 2023-04-12T23:04:10.240000Z
  Found match for STALTA/hypoDD_dtct: event at 2023-04-12T23:04:10.380000Z
  Found match for PhaseNet/hypoDD_dtct: event at 2023-04-12T23:04:10.360000Z
  Found matched events in 0.00s
  Saved plot: record_sections/individual/QMigrate/hypoDD_dtct/88_hypoDD_dtct_QMigrate_20230412_230410.png
  Saved plot: record_sections/individual/STALTA/Initial/88_Initial_STALTA_20230412_230410.png
  Saved plot: record_sections/individual/PhaseNet/Initial/88_Initial_PhaseNet_20230412_230410.png
  Saved plot: record_sections/individual/QMigrate/Initial/88_Initial_QMigrate_20230412_230410.png
  Saved plot: record_sections/individual/STALTA/VELEST/88_VELEST_STALTA_20230412_230410.png
  Saved plot: record_sections/individual/PhaseNet/VELEST/88_VELEST_PhaseNet_20230412_230410.png
  Saved plot: record_sections/individual/QMigrate/VELEST/88_VELEST_QMigrate_20230412_230410.png
  Saved plot: record_sections/individual/STALTA/hypoinverse/88_hypoinverse_STALTA_20230412_230410.png
  Saved plot: record_sections/individual/PhaseNet/hypoinverse/88_hypoinverse_PhaseNet_20230412_230410.png
  Saved plot: record_sections/individual/QMigrate/hypoinverse/88_hypoinverse_QMigrate_20230412_230410.png
  Saved plot: record_sections/individual/STALTA/hypoinverse_corr/88_hypoinverse_corr_STALTA_20230412_230410.png
  Saved plot: record_sections/individual/PhaseNet/hypoinverse_corr/88_hypoinverse_corr_PhaseNet_20230412_230410.png
  Saved plot: record_sections/individual/QMigrate/hypoinverse_corr/88_hypoinverse_corr_QMigrate_20230412_230410.png
  Saved plot: record_sections/individual/STALTA/hypoDD_dtct/88_hypoDD_dtct_STALTA_20230412_230410.png
  Saved plot: record_sections/individual/PhaseNet/hypoDD_dtct/88_hypoDD_dtct_PhaseNet_20230412_230410.png
  Generated and saved plots in 56.23s
  Total time for this event: 217.07s

Processing reference event ID 89 at 2023-04-12T23:06:22.720000Z (26/26)
  Loaded 909 traces in 162.14s
  Couldn't find match for STALTA/Initial
  Couldn't find match for PhaseNet/Initial
  Found match for QMigrate/Initial: event at 2023-04-12T23:06:21.985000Z
  Found match for STALTA/VELEST: event at 2023-04-12T23:06:20.400000Z
  Found match for PhaseNet/VELEST: event at 2023-04-12T23:06:21.570000Z
  Found match for QMigrate/VELEST: event at 2023-04-12T23:06:21.490000Z
  Couldn't find match for STALTA/hypoinverse
  Found match for PhaseNet/hypoinverse: event at 2023-04-12T23:06:23.370000Z
  Found match for QMigrate/hypoinverse: event at 2023-04-12T23:06:24.390000Z
  Found match for STALTA/hypoinverse_corr: event at 2023-04-12T23:06:23.770000Z
  Found match for PhaseNet/hypoinverse_corr: event at 2023-04-12T23:06:22.840000Z
  Found match for QMigrate/hypoinverse_corr: event at 2023-04-12T23:06:22.710000Z
  Couldn't find match for STALTA/hypoDD_dtct
  Found match for PhaseNet/hypoDD_dtct: event at 2023-04-12T23:06:22.900000Z
  Found matched events in 0.00s
  Saved plot: record_sections/individual/QMigrate/hypoDD_dtct/89_hypoDD_dtct_QMigrate_20230412_230622.png
  Saved plot: record_sections/individual/QMigrate/Initial/89_Initial_QMigrate_20230412_230622.png
  Saved plot: record_sections/individual/STALTA/VELEST/89_VELEST_STALTA_20230412_230622.png
  Saved plot: record_sections/individual/PhaseNet/VELEST/89_VELEST_PhaseNet_20230412_230622.png
  Saved plot: record_sections/individual/QMigrate/VELEST/89_VELEST_QMigrate_20230412_230622.png
  Saved plot: record_sections/individual/PhaseNet/hypoinverse/89_hypoinverse_PhaseNet_20230412_230622.png
  Saved plot: record_sections/individual/QMigrate/hypoinverse/89_hypoinverse_QMigrate_20230412_230622.png
  Saved plot: record_sections/individual/STALTA/hypoinverse_corr/89_hypoinverse_corr_STALTA_20230412_230622.png
  Saved plot: record_sections/individual/PhaseNet/hypoinverse_corr/89_hypoinverse_corr_PhaseNet_20230412_230622.png
  Saved plot: record_sections/individual/QMigrate/hypoinverse_corr/89_hypoinverse_corr_QMigrate_20230412_230622.png
  Saved plot: record_sections/individual/PhaseNet/hypoDD_dtct/89_hypoDD_dtct_PhaseNet_20230412_230622.png
  Generated and saved plots in 36.95s
  Total time for this event: 199.78s

Total script execution time: 4815.61s
  Running plot_mode: picker_stages for picker: STALTA
Loaded station data in 0.00s
Using STALTA/hypoDD_dtct as reference catalog for picker_stages mode.
Loaded reference catalog (13 events from STALTA/hypoDD_dtct) in 0.00s
Initial/STALTA: has 40
Initial/PhaseNet: has 40
Initial/QMigrate: has 33
VELEST/STALTA: has 18
VELEST/PhaseNet: has 29
VELEST/QMigrate: has 28
hypoinverse/STALTA: has 19
hypoinverse/PhaseNet: has 35
hypoinverse/QMigrate: has 23
hypoinverse_corr/STALTA: has 16
hypoinverse_corr/PhaseNet: has 34
hypoinverse_corr/QMigrate: has 28
hypoDD_dtct/STALTA: has 13
hypoDD_dtct/PhaseNet: has 33
hypoDD_dtct/QMigrate: has 26
Loaded all other catalogs in 0.06s

Processing reference event ID 10 at 2023-04-12T00:05:50.150000Z (1/13)
  Loaded 765 traces in 153.55s
  Couldn't find match for STALTA/Initial
  Couldn't find match for PhaseNet/Initial
  Couldn't find match for QMigrate/Initial
  Couldn't find match for STALTA/VELEST
  Couldn't find match for PhaseNet/VELEST
  Couldn't find match for QMigrate/VELEST
  Found match for STALTA/hypoinverse: event at 2023-04-12T00:05:51.170000Z
  Couldn't find match for PhaseNet/hypoinverse
  Couldn't find match for QMigrate/hypoinverse
  Found match for STALTA/hypoinverse_corr: event at 2023-04-12T00:05:50.240000Z
  Couldn't find match for PhaseNet/hypoinverse_corr
  Couldn't find match for QMigrate/hypoinverse_corr
  Couldn't find match for PhaseNet/hypoDD_dtct
  Couldn't find match for QMigrate/hypoDD_dtct
  Found matched events in 0.00s
  Saved plot: record_sections/picker_stages/STALTA/10_STALTA_20230412_000550.png
  Generated and saved plots in 8.38s
  Total time for this event: 165.18s

Processing reference event ID 11 at 2023-04-12T01:07:45.980000Z (2/13)
  Loaded 765 traces in 155.52s
  Couldn't find match for STALTA/Initial
  Couldn't find match for PhaseNet/Initial
  Found match for QMigrate/Initial: event at 2023-04-12T01:07:45.085000Z
  Found match for STALTA/VELEST: event at 2023-04-12T01:07:44.300000Z
  Found match for PhaseNet/VELEST: event at 2023-04-12T01:07:44.330000Z
  Found match for QMigrate/VELEST: event at 2023-04-12T01:07:44.480000Z
  Found match for STALTA/hypoinverse: event at 2023-04-12T01:07:48.130000Z
  Found match for PhaseNet/hypoinverse: event at 2023-04-12T01:07:45.990000Z
  Couldn't find match for QMigrate/hypoinverse
  Found match for STALTA/hypoinverse_corr: event at 2023-04-12T01:07:46.090000Z
  Found match for PhaseNet/hypoinverse_corr: event at 2023-04-12T01:07:45.970000Z
  Found match for QMigrate/hypoinverse_corr: event at 2023-04-12T01:07:45.760000Z
  Found match for PhaseNet/hypoDD_dtct: event at 2023-04-12T01:07:45.980000Z
  Found match for QMigrate/hypoDD_dtct: event at 2023-04-12T01:07:45.800000Z
  Found matched events in 0.00s
  Saved plot: record_sections/picker_stages/STALTA/11_STALTA_20230412_010745.png
  Generated and saved plots in 11.00s
  Total time for this event: 167.23s

Processing reference event ID 12 at 2023-04-12T01:49:37.220000Z (3/13)
  Loaded 765 traces in 138.75s
  Couldn't find match for STALTA/Initial
  Couldn't find match for PhaseNet/Initial
  Found match for QMigrate/Initial: event at 2023-04-12T01:49:35.415000Z
  Found match for STALTA/VELEST: event at 2023-04-12T01:49:32.040000Z
  Found match for PhaseNet/VELEST: event at 2023-04-12T01:49:35.510000Z
  Found match for QMigrate/VELEST: event at 2023-04-12T01:49:35.930000Z
  Found match for STALTA/hypoinverse: event at 2023-04-12T01:49:38.350000Z
  Found match for PhaseNet/hypoinverse: event at 2023-04-12T01:49:37.210000Z
  Found match for QMigrate/hypoinverse: event at 2023-04-12T01:49:37.390000Z
  Found match for STALTA/hypoinverse_corr: event at 2023-04-12T01:49:37.320000Z
  Found match for PhaseNet/hypoinverse_corr: event at 2023-04-12T01:49:36.420000Z
  Found match for QMigrate/hypoinverse_corr: event at 2023-04-12T01:49:36.190000Z
  Found match for PhaseNet/hypoDD_dtct: event at 2023-04-12T01:49:36.170000Z
  Found match for QMigrate/hypoDD_dtct: event at 2023-04-12T01:49:36.020000Z
  Found matched events in 0.00s
  Saved plot: record_sections/picker_stages/STALTA/12_STALTA_20230412_014937.png
  Generated and saved plots in 10.88s
  Total time for this event: 150.30s

Processing reference event ID 14 at 2023-04-12T14:08:23.670000Z (4/13)
  Loaded 909 traces in 140.93s
  Couldn't find match for STALTA/Initial
  Couldn't find match for PhaseNet/Initial
  Found match for QMigrate/Initial: event at 2023-04-12T14:08:22.875000Z
  Found match for STALTA/VELEST: event at 2023-04-12T14:08:22.380000Z
  Found match for PhaseNet/VELEST: event at 2023-04-12T14:08:21.490000Z
  Found match for QMigrate/VELEST: event at 2023-04-12T14:08:22.620000Z
  Found match for STALTA/hypoinverse: event at 2023-04-12T14:08:25.150000Z
  Found match for PhaseNet/hypoinverse: event at 2023-04-12T14:08:25.310000Z
  Found match for QMigrate/hypoinverse: event at 2023-04-12T14:08:25.220000Z
  Found match for STALTA/hypoinverse_corr: event at 2023-04-12T14:08:23.730000Z
  Found match for PhaseNet/hypoinverse_corr: event at 2023-04-12T14:08:23.790000Z
  Found match for QMigrate/hypoinverse_corr: event at 2023-04-12T14:08:23.780000Z
  Found match for PhaseNet/hypoDD_dtct: event at 2023-04-12T14:08:23.720000Z
  Found match for QMigrate/hypoDD_dtct: event at 2023-04-12T14:08:23.560000Z
  Found matched events in 0.00s
  Saved plot: record_sections/picker_stages/STALTA/14_STALTA_20230412_140823.png
  Generated and saved plots in 12.68s
  Total time for this event: 154.36s

Processing reference event ID 15 at 2023-04-12T17:57:18.920000Z (5/13)
  Loaded 909 traces in 140.92s
  Couldn't find match for STALTA/Initial
  Couldn't find match for PhaseNet/Initial
  Found match for QMigrate/Initial: event at 2023-04-12T17:57:18.005000Z
  Found match for STALTA/VELEST: event at 2023-04-12T17:57:17.680000Z
  Found match for PhaseNet/VELEST: event at 2023-04-12T17:57:18.030000Z
  Found match for QMigrate/VELEST: event at 2023-04-12T17:57:17.740000Z
  Found match for STALTA/hypoinverse: event at 2023-04-12T17:57:21.070000Z
  Found match for PhaseNet/hypoinverse: event at 2023-04-12T17:57:19.730000Z
  Found match for QMigrate/hypoinverse: event at 2023-04-12T17:57:19.950000Z
  Found match for STALTA/hypoinverse_corr: event at 2023-04-12T17:57:19.070000Z
  Found match for PhaseNet/hypoinverse_corr: event at 2023-04-12T17:57:18.840000Z
  Found match for QMigrate/hypoinverse_corr: event at 2023-04-12T17:57:18.780000Z
  Found match for PhaseNet/hypoDD_dtct: event at 2023-04-12T17:57:18.800000Z
  Found match for QMigrate/hypoDD_dtct: event at 2023-04-12T17:57:18.680000Z
  Found matched events in 0.01s
  Saved plot: record_sections/picker_stages/STALTA/15_STALTA_20230412_175718.png
  Generated and saved plots in 13.62s
  Total time for this event: 155.38s

Processing reference event ID 16 at 2023-04-12T18:36:27.060000Z (6/13)
  Loaded 909 traces in 136.51s
  Couldn't find match for STALTA/Initial
  Couldn't find match for PhaseNet/Initial
  Found match for QMigrate/Initial: event at 2023-04-12T18:36:26.375000Z
  Found match for STALTA/VELEST: event at 2023-04-12T18:36:26.550000Z
  Found match for PhaseNet/VELEST: event at 2023-04-12T18:36:26.070000Z
  Found match for QMigrate/VELEST: event at 2023-04-12T18:36:26.360000Z
  Found match for STALTA/hypoinverse: event at 2023-04-12T18:36:27.780000Z
  Found match for PhaseNet/hypoinverse: event at 2023-04-12T18:36:28.270000Z
  Found match for QMigrate/hypoinverse: event at 2023-04-12T18:36:28.080000Z
  Found match for STALTA/hypoinverse_corr: event at 2023-04-12T18:36:27.070000Z
  Found match for PhaseNet/hypoinverse_corr: event at 2023-04-12T18:36:27.130000Z
  Found match for QMigrate/hypoinverse_corr: event at 2023-04-12T18:36:27.010000Z
  Found match for PhaseNet/hypoDD_dtct: event at 2023-04-12T18:36:27.060000Z
  Found match for QMigrate/hypoDD_dtct: event at 2023-04-12T18:36:26.960000Z
  Found matched events in 0.00s
  Saved plot: record_sections/picker_stages/STALTA/16_STALTA_20230412_183627.png
  Generated and saved plots in 13.82s
  Total time for this event: 151.13s

Processing reference event ID 17 at 2023-04-12T18:56:25.320000Z (7/13)
  Loaded 909 traces in 140.90s
  Found match for STALTA/Initial: event at 2023-04-12T18:56:22.803000Z
  Found match for PhaseNet/Initial: event at 2023-04-12T18:56:22.803000Z
  Couldn't find match for QMigrate/Initial
  Couldn't find match for STALTA/VELEST
  Couldn't find match for PhaseNet/VELEST
  Couldn't find match for QMigrate/VELEST
  Found match for STALTA/hypoinverse: event at 2023-04-12T18:56:26.160000Z
  Couldn't find match for PhaseNet/hypoinverse
  Couldn't find match for QMigrate/hypoinverse
  Found match for STALTA/hypoinverse_corr: event at 2023-04-12T18:56:25.110000Z
  Couldn't find match for PhaseNet/hypoinverse_corr
  Couldn't find match for QMigrate/hypoinverse_corr
  Couldn't find match for PhaseNet/hypoDD_dtct
  Couldn't find match for QMigrate/hypoDD_dtct
  Found matched events in 0.00s
  Saved plot: record_sections/picker_stages/STALTA/17_STALTA_20230412_185625.png
  Generated and saved plots in 13.42s
  Total time for this event: 155.08s

Processing reference event ID 18 at 2023-04-12T20:17:30.840000Z (8/13)
  Loaded 909 traces in 140.80s
  Couldn't find match for STALTA/Initial
  Couldn't find match for PhaseNet/Initial
  Found match for QMigrate/Initial: event at 2023-04-12T20:17:30.085000Z
  Found match for STALTA/VELEST: event at 2023-04-12T20:17:30.010000Z
  Found match for PhaseNet/VELEST: event at 2023-04-12T20:17:30.030000Z
  Found match for QMigrate/VELEST: event at 2023-04-12T20:17:30.210000Z
  Found match for STALTA/hypoinverse: event at 2023-04-12T20:17:31.990000Z
  Found match for PhaseNet/hypoinverse: event at 2023-04-12T20:17:31.810000Z
  Found match for QMigrate/hypoinverse: event at 2023-04-12T20:17:31.850000Z
  Found match for STALTA/hypoinverse_corr: event at 2023-04-12T20:17:30.950000Z
  Found match for PhaseNet/hypoinverse_corr: event at 2023-04-12T20:17:30.780000Z
  Found match for QMigrate/hypoinverse_corr: event at 2023-04-12T20:17:30.740000Z
  Found match for PhaseNet/hypoDD_dtct: event at 2023-04-12T20:17:30.720000Z
  Found match for QMigrate/hypoDD_dtct: event at 2023-04-12T20:17:30.600000Z
  Found matched events in 0.00s
  Saved plot: record_sections/picker_stages/STALTA/18_STALTA_20230412_201730.png
  Generated and saved plots in 13.93s
  Total time for this event: 155.57s

Processing reference event ID 19 at 2023-04-12T20:22:13.480000Z (9/13)
  Loaded 909 traces in 133.61s
  Couldn't find match for STALTA/Initial
  Couldn't find match for PhaseNet/Initial
  Found match for QMigrate/Initial: event at 2023-04-12T20:22:12.695000Z
  Found match for STALTA/VELEST: event at 2023-04-12T20:22:12.240000Z
  Found match for PhaseNet/VELEST: event at 2023-04-12T20:22:11.480000Z
  Found match for QMigrate/VELEST: event at 2023-04-12T20:22:11.660000Z
  Found match for STALTA/hypoinverse: event at 2023-04-12T20:22:14.290000Z
  Found match for PhaseNet/hypoinverse: event at 2023-04-12T20:22:15.110000Z
  Found match for QMigrate/hypoinverse: event at 2023-04-12T20:22:14.400000Z
  Found match for STALTA/hypoinverse_corr: event at 2023-04-12T20:22:13.500000Z
  Found match for PhaseNet/hypoinverse_corr: event at 2023-04-12T20:22:13.630000Z
  Found match for QMigrate/hypoinverse_corr: event at 2023-04-12T20:22:13.460000Z
  Found match for PhaseNet/hypoDD_dtct: event at 2023-04-12T20:22:13.560000Z
  Found match for QMigrate/hypoDD_dtct: event at 2023-04-12T20:22:13.360000Z
  Found matched events in 0.00s
  Saved plot: record_sections/picker_stages/STALTA/19_STALTA_20230412_202213.png
  Generated and saved plots in 13.24s
  Total time for this event: 147.64s

Processing reference event ID 20 at 2023-04-12T21:41:29.240000Z (10/13)
  Loaded 909 traces in 138.39s
  Couldn't find match for STALTA/Initial
  Couldn't find match for PhaseNet/Initial
  Found match for QMigrate/Initial: event at 2023-04-12T21:41:28.440000Z
  Found match for STALTA/VELEST: event at 2023-04-12T21:41:27.920000Z
  Found match for PhaseNet/VELEST: event at 2023-04-12T21:41:27.910000Z
  Found match for QMigrate/VELEST: event at 2023-04-12T21:41:27.750000Z
  Found match for STALTA/hypoinverse: event at 2023-04-12T21:41:30.530000Z
  Found match for PhaseNet/hypoinverse: event at 2023-04-12T21:41:29.640000Z
  Found match for QMigrate/hypoinverse: event at 2023-04-12T21:41:29.560000Z
  Found match for STALTA/hypoinverse_corr: event at 2023-04-12T21:41:29.260000Z
  Found match for PhaseNet/hypoinverse_corr: event at 2023-04-12T21:41:29.210000Z
  Found match for QMigrate/hypoinverse_corr: event at 2023-04-12T21:41:29.130000Z
  Found match for PhaseNet/hypoDD_dtct: event at 2023-04-12T21:41:29.200000Z
  Found match for QMigrate/hypoDD_dtct: event at 2023-04-12T21:41:29.040000Z
  Found matched events in 0.00s
  Saved plot: record_sections/picker_stages/STALTA/20_STALTA_20230412_214129.png
  Generated and saved plots in 12.33s
  Total time for this event: 151.48s

Processing reference event ID 21 at 2023-04-12T21:46:33.920000Z (11/13)
  Loaded 909 traces in 139.13s
  Couldn't find match for STALTA/Initial
  Couldn't find match for PhaseNet/Initial
  Found match for QMigrate/Initial: event at 2023-04-12T21:46:33.045000Z
  Found match for STALTA/VELEST: event at 2023-04-12T21:46:32.850000Z
  Found match for PhaseNet/VELEST: event at 2023-04-12T21:46:32.410000Z
  Found match for QMigrate/VELEST: event at 2023-04-12T21:46:32.900000Z
  Found match for STALTA/hypoinverse: event at 2023-04-12T21:46:35.510000Z
  Found match for PhaseNet/hypoinverse: event at 2023-04-12T21:46:34.100000Z
  Found match for QMigrate/hypoinverse: event at 2023-04-12T21:46:33.880000Z
  Found match for STALTA/hypoinverse_corr: event at 2023-04-12T21:46:33.940000Z
  Found match for PhaseNet/hypoinverse_corr: event at 2023-04-12T21:46:33.920000Z
  Found match for QMigrate/hypoinverse_corr: event at 2023-04-12T21:46:33.740000Z
  Found match for PhaseNet/hypoDD_dtct: event at 2023-04-12T21:46:33.920000Z
  Found match for QMigrate/hypoDD_dtct: event at 2023-04-12T21:46:33.760000Z
  Found matched events in 0.00s
  Saved plot: record_sections/picker_stages/STALTA/21_STALTA_20230412_214633.png
  Generated and saved plots in 13.22s
  Total time for this event: 153.10s

Processing reference event ID 22 at 2023-04-12T23:04:10.380000Z (12/13)
  Loaded 909 traces in 135.27s
  Found match for STALTA/Initial: event at 2023-04-12T23:04:10.539000Z
  Found match for PhaseNet/Initial: event at 2023-04-12T23:04:10.539000Z
  Found match for QMigrate/Initial: event at 2023-04-12T23:04:09.625000Z
  Found match for STALTA/VELEST: event at 2023-04-12T23:04:09.500000Z
  Found match for PhaseNet/VELEST: event at 2023-04-12T23:04:09.390000Z
  Found match for QMigrate/VELEST: event at 2023-04-12T23:04:09.500000Z
  Found match for STALTA/hypoinverse: event at 2023-04-12T23:04:11.500000Z
  Found match for PhaseNet/hypoinverse: event at 2023-04-12T23:04:11.640000Z
  Found match for QMigrate/hypoinverse: event at 2023-04-12T23:04:11.550000Z
  Found match for STALTA/hypoinverse_corr: event at 2023-04-12T23:04:10.310000Z
  Found match for PhaseNet/hypoinverse_corr: event at 2023-04-12T23:04:10.420000Z
  Found match for QMigrate/hypoinverse_corr: event at 2023-04-12T23:04:10.240000Z
  Found match for PhaseNet/hypoDD_dtct: event at 2023-04-12T23:04:10.360000Z
  Found match for QMigrate/hypoDD_dtct: event at 2023-04-12T23:04:10.240000Z
  Found matched events in 0.00s
  Saved plot: record_sections/picker_stages/STALTA/22_STALTA_20230412_230410.png
  Generated and saved plots in 16.79s
  Total time for this event: 152.85s

Processing reference event ID 23 at 2023-04-12T23:57:47.680000Z (13/13)
  Loaded 909 traces in 140.01s
  Found match for STALTA/Initial: event at 2023-04-12T23:57:42.105000Z
  Found match for PhaseNet/Initial: event at 2023-04-12T23:57:42.105000Z
  Couldn't find match for QMigrate/Initial
  Couldn't find match for STALTA/VELEST
  Couldn't find match for PhaseNet/VELEST
  Couldn't find match for QMigrate/VELEST
  Found match for STALTA/hypoinverse: event at 2023-04-12T23:57:48.250000Z
  Couldn't find match for PhaseNet/hypoinverse
  Couldn't find match for QMigrate/hypoinverse
  Found match for STALTA/hypoinverse_corr: event at 2023-04-12T23:57:47.550000Z
  Couldn't find match for PhaseNet/hypoinverse_corr
  Couldn't find match for QMigrate/hypoinverse_corr
  Couldn't find match for PhaseNet/hypoDD_dtct
  Couldn't find match for QMigrate/hypoDD_dtct
  Found matched events in 0.00s
  Saved plot: record_sections/picker_stages/STALTA/23_STALTA_20230412_235747.png
  Generated and saved plots in 13.23s
  Total time for this event: 154.00s

Total script execution time: 2013.36s
  Running plot_mode: picker_stages for picker: PhaseNet
Loaded station data in 0.00s
Using PhaseNet/hypoDD_dtct as reference catalog for picker_stages mode.
Loaded reference catalog (33 events from PhaseNet/hypoDD_dtct) in 0.00s
Initial/STALTA: has 40
Initial/PhaseNet: has 40
Initial/QMigrate: has 33
VELEST/STALTA: has 18
VELEST/PhaseNet: has 29
VELEST/QMigrate: has 28
hypoinverse/STALTA: has 19
hypoinverse/PhaseNet: has 35
hypoinverse/QMigrate: has 23
hypoinverse_corr/STALTA: has 16
hypoinverse_corr/PhaseNet: has 34
hypoinverse_corr/QMigrate: has 28
hypoDD_dtct/STALTA: has 13
hypoDD_dtct/PhaseNet: has 33
hypoDD_dtct/QMigrate: has 26
Loaded all other catalogs in 0.05s

Processing reference event ID 41 at 2023-04-12T01:07:45.980000Z (1/33)
  Loaded 765 traces in 134.66s
  Couldn't find match for STALTA/Initial
  Couldn't find match for PhaseNet/Initial
  Found match for QMigrate/Initial: event at 2023-04-12T01:07:45.085000Z
  Found match for STALTA/VELEST: event at 2023-04-12T01:07:44.300000Z
  Found match for PhaseNet/VELEST: event at 2023-04-12T01:07:44.330000Z
  Found match for QMigrate/VELEST: event at 2023-04-12T01:07:44.480000Z
  Found match for STALTA/hypoinverse: event at 2023-04-12T01:07:48.130000Z
  Found match for PhaseNet/hypoinverse: event at 2023-04-12T01:07:45.990000Z
  Couldn't find match for QMigrate/hypoinverse
  Found match for STALTA/hypoinverse_corr: event at 2023-04-12T01:07:46.090000Z
  Found match for PhaseNet/hypoinverse_corr: event at 2023-04-12T01:07:45.970000Z
  Found match for QMigrate/hypoinverse_corr: event at 2023-04-12T01:07:45.760000Z
  Found match for STALTA/hypoDD_dtct: event at 2023-04-12T01:07:45.980000Z
  Found match for QMigrate/hypoDD_dtct: event at 2023-04-12T01:07:45.800000Z
  Found matched events in 0.00s
  Saved plot: record_sections/picker_stages/PhaseNet/41_PhaseNet_20230412_010745.png
  Generated and saved plots in 11.37s
  Total time for this event: 149.43s

Processing reference event ID 42 at 2023-04-12T01:49:36.170000Z (2/33)
  Loaded 765 traces in 138.02s
  Couldn't find match for STALTA/Initial
  Couldn't find match for PhaseNet/Initial
  Found match for QMigrate/Initial: event at 2023-04-12T01:49:35.415000Z
  Found match for STALTA/VELEST: event at 2023-04-12T01:49:32.040000Z
  Found match for PhaseNet/VELEST: event at 2023-04-12T01:49:35.510000Z
  Found match for QMigrate/VELEST: event at 2023-04-12T01:49:35.930000Z
  Found match for STALTA/hypoinverse: event at 2023-04-12T01:49:38.350000Z
  Found match for PhaseNet/hypoinverse: event at 2023-04-12T01:49:37.210000Z
  Found match for QMigrate/hypoinverse: event at 2023-04-12T01:49:37.390000Z
  Found match for STALTA/hypoinverse_corr: event at 2023-04-12T01:49:37.320000Z
  Found match for PhaseNet/hypoinverse_corr: event at 2023-04-12T01:49:36.420000Z
  Found match for QMigrate/hypoinverse_corr: event at 2023-04-12T01:49:36.190000Z
  Found match for STALTA/hypoDD_dtct: event at 2023-04-12T01:49:37.220000Z
  Found match for QMigrate/hypoDD_dtct: event at 2023-04-12T01:49:36.020000Z
  Found matched events in 0.00s
  Saved plot: record_sections/picker_stages/PhaseNet/42_PhaseNet_20230412_014936.png
  Generated and saved plots in 11.21s
  Total time for this event: 149.88s

Processing reference event ID 43 at 2023-04-12T05:14:28.260000Z (3/33)
  Loaded 834 traces in 138.88s
  Couldn't find match for STALTA/Initial
  Couldn't find match for PhaseNet/Initial
  Couldn't find match for QMigrate/Initial
  Couldn't find match for STALTA/VELEST
  Couldn't find match for PhaseNet/VELEST
  Couldn't find match for QMigrate/VELEST
  Couldn't find match for STALTA/hypoinverse
  Found match for PhaseNet/hypoinverse: event at 2023-04-12T05:14:29.480000Z
  Couldn't find match for QMigrate/hypoinverse
  Couldn't find match for STALTA/hypoinverse_corr
  Found match for PhaseNet/hypoinverse_corr: event at 2023-04-12T05:14:28.170000Z
  Couldn't find match for QMigrate/hypoinverse_corr
  Couldn't find match for STALTA/hypoDD_dtct
  Couldn't find match for QMigrate/hypoDD_dtct
  Found matched events in 0.00s
  Saved plot: record_sections/picker_stages/PhaseNet/43_PhaseNet_20230412_051428.png
  Generated and saved plots in 9.16s
  Total time for this event: 148.75s

Processing reference event ID 44 at 2023-04-12T12:05:45.720000Z (4/33)
  Loaded 906 traces in 138.65s
  Found match for STALTA/Initial: event at 2023-04-12T12:05:45.945000Z
  Found match for PhaseNet/Initial: event at 2023-04-12T12:05:45.945000Z
  Found match for QMigrate/Initial: event at 2023-04-12T12:05:45.115000Z
  Found match for STALTA/VELEST: event at 2023-04-12T12:05:44.900000Z
  Found match for PhaseNet/VELEST: event at 2023-04-12T12:05:44.350000Z
  Found match for QMigrate/VELEST: event at 2023-04-12T12:05:44.910000Z
  Couldn't find match for STALTA/hypoinverse
  Found match for PhaseNet/hypoinverse: event at 2023-04-12T12:05:46.950000Z
  Found match for QMigrate/hypoinverse: event at 2023-04-12T12:05:47.320000Z
  Found match for STALTA/hypoinverse_corr: event at 2023-04-12T12:05:45.570000Z
  Found match for PhaseNet/hypoinverse_corr: event at 2023-04-12T12:05:45.870000Z
  Found match for QMigrate/hypoinverse_corr: event at 2023-04-12T12:05:45.610000Z
  Couldn't find match for STALTA/hypoDD_dtct
  Found match for QMigrate/hypoDD_dtct: event at 2023-04-12T12:05:45.640000Z
  Found matched events in 0.00s
  Saved plot: record_sections/picker_stages/PhaseNet/44_PhaseNet_20230412_120545.png
  Generated and saved plots in 16.60s
  Total time for this event: 156.03s

Processing reference event ID 45 at 2023-04-12T14:01:03.390000Z (5/33)
  Loaded 909 traces in 133.15s
  Couldn't find match for STALTA/Initial
  Couldn't find match for PhaseNet/Initial
  Couldn't find match for QMigrate/Initial
  Couldn't find match for STALTA/VELEST
  Couldn't find match for PhaseNet/VELEST
  Couldn't find match for QMigrate/VELEST
  Couldn't find match for STALTA/hypoinverse
  Found match for PhaseNet/hypoinverse: event at 2023-04-12T14:01:04.900000Z
  Couldn't find match for QMigrate/hypoinverse
  Couldn't find match for STALTA/hypoinverse_corr
  Found match for PhaseNet/hypoinverse_corr: event at 2023-04-12T14:01:03.580000Z
  Couldn't find match for QMigrate/hypoinverse_corr
  Couldn't find match for STALTA/hypoDD_dtct
  Couldn't find match for QMigrate/hypoDD_dtct
  Found matched events in 0.00s
  Saved plot: record_sections/picker_stages/PhaseNet/45_PhaseNet_20230412_140103.png
  Generated and saved plots in 10.32s
  Total time for this event: 144.26s

Processing reference event ID 46 at 2023-04-12T14:08:23.720000Z (6/33)
  Loaded 909 traces in 137.72s
  Couldn't find match for STALTA/Initial
  Couldn't find match for PhaseNet/Initial
  Found match for QMigrate/Initial: event at 2023-04-12T14:08:22.875000Z
  Found match for STALTA/VELEST: event at 2023-04-12T14:08:22.380000Z
  Found match for PhaseNet/VELEST: event at 2023-04-12T14:08:21.490000Z
  Found match for QMigrate/VELEST: event at 2023-04-12T14:08:22.620000Z
  Found match for STALTA/hypoinverse: event at 2023-04-12T14:08:25.150000Z
  Found match for PhaseNet/hypoinverse: event at 2023-04-12T14:08:25.310000Z
  Found match for QMigrate/hypoinverse: event at 2023-04-12T14:08:25.220000Z
  Found match for STALTA/hypoinverse_corr: event at 2023-04-12T14:08:23.730000Z
  Found match for PhaseNet/hypoinverse_corr: event at 2023-04-12T14:08:23.790000Z
  Found match for QMigrate/hypoinverse_corr: event at 2023-04-12T14:08:23.780000Z
  Found match for STALTA/hypoDD_dtct: event at 2023-04-12T14:08:23.670000Z
  Found match for QMigrate/hypoDD_dtct: event at 2023-04-12T14:08:23.560000Z
  Found matched events in 0.00s
  Saved plot: record_sections/picker_stages/PhaseNet/46_PhaseNet_20230412_140823.png
  Generated and saved plots in 12.68s
  Total time for this event: 151.19s

Processing reference event ID 47 at 2023-04-12T15:31:43.080000Z (7/33)
  Loaded 909 traces in 140.59s
  Couldn't find match for STALTA/Initial
  Couldn't find match for PhaseNet/Initial
  Found match for QMigrate/Initial: event at 2023-04-12T15:31:42.115000Z
  Couldn't find match for STALTA/VELEST
  Found match for PhaseNet/VELEST: event at 2023-04-12T15:31:41.410000Z
  Found match for QMigrate/VELEST: event at 2023-04-12T15:31:42.650000Z
  Couldn't find match for STALTA/hypoinverse
  Couldn't find match for PhaseNet/hypoinverse
  Couldn't find match for QMigrate/hypoinverse
  Couldn't find match for STALTA/hypoinverse_corr
  Found match for PhaseNet/hypoinverse_corr: event at 2023-04-12T15:31:43.170000Z
  Found match for QMigrate/hypoinverse_corr: event at 2023-04-12T15:31:43.000000Z
  Couldn't find match for STALTA/hypoDD_dtct
  Found match for QMigrate/hypoDD_dtct: event at 2023-04-12T15:31:43.000000Z
  Found matched events in 0.00s
  Saved plot: record_sections/picker_stages/PhaseNet/47_PhaseNet_20230412_153143.png
  Generated and saved plots in 10.55s
  Total time for this event: 151.94s

Processing reference event ID 48 at 2023-04-12T16:27:37.600000Z (8/33)
  Loaded 909 traces in 139.93s
  Couldn't find match for STALTA/Initial
  Couldn't find match for PhaseNet/Initial
  Found match for QMigrate/Initial: event at 2023-04-12T16:27:36.035000Z
  Couldn't find match for STALTA/VELEST
  Couldn't find match for PhaseNet/VELEST
  Found match for QMigrate/VELEST: event at 2023-04-12T16:27:35.840000Z
  Couldn't find match for STALTA/hypoinverse
  Found match for PhaseNet/hypoinverse: event at 2023-04-12T16:27:39.980000Z
  Couldn't find match for QMigrate/hypoinverse
  Couldn't find match for STALTA/hypoinverse_corr
  Found match for PhaseNet/hypoinverse_corr: event at 2023-04-12T16:27:37.640000Z
  Found match for QMigrate/hypoinverse_corr: event at 2023-04-12T16:27:37.160000Z
  Couldn't find match for STALTA/hypoDD_dtct
  Couldn't find match for QMigrate/hypoDD_dtct
  Found matched events in 0.00s
  Saved plot: record_sections/picker_stages/PhaseNet/48_PhaseNet_20230412_162737.png
  Generated and saved plots in 9.85s
  Total time for this event: 150.55s

Processing reference event ID 49 at 2023-04-12T16:31:25.600000Z (9/33)
  Loaded 909 traces in 137.37s
  Couldn't find match for STALTA/Initial
  Couldn't find match for PhaseNet/Initial
  Couldn't find match for QMigrate/Initial
  Couldn't find match for STALTA/VELEST
  Found match for PhaseNet/VELEST: event at 2023-04-12T16:31:23.270000Z
  Couldn't find match for QMigrate/VELEST
  Couldn't find match for STALTA/hypoinverse
  Found match for PhaseNet/hypoinverse: event at 2023-04-12T16:31:27.490000Z
  Couldn't find match for QMigrate/hypoinverse
  Couldn't find match for STALTA/hypoinverse_corr
  Found match for PhaseNet/hypoinverse_corr: event at 2023-04-12T16:31:25.780000Z
  Couldn't find match for QMigrate/hypoinverse_corr
  Couldn't find match for STALTA/hypoDD_dtct
  Couldn't find match for QMigrate/hypoDD_dtct
  Found matched events in 0.00s
  Saved plot: record_sections/picker_stages/PhaseNet/49_PhaseNet_20230412_163125.png
  Generated and saved plots in 13.57s
  Total time for this event: 151.70s

Processing reference event ID 50 at 2023-04-12T16:36:01.870000Z (10/33)
  Loaded 909 traces in 134.22s
  Couldn't find match for STALTA/Initial
  Couldn't find match for PhaseNet/Initial
  Couldn't find match for QMigrate/Initial
  Couldn't find match for STALTA/VELEST
  Found match for PhaseNet/VELEST: event at 2023-04-12T16:36:00.710000Z
  Couldn't find match for QMigrate/VELEST
  Couldn't find match for STALTA/hypoinverse
  Found match for PhaseNet/hypoinverse: event at 2023-04-12T16:36:02.560000Z
  Couldn't find match for QMigrate/hypoinverse
  Couldn't find match for STALTA/hypoinverse_corr
  Found match for PhaseNet/hypoinverse_corr: event at 2023-04-12T16:36:01.860000Z
  Couldn't find match for QMigrate/hypoinverse_corr
  Couldn't find match for STALTA/hypoDD_dtct
  Couldn't find match for QMigrate/hypoDD_dtct
  Found matched events in 0.00s
  Saved plot: record_sections/picker_stages/PhaseNet/50_PhaseNet_20230412_163601.png
  Generated and saved plots in 13.36s
  Total time for this event: 148.33s

Processing reference event ID 51 at 2023-04-12T16:54:13.560000Z (11/33)
  Loaded 909 traces in 138.82s
  Couldn't find match for STALTA/Initial
  Couldn't find match for PhaseNet/Initial
  Found match for QMigrate/Initial: event at 2023-04-12T16:54:12.640000Z
  Couldn't find match for STALTA/VELEST
  Found match for PhaseNet/VELEST: event at 2023-04-12T16:54:12.160000Z
  Found match for QMigrate/VELEST: event at 2023-04-12T16:54:12.720000Z
  Couldn't find match for STALTA/hypoinverse
  Found match for PhaseNet/hypoinverse: event at 2023-04-12T16:54:13.420000Z
  Found match for QMigrate/hypoinverse: event at 2023-04-12T16:54:13.370000Z
  Couldn't find match for STALTA/hypoinverse_corr
  Found match for PhaseNet/hypoinverse_corr: event at 2023-04-12T16:54:13.590000Z
  Found match for QMigrate/hypoinverse_corr: event at 2023-04-12T16:54:13.390000Z
  Couldn't find match for STALTA/hypoDD_dtct
  Found match for QMigrate/hypoDD_dtct: event at 2023-04-12T16:54:13.390000Z
  Found matched events in 0.00s
  Saved plot: record_sections/picker_stages/PhaseNet/51_PhaseNet_20230412_165413.png
  Generated and saved plots in 14.40s
  Total time for this event: 154.11s

Processing reference event ID 52 at 2023-04-12T17:13:48.680000Z (12/33)
  Loaded 909 traces in 140.24s
  Couldn't find match for STALTA/Initial
  Couldn't find match for PhaseNet/Initial
  Found match for QMigrate/Initial: event at 2023-04-12T17:13:47.830000Z
  Couldn't find match for STALTA/VELEST
  Found match for PhaseNet/VELEST: event at 2023-04-12T17:13:47.520000Z
  Found match for QMigrate/VELEST: event at 2023-04-12T17:13:47.710000Z
  Couldn't find match for STALTA/hypoinverse
  Found match for PhaseNet/hypoinverse: event at 2023-04-12T17:13:49.520000Z
  Found match for QMigrate/hypoinverse: event at 2023-04-12T17:13:50.180000Z
  Couldn't find match for STALTA/hypoinverse_corr
  Found match for PhaseNet/hypoinverse_corr: event at 2023-04-12T17:13:48.770000Z
  Found match for QMigrate/hypoinverse_corr: event at 2023-04-12T17:13:48.880000Z
  Couldn't find match for STALTA/hypoDD_dtct
  Found match for QMigrate/hypoDD_dtct: event at 2023-04-12T17:13:48.600000Z
  Found matched events in 0.00s
  Saved plot: record_sections/picker_stages/PhaseNet/52_PhaseNet_20230412_171348.png
  Generated and saved plots in 13.96s
  Total time for this event: 155.04s

Processing reference event ID 53 at 2023-04-12T17:57:18.800000Z (13/33)
  Loaded 909 traces in 136.07s
  Couldn't find match for STALTA/Initial
  Couldn't find match for PhaseNet/Initial
  Found match for QMigrate/Initial: event at 2023-04-12T17:57:18.005000Z
  Found match for STALTA/VELEST: event at 2023-04-12T17:57:17.680000Z
  Found match for PhaseNet/VELEST: event at 2023-04-12T17:57:18.030000Z
  Found match for QMigrate/VELEST: event at 2023-04-12T17:57:17.740000Z
  Found match for STALTA/hypoinverse: event at 2023-04-12T17:57:21.070000Z
  Found match for PhaseNet/hypoinverse: event at 2023-04-12T17:57:19.730000Z
  Found match for QMigrate/hypoinverse: event at 2023-04-12T17:57:19.950000Z
  Found match for STALTA/hypoinverse_corr: event at 2023-04-12T17:57:19.070000Z
  Found match for PhaseNet/hypoinverse_corr: event at 2023-04-12T17:57:18.840000Z
  Found match for QMigrate/hypoinverse_corr: event at 2023-04-12T17:57:18.780000Z
  Found match for STALTA/hypoDD_dtct: event at 2023-04-12T17:57:18.920000Z
  Found match for QMigrate/hypoDD_dtct: event at 2023-04-12T17:57:18.680000Z
  Found matched events in 0.00s
  Saved plot: record_sections/picker_stages/PhaseNet/53_PhaseNet_20230412_175718.png
  Generated and saved plots in 13.76s
  Total time for this event: 150.66s

Processing reference event ID 54 at 2023-04-12T18:12:03.140000Z (14/33)
  Loaded 909 traces in 136.96s
  Couldn't find match for STALTA/Initial
  Couldn't find match for PhaseNet/Initial
  Found match for QMigrate/Initial: event at 2023-04-12T18:12:02.440000Z
  Couldn't find match for STALTA/VELEST
  Found match for PhaseNet/VELEST: event at 2023-04-12T18:12:02.560000Z
  Found match for QMigrate/VELEST: event at 2023-04-12T18:12:02.870000Z
  Couldn't find match for STALTA/hypoinverse
  Found match for PhaseNet/hypoinverse: event at 2023-04-12T18:12:04.060000Z
  Found match for QMigrate/hypoinverse: event at 2023-04-12T18:12:04.200000Z
  Couldn't find match for STALTA/hypoinverse_corr
  Found match for PhaseNet/hypoinverse_corr: event at 2023-04-12T18:12:03.150000Z
  Found match for QMigrate/hypoinverse_corr: event at 2023-04-12T18:12:02.980000Z
  Couldn't find match for STALTA/hypoDD_dtct
  Found match for QMigrate/hypoDD_dtct: event at 2023-04-12T18:12:03.020000Z
  Found matched events in 0.00s
  Saved plot: record_sections/picker_stages/PhaseNet/54_PhaseNet_20230412_181203.png
  Generated and saved plots in 13.97s
  Total time for this event: 151.76s

Processing reference event ID 55 at 2023-04-12T18:35:43.460000Z (15/33)
  Loaded 909 traces in 141.95s
  Couldn't find match for STALTA/Initial
  Couldn't find match for PhaseNet/Initial
  Couldn't find match for QMigrate/Initial
  Couldn't find match for STALTA/VELEST
  Found match for PhaseNet/VELEST: event at 2023-04-12T18:35:42.500000Z
  Couldn't find match for QMigrate/VELEST
  Couldn't find match for STALTA/hypoinverse
  Found match for PhaseNet/hypoinverse: event at 2023-04-12T18:35:43.700000Z
  Couldn't find match for QMigrate/hypoinverse
  Couldn't find match for STALTA/hypoinverse_corr
  Found match for PhaseNet/hypoinverse_corr: event at 2023-04-12T18:35:43.540000Z
  Couldn't find match for QMigrate/hypoinverse_corr
  Couldn't find match for STALTA/hypoDD_dtct
  Couldn't find match for QMigrate/hypoDD_dtct
  Found matched events in 0.00s
  Saved plot: record_sections/picker_stages/PhaseNet/55_PhaseNet_20230412_183543.png
  Generated and saved plots in 13.50s
  Total time for this event: 156.29s

Processing reference event ID 56 at 2023-04-12T18:36:27.060000Z (16/33)
  Loaded 909 traces in 143.61s
  Couldn't find match for STALTA/Initial
  Couldn't find match for PhaseNet/Initial
  Found match for QMigrate/Initial: event at 2023-04-12T18:36:26.375000Z
  Found match for STALTA/VELEST: event at 2023-04-12T18:36:26.550000Z
  Found match for PhaseNet/VELEST: event at 2023-04-12T18:36:26.070000Z
  Found match for QMigrate/VELEST: event at 2023-04-12T18:36:26.360000Z
  Found match for STALTA/hypoinverse: event at 2023-04-12T18:36:27.780000Z
  Found match for PhaseNet/hypoinverse: event at 2023-04-12T18:36:28.270000Z
  Found match for QMigrate/hypoinverse: event at 2023-04-12T18:36:28.080000Z
  Found match for STALTA/hypoinverse_corr: event at 2023-04-12T18:36:27.070000Z
  Found match for PhaseNet/hypoinverse_corr: event at 2023-04-12T18:36:27.130000Z
  Found match for QMigrate/hypoinverse_corr: event at 2023-04-12T18:36:27.010000Z
  Found match for STALTA/hypoDD_dtct: event at 2023-04-12T18:36:27.060000Z
  Found match for QMigrate/hypoDD_dtct: event at 2023-04-12T18:36:26.960000Z
  Found matched events in 0.00s
  Saved plot: record_sections/picker_stages/PhaseNet/56_PhaseNet_20230412_183627.png
  Generated and saved plots in 13.62s
  Total time for this event: 157.99s

Processing reference event ID 57 at 2023-04-12T18:41:37.360000Z (17/33)
  Loaded 909 traces in 145.72s
  Couldn't find match for STALTA/Initial
  Couldn't find match for PhaseNet/Initial
  Found match for QMigrate/Initial: event at 2023-04-12T18:41:36.530000Z
  Found match for STALTA/VELEST: event at 2023-04-12T18:41:36.630000Z
  Found match for PhaseNet/VELEST: event at 2023-04-12T18:41:36.600000Z
  Found match for QMigrate/VELEST: event at 2023-04-12T18:41:36.520000Z
  Found match for STALTA/hypoinverse: event at 2023-04-12T18:41:39.550000Z
  Found match for PhaseNet/hypoinverse: event at 2023-04-12T18:41:38.410000Z
  Found match for QMigrate/hypoinverse: event at 2023-04-12T18:41:38.270000Z
  Found match for STALTA/hypoinverse_corr: event at 2023-04-12T18:41:38.010000Z
  Found match for PhaseNet/hypoinverse_corr: event at 2023-04-12T18:41:37.310000Z
  Found match for QMigrate/hypoinverse_corr: event at 2023-04-12T18:41:37.170000Z
  Couldn't find match for STALTA/hypoDD_dtct
  Found match for QMigrate/hypoDD_dtct: event at 2023-04-12T18:41:37.160000Z
  Found matched events in 0.00s
  Saved plot: record_sections/picker_stages/PhaseNet/57_PhaseNet_20230412_184137.png
  Generated and saved plots in 12.61s
  Total time for this event: 159.11s

Processing reference event ID 58 at 2023-04-12T18:45:59.240000Z (18/33)
  Loaded 909 traces in 145.42s
  Couldn't find match for STALTA/Initial
  Couldn't find match for PhaseNet/Initial
  Found match for QMigrate/Initial: event at 2023-04-12T18:45:58.535000Z
  Found match for STALTA/VELEST: event at 2023-04-12T18:46:01.700000Z
  Found match for PhaseNet/VELEST: event at 2023-04-12T18:45:58.430000Z
  Found match for QMigrate/VELEST: event at 2023-04-12T18:45:58.560000Z
  Found match for STALTA/hypoinverse: event at 2023-04-12T18:46:03.550000Z
  Found match for PhaseNet/hypoinverse: event at 2023-04-12T18:46:00.410000Z
  Found match for QMigrate/hypoinverse: event at 2023-04-12T18:46:00.350000Z
  Couldn't find match for STALTA/hypoinverse_corr
  Found match for PhaseNet/hypoinverse_corr: event at 2023-04-12T18:45:59.210000Z
  Found match for QMigrate/hypoinverse_corr: event at 2023-04-12T18:45:59.100000Z
  Couldn't find match for STALTA/hypoDD_dtct
  Found match for QMigrate/hypoDD_dtct: event at 2023-04-12T18:45:59.100000Z
  Found matched events in 0.00s
  Saved plot: record_sections/picker_stages/PhaseNet/58_PhaseNet_20230412_184559.png
  Generated and saved plots in 13.70s
  Total time for this event: 159.95s

Processing reference event ID 59 at 2023-04-12T18:56:22.880000Z (19/33)
  Loaded 909 traces in 141.21s
  Couldn't find match for STALTA/Initial
  Couldn't find match for PhaseNet/Initial
  Found match for QMigrate/Initial: event at 2023-04-12T18:56:21.560000Z
  Couldn't find match for STALTA/VELEST
  Couldn't find match for PhaseNet/VELEST
  Found match for QMigrate/VELEST: event at 2023-04-12T18:56:21.530000Z
  Couldn't find match for STALTA/hypoinverse
  Found match for PhaseNet/hypoinverse: event at 2023-04-12T18:56:22.900000Z
  Couldn't find match for QMigrate/hypoinverse
  Couldn't find match for STALTA/hypoinverse_corr
  Found match for PhaseNet/hypoinverse_corr: event at 2023-04-12T18:56:22.980000Z
  Found match for QMigrate/hypoinverse_corr: event at 2023-04-12T18:56:22.730000Z
  Couldn't find match for STALTA/hypoDD_dtct
  Couldn't find match for QMigrate/hypoDD_dtct
  Found matched events in 0.00s
  Saved plot: record_sections/picker_stages/PhaseNet/59_PhaseNet_20230412_185622.png
  Generated and saved plots in 10.66s
  Total time for this event: 152.67s

Processing reference event ID 60 at 2023-04-12T19:24:48.560000Z (20/33)
  Loaded 909 traces in 146.46s
  Couldn't find match for STALTA/Initial
  Couldn't find match for PhaseNet/Initial
  Found match for QMigrate/Initial: event at 2023-04-12T19:24:47.890000Z
  Couldn't find match for STALTA/VELEST
  Couldn't find match for PhaseNet/VELEST
  Found match for QMigrate/VELEST: event at 2023-04-12T19:24:48.310000Z
  Couldn't find match for STALTA/hypoinverse
  Couldn't find match for PhaseNet/hypoinverse
  Couldn't find match for QMigrate/hypoinverse
  Couldn't find match for STALTA/hypoinverse_corr
  Found match for PhaseNet/hypoinverse_corr: event at 2023-04-12T19:24:48.880000Z
  Found match for QMigrate/hypoinverse_corr: event at 2023-04-12T19:24:48.240000Z
  Couldn't find match for STALTA/hypoDD_dtct
  Found match for QMigrate/hypoDD_dtct: event at 2023-04-12T19:24:48.540000Z
  Found matched events in 0.00s
  Saved plot: record_sections/picker_stages/PhaseNet/60_PhaseNet_20230412_192448.png
  Generated and saved plots in 6.99s
  Total time for this event: 154.21s

Processing reference event ID 62 at 2023-04-12T20:02:26.320000Z (21/33)
  Loaded 909 traces in 143.68s
  Couldn't find match for STALTA/Initial
  Couldn't find match for PhaseNet/Initial
  Found match for QMigrate/Initial: event at 2023-04-12T20:02:25.585000Z
  Found match for STALTA/VELEST: event at 2023-04-12T20:02:29.730000Z
  Found match for PhaseNet/VELEST: event at 2023-04-12T20:02:25.040000Z
  Found match for QMigrate/VELEST: event at 2023-04-12T20:02:25.280000Z
  Found match for STALTA/hypoinverse: event at 2023-04-12T20:02:30.590000Z
  Found match for PhaseNet/hypoinverse: event at 2023-04-12T20:02:27.380000Z
  Found match for QMigrate/hypoinverse: event at 2023-04-12T20:02:27.570000Z
  Couldn't find match for STALTA/hypoinverse_corr
  Found match for PhaseNet/hypoinverse_corr: event at 2023-04-12T20:02:26.310000Z
  Found match for QMigrate/hypoinverse_corr: event at 2023-04-12T20:02:26.250000Z
  Couldn't find match for STALTA/hypoDD_dtct
  Found match for QMigrate/hypoDD_dtct: event at 2023-04-12T20:02:26.200000Z
  Found matched events in 0.00s
  Saved plot: record_sections/picker_stages/PhaseNet/62_PhaseNet_20230412_200226.png
  Generated and saved plots in 13.59s
  Total time for this event: 158.07s

Processing reference event ID 63 at 2023-04-12T20:17:30.720000Z (22/33)
  Loaded 909 traces in 142.75s
  Couldn't find match for STALTA/Initial
  Couldn't find match for PhaseNet/Initial
  Found match for QMigrate/Initial: event at 2023-04-12T20:17:30.085000Z
  Found match for STALTA/VELEST: event at 2023-04-12T20:17:30.010000Z
  Found match for PhaseNet/VELEST: event at 2023-04-12T20:17:30.030000Z
  Found match for QMigrate/VELEST: event at 2023-04-12T20:17:30.210000Z
  Found match for STALTA/hypoinverse: event at 2023-04-12T20:17:31.990000Z
  Found match for PhaseNet/hypoinverse: event at 2023-04-12T20:17:31.810000Z
  Found match for QMigrate/hypoinverse: event at 2023-04-12T20:17:31.850000Z
  Found match for STALTA/hypoinverse_corr: event at 2023-04-12T20:17:30.950000Z
  Found match for PhaseNet/hypoinverse_corr: event at 2023-04-12T20:17:30.780000Z
  Found match for QMigrate/hypoinverse_corr: event at 2023-04-12T20:17:30.740000Z
  Found match for STALTA/hypoDD_dtct: event at 2023-04-12T20:17:30.840000Z
  Found match for QMigrate/hypoDD_dtct: event at 2023-04-12T20:17:30.600000Z
  Found matched events in 0.00s
  Saved plot: record_sections/picker_stages/PhaseNet/63_PhaseNet_20230412_201730.png
  Generated and saved plots in 14.06s
  Total time for this event: 157.63s

Processing reference event ID 64 at 2023-04-12T20:22:13.560000Z (23/33)
  Loaded 909 traces in 143.45s
  Couldn't find match for STALTA/Initial
  Couldn't find match for PhaseNet/Initial
  Found match for QMigrate/Initial: event at 2023-04-12T20:22:12.695000Z
  Found match for STALTA/VELEST: event at 2023-04-12T20:22:12.240000Z
  Found match for PhaseNet/VELEST: event at 2023-04-12T20:22:11.480000Z
  Found match for QMigrate/VELEST: event at 2023-04-12T20:22:11.660000Z
  Found match for STALTA/hypoinverse: event at 2023-04-12T20:22:14.290000Z
  Found match for PhaseNet/hypoinverse: event at 2023-04-12T20:22:15.110000Z
  Found match for QMigrate/hypoinverse: event at 2023-04-12T20:22:14.400000Z
  Found match for STALTA/hypoinverse_corr: event at 2023-04-12T20:22:13.500000Z
  Found match for PhaseNet/hypoinverse_corr: event at 2023-04-12T20:22:13.630000Z
  Found match for QMigrate/hypoinverse_corr: event at 2023-04-12T20:22:13.460000Z
  Found match for STALTA/hypoDD_dtct: event at 2023-04-12T20:22:13.480000Z
  Found match for QMigrate/hypoDD_dtct: event at 2023-04-12T20:22:13.360000Z
  Found matched events in 0.00s
  Saved plot: record_sections/picker_stages/PhaseNet/64_PhaseNet_20230412_202213.png
  Generated and saved plots in 13.51s
  Total time for this event: 157.77s

Processing reference event ID 65 at 2023-04-12T21:16:25.060000Z (24/33)
  Loaded 909 traces in 145.03s
  Found match for STALTA/Initial: event at 2023-04-12T21:16:25.332000Z
  Found match for PhaseNet/Initial: event at 2023-04-12T21:16:25.332000Z
  Found match for QMigrate/Initial: event at 2023-04-12T21:16:24.235000Z
  Found match for STALTA/VELEST: event at 2023-04-12T21:16:27.760000Z
  Found match for PhaseNet/VELEST: event at 2023-04-12T21:16:23.850000Z
  Found match for QMigrate/VELEST: event at 2023-04-12T21:16:24.390000Z
  Found match for STALTA/hypoinverse: event at 2023-04-12T21:16:29.840000Z
  Found match for PhaseNet/hypoinverse: event at 2023-04-12T21:16:26.400000Z
  Found match for QMigrate/hypoinverse: event at 2023-04-12T21:16:26.590000Z
  Couldn't find match for STALTA/hypoinverse_corr
  Found match for PhaseNet/hypoinverse_corr: event at 2023-04-12T21:16:25.000000Z
  Found match for QMigrate/hypoinverse_corr: event at 2023-04-12T21:16:24.920000Z
  Couldn't find match for STALTA/hypoDD_dtct
  Found match for QMigrate/hypoDD_dtct: event at 2023-04-12T21:16:24.880000Z
  Found matched events in 0.00s
  Saved plot: record_sections/picker_stages/PhaseNet/65_PhaseNet_20230412_211625.png
  Generated and saved plots in 17.12s
  Total time for this event: 163.00s

Processing reference event ID 66 at 2023-04-12T21:22:09.140000Z (25/33)
  Loaded 909 traces in 140.84s
  Couldn't find match for STALTA/Initial
  Couldn't find match for PhaseNet/Initial
  Found match for QMigrate/Initial: event at 2023-04-12T21:22:08.265000Z
  Couldn't find match for STALTA/VELEST
  Found match for PhaseNet/VELEST: event at 2023-04-12T21:22:07.460000Z
  Found match for QMigrate/VELEST: event at 2023-04-12T21:22:08.750000Z
  Couldn't find match for STALTA/hypoinverse
  Found match for PhaseNet/hypoinverse: event at 2023-04-12T21:22:10.330000Z
  Found match for QMigrate/hypoinverse: event at 2023-04-12T21:22:10.690000Z
  Couldn't find match for STALTA/hypoinverse_corr
  Found match for PhaseNet/hypoinverse_corr: event at 2023-04-12T21:22:09.150000Z
  Found match for QMigrate/hypoinverse_corr: event at 2023-04-12T21:22:08.960000Z
  Couldn't find match for STALTA/hypoDD_dtct
  Found match for QMigrate/hypoDD_dtct: event at 2023-04-12T21:22:09.000000Z
  Found matched events in 0.00s
  Saved plot: record_sections/picker_stages/PhaseNet/66_PhaseNet_20230412_212209.png
  Generated and saved plots in 13.99s
  Total time for this event: 155.62s

Processing reference event ID 67 at 2023-04-12T21:41:29.200000Z (26/33)
  Loaded 909 traces in 139.54s
  Couldn't find match for STALTA/Initial
  Couldn't find match for PhaseNet/Initial
  Found match for QMigrate/Initial: event at 2023-04-12T21:41:28.440000Z
  Found match for STALTA/VELEST: event at 2023-04-12T21:41:27.920000Z
  Found match for PhaseNet/VELEST: event at 2023-04-12T21:41:27.910000Z
  Found match for QMigrate/VELEST: event at 2023-04-12T21:41:27.750000Z
  Found match for STALTA/hypoinverse: event at 2023-04-12T21:41:30.530000Z
  Found match for PhaseNet/hypoinverse: event at 2023-04-12T21:41:29.640000Z
  Found match for QMigrate/hypoinverse: event at 2023-04-12T21:41:29.560000Z
  Found match for STALTA/hypoinverse_corr: event at 2023-04-12T21:41:29.260000Z
  Found match for PhaseNet/hypoinverse_corr: event at 2023-04-12T21:41:29.210000Z
  Found match for QMigrate/hypoinverse_corr: event at 2023-04-12T21:41:29.130000Z
  Found match for STALTA/hypoDD_dtct: event at 2023-04-12T21:41:29.240000Z
  Found match for QMigrate/hypoDD_dtct: event at 2023-04-12T21:41:29.040000Z
  Found matched events in 0.00s
  Saved plot: record_sections/picker_stages/PhaseNet/67_PhaseNet_20230412_214129.png
  Generated and saved plots in 12.43s
  Total time for this event: 152.71s

Processing reference event ID 68 at 2023-04-12T21:46:33.920000Z (27/33)
  Loaded 909 traces in 142.06s
  Couldn't find match for STALTA/Initial
  Couldn't find match for PhaseNet/Initial
  Found match for QMigrate/Initial: event at 2023-04-12T21:46:33.045000Z
  Found match for STALTA/VELEST: event at 2023-04-12T21:46:32.850000Z
  Found match for PhaseNet/VELEST: event at 2023-04-12T21:46:32.410000Z
  Found match for QMigrate/VELEST: event at 2023-04-12T21:46:32.900000Z
  Found match for STALTA/hypoinverse: event at 2023-04-12T21:46:35.510000Z
  Found match for PhaseNet/hypoinverse: event at 2023-04-12T21:46:34.100000Z
  Found match for QMigrate/hypoinverse: event at 2023-04-12T21:46:33.880000Z
  Found match for STALTA/hypoinverse_corr: event at 2023-04-12T21:46:33.940000Z
  Found match for PhaseNet/hypoinverse_corr: event at 2023-04-12T21:46:33.920000Z
  Found match for QMigrate/hypoinverse_corr: event at 2023-04-12T21:46:33.740000Z
  Found match for STALTA/hypoDD_dtct: event at 2023-04-12T21:46:33.920000Z
  Found match for QMigrate/hypoDD_dtct: event at 2023-04-12T21:46:33.760000Z
  Found matched events in 0.00s
  Saved plot: record_sections/picker_stages/PhaseNet/68_PhaseNet_20230412_214633.png
  Generated and saved plots in 13.91s
  Total time for this event: 156.73s

Processing reference event ID 69 at 2023-04-12T21:49:55.720000Z (28/33)
  Loaded 909 traces in 143.39s
  Couldn't find match for STALTA/Initial
  Couldn't find match for PhaseNet/Initial
  Found match for QMigrate/Initial: event at 2023-04-12T21:49:54.980000Z
  Couldn't find match for STALTA/VELEST
  Found match for PhaseNet/VELEST: event at 2023-04-12T21:49:53.570000Z
  Found match for QMigrate/VELEST: event at 2023-04-12T21:49:54.640000Z
  Couldn't find match for STALTA/hypoinverse
  Couldn't find match for PhaseNet/hypoinverse
  Found match for QMigrate/hypoinverse: event at 2023-04-12T21:49:56.950000Z
  Couldn't find match for STALTA/hypoinverse_corr
  Found match for PhaseNet/hypoinverse_corr: event at 2023-04-12T21:49:55.740000Z
  Found match for QMigrate/hypoinverse_corr: event at 2023-04-12T21:49:55.630000Z
  Couldn't find match for STALTA/hypoDD_dtct
  Found match for QMigrate/hypoDD_dtct: event at 2023-04-12T21:49:55.680000Z
  Found matched events in 0.00s
  Saved plot: record_sections/picker_stages/PhaseNet/69_PhaseNet_20230412_214955.png
  Generated and saved plots in 11.25s
  Total time for this event: 155.52s

Processing reference event ID 70 at 2023-04-12T22:02:14.360000Z (29/33)
  Loaded 909 traces in 144.94s
  Couldn't find match for STALTA/Initial
  Couldn't find match for PhaseNet/Initial
  Found match for QMigrate/Initial: event at 2023-04-12T22:02:13.370000Z
  Found match for STALTA/VELEST: event at 2023-04-12T22:02:18.470000Z
  Found match for PhaseNet/VELEST: event at 2023-04-12T22:02:12.260000Z
  Found match for QMigrate/VELEST: event at 2023-04-12T22:02:12.400000Z
  Found match for STALTA/hypoinverse: event at 2023-04-12T22:02:19.370000Z
  Found match for PhaseNet/hypoinverse: event at 2023-04-12T22:02:14.820000Z
  Found match for QMigrate/hypoinverse: event at 2023-04-12T22:02:14.750000Z
  Couldn't find match for STALTA/hypoinverse_corr
  Found match for PhaseNet/hypoinverse_corr: event at 2023-04-12T22:02:14.320000Z
  Found match for QMigrate/hypoinverse_corr: event at 2023-04-12T22:02:14.200000Z
  Couldn't find match for STALTA/hypoDD_dtct
  Found match for QMigrate/hypoDD_dtct: event at 2023-04-12T22:02:14.200000Z
  Found matched events in 0.00s
  Saved plot: record_sections/picker_stages/PhaseNet/70_PhaseNet_20230412_220214.png
  Generated and saved plots in 13.45s
  Total time for this event: 159.20s

Processing reference event ID 71 at 2023-04-12T22:33:39.480000Z (30/33)
  Loaded 909 traces in 140.19s
  Couldn't find match for STALTA/Initial
  Couldn't find match for PhaseNet/Initial
  Found match for QMigrate/Initial: event at 2023-04-12T22:33:38.605000Z
  Couldn't find match for STALTA/VELEST
  Found match for PhaseNet/VELEST: event at 2023-04-12T22:33:37.570000Z
  Found match for QMigrate/VELEST: event at 2023-04-12T22:33:37.630000Z
  Couldn't find match for STALTA/hypoinverse
  Found match for PhaseNet/hypoinverse: event at 2023-04-12T22:33:40.690000Z
  Found match for QMigrate/hypoinverse: event at 2023-04-12T22:33:39.730000Z
  Couldn't find match for STALTA/hypoinverse_corr
  Found match for PhaseNet/hypoinverse_corr: event at 2023-04-12T22:33:39.490000Z
  Found match for QMigrate/hypoinverse_corr: event at 2023-04-12T22:33:39.280000Z
  Couldn't find match for STALTA/hypoDD_dtct
  Found match for QMigrate/hypoDD_dtct: event at 2023-04-12T22:33:39.320000Z
  Found matched events in 0.00s
  Saved plot: record_sections/picker_stages/PhaseNet/71_PhaseNet_20230412_223339.png
  Generated and saved plots in 12.72s
  Total time for this event: 153.65s

Processing reference event ID 72 at 2023-04-12T23:02:10.920000Z (31/33)
  Loaded 909 traces in 145.95s
  Found match for STALTA/Initial: event at 2023-04-12T23:04:10.539000Z
  Found match for PhaseNet/Initial: event at 2023-04-12T23:04:10.539000Z
  Found match for QMigrate/Initial: event at 2023-04-12T23:02:09.995000Z
  Found match for STALTA/VELEST: event at 2023-04-12T23:04:09.500000Z
  Found match for PhaseNet/VELEST: event at 2023-04-12T23:02:09.730000Z
  Found match for QMigrate/VELEST: event at 2023-04-12T23:02:10.360000Z
  Couldn't find match for STALTA/hypoinverse
  Found match for PhaseNet/hypoinverse: event at 2023-04-12T23:02:12.090000Z
  Found match for QMigrate/hypoinverse: event at 2023-04-12T23:02:12.090000Z
  Found match for STALTA/hypoinverse_corr: event at 2023-04-12T23:04:10.310000Z
  Found match for PhaseNet/hypoinverse_corr: event at 2023-04-12T23:02:10.950000Z
  Found match for QMigrate/hypoinverse_corr: event at 2023-04-12T23:02:10.730000Z
  Found match for STALTA/hypoDD_dtct: event at 2023-04-12T23:04:10.380000Z
  Found match for QMigrate/hypoDD_dtct: event at 2023-04-12T23:02:10.760000Z
  Found matched events in 0.00s
  Saved plot: record_sections/picker_stages/PhaseNet/72_PhaseNet_20230412_230210.png
  Generated and saved plots in 14.90s
  Total time for this event: 161.60s

Processing reference event ID 73 at 2023-04-12T23:04:10.360000Z (32/33)
  Loaded 909 traces in 140.34s
  Found match for STALTA/Initial: event at 2023-04-12T23:04:10.539000Z
  Found match for PhaseNet/Initial: event at 2023-04-12T23:04:10.539000Z
  Found match for QMigrate/Initial: event at 2023-04-12T23:04:09.625000Z
  Found match for STALTA/VELEST: event at 2023-04-12T23:04:09.500000Z
  Found match for PhaseNet/VELEST: event at 2023-04-12T23:04:09.390000Z
  Found match for QMigrate/VELEST: event at 2023-04-12T23:04:09.500000Z
  Found match for STALTA/hypoinverse: event at 2023-04-12T23:04:11.500000Z
  Found match for PhaseNet/hypoinverse: event at 2023-04-12T23:04:11.640000Z
  Found match for QMigrate/hypoinverse: event at 2023-04-12T23:04:11.550000Z
  Found match for STALTA/hypoinverse_corr: event at 2023-04-12T23:04:10.310000Z
  Found match for PhaseNet/hypoinverse_corr: event at 2023-04-12T23:04:10.420000Z
  Found match for QMigrate/hypoinverse_corr: event at 2023-04-12T23:04:10.240000Z
  Found match for STALTA/hypoDD_dtct: event at 2023-04-12T23:04:10.380000Z
  Found match for QMigrate/hypoDD_dtct: event at 2023-04-12T23:04:10.240000Z
  Found matched events in 0.01s
  Saved plot: record_sections/picker_stages/PhaseNet/73_PhaseNet_20230412_230410.png
  Generated and saved plots in 17.08s
  Total time for this event: 158.68s

Processing reference event ID 74 at 2023-04-12T23:06:22.900000Z (33/33)
  Loaded 909 traces in 144.38s
  Couldn't find match for STALTA/Initial
  Couldn't find match for PhaseNet/Initial
  Found match for QMigrate/Initial: event at 2023-04-12T23:06:21.985000Z
  Found match for STALTA/VELEST: event at 2023-04-12T23:06:20.400000Z
  Found match for PhaseNet/VELEST: event at 2023-04-12T23:06:21.570000Z
  Found match for QMigrate/VELEST: event at 2023-04-12T23:06:21.490000Z
  Couldn't find match for STALTA/hypoinverse
  Found match for PhaseNet/hypoinverse: event at 2023-04-12T23:06:23.370000Z
  Found match for QMigrate/hypoinverse: event at 2023-04-12T23:06:24.390000Z
  Found match for STALTA/hypoinverse_corr: event at 2023-04-12T23:06:23.770000Z
  Found match for PhaseNet/hypoinverse_corr: event at 2023-04-12T23:06:22.840000Z
  Found match for QMigrate/hypoinverse_corr: event at 2023-04-12T23:06:22.710000Z
  Couldn't find match for STALTA/hypoDD_dtct
  Found match for QMigrate/hypoDD_dtct: event at 2023-04-12T23:06:22.720000Z
  Found matched events in 0.00s
  Saved plot: record_sections/picker_stages/PhaseNet/74_PhaseNet_20230412_230622.png
  Generated and saved plots in 12.59s
  Total time for this event: 157.78s

Total script execution time: 5101.89s
  Running plot_mode: picker_stages for picker: QMigrate
Loaded station data in 0.00s
Using QMigrate/hypoDD_dtct as reference catalog for picker_stages mode.
Loaded reference catalog (26 events from QMigrate/hypoDD_dtct) in 0.01s
Initial/STALTA: has 40
Initial/PhaseNet: has 40
Initial/QMigrate: has 33
VELEST/STALTA: has 18
VELEST/PhaseNet: has 29
VELEST/QMigrate: has 28
hypoinverse/STALTA: has 19
hypoinverse/PhaseNet: has 35
hypoinverse/QMigrate: has 23
hypoinverse_corr/STALTA: has 16
hypoinverse_corr/PhaseNet: has 34
hypoinverse_corr/QMigrate: has 28
hypoDD_dtct/STALTA: has 13
hypoDD_dtct/PhaseNet: has 33
hypoDD_dtct/QMigrate: has 26
Loaded all other catalogs in 0.05s

Processing reference event ID 62 at 2023-04-12T01:07:45.800000Z (1/26)
  Loaded 765 traces in 137.94s
  Couldn't find match for STALTA/Initial
  Couldn't find match for PhaseNet/Initial
  Found match for QMigrate/Initial: event at 2023-04-12T01:07:45.085000Z
  Found match for STALTA/VELEST: event at 2023-04-12T01:07:44.300000Z
  Found match for PhaseNet/VELEST: event at 2023-04-12T01:07:44.330000Z
  Found match for QMigrate/VELEST: event at 2023-04-12T01:07:44.480000Z
  Found match for STALTA/hypoinverse: event at 2023-04-12T01:07:48.130000Z
  Found match for PhaseNet/hypoinverse: event at 2023-04-12T01:07:45.990000Z
  Couldn't find match for QMigrate/hypoinverse
  Found match for STALTA/hypoinverse_corr: event at 2023-04-12T01:07:46.090000Z
  Found match for PhaseNet/hypoinverse_corr: event at 2023-04-12T01:07:45.970000Z
  Found match for QMigrate/hypoinverse_corr: event at 2023-04-12T01:07:45.760000Z
  Found match for STALTA/hypoDD_dtct: event at 2023-04-12T01:07:45.980000Z
  Found match for PhaseNet/hypoDD_dtct: event at 2023-04-12T01:07:45.980000Z
  Found matched events in 0.00s
  Saved plot: record_sections/picker_stages/QMigrate/62_QMigrate_20230412_010745.png
  Generated and saved plots in 11.34s
  Total time for this event: 151.49s

Processing reference event ID 63 at 2023-04-12T01:49:36.020000Z (2/26)
  Loaded 765 traces in 135.31s
  Couldn't find match for STALTA/Initial
  Couldn't find match for PhaseNet/Initial
  Found match for QMigrate/Initial: event at 2023-04-12T01:49:35.415000Z
  Found match for STALTA/VELEST: event at 2023-04-12T01:49:32.040000Z
  Found match for PhaseNet/VELEST: event at 2023-04-12T01:49:35.510000Z
  Found match for QMigrate/VELEST: event at 2023-04-12T01:49:35.930000Z
  Found match for STALTA/hypoinverse: event at 2023-04-12T01:49:38.350000Z
  Found match for PhaseNet/hypoinverse: event at 2023-04-12T01:49:37.210000Z
  Found match for QMigrate/hypoinverse: event at 2023-04-12T01:49:37.390000Z
  Found match for STALTA/hypoinverse_corr: event at 2023-04-12T01:49:37.320000Z
  Found match for PhaseNet/hypoinverse_corr: event at 2023-04-12T01:49:36.420000Z
  Found match for QMigrate/hypoinverse_corr: event at 2023-04-12T01:49:36.190000Z
  Found match for STALTA/hypoDD_dtct: event at 2023-04-12T01:49:37.220000Z
  Found match for PhaseNet/hypoDD_dtct: event at 2023-04-12T01:49:36.170000Z
  Found matched events in 0.00s
  Saved plot: record_sections/picker_stages/QMigrate/63_QMigrate_20230412_014936.png
  Generated and saved plots in 14.60s
  Total time for this event: 150.58s

Processing reference event ID 64 at 2023-04-12T12:05:45.640000Z (3/26)
  Loaded 906 traces in 132.88s
  Found match for STALTA/Initial: event at 2023-04-12T12:05:45.945000Z
  Found match for PhaseNet/Initial: event at 2023-04-12T12:05:45.945000Z
  Found match for QMigrate/Initial: event at 2023-04-12T12:05:45.115000Z
  Found match for STALTA/VELEST: event at 2023-04-12T12:05:44.900000Z
  Found match for PhaseNet/VELEST: event at 2023-04-12T12:05:44.350000Z
  Found match for QMigrate/VELEST: event at 2023-04-12T12:05:44.910000Z
  Couldn't find match for STALTA/hypoinverse
  Found match for PhaseNet/hypoinverse: event at 2023-04-12T12:05:46.950000Z
  Found match for QMigrate/hypoinverse: event at 2023-04-12T12:05:47.320000Z
  Found match for STALTA/hypoinverse_corr: event at 2023-04-12T12:05:45.570000Z
  Found match for PhaseNet/hypoinverse_corr: event at 2023-04-12T12:05:45.870000Z
  Found match for QMigrate/hypoinverse_corr: event at 2023-04-12T12:05:45.610000Z
  Couldn't find match for STALTA/hypoDD_dtct
  Found match for PhaseNet/hypoDD_dtct: event at 2023-04-12T12:05:45.720000Z
  Found matched events in 0.00s
  Saved plot: record_sections/picker_stages/QMigrate/64_QMigrate_20230412_120545.png
  Generated and saved plots in 17.07s
  Total time for this event: 150.77s

Processing reference event ID 65 at 2023-04-12T14:08:23.560000Z (4/26)
  Loaded 909 traces in 131.02s
  Couldn't find match for STALTA/Initial
  Couldn't find match for PhaseNet/Initial
  Found match for QMigrate/Initial: event at 2023-04-12T14:08:22.875000Z
  Found match for STALTA/VELEST: event at 2023-04-12T14:08:22.380000Z
  Found match for PhaseNet/VELEST: event at 2023-04-12T14:08:21.490000Z
  Found match for QMigrate/VELEST: event at 2023-04-12T14:08:22.620000Z
  Found match for STALTA/hypoinverse: event at 2023-04-12T14:08:25.150000Z
  Found match for PhaseNet/hypoinverse: event at 2023-04-12T14:08:25.310000Z
  Found match for QMigrate/hypoinverse: event at 2023-04-12T14:08:25.220000Z
  Found match for STALTA/hypoinverse_corr: event at 2023-04-12T14:08:23.730000Z
  Found match for PhaseNet/hypoinverse_corr: event at 2023-04-12T14:08:23.790000Z
  Found match for QMigrate/hypoinverse_corr: event at 2023-04-12T14:08:23.780000Z
  Found match for STALTA/hypoDD_dtct: event at 2023-04-12T14:08:23.670000Z
  Found match for PhaseNet/hypoDD_dtct: event at 2023-04-12T14:08:23.720000Z
  Found matched events in 0.00s
  Saved plot: record_sections/picker_stages/QMigrate/65_QMigrate_20230412_140823.png
  Generated and saved plots in 16.34s
  Total time for this event: 148.13s

Processing reference event ID 66 at 2023-04-12T15:31:43.000000Z (5/26)
  Loaded 909 traces in 138.37s
  Couldn't find match for STALTA/Initial
  Couldn't find match for PhaseNet/Initial
  Found match for QMigrate/Initial: event at 2023-04-12T15:31:42.115000Z
  Couldn't find match for STALTA/VELEST
  Found match for PhaseNet/VELEST: event at 2023-04-12T15:31:41.410000Z
  Found match for QMigrate/VELEST: event at 2023-04-12T15:31:42.650000Z
  Couldn't find match for STALTA/hypoinverse
  Couldn't find match for PhaseNet/hypoinverse
  Couldn't find match for QMigrate/hypoinverse
  Couldn't find match for STALTA/hypoinverse_corr
  Found match for PhaseNet/hypoinverse_corr: event at 2023-04-12T15:31:43.170000Z
  Found match for QMigrate/hypoinverse_corr: event at 2023-04-12T15:31:43.000000Z
  Couldn't find match for STALTA/hypoDD_dtct
  Found match for PhaseNet/hypoDD_dtct: event at 2023-04-12T15:31:43.080000Z
  Found matched events in 0.00s
  Saved plot: record_sections/picker_stages/QMigrate/66_QMigrate_20230412_153143.png
  Generated and saved plots in 14.38s
  Total time for this event: 153.59s

Processing reference event ID 68 at 2023-04-12T16:54:13.390000Z (6/26)
  Loaded 909 traces in 141.27s
  Couldn't find match for STALTA/Initial
  Couldn't find match for PhaseNet/Initial
  Found match for QMigrate/Initial: event at 2023-04-12T16:54:12.640000Z
  Couldn't find match for STALTA/VELEST
  Found match for PhaseNet/VELEST: event at 2023-04-12T16:54:12.160000Z
  Found match for QMigrate/VELEST: event at 2023-04-12T16:54:12.720000Z
  Couldn't find match for STALTA/hypoinverse
  Found match for PhaseNet/hypoinverse: event at 2023-04-12T16:54:13.420000Z
  Found match for QMigrate/hypoinverse: event at 2023-04-12T16:54:13.370000Z
  Couldn't find match for STALTA/hypoinverse_corr
  Found match for PhaseNet/hypoinverse_corr: event at 2023-04-12T16:54:13.590000Z
  Found match for QMigrate/hypoinverse_corr: event at 2023-04-12T16:54:13.390000Z
  Couldn't find match for STALTA/hypoDD_dtct
  Found match for PhaseNet/hypoDD_dtct: event at 2023-04-12T16:54:13.560000Z
  Found matched events in 0.00s
  Saved plot: record_sections/picker_stages/QMigrate/68_QMigrate_20230412_165413.png
  Generated and saved plots in 17.39s
  Total time for this event: 159.52s

Processing reference event ID 69 at 2023-04-12T17:13:48.600000Z (7/26)
  Loaded 909 traces in 143.13s
  Couldn't find match for STALTA/Initial
  Couldn't find match for PhaseNet/Initial
  Found match for QMigrate/Initial: event at 2023-04-12T17:13:47.830000Z
  Couldn't find match for STALTA/VELEST
  Found match for PhaseNet/VELEST: event at 2023-04-12T17:13:47.520000Z
  Found match for QMigrate/VELEST: event at 2023-04-12T17:13:47.710000Z
  Couldn't find match for STALTA/hypoinverse
  Found match for PhaseNet/hypoinverse: event at 2023-04-12T17:13:49.520000Z
  Found match for QMigrate/hypoinverse: event at 2023-04-12T17:13:50.180000Z
  Couldn't find match for STALTA/hypoinverse_corr
  Found match for PhaseNet/hypoinverse_corr: event at 2023-04-12T17:13:48.770000Z
  Found match for QMigrate/hypoinverse_corr: event at 2023-04-12T17:13:48.880000Z
  Couldn't find match for STALTA/hypoDD_dtct
  Found match for PhaseNet/hypoDD_dtct: event at 2023-04-12T17:13:48.680000Z
  Found matched events in 0.00s
  Saved plot: record_sections/picker_stages/QMigrate/69_QMigrate_20230412_171348.png
  Generated and saved plots in 16.76s
  Total time for this event: 160.65s

Processing reference event ID 70 at 2023-04-12T17:57:18.680000Z (8/26)
  Loaded 909 traces in 143.74s
  Couldn't find match for STALTA/Initial
  Couldn't find match for PhaseNet/Initial
  Found match for QMigrate/Initial: event at 2023-04-12T17:57:18.005000Z
  Found match for STALTA/VELEST: event at 2023-04-12T17:57:17.680000Z
  Found match for PhaseNet/VELEST: event at 2023-04-12T17:57:18.030000Z
  Found match for QMigrate/VELEST: event at 2023-04-12T17:57:17.740000Z
  Found match for STALTA/hypoinverse: event at 2023-04-12T17:57:21.070000Z
  Found match for PhaseNet/hypoinverse: event at 2023-04-12T17:57:19.730000Z
  Found match for QMigrate/hypoinverse: event at 2023-04-12T17:57:19.950000Z
  Found match for STALTA/hypoinverse_corr: event at 2023-04-12T17:57:19.070000Z
  Found match for PhaseNet/hypoinverse_corr: event at 2023-04-12T17:57:18.840000Z
  Found match for QMigrate/hypoinverse_corr: event at 2023-04-12T17:57:18.780000Z
  Found match for STALTA/hypoDD_dtct: event at 2023-04-12T17:57:18.920000Z
  Found match for PhaseNet/hypoDD_dtct: event at 2023-04-12T17:57:18.800000Z
  Found matched events in 0.00s
  Saved plot: record_sections/picker_stages/QMigrate/70_QMigrate_20230412_175718.png
  Generated and saved plots in 16.89s
  Total time for this event: 161.41s

Processing reference event ID 71 at 2023-04-12T18:12:03.020000Z (9/26)
  Loaded 909 traces in 139.97s
  Couldn't find match for STALTA/Initial
  Couldn't find match for PhaseNet/Initial
  Found match for QMigrate/Initial: event at 2023-04-12T18:12:02.440000Z
  Couldn't find match for STALTA/VELEST
  Found match for PhaseNet/VELEST: event at 2023-04-12T18:12:02.560000Z
  Found match for QMigrate/VELEST: event at 2023-04-12T18:12:02.870000Z
  Couldn't find match for STALTA/hypoinverse
  Found match for PhaseNet/hypoinverse: event at 2023-04-12T18:12:04.060000Z
  Found match for QMigrate/hypoinverse: event at 2023-04-12T18:12:04.200000Z
  Couldn't find match for STALTA/hypoinverse_corr
  Found match for PhaseNet/hypoinverse_corr: event at 2023-04-12T18:12:03.150000Z
  Found match for QMigrate/hypoinverse_corr: event at 2023-04-12T18:12:02.980000Z
  Couldn't find match for STALTA/hypoDD_dtct
  Found match for PhaseNet/hypoDD_dtct: event at 2023-04-12T18:12:03.140000Z
  Found matched events in 0.00s
  Saved plot: record_sections/picker_stages/QMigrate/71_QMigrate_20230412_181203.png
  Generated and saved plots in 16.81s
  Total time for this event: 157.53s

Processing reference event ID 72 at 2023-04-12T18:36:26.960000Z (10/26)
  Loaded 909 traces in 142.31s
  Couldn't find match for STALTA/Initial
  Couldn't find match for PhaseNet/Initial
  Found match for QMigrate/Initial: event at 2023-04-12T18:36:26.375000Z
  Found match for STALTA/VELEST: event at 2023-04-12T18:36:26.550000Z
  Found match for PhaseNet/VELEST: event at 2023-04-12T18:36:26.070000Z
  Found match for QMigrate/VELEST: event at 2023-04-12T18:36:26.360000Z
  Found match for STALTA/hypoinverse: event at 2023-04-12T18:36:27.780000Z
  Found match for PhaseNet/hypoinverse: event at 2023-04-12T18:36:28.270000Z
  Found match for QMigrate/hypoinverse: event at 2023-04-12T18:36:28.080000Z
  Found match for STALTA/hypoinverse_corr: event at 2023-04-12T18:36:27.070000Z
  Found match for PhaseNet/hypoinverse_corr: event at 2023-04-12T18:36:27.130000Z
  Found match for QMigrate/hypoinverse_corr: event at 2023-04-12T18:36:27.010000Z
  Found match for STALTA/hypoDD_dtct: event at 2023-04-12T18:36:27.060000Z
  Found match for PhaseNet/hypoDD_dtct: event at 2023-04-12T18:36:27.060000Z
  Found matched events in 0.01s
  Saved plot: record_sections/picker_stages/QMigrate/72_QMigrate_20230412_183626.png
  Generated and saved plots in 17.28s
  Total time for this event: 160.36s

Processing reference event ID 73 at 2023-04-12T18:41:37.160000Z (11/26)
  Loaded 909 traces in 136.48s
  Couldn't find match for STALTA/Initial
  Couldn't find match for PhaseNet/Initial
  Found match for QMigrate/Initial: event at 2023-04-12T18:41:36.530000Z
  Found match for STALTA/VELEST: event at 2023-04-12T18:41:36.630000Z
  Found match for PhaseNet/VELEST: event at 2023-04-12T18:41:36.600000Z
  Found match for QMigrate/VELEST: event at 2023-04-12T18:41:36.520000Z
  Found match for STALTA/hypoinverse: event at 2023-04-12T18:41:39.550000Z
  Found match for PhaseNet/hypoinverse: event at 2023-04-12T18:41:38.410000Z
  Found match for QMigrate/hypoinverse: event at 2023-04-12T18:41:38.270000Z
  Found match for STALTA/hypoinverse_corr: event at 2023-04-12T18:41:38.010000Z
  Found match for PhaseNet/hypoinverse_corr: event at 2023-04-12T18:41:37.310000Z
  Found match for QMigrate/hypoinverse_corr: event at 2023-04-12T18:41:37.170000Z
  Couldn't find match for STALTA/hypoDD_dtct
  Found match for PhaseNet/hypoDD_dtct: event at 2023-04-12T18:41:37.360000Z
  Found matched events in 0.00s
  Saved plot: record_sections/picker_stages/QMigrate/73_QMigrate_20230412_184137.png
  Generated and saved plots in 15.22s
  Total time for this event: 152.51s

Processing reference event ID 74 at 2023-04-12T18:45:59.100000Z (12/26)
  Loaded 909 traces in 140.70s
  Couldn't find match for STALTA/Initial
  Couldn't find match for PhaseNet/Initial
  Found match for QMigrate/Initial: event at 2023-04-12T18:45:58.535000Z
  Found match for STALTA/VELEST: event at 2023-04-12T18:46:01.700000Z
  Found match for PhaseNet/VELEST: event at 2023-04-12T18:45:58.430000Z
  Found match for QMigrate/VELEST: event at 2023-04-12T18:45:58.560000Z
  Found match for STALTA/hypoinverse: event at 2023-04-12T18:46:03.550000Z
  Found match for PhaseNet/hypoinverse: event at 2023-04-12T18:46:00.410000Z
  Found match for QMigrate/hypoinverse: event at 2023-04-12T18:46:00.350000Z
  Couldn't find match for STALTA/hypoinverse_corr
  Found match for PhaseNet/hypoinverse_corr: event at 2023-04-12T18:45:59.210000Z
  Found match for QMigrate/hypoinverse_corr: event at 2023-04-12T18:45:59.100000Z
  Couldn't find match for STALTA/hypoDD_dtct
  Found match for PhaseNet/hypoDD_dtct: event at 2023-04-12T18:45:59.240000Z
  Found matched events in 0.00s
  Saved plot: record_sections/picker_stages/QMigrate/74_QMigrate_20230412_184559.png
  Generated and saved plots in 16.74s
  Total time for this event: 158.23s

Processing reference event ID 76 at 2023-04-12T19:24:48.540000Z (13/26)
  Loaded 909 traces in 133.21s
  Couldn't find match for STALTA/Initial
  Couldn't find match for PhaseNet/Initial
  Found match for QMigrate/Initial: event at 2023-04-12T19:24:47.890000Z
  Couldn't find match for STALTA/VELEST
  Couldn't find match for PhaseNet/VELEST
  Found match for QMigrate/VELEST: event at 2023-04-12T19:24:48.310000Z
  Couldn't find match for STALTA/hypoinverse
  Couldn't find match for PhaseNet/hypoinverse
  Couldn't find match for QMigrate/hypoinverse
  Couldn't find match for STALTA/hypoinverse_corr
  Found match for PhaseNet/hypoinverse_corr: event at 2023-04-12T19:24:48.880000Z
  Found match for QMigrate/hypoinverse_corr: event at 2023-04-12T19:24:48.240000Z
  Couldn't find match for STALTA/hypoDD_dtct
  Found match for PhaseNet/hypoDD_dtct: event at 2023-04-12T19:24:48.560000Z
  Found matched events in 0.00s
  Saved plot: record_sections/picker_stages/QMigrate/76_QMigrate_20230412_192448.png
  Generated and saved plots in 13.72s
  Total time for this event: 147.70s

Processing reference event ID 77 at 2023-04-12T20:02:26.200000Z (14/26)
  Loaded 909 traces in 133.04s
  Couldn't find match for STALTA/Initial
  Couldn't find match for PhaseNet/Initial
  Found match for QMigrate/Initial: event at 2023-04-12T20:02:25.585000Z
  Found match for STALTA/VELEST: event at 2023-04-12T20:02:29.730000Z
  Found match for PhaseNet/VELEST: event at 2023-04-12T20:02:25.040000Z
  Found match for QMigrate/VELEST: event at 2023-04-12T20:02:25.280000Z
  Found match for STALTA/hypoinverse: event at 2023-04-12T20:02:30.590000Z
  Found match for PhaseNet/hypoinverse: event at 2023-04-12T20:02:27.380000Z
  Found match for QMigrate/hypoinverse: event at 2023-04-12T20:02:27.570000Z
  Couldn't find match for STALTA/hypoinverse_corr
  Found match for PhaseNet/hypoinverse_corr: event at 2023-04-12T20:02:26.310000Z
  Found match for QMigrate/hypoinverse_corr: event at 2023-04-12T20:02:26.250000Z
  Couldn't find match for STALTA/hypoDD_dtct
  Found match for PhaseNet/hypoDD_dtct: event at 2023-04-12T20:02:26.320000Z
  Found matched events in 0.00s
  Saved plot: record_sections/picker_stages/QMigrate/77_QMigrate_20230412_200226.png
  Generated and saved plots in 16.80s
  Total time for this event: 150.65s

Processing reference event ID 78 at 2023-04-12T20:17:30.600000Z (15/26)
  Loaded 909 traces in 140.89s
  Couldn't find match for STALTA/Initial
  Couldn't find match for PhaseNet/Initial
  Found match for QMigrate/Initial: event at 2023-04-12T20:17:30.085000Z
  Found match for STALTA/VELEST: event at 2023-04-12T20:17:30.010000Z
  Found match for PhaseNet/VELEST: event at 2023-04-12T20:17:30.030000Z
  Found match for QMigrate/VELEST: event at 2023-04-12T20:17:30.210000Z
  Found match for STALTA/hypoinverse: event at 2023-04-12T20:17:31.990000Z
  Found match for PhaseNet/hypoinverse: event at 2023-04-12T20:17:31.810000Z
  Found match for QMigrate/hypoinverse: event at 2023-04-12T20:17:31.850000Z
  Found match for STALTA/hypoinverse_corr: event at 2023-04-12T20:17:30.950000Z
  Found match for PhaseNet/hypoinverse_corr: event at 2023-04-12T20:17:30.780000Z
  Found match for QMigrate/hypoinverse_corr: event at 2023-04-12T20:17:30.740000Z
  Found match for STALTA/hypoDD_dtct: event at 2023-04-12T20:17:30.840000Z
  Found match for PhaseNet/hypoDD_dtct: event at 2023-04-12T20:17:30.720000Z
  Found matched events in 0.00s
  Saved plot: record_sections/picker_stages/QMigrate/78_QMigrate_20230412_201730.png
  Generated and saved plots in 16.84s
  Total time for this event: 158.50s

Processing reference event ID 79 at 2023-04-12T20:22:13.360000Z (16/26)
  Loaded 909 traces in 132.78s
  Couldn't find match for STALTA/Initial
  Couldn't find match for PhaseNet/Initial
  Found match for QMigrate/Initial: event at 2023-04-12T20:22:12.695000Z
  Found match for STALTA/VELEST: event at 2023-04-12T20:22:12.240000Z
  Found match for PhaseNet/VELEST: event at 2023-04-12T20:22:11.480000Z
  Found match for QMigrate/VELEST: event at 2023-04-12T20:22:11.660000Z
  Found match for STALTA/hypoinverse: event at 2023-04-12T20:22:14.290000Z
  Found match for PhaseNet/hypoinverse: event at 2023-04-12T20:22:15.110000Z
  Found match for QMigrate/hypoinverse: event at 2023-04-12T20:22:14.400000Z
  Found match for STALTA/hypoinverse_corr: event at 2023-04-12T20:22:13.500000Z
  Found match for PhaseNet/hypoinverse_corr: event at 2023-04-12T20:22:13.630000Z
  Found match for QMigrate/hypoinverse_corr: event at 2023-04-12T20:22:13.460000Z
  Found match for STALTA/hypoDD_dtct: event at 2023-04-12T20:22:13.480000Z
  Found match for PhaseNet/hypoDD_dtct: event at 2023-04-12T20:22:13.560000Z
  Found matched events in 0.00s
  Saved plot: record_sections/picker_stages/QMigrate/79_QMigrate_20230412_202213.png
  Generated and saved plots in 16.48s
  Total time for this event: 150.03s

Processing reference event ID 80 at 2023-04-12T21:16:24.880000Z (17/26)
  Loaded 909 traces in 129.50s
  Found match for STALTA/Initial: event at 2023-04-12T21:16:25.332000Z
  Found match for PhaseNet/Initial: event at 2023-04-12T21:16:25.332000Z
  Found match for QMigrate/Initial: event at 2023-04-12T21:16:24.235000Z
  Found match for STALTA/VELEST: event at 2023-04-12T21:16:27.760000Z
  Found match for PhaseNet/VELEST: event at 2023-04-12T21:16:23.850000Z
  Found match for QMigrate/VELEST: event at 2023-04-12T21:16:24.390000Z
  Found match for STALTA/hypoinverse: event at 2023-04-12T21:16:29.840000Z
  Found match for PhaseNet/hypoinverse: event at 2023-04-12T21:16:26.400000Z
  Found match for QMigrate/hypoinverse: event at 2023-04-12T21:16:26.590000Z
  Couldn't find match for STALTA/hypoinverse_corr
  Found match for PhaseNet/hypoinverse_corr: event at 2023-04-12T21:16:25.000000Z
  Found match for QMigrate/hypoinverse_corr: event at 2023-04-12T21:16:24.920000Z
  Couldn't find match for STALTA/hypoDD_dtct
  Found match for PhaseNet/hypoDD_dtct: event at 2023-04-12T21:16:25.060000Z
  Found matched events in 0.00s
  Saved plot: record_sections/picker_stages/QMigrate/80_QMigrate_20230412_211624.png
  Generated and saved plots in 16.58s
  Total time for this event: 146.87s

Processing reference event ID 81 at 2023-04-12T21:22:09.000000Z (18/26)
  Loaded 909 traces in 122.16s
  Couldn't find match for STALTA/Initial
  Couldn't find match for PhaseNet/Initial
  Found match for QMigrate/Initial: event at 2023-04-12T21:22:08.265000Z
  Couldn't find match for STALTA/VELEST
  Found match for PhaseNet/VELEST: event at 2023-04-12T21:22:07.460000Z
  Found match for QMigrate/VELEST: event at 2023-04-12T21:22:08.750000Z
  Couldn't find match for STALTA/hypoinverse
  Found match for PhaseNet/hypoinverse: event at 2023-04-12T21:22:10.330000Z
  Found match for QMigrate/hypoinverse: event at 2023-04-12T21:22:10.690000Z
  Couldn't find match for STALTA/hypoinverse_corr
  Found match for PhaseNet/hypoinverse_corr: event at 2023-04-12T21:22:09.150000Z
  Found match for QMigrate/hypoinverse_corr: event at 2023-04-12T21:22:08.960000Z
  Couldn't find match for STALTA/hypoDD_dtct
  Found match for PhaseNet/hypoDD_dtct: event at 2023-04-12T21:22:09.140000Z
  Found matched events in 0.00s
  Saved plot: record_sections/picker_stages/QMigrate/81_QMigrate_20230412_212209.png
  Generated and saved plots in 17.04s
  Total time for this event: 139.95s

Processing reference event ID 82 at 2023-04-12T21:41:29.040000Z (19/26)
  Loaded 909 traces in 127.31s
  Couldn't find match for STALTA/Initial
  Couldn't find match for PhaseNet/Initial
  Found match for QMigrate/Initial: event at 2023-04-12T21:41:28.440000Z
  Found match for STALTA/VELEST: event at 2023-04-12T21:41:27.920000Z
  Found match for PhaseNet/VELEST: event at 2023-04-12T21:41:27.910000Z
  Found match for QMigrate/VELEST: event at 2023-04-12T21:41:27.750000Z
  Found match for STALTA/hypoinverse: event at 2023-04-12T21:41:30.530000Z
  Found match for PhaseNet/hypoinverse: event at 2023-04-12T21:41:29.640000Z
  Found match for QMigrate/hypoinverse: event at 2023-04-12T21:41:29.560000Z
  Found match for STALTA/hypoinverse_corr: event at 2023-04-12T21:41:29.260000Z
  Found match for PhaseNet/hypoinverse_corr: event at 2023-04-12T21:41:29.210000Z
  Found match for QMigrate/hypoinverse_corr: event at 2023-04-12T21:41:29.130000Z
  Found match for STALTA/hypoDD_dtct: event at 2023-04-12T21:41:29.240000Z
  Found match for PhaseNet/hypoDD_dtct: event at 2023-04-12T21:41:29.200000Z
  Found matched events in 0.00s
  Saved plot: record_sections/picker_stages/QMigrate/82_QMigrate_20230412_214129.png
  Generated and saved plots in 15.81s
  Total time for this event: 143.92s

Processing reference event ID 83 at 2023-04-12T21:46:33.760000Z (20/26)
  Loaded 909 traces in 128.09s
  Couldn't find match for STALTA/Initial
  Couldn't find match for PhaseNet/Initial
  Found match for QMigrate/Initial: event at 2023-04-12T21:46:33.045000Z
  Found match for STALTA/VELEST: event at 2023-04-12T21:46:32.850000Z
  Found match for PhaseNet/VELEST: event at 2023-04-12T21:46:32.410000Z
  Found match for QMigrate/VELEST: event at 2023-04-12T21:46:32.900000Z
  Found match for STALTA/hypoinverse: event at 2023-04-12T21:46:35.510000Z
  Found match for PhaseNet/hypoinverse: event at 2023-04-12T21:46:34.100000Z
  Found match for QMigrate/hypoinverse: event at 2023-04-12T21:46:33.880000Z
  Found match for STALTA/hypoinverse_corr: event at 2023-04-12T21:46:33.940000Z
  Found match for PhaseNet/hypoinverse_corr: event at 2023-04-12T21:46:33.920000Z
  Found match for QMigrate/hypoinverse_corr: event at 2023-04-12T21:46:33.740000Z
  Found match for STALTA/hypoDD_dtct: event at 2023-04-12T21:46:33.920000Z
  Found match for PhaseNet/hypoDD_dtct: event at 2023-04-12T21:46:33.920000Z
  Found matched events in 0.00s
  Saved plot: record_sections/picker_stages/QMigrate/83_QMigrate_20230412_214633.png
  Generated and saved plots in 16.90s
  Total time for this event: 145.77s

Processing reference event ID 84 at 2023-04-12T21:49:55.680000Z (21/26)
  Loaded 909 traces in 125.77s
  Couldn't find match for STALTA/Initial
  Couldn't find match for PhaseNet/Initial
  Found match for QMigrate/Initial: event at 2023-04-12T21:49:54.980000Z
  Couldn't find match for STALTA/VELEST
  Found match for PhaseNet/VELEST: event at 2023-04-12T21:49:53.570000Z
  Found match for QMigrate/VELEST: event at 2023-04-12T21:49:54.640000Z
  Couldn't find match for STALTA/hypoinverse
  Couldn't find match for PhaseNet/hypoinverse
  Found match for QMigrate/hypoinverse: event at 2023-04-12T21:49:56.950000Z
  Couldn't find match for STALTA/hypoinverse_corr
  Found match for PhaseNet/hypoinverse_corr: event at 2023-04-12T21:49:55.740000Z
  Found match for QMigrate/hypoinverse_corr: event at 2023-04-12T21:49:55.630000Z
  Couldn't find match for STALTA/hypoDD_dtct
  Found match for PhaseNet/hypoDD_dtct: event at 2023-04-12T21:49:55.720000Z
  Found matched events in 0.00s
  Saved plot: record_sections/picker_stages/QMigrate/84_QMigrate_20230412_214955.png
  Generated and saved plots in 17.18s
  Total time for this event: 143.71s

Processing reference event ID 85 at 2023-04-12T22:02:14.200000Z (22/26)
  Loaded 909 traces in 128.32s
  Couldn't find match for STALTA/Initial
  Couldn't find match for PhaseNet/Initial
  Found match for QMigrate/Initial: event at 2023-04-12T22:02:13.370000Z
  Found match for STALTA/VELEST: event at 2023-04-12T22:02:18.470000Z
  Found match for PhaseNet/VELEST: event at 2023-04-12T22:02:12.260000Z
  Found match for QMigrate/VELEST: event at 2023-04-12T22:02:12.400000Z
  Found match for STALTA/hypoinverse: event at 2023-04-12T22:02:19.370000Z
  Found match for PhaseNet/hypoinverse: event at 2023-04-12T22:02:14.820000Z
  Found match for QMigrate/hypoinverse: event at 2023-04-12T22:02:14.750000Z
  Couldn't find match for STALTA/hypoinverse_corr
  Found match for PhaseNet/hypoinverse_corr: event at 2023-04-12T22:02:14.320000Z
  Found match for QMigrate/hypoinverse_corr: event at 2023-04-12T22:02:14.200000Z
  Couldn't find match for STALTA/hypoDD_dtct
  Found match for PhaseNet/hypoDD_dtct: event at 2023-04-12T22:02:14.360000Z
  Found matched events in 0.00s
  Saved plot: record_sections/picker_stages/QMigrate/85_QMigrate_20230412_220214.png
  Generated and saved plots in 16.20s
  Total time for this event: 145.27s

Processing reference event ID 86 at 2023-04-12T22:33:39.320000Z (23/26)
  Loaded 909 traces in 136.01s
  Couldn't find match for STALTA/Initial
  Couldn't find match for PhaseNet/Initial
  Found match for QMigrate/Initial: event at 2023-04-12T22:33:38.605000Z
  Couldn't find match for STALTA/VELEST
  Found match for PhaseNet/VELEST: event at 2023-04-12T22:33:37.570000Z
  Found match for QMigrate/VELEST: event at 2023-04-12T22:33:37.630000Z
  Couldn't find match for STALTA/hypoinverse
  Found match for PhaseNet/hypoinverse: event at 2023-04-12T22:33:40.690000Z
  Found match for QMigrate/hypoinverse: event at 2023-04-12T22:33:39.730000Z
  Couldn't find match for STALTA/hypoinverse_corr
  Found match for PhaseNet/hypoinverse_corr: event at 2023-04-12T22:33:39.490000Z
  Found match for QMigrate/hypoinverse_corr: event at 2023-04-12T22:33:39.280000Z
  Couldn't find match for STALTA/hypoDD_dtct
  Found match for PhaseNet/hypoDD_dtct: event at 2023-04-12T22:33:39.480000Z
  Found matched events in 0.00s
  Saved plot: record_sections/picker_stages/QMigrate/86_QMigrate_20230412_223339.png
  Generated and saved plots in 16.25s
  Total time for this event: 153.05s

Processing reference event ID 87 at 2023-04-12T23:02:10.760000Z (24/26)
  Loaded 909 traces in 133.98s
  Found match for STALTA/Initial: event at 2023-04-12T23:04:10.539000Z
  Found match for PhaseNet/Initial: event at 2023-04-12T23:04:10.539000Z
  Found match for QMigrate/Initial: event at 2023-04-12T23:02:09.995000Z
  Found match for STALTA/VELEST: event at 2023-04-12T23:04:09.500000Z
  Found match for PhaseNet/VELEST: event at 2023-04-12T23:02:09.730000Z
  Found match for QMigrate/VELEST: event at 2023-04-12T23:02:10.360000Z
  Couldn't find match for STALTA/hypoinverse
  Found match for PhaseNet/hypoinverse: event at 2023-04-12T23:02:12.090000Z
  Found match for QMigrate/hypoinverse: event at 2023-04-12T23:02:12.090000Z
  Found match for STALTA/hypoinverse_corr: event at 2023-04-12T23:04:10.310000Z
  Found match for PhaseNet/hypoinverse_corr: event at 2023-04-12T23:02:10.950000Z
  Found match for QMigrate/hypoinverse_corr: event at 2023-04-12T23:02:10.730000Z
  Found match for STALTA/hypoDD_dtct: event at 2023-04-12T23:04:10.380000Z
  Found match for PhaseNet/hypoDD_dtct: event at 2023-04-12T23:02:10.920000Z
  Found matched events in 0.00s
  Saved plot: record_sections/picker_stages/QMigrate/87_QMigrate_20230412_230210.png
  Generated and saved plots in 16.73s
  Total time for this event: 151.47s

Processing reference event ID 88 at 2023-04-12T23:04:10.240000Z (25/26)
  Loaded 909 traces in 133.84s
  Found match for STALTA/Initial: event at 2023-04-12T23:04:10.539000Z
  Found match for PhaseNet/Initial: event at 2023-04-12T23:04:10.539000Z
  Found match for QMigrate/Initial: event at 2023-04-12T23:04:09.625000Z
  Found match for STALTA/VELEST: event at 2023-04-12T23:04:09.500000Z
  Found match for PhaseNet/VELEST: event at 2023-04-12T23:04:09.390000Z
  Found match for QMigrate/VELEST: event at 2023-04-12T23:04:09.500000Z
  Found match for STALTA/hypoinverse: event at 2023-04-12T23:04:11.500000Z
  Found match for PhaseNet/hypoinverse: event at 2023-04-12T23:04:11.640000Z
  Found match for QMigrate/hypoinverse: event at 2023-04-12T23:04:11.550000Z
  Found match for STALTA/hypoinverse_corr: event at 2023-04-12T23:04:10.310000Z
  Found match for PhaseNet/hypoinverse_corr: event at 2023-04-12T23:04:10.420000Z
  Found match for QMigrate/hypoinverse_corr: event at 2023-04-12T23:04:10.240000Z
  Found match for STALTA/hypoDD_dtct: event at 2023-04-12T23:04:10.380000Z
  Found match for PhaseNet/hypoDD_dtct: event at 2023-04-12T23:04:10.360000Z
  Found matched events in 0.00s
  Saved plot: record_sections/picker_stages/QMigrate/88_QMigrate_20230412_230410.png
  Generated and saved plots in 16.58s
  Total time for this event: 151.20s

Processing reference event ID 89 at 2023-04-12T23:06:22.720000Z (26/26)
  Loaded 909 traces in 139.71s
  Couldn't find match for STALTA/Initial
  Couldn't find match for PhaseNet/Initial
  Found match for QMigrate/Initial: event at 2023-04-12T23:06:21.985000Z
  Found match for STALTA/VELEST: event at 2023-04-12T23:06:20.400000Z
  Found match for PhaseNet/VELEST: event at 2023-04-12T23:06:21.570000Z
  Found match for QMigrate/VELEST: event at 2023-04-12T23:06:21.490000Z
  Couldn't find match for STALTA/hypoinverse
  Found match for PhaseNet/hypoinverse: event at 2023-04-12T23:06:23.370000Z
  Found match for QMigrate/hypoinverse: event at 2023-04-12T23:06:24.390000Z
  Found match for STALTA/hypoinverse_corr: event at 2023-04-12T23:06:23.770000Z
  Found match for PhaseNet/hypoinverse_corr: event at 2023-04-12T23:06:22.840000Z
  Found match for QMigrate/hypoinverse_corr: event at 2023-04-12T23:06:22.710000Z
  Couldn't find match for STALTA/hypoDD_dtct
  Found match for PhaseNet/hypoDD_dtct: event at 2023-04-12T23:06:22.900000Z
  Found matched events in 0.00s
  Saved plot: record_sections/picker_stages/QMigrate/89_QMigrate_20230412_230622.png
  Generated and saved plots in 15.11s
  Total time for this event: 155.60s

Total script execution time: 3948.51s
Processing date: 2023-04-13
  Running plot_mode: all_in_one
Loaded station data in 0.00s
Loaded reference catalog (22 events from QMigrate/hypoDD_dtct) in 0.01s
Initial/STALTA: has 37
Initial/PhaseNet: has 37
Initial/QMigrate: has 26
VELEST/STALTA: has 11
VELEST/PhaseNet: has 28
VELEST/QMigrate: has 21
hypoinverse/STALTA: has 14
hypoinverse/PhaseNet: has 31
hypoinverse/QMigrate: has 15
hypoinverse_corr/STALTA: has 10
hypoinverse_corr/PhaseNet: has 31
hypoinverse_corr/QMigrate: has 22
hypoDD_dtct/STALTA: has 8
hypoDD_dtct/PhaseNet: has 29
hypoDD_dtct/QMigrate: has 22
Loaded all other catalogs in 0.05s

Processing reference event ID 90 at 2023-04-13T00:19:07.030000Z (1/22)
  Loaded 907 traces in 115.39s
  Couldn't find match for STALTA/Initial
  Couldn't find match for PhaseNet/Initial
  Found match for QMigrate/Initial: event at 2023-04-13T00:19:06.365000Z
  Couldn't find match for STALTA/VELEST
  Couldn't find match for PhaseNet/VELEST
  Found match for QMigrate/VELEST: event at 2023-04-13T00:19:07.060000Z
  Couldn't find match for STALTA/hypoinverse
  Found match for PhaseNet/hypoinverse: event at 2023-04-13T00:19:07.100000Z
  Found match for QMigrate/hypoinverse: event at 2023-04-13T00:19:07.930000Z
  Couldn't find match for STALTA/hypoinverse_corr
  Found match for PhaseNet/hypoinverse_corr: event at 2023-04-13T00:19:07.160000Z
  Found match for QMigrate/hypoinverse_corr: event at 2023-04-13T00:19:06.910000Z
  Couldn't find match for STALTA/hypoDD_dtct
  Found match for PhaseNet/hypoDD_dtct: event at 2023-04-13T00:19:07.150000Z
  Found matched events in 0.00s
  Saved plot: record_sections/all_in_one/90_20230413_001907_N.png
  Saved plot: record_sections/all_in_one/90_20230413_001907_E.png
  Saved plot: record_sections/all_in_one/90_20230413_001907_Z.png
  Generated and saved plots in 27.26s
  Total time for this event: 145.74s

Processing reference event ID 91 at 2023-04-13T04:13:49.030000Z (2/22)
  Loaded 907 traces in 102.45s
  Couldn't find match for STALTA/Initial
  Couldn't find match for PhaseNet/Initial
  Found match for QMigrate/Initial: event at 2023-04-13T04:13:48.445000Z
  Couldn't find match for STALTA/VELEST
  Found match for PhaseNet/VELEST: event at 2023-04-13T04:13:46.590000Z
  Found match for QMigrate/VELEST: event at 2023-04-13T04:13:48.520000Z
  Couldn't find match for STALTA/hypoinverse
  Found match for PhaseNet/hypoinverse: event at 2023-04-13T04:13:49.310000Z
  Found match for QMigrate/hypoinverse: event at 2023-04-13T04:13:49.990000Z
  Couldn't find match for STALTA/hypoinverse_corr
  Found match for PhaseNet/hypoinverse_corr: event at 2023-04-13T04:13:49.340000Z
  Found match for QMigrate/hypoinverse_corr: event at 2023-04-13T04:13:49.000000Z
  Couldn't find match for STALTA/hypoDD_dtct
  Found match for PhaseNet/hypoDD_dtct: event at 2023-04-13T04:13:49.160000Z
  Found matched events in 0.00s
  Saved plot: record_sections/all_in_one/91_20230413_041349_N.png
  Saved plot: record_sections/all_in_one/91_20230413_041349_E.png
  Saved plot: record_sections/all_in_one/91_20230413_041349_Z.png
  Generated and saved plots in 30.71s
  Total time for this event: 133.93s

Processing reference event ID 92 at 2023-04-13T08:30:26.330000Z (3/22)
  Loaded 907 traces in 101.99s
  Couldn't find match for STALTA/Initial
  Couldn't find match for PhaseNet/Initial
  Found match for QMigrate/Initial: event at 2023-04-13T08:30:25.265000Z
  Found match for STALTA/VELEST: event at 2023-04-13T08:30:25.600000Z
  Found match for PhaseNet/VELEST: event at 2023-04-13T08:30:25.080000Z
  Found match for QMigrate/VELEST: event at 2023-04-13T08:30:26.010000Z
  Couldn't find match for STALTA/hypoinverse
  Couldn't find match for PhaseNet/hypoinverse
  Couldn't find match for QMigrate/hypoinverse
  Found match for STALTA/hypoinverse_corr: event at 2023-04-13T08:30:28.200000Z
  Found match for PhaseNet/hypoinverse_corr: event at 2023-04-13T08:30:26.610000Z
  Found match for QMigrate/hypoinverse_corr: event at 2023-04-13T08:30:26.330000Z
  Couldn't find match for STALTA/hypoDD_dtct
  Couldn't find match for PhaseNet/hypoDD_dtct
  Found matched events in 0.00s
  Saved plot: record_sections/all_in_one/92_20230413_083026_N.png
  Saved plot: record_sections/all_in_one/92_20230413_083026_E.png
  Saved plot: record_sections/all_in_one/92_20230413_083026_Z.png
  Generated and saved plots in 27.72s
  Total time for this event: 130.51s

Processing reference event ID 93 at 2023-04-13T11:46:58.810000Z (4/22)
  Loaded 907 traces in 106.61s
  Couldn't find match for STALTA/Initial
  Couldn't find match for PhaseNet/Initial
  Found match for QMigrate/Initial: event at 2023-04-13T11:46:58.130000Z
  Couldn't find match for STALTA/VELEST
  Found match for PhaseNet/VELEST: event at 2023-04-13T11:46:57.560000Z
  Found match for QMigrate/VELEST: event at 2023-04-13T11:46:57.650000Z
  Found match for STALTA/hypoinverse: event at 2023-04-13T11:47:00.450000Z
  Found match for PhaseNet/hypoinverse: event at 2023-04-13T11:46:59.030000Z
  Found match for QMigrate/hypoinverse: event at 2023-04-13T11:46:59.170000Z
  Found match for STALTA/hypoinverse_corr: event at 2023-04-13T11:46:59.180000Z
  Found match for PhaseNet/hypoinverse_corr: event at 2023-04-13T11:46:59.060000Z
  Found match for QMigrate/hypoinverse_corr: event at 2023-04-13T11:46:58.930000Z
  Found match for STALTA/hypoDD_dtct: event at 2023-04-13T11:46:58.960000Z
  Found match for PhaseNet/hypoDD_dtct: event at 2023-04-13T11:46:58.970000Z
  Found matched events in 0.00s
  Saved plot: record_sections/all_in_one/93_20230413_114658_N.png
  Saved plot: record_sections/all_in_one/93_20230413_114658_E.png
  Saved plot: record_sections/all_in_one/93_20230413_114658_Z.png
  Generated and saved plots in 36.85s
  Total time for this event: 144.21s

Processing reference event ID 94 at 2023-04-13T11:51:26.040000Z (5/22)
  Loaded 907 traces in 116.27s
  Couldn't find match for STALTA/Initial
  Couldn't find match for PhaseNet/Initial
  Found match for QMigrate/Initial: event at 2023-04-13T11:51:25.315000Z
  Found match for STALTA/VELEST: event at 2023-04-13T11:51:29.870000Z
  Found match for PhaseNet/VELEST: event at 2023-04-13T11:51:24.970000Z
  Found match for QMigrate/VELEST: event at 2023-04-13T11:51:25.940000Z
  Found match for STALTA/hypoinverse: event at 2023-04-13T11:51:31.760000Z
  Found match for PhaseNet/hypoinverse: event at 2023-04-13T11:51:26.350000Z
  Couldn't find match for QMigrate/hypoinverse
  Found match for STALTA/hypoinverse_corr: event at 2023-04-13T11:51:29.770000Z
  Found match for PhaseNet/hypoinverse_corr: event at 2023-04-13T11:51:26.300000Z
  Found match for QMigrate/hypoinverse_corr: event at 2023-04-13T11:51:26.070000Z
  Couldn't find match for STALTA/hypoDD_dtct
  Found match for PhaseNet/hypoDD_dtct: event at 2023-04-13T11:51:26.210000Z
  Found matched events in 0.00s
  Saved plot: record_sections/all_in_one/94_20230413_115126_N.png
  Saved plot: record_sections/all_in_one/94_20230413_115126_E.png
  Saved plot: record_sections/all_in_one/94_20230413_115126_Z.png
  Generated and saved plots in 33.06s
  Total time for this event: 150.07s

Processing reference event ID 95 at 2023-04-13T13:05:13.860000Z (6/22)
  Loaded 907 traces in 126.61s
  Couldn't find match for STALTA/Initial
  Couldn't find match for PhaseNet/Initial
  Found match for QMigrate/Initial: event at 2023-04-13T13:05:13.260000Z
  Couldn't find match for STALTA/VELEST
  Found match for PhaseNet/VELEST: event at 2023-04-13T13:05:13.460000Z
  Found match for QMigrate/VELEST: event at 2023-04-13T13:05:13.680000Z
  Couldn't find match for STALTA/hypoinverse
  Couldn't find match for PhaseNet/hypoinverse
  Found match for QMigrate/hypoinverse: event at 2023-04-13T13:05:15.430000Z
  Couldn't find match for STALTA/hypoinverse_corr
  Found match for PhaseNet/hypoinverse_corr: event at 2023-04-13T13:05:13.980000Z
  Found match for QMigrate/hypoinverse_corr: event at 2023-04-13T13:05:14.150000Z
  Couldn't find match for STALTA/hypoDD_dtct
  Found match for PhaseNet/hypoDD_dtct: event at 2023-04-13T13:05:13.970000Z
  Found matched events in 0.00s
  Saved plot: record_sections/all_in_one/95_20230413_130513_N.png
  Saved plot: record_sections/all_in_one/95_20230413_130513_E.png
  Saved plot: record_sections/all_in_one/95_20230413_130513_Z.png
  Generated and saved plots in 28.16s
  Total time for this event: 155.52s

Processing reference event ID 96 at 2023-04-13T13:30:17.620000Z (7/22)
  Loaded 907 traces in 136.43s
  Couldn't find match for STALTA/Initial
  Couldn't find match for PhaseNet/Initial
  Found match for QMigrate/Initial: event at 2023-04-13T13:30:16.830000Z
  Found match for STALTA/VELEST: event at 2023-04-13T13:30:16.330000Z
  Found match for PhaseNet/VELEST: event at 2023-04-13T13:30:15.400000Z
  Found match for QMigrate/VELEST: event at 2023-04-13T13:30:16.430000Z
  Found match for STALTA/hypoinverse: event at 2023-04-13T13:30:18.460000Z
  Found match for PhaseNet/hypoinverse: event at 2023-04-13T13:30:18.360000Z
  Found match for QMigrate/hypoinverse: event at 2023-04-13T13:30:18.400000Z
  Found match for STALTA/hypoinverse_corr: event at 2023-04-13T13:30:17.740000Z
  Found match for PhaseNet/hypoinverse_corr: event at 2023-04-13T13:30:17.740000Z
  Found match for QMigrate/hypoinverse_corr: event at 2023-04-13T13:30:17.680000Z
  Found match for STALTA/hypoDD_dtct: event at 2023-04-13T13:30:17.710000Z
  Found match for PhaseNet/hypoDD_dtct: event at 2023-04-13T13:30:17.710000Z
  Found matched events in 0.00s
  Saved plot: record_sections/all_in_one/96_20230413_133017_N.png
  Saved plot: record_sections/all_in_one/96_20230413_133017_E.png
  Saved plot: record_sections/all_in_one/96_20230413_133017_Z.png
  Generated and saved plots in 40.08s
  Total time for this event: 177.26s

Processing reference event ID 97 at 2023-04-13T13:35:37.620000Z (8/22)
  Loaded 907 traces in 127.62s
  Found match for STALTA/Initial: event at 2023-04-13T13:35:37.880000Z
  Found match for PhaseNet/Initial: event at 2023-04-13T13:35:37.880000Z
  Found match for QMigrate/Initial: event at 2023-04-13T13:35:36.700000Z
  Couldn't find match for STALTA/VELEST
  Found match for PhaseNet/VELEST: event at 2023-04-13T13:35:36.570000Z
  Found match for QMigrate/VELEST: event at 2023-04-13T13:35:37.990000Z
  Couldn't find match for STALTA/hypoinverse
  Found match for PhaseNet/hypoinverse: event at 2023-04-13T13:35:39.770000Z
  Couldn't find match for QMigrate/hypoinverse
  Couldn't find match for STALTA/hypoinverse_corr
  Found match for PhaseNet/hypoinverse_corr: event at 2023-04-13T13:35:37.760000Z
  Found match for QMigrate/hypoinverse_corr: event at 2023-04-13T13:35:37.680000Z
  Couldn't find match for STALTA/hypoDD_dtct
  Found match for PhaseNet/hypoDD_dtct: event at 2023-04-13T13:35:37.740000Z
  Found matched events in 0.00s
  Saved plot: record_sections/all_in_one/97_20230413_133537_N.png
  Saved plot: record_sections/all_in_one/97_20230413_133537_E.png
  Saved plot: record_sections/all_in_one/97_20230413_133537_Z.png
  Generated and saved plots in 32.71s
  Total time for this event: 161.10s

Processing reference event ID 98 at 2023-04-13T13:36:19.490000Z (9/22)
  Loaded 907 traces in 135.65s
  Found match for STALTA/Initial: event at 2023-04-13T13:35:37.880000Z
  Found match for PhaseNet/Initial: event at 2023-04-13T13:35:37.880000Z
  Found match for QMigrate/Initial: event at 2023-04-13T13:36:18.490000Z
  Couldn't find match for STALTA/VELEST
  Found match for PhaseNet/VELEST: event at 2023-04-13T13:36:17.990000Z
  Found match for QMigrate/VELEST: event at 2023-04-13T13:35:37.990000Z
  Couldn't find match for STALTA/hypoinverse
  Found match for PhaseNet/hypoinverse: event at 2023-04-13T13:36:21.670000Z
  Couldn't find match for QMigrate/hypoinverse
  Couldn't find match for STALTA/hypoinverse_corr
  Found match for PhaseNet/hypoinverse_corr: event at 2023-04-13T13:36:19.680000Z
  Found match for QMigrate/hypoinverse_corr: event at 2023-04-13T13:36:19.430000Z
  Couldn't find match for STALTA/hypoDD_dtct
  Found match for PhaseNet/hypoDD_dtct: event at 2023-04-13T13:36:19.630000Z
  Found matched events in 0.00s
  Saved plot: record_sections/all_in_one/98_20230413_133619_N.png
  Saved plot: record_sections/all_in_one/98_20230413_133619_E.png
  Saved plot: record_sections/all_in_one/98_20230413_133619_Z.png
  Generated and saved plots in 28.50s
  Total time for this event: 164.89s

Processing reference event ID 99 at 2023-04-13T13:42:13.280000Z (10/22)
  Loaded 907 traces in 125.67s
  Found match for STALTA/Initial: event at 2023-04-13T13:42:13.406000Z
  Found match for PhaseNet/Initial: event at 2023-04-13T13:42:13.406000Z
  Found match for QMigrate/Initial: event at 2023-04-13T13:42:12.365000Z
  Couldn't find match for STALTA/VELEST
  Couldn't find match for PhaseNet/VELEST
  Couldn't find match for QMigrate/VELEST
  Couldn't find match for STALTA/hypoinverse
  Found match for PhaseNet/hypoinverse: event at 2023-04-13T13:42:15.360000Z
  Couldn't find match for QMigrate/hypoinverse
  Couldn't find match for STALTA/hypoinverse_corr
  Found match for PhaseNet/hypoinverse_corr: event at 2023-04-13T13:42:13.470000Z
  Found match for QMigrate/hypoinverse_corr: event at 2023-04-13T13:42:13.280000Z
  Couldn't find match for STALTA/hypoDD_dtct
  Found match for PhaseNet/hypoDD_dtct: event at 2023-04-13T13:42:13.410000Z
  Found matched events in 0.00s
  Saved plot: record_sections/all_in_one/99_20230413_134213_N.png
  Saved plot: record_sections/all_in_one/99_20230413_134213_E.png
  Saved plot: record_sections/all_in_one/99_20230413_134213_Z.png
  Generated and saved plots in 28.05s
  Total time for this event: 154.46s

Processing reference event ID 100 at 2023-04-13T14:19:06.090000Z (11/22)
  Loaded 907 traces in 132.88s
  Couldn't find match for STALTA/Initial
  Couldn't find match for PhaseNet/Initial
  Found match for QMigrate/Initial: event at 2023-04-13T14:19:05.555000Z
  Found match for STALTA/VELEST: event at 2023-04-13T14:19:07.820000Z
  Found match for PhaseNet/VELEST: event at 2023-04-13T14:19:05.720000Z
  Found match for QMigrate/VELEST: event at 2023-04-13T14:19:06.010000Z
  Found match for STALTA/hypoinverse: event at 2023-04-13T14:19:08.760000Z
  Found match for PhaseNet/hypoinverse: event at 2023-04-13T14:19:07.330000Z
  Found match for QMigrate/hypoinverse: event at 2023-04-13T14:19:07.450000Z
  Couldn't find match for STALTA/hypoinverse_corr
  Found match for PhaseNet/hypoinverse_corr: event at 2023-04-13T14:19:06.280000Z
  Found match for QMigrate/hypoinverse_corr: event at 2023-04-13T14:19:06.110000Z
  Couldn't find match for STALTA/hypoDD_dtct
  Found match for PhaseNet/hypoDD_dtct: event at 2023-04-13T14:19:06.210000Z
  Found matched events in 0.00s
  Saved plot: record_sections/all_in_one/100_20230413_141906_N.png
  Saved plot: record_sections/all_in_one/100_20230413_141906_E.png
  Saved plot: record_sections/all_in_one/100_20230413_141906_Z.png
  Generated and saved plots in 34.70s
  Total time for this event: 168.32s

Processing reference event ID 101 at 2023-04-13T14:24:08.450000Z (12/22)
  Loaded 907 traces in 129.77s
  Couldn't find match for STALTA/Initial
  Couldn't find match for PhaseNet/Initial
  Found match for QMigrate/Initial: event at 2023-04-13T14:24:07.890000Z
  Found match for STALTA/VELEST: event at 2023-04-13T14:24:10.250000Z
  Found match for PhaseNet/VELEST: event at 2023-04-13T14:24:07.230000Z
  Found match for QMigrate/VELEST: event at 2023-04-13T14:24:08.020000Z
  Found match for STALTA/hypoinverse: event at 2023-04-13T14:24:12.560000Z
  Found match for PhaseNet/hypoinverse: event at 2023-04-13T14:24:09.680000Z
  Found match for QMigrate/hypoinverse: event at 2023-04-13T14:24:09.720000Z
  Found match for STALTA/hypoinverse_corr: event at 2023-04-13T14:24:10.550000Z
  Found match for PhaseNet/hypoinverse_corr: event at 2023-04-13T14:24:08.640000Z
  Found match for QMigrate/hypoinverse_corr: event at 2023-04-13T14:24:08.420000Z
  Couldn't find match for STALTA/hypoDD_dtct
  Found match for PhaseNet/hypoDD_dtct: event at 2023-04-13T14:24:08.580000Z
  Found matched events in 0.00s
  Saved plot: record_sections/all_in_one/101_20230413_142408_N.png
  Saved plot: record_sections/all_in_one/101_20230413_142408_E.png
  Saved plot: record_sections/all_in_one/101_20230413_142408_Z.png
  Generated and saved plots in 36.76s
  Total time for this event: 167.28s

Processing reference event ID 102 at 2023-04-13T14:43:47.370000Z (13/22)
  Loaded 907 traces in 134.41s
  Couldn't find match for STALTA/Initial
  Couldn't find match for PhaseNet/Initial
  Found match for QMigrate/Initial: event at 2023-04-13T14:43:46.790000Z
  Couldn't find match for STALTA/VELEST
  Found match for PhaseNet/VELEST: event at 2023-04-13T14:43:46.670000Z
  Found match for QMigrate/VELEST: event at 2023-04-13T14:43:46.820000Z
  Couldn't find match for STALTA/hypoinverse
  Found match for PhaseNet/hypoinverse: event at 2023-04-13T14:43:48.370000Z
  Found match for QMigrate/hypoinverse: event at 2023-04-13T14:43:48.660000Z
  Couldn't find match for STALTA/hypoinverse_corr
  Found match for PhaseNet/hypoinverse_corr: event at 2023-04-13T14:43:47.370000Z
  Found match for QMigrate/hypoinverse_corr: event at 2023-04-13T14:43:47.150000Z
  Couldn't find match for STALTA/hypoDD_dtct
  Found match for PhaseNet/hypoDD_dtct: event at 2023-04-13T14:43:47.490000Z
  Found matched events in 0.00s
  Saved plot: record_sections/all_in_one/102_20230413_144347_N.png
  Saved plot: record_sections/all_in_one/102_20230413_144347_E.png
  Saved plot: record_sections/all_in_one/102_20230413_144347_Z.png
  Generated and saved plots in 30.14s
  Total time for this event: 165.33s

Processing reference event ID 103 at 2023-04-13T14:50:20.660000Z (14/22)
  Loaded 907 traces in 123.34s
  Couldn't find match for STALTA/Initial
  Couldn't find match for PhaseNet/Initial
  Found match for QMigrate/Initial: event at 2023-04-13T14:50:20.080000Z
  Found match for STALTA/VELEST: event at 2023-04-13T14:50:21.280000Z
  Found match for PhaseNet/VELEST: event at 2023-04-13T14:50:16.200000Z
  Found match for QMigrate/VELEST: event at 2023-04-13T14:50:20.130000Z
  Found match for STALTA/hypoinverse: event at 2023-04-13T14:50:24.470000Z
  Found match for PhaseNet/hypoinverse: event at 2023-04-13T14:50:21.910000Z
  Couldn't find match for QMigrate/hypoinverse
  Couldn't find match for STALTA/hypoinverse_corr
  Found match for PhaseNet/hypoinverse_corr: event at 2023-04-13T14:50:20.740000Z
  Found match for QMigrate/hypoinverse_corr: event at 2023-04-13T14:50:20.710000Z
  Couldn't find match for STALTA/hypoDD_dtct
  Found match for PhaseNet/hypoDD_dtct: event at 2023-04-13T14:50:20.790000Z
  Found matched events in 0.00s
  Saved plot: record_sections/all_in_one/103_20230413_145020_N.png
  Saved plot: record_sections/all_in_one/103_20230413_145020_E.png
  Saved plot: record_sections/all_in_one/103_20230413_145020_Z.png
  Generated and saved plots in 32.21s
  Total time for this event: 156.29s

Processing reference event ID 104 at 2023-04-13T20:13:51.840000Z (15/22)
  Loaded 907 traces in 123.47s
  Found match for STALTA/Initial: event at 2023-04-13T20:13:52.233000Z
  Found match for PhaseNet/Initial: event at 2023-04-13T20:13:52.233000Z
  Found match for QMigrate/Initial: event at 2023-04-13T20:13:51.045000Z
  Couldn't find match for STALTA/VELEST
  Found match for PhaseNet/VELEST: event at 2023-04-13T20:13:50.960000Z
  Couldn't find match for QMigrate/VELEST
  Couldn't find match for STALTA/hypoinverse
  Found match for PhaseNet/hypoinverse: event at 2023-04-13T20:13:52.000000Z
  Couldn't find match for QMigrate/hypoinverse
  Couldn't find match for STALTA/hypoinverse_corr
  Found match for PhaseNet/hypoinverse_corr: event at 2023-04-13T20:13:52.000000Z
  Found match for QMigrate/hypoinverse_corr: event at 2023-04-13T20:13:52.040000Z
  Couldn't find match for STALTA/hypoDD_dtct
  Couldn't find match for PhaseNet/hypoDD_dtct
  Found matched events in 0.00s
  Saved plot: record_sections/all_in_one/104_20230413_201351_N.png
  Saved plot: record_sections/all_in_one/104_20230413_201351_E.png
  Saved plot: record_sections/all_in_one/104_20230413_201351_Z.png
  Generated and saved plots in 27.83s
  Total time for this event: 152.05s

Processing reference event ID 105 at 2023-04-13T21:00:51.760000Z (16/22)
  Loaded 907 traces in 127.48s
  Couldn't find match for STALTA/Initial
  Couldn't find match for PhaseNet/Initial
  Found match for QMigrate/Initial: event at 2023-04-13T21:00:51.025000Z
  Found match for STALTA/VELEST: event at 2023-04-13T21:00:50.710000Z
  Found match for PhaseNet/VELEST: event at 2023-04-13T21:00:50.890000Z
  Found match for QMigrate/VELEST: event at 2023-04-13T21:00:51.620000Z
  Found match for STALTA/hypoinverse: event at 2023-04-13T21:00:52.400000Z
  Found match for PhaseNet/hypoinverse: event at 2023-04-13T21:00:53.060000Z
  Couldn't find match for QMigrate/hypoinverse
  Found match for STALTA/hypoinverse_corr: event at 2023-04-13T21:00:52.060000Z
  Found match for PhaseNet/hypoinverse_corr: event at 2023-04-13T21:00:51.890000Z
  Found match for QMigrate/hypoinverse_corr: event at 2023-04-13T21:00:51.790000Z
  Found match for STALTA/hypoDD_dtct: event at 2023-04-13T21:00:51.860000Z
  Found match for PhaseNet/hypoDD_dtct: event at 2023-04-13T21:00:51.880000Z
  Found matched events in 0.00s
  Saved plot: record_sections/all_in_one/105_20230413_210051_N.png
  Saved plot: record_sections/all_in_one/105_20230413_210051_E.png
  Saved plot: record_sections/all_in_one/105_20230413_210051_Z.png
  Generated and saved plots in 38.12s
  Total time for this event: 166.34s

Processing reference event ID 106 at 2023-04-13T22:12:11.160000Z (17/22)
  Loaded 907 traces in 130.02s
  Couldn't find match for STALTA/Initial
  Couldn't find match for PhaseNet/Initial
  Found match for QMigrate/Initial: event at 2023-04-13T22:12:10.585000Z
  Found match for STALTA/VELEST: event at 2023-04-13T22:12:10.370000Z
  Found match for PhaseNet/VELEST: event at 2023-04-13T22:12:09.950000Z
  Found match for QMigrate/VELEST: event at 2023-04-13T22:12:10.240000Z
  Found match for STALTA/hypoinverse: event at 2023-04-13T22:12:11.980000Z
  Found match for PhaseNet/hypoinverse: event at 2023-04-13T22:12:12.370000Z
  Found match for QMigrate/hypoinverse: event at 2023-04-13T22:12:12.400000Z
  Found match for STALTA/hypoinverse_corr: event at 2023-04-13T22:12:11.330000Z
  Found match for PhaseNet/hypoinverse_corr: event at 2023-04-13T22:12:11.290000Z
  Found match for QMigrate/hypoinverse_corr: event at 2023-04-13T22:12:11.070000Z
  Found match for STALTA/hypoDD_dtct: event at 2023-04-13T22:12:11.260000Z
  Found match for PhaseNet/hypoDD_dtct: event at 2023-04-13T22:12:11.280000Z
  Found matched events in 0.00s
  Saved plot: record_sections/all_in_one/106_20230413_221211_N.png
  Saved plot: record_sections/all_in_one/106_20230413_221211_E.png
  Saved plot: record_sections/all_in_one/106_20230413_221211_Z.png
  Generated and saved plots in 40.40s
  Total time for this event: 171.18s

Processing reference event ID 107 at 2023-04-13T22:13:20.480000Z (18/22)
  Loaded 907 traces in 127.33s
  Couldn't find match for STALTA/Initial
  Couldn't find match for PhaseNet/Initial
  Found match for QMigrate/Initial: event at 2023-04-13T22:13:19.750000Z
  Found match for STALTA/VELEST: event at 2023-04-13T22:13:19.760000Z
  Found match for PhaseNet/VELEST: event at 2023-04-13T22:13:19.130000Z
  Found match for QMigrate/VELEST: event at 2023-04-13T22:13:19.570000Z
  Found match for STALTA/hypoinverse: event at 2023-04-13T22:13:21.230000Z
  Found match for PhaseNet/hypoinverse: event at 2023-04-13T22:13:21.840000Z
  Found match for QMigrate/hypoinverse: event at 2023-04-13T22:13:21.930000Z
  Found match for STALTA/hypoinverse_corr: event at 2023-04-13T22:13:20.450000Z
  Found match for PhaseNet/hypoinverse_corr: event at 2023-04-13T22:13:20.530000Z
  Found match for QMigrate/hypoinverse_corr: event at 2023-04-13T22:13:20.380000Z
  Found match for STALTA/hypoDD_dtct: event at 2023-04-13T22:13:20.500000Z
  Found match for PhaseNet/hypoDD_dtct: event at 2023-04-13T22:13:20.580000Z
  Found matched events in 0.00s
  Saved plot: record_sections/all_in_one/107_20230413_221320_N.png
  Saved plot: record_sections/all_in_one/107_20230413_221320_E.png
  Saved plot: record_sections/all_in_one/107_20230413_221320_Z.png
  Generated and saved plots in 39.24s
  Total time for this event: 167.31s

Processing reference event ID 108 at 2023-04-13T22:23:45.360000Z (19/22)
  Loaded 907 traces in 121.57s
  Couldn't find match for STALTA/Initial
  Couldn't find match for PhaseNet/Initial
  Found match for QMigrate/Initial: event at 2023-04-13T22:23:44.795000Z
  Couldn't find match for STALTA/VELEST
  Found match for PhaseNet/VELEST: event at 2023-04-13T22:23:44.680000Z
  Found match for QMigrate/VELEST: event at 2023-04-13T22:23:45.330000Z
  Couldn't find match for STALTA/hypoinverse
  Found match for PhaseNet/hypoinverse: event at 2023-04-13T22:23:46.490000Z
  Found match for QMigrate/hypoinverse: event at 2023-04-13T22:23:47.110000Z
  Couldn't find match for STALTA/hypoinverse_corr
  Found match for PhaseNet/hypoinverse_corr: event at 2023-04-13T22:23:45.520000Z
  Found match for QMigrate/hypoinverse_corr: event at 2023-04-13T22:23:45.410000Z
  Couldn't find match for STALTA/hypoDD_dtct
  Found match for PhaseNet/hypoDD_dtct: event at 2023-04-13T22:23:45.520000Z
  Found matched events in 0.00s
  Saved plot: record_sections/all_in_one/108_20230413_222345_N.png
  Saved plot: record_sections/all_in_one/108_20230413_222345_E.png
  Saved plot: record_sections/all_in_one/108_20230413_222345_Z.png
  Generated and saved plots in 31.30s
  Total time for this event: 153.63s

Processing reference event ID 109 at 2023-04-13T22:33:32.420000Z (20/22)
  Loaded 907 traces in 119.47s
  Couldn't find match for STALTA/Initial
  Couldn't find match for PhaseNet/Initial
  Found match for QMigrate/Initial: event at 2023-04-13T22:33:31.795000Z
  Couldn't find match for STALTA/VELEST
  Found match for PhaseNet/VELEST: event at 2023-04-13T22:33:31.450000Z
  Found match for QMigrate/VELEST: event at 2023-04-13T22:33:31.630000Z
  Couldn't find match for STALTA/hypoinverse
  Found match for PhaseNet/hypoinverse: event at 2023-04-13T22:33:33.320000Z
  Found match for QMigrate/hypoinverse: event at 2023-04-13T22:33:33.640000Z
  Couldn't find match for STALTA/hypoinverse_corr
  Found match for PhaseNet/hypoinverse_corr: event at 2023-04-13T22:33:32.560000Z
  Found match for QMigrate/hypoinverse_corr: event at 2023-04-13T22:33:32.400000Z
  Couldn't find match for STALTA/hypoDD_dtct
  Found match for PhaseNet/hypoDD_dtct: event at 2023-04-13T22:33:32.560000Z
  Found matched events in 0.00s
  Saved plot: record_sections/all_in_one/109_20230413_223332_N.png
  Saved plot: record_sections/all_in_one/109_20230413_223332_E.png
  Saved plot: record_sections/all_in_one/109_20230413_223332_Z.png
  Generated and saved plots in 30.15s
  Total time for this event: 150.36s

Processing reference event ID 110 at 2023-04-13T23:09:25.380000Z (21/22)
  Loaded 907 traces in 124.02s
  Found match for STALTA/Initial: event at 2023-04-13T23:09:25.160000Z
  Found match for PhaseNet/Initial: event at 2023-04-13T23:09:25.160000Z
  Found match for QMigrate/Initial: event at 2023-04-13T23:09:24.675000Z
  Couldn't find match for STALTA/VELEST
  Found match for PhaseNet/VELEST: event at 2023-04-13T23:09:24.690000Z
  Found match for QMigrate/VELEST: event at 2023-04-13T23:09:24.730000Z
  Couldn't find match for STALTA/hypoinverse
  Found match for PhaseNet/hypoinverse: event at 2023-04-13T23:09:26.930000Z
  Found match for QMigrate/hypoinverse: event at 2023-04-13T23:09:25.800000Z
  Couldn't find match for STALTA/hypoinverse_corr
  Found match for PhaseNet/hypoinverse_corr: event at 2023-04-13T23:09:25.580000Z
  Found match for QMigrate/hypoinverse_corr: event at 2023-04-13T23:09:25.490000Z
  Couldn't find match for STALTA/hypoDD_dtct
  Found match for PhaseNet/hypoDD_dtct: event at 2023-04-13T23:09:25.480000Z
  Found matched events in 0.00s
  Saved plot: record_sections/all_in_one/110_20230413_230925_N.png
  Saved plot: record_sections/all_in_one/110_20230413_230925_E.png
  Saved plot: record_sections/all_in_one/110_20230413_230925_Z.png
  Generated and saved plots in 35.21s
  Total time for this event: 159.98s

Processing reference event ID 111 at 2023-04-13T23:30:46.700000Z (22/22)
  Loaded 907 traces in 119.97s
  Couldn't find match for STALTA/Initial
  Couldn't find match for PhaseNet/Initial
  Found match for QMigrate/Initial: event at 2023-04-13T23:30:46.070000Z
  Couldn't find match for STALTA/VELEST
  Found match for PhaseNet/VELEST: event at 2023-04-13T23:30:46.220000Z
  Found match for QMigrate/VELEST: event at 2023-04-13T23:30:45.960000Z
  Couldn't find match for STALTA/hypoinverse
  Found match for PhaseNet/hypoinverse: event at 2023-04-13T23:30:48.150000Z
  Found match for QMigrate/hypoinverse: event at 2023-04-13T23:30:47.990000Z
  Couldn't find match for STALTA/hypoinverse_corr
  Found match for PhaseNet/hypoinverse_corr: event at 2023-04-13T23:30:46.800000Z
  Found match for QMigrate/hypoinverse_corr: event at 2023-04-13T23:30:46.550000Z
  Couldn't find match for STALTA/hypoDD_dtct
  Found match for PhaseNet/hypoDD_dtct: event at 2023-04-13T23:30:46.840000Z
  Found matched events in 0.00s
  Saved plot: record_sections/all_in_one/111_20230413_233046_N.png
  Saved plot: record_sections/all_in_one/111_20230413_233046_E.png
  Saved plot: record_sections/all_in_one/111_20230413_233046_Z.png
  Generated and saved plots in 30.60s
  Total time for this event: 151.30s

Total script execution time: 3447.12s
  Running plot_mode: individual
[2025-12-05T08:55:18.027] error: *** JOB 5148280 ON b04-20 CANCELLED AT 2025-12-05T08:55:18 DUE TO TIME LIMIT ***
