        1  27.971802   85.576115     2.982     2419.2     7861.9    -8836.2    431.5    405.7    457.6 2023  4 10  3 52  8.210  0.7   1
        2  27.905835   85.538802    11.733    -1253.8      551.6      -84.8    466.3    430.5    454.0 2023  4 10  5 15 35.920  0.5   1
        3  27.896918   85.560864    12.564      918.3     -436.4      745.8    403.3    374.6    454.1 2023  4 10 11 32 18.830  2.5   1
        4  27.888483   85.535205    12.525    -1608.4    -1371.2      706.4    521.9    595.3    664.5 2023  4 10 12 18 12.960  0.3   1
        5  27.895612   85.479102    12.061    -7131.3     -581.1      242.9    536.2    549.0    428.1 2023  4 10 14 12 30.150  0.2   1
        6  27.940234   85.569637    15.678     1781.8     4363.8     3859.5   1319.5    943.0    545.8 2023  4 10 15 38 40.560  0.1   1
        7  27.890387   85.511816    11.371    -3910.6    -1160.2     -447.3    565.5    314.4    467.6 2023  4 10 16 53 34.310  0.1   1
        8  27.909237   85.512793    11.186    -3814.7      928.8     -631.9    543.0    334.3    500.0 2023  4 10 17 27 54.800  0.3   1
        9  27.919891   85.505729    14.047    -4509.9     2109.4     2229.1    468.0    366.7    384.8 2023  4 10 18 30 15.920  0.4   1
       10  27.957640   85.424268    14.326   -12527.1     6292.7     2508.1    669.8    382.9    644.7 2023  4 10 18 38  3.240  0.2   1
       11  27.883730   85.700635    10.521    14680.2    -1897.9    -1297.2    403.1    492.0    529.6 2023  4 10 19  3 44.000  0.1   1
       12  27.910555   85.513590     9.351    -3735.5     1074.7    -2467.2    349.1    321.9    407.8 2023  4 10 19 33 16.460  0.3   1
       13  27.887968   85.556258    11.790      464.6    -1428.2      -28.3    367.0    366.0    465.8 2023  4 10 19 50 38.440  0.3   1
       14  27.931337   85.557487    14.261      585.7     3377.7     2442.8    444.7    401.8    399.4 2023  4 10 19 58 21.320  0.3   1
       15  27.953719   85.501701    14.027    -4905.6     5858.1     2209.3    336.8    315.9    366.2 2023  4 10 20  5 26.200  0.3   1
       16  27.898657   85.509627    12.016    -4126.5     -243.8      197.8    824.6    456.8    493.6 2023  4 10 20 19 45.980  0.3   1
       17  27.903324   85.471468    11.511    -7882.9      273.5     -306.9    346.0    420.8    350.3 2023  4 10 21 45  6.360  0.1   1
       18  27.872306   85.609163    10.976     5673.9    -3163.8     -842.5    438.8    470.6    399.3 2023  4 10 22 34 49.840  0.3   1
       19  27.898749   85.516984    14.209    -3402.0     -233.5     2391.1    401.6    370.4    445.0 2023  4 10 23  8  5.400  0.3   1
       20  27.897913   85.475016    11.427    -7534.2     -326.2     -391.1    356.3    332.1    363.7 2023  4 10 23 21 47.000  0.4   1
       21  27.935746   85.531844    11.793    -1938.4     3866.5      -24.7    463.2    312.3    375.8 2023  4 10 23 22  9.780  0.3   1
       22  27.891774   85.479582    12.160    -7084.3    -1006.4      341.6    474.1    462.6    594.6 2023  4 10 23 23 28.780  0.3   1
       23  27.952804   85.490934    14.043    -5965.0     5756.6     2224.9    357.5    317.3    361.2 2023  4 11  0 23 12.050  1.7   1
       24  27.954740   85.488110    13.709    -6242.7     5971.4     1890.6    519.7    391.4    533.0 2023  4 11  0 29 31.390  0.7   1
       25  27.953501   85.488078    13.220    -6246.4     5834.1     1401.5    368.0    390.9    401.3 2023  4 11  1  3 50.200  0.6   1
       26  27.896556   85.567944    10.539     1615.2     -476.7    -1279.4    455.4    646.9    990.7 2023  4 11  2 20 48.630  0.2   1
       27  27.952777   85.492204    13.268    -5840.6     5753.8     1450.4    543.7    802.5    571.8 2023  4 11  2 37 38.130  0.5   1
       28  27.953811   85.496143    13.871    -5452.8     5868.2     2052.7    295.4    371.1    359.3 2023  4 11  2 41 53.750  0.5   1
       29  27.885474   85.615487    13.309     6296.2    -1704.7     1490.9    488.8    527.7    446.4 2023  4 11  3  9 13.740  0.5   1
       30  27.954926   85.495874    13.947    -5478.6     5991.9     2128.9    292.4    322.8    348.1 2023  4 11  3 15 48.520  1.5   1
       31  27.954769   85.485531    13.593    -6496.6     5974.4     1774.5    425.0    413.0    368.2 2023  4 11  3 17  8.240  0.4   1
       32  27.953644   85.491675    13.461    -5892.3     5849.7     1642.6    426.2    452.1    427.1 2023  4 11  3 20  4.710  0.8   1
       33  27.878788   85.632308    13.011     7952.4    -2445.6     1192.8    347.5    410.0    419.3 2023  4 11  6  0  3.740  0.6   1
       34  27.950895   85.496875    14.077    -5380.4     5545.2     2258.6    405.6    447.4    441.1 2023  4 11  6 30  7.700  0.6   1
       35  27.900680   85.643075    14.474     9011.8      -19.6     2655.9    381.1    392.5    438.2 2023  4 11  7 17 13.910  0.6   1
       36  27.909719   85.482967    11.393    -6750.8      982.1     -424.8    392.7    420.5    345.1 2023  4 11  7 32 28.320  0.7   1
       37  27.931051   85.471745    11.884    -7855.0     3346.0       66.2    331.8    346.1    368.2 2023  4 11 11 12 43.270  0.6   1
       38  27.924495   85.504679    11.142    -4612.5     2619.6     -676.5    377.7    408.1    429.3 2023  4 11 12 55 14.720  0.3   1
       39  27.951365   85.496012    14.935    -5465.6     5597.1     3117.0    833.6    687.9    507.2 2023  4 11 14 32 32.740  0.2   1
       40  27.898997   85.566016    13.210     1425.7     -206.1     1391.8    489.3    340.2    381.4 2023  4 11 15 16  8.050  0.4   1
       41  27.879726   85.563607    12.285     1188.5    -2341.7      467.0    391.8    365.7    373.2 2023  4 11 17 31 50.060  0.4   1
       42  27.880636   85.564071    12.238     1233.6    -2240.8      419.9    362.1    343.2    348.9 2023  4 11 17 31 57.520  0.4   1
       43  27.879104   85.564412    12.444     1267.4    -2410.6      626.2    351.9    347.1    355.4 2023  4 11 17 32  8.480  0.4   1
       44  27.902407   85.506665    11.986    -4417.7      171.8      167.6    367.1    324.6    351.4 2023  4 11 18 16 26.060  0.1   1
       45  27.902049   85.509749    12.305    -4114.2      132.1      486.5    386.6    360.0    367.3 2023  4 11 18 16 33.340  0.3   1
       46  27.902537   85.506494    12.031    -4434.4      186.2      212.9    283.4    295.7    355.6 2023  4 11 18 28  6.960  0.6   1
       47  27.903068   85.509017    12.351    -4186.6      245.2      532.9    357.0    378.6    371.5 2023  4 11 18 45 29.840  0.3   1
       48  27.903660   85.538249    12.128    -1308.7      310.7      310.2    418.5    348.9    472.0 2023  4 11 18 48 37.980  0.3   1
       49  27.901713   85.507601    11.862    -4325.7       94.9       44.2    290.1    324.7    368.2 2023  4 11 19 13  1.760  0.1   1
       50  27.926656   85.526213    12.605    -2493.0     2859.1      786.9    373.9    292.1    349.1 2023  4 11 19 38 40.960  0.3   1
       51  27.902645   85.555257    11.747      366.0      198.1      -71.3    377.5    397.1    595.9 2023  4 11 20 30 42.680  0.3   1
       52  27.950944   85.499609    14.393    -5111.5     5550.6     2574.7    406.8    317.5    362.2 2023  4 11 21 12 44.320  0.3   1
       53  27.903227   85.565446    12.712     1369.3      262.8      894.4    356.3    309.9    417.5 2023  4 11 21 18 31.180  0.3   1
       54  27.925248   85.567399    12.148     1561.5     2703.1      329.7    387.5    311.9    389.4 2023  4 11 22 39 43.400  0.3   1
       55  27.911629   85.568221    13.851     1642.3     1193.9     2033.4    347.5    329.7    388.5 2023  4 11 23  9 10.760  0.9   1
       56  27.914646   85.459123    11.854    -9098.0     1528.2       35.7    336.5    320.0    382.9 2023  4 12  1  7 45.480  0.6   1
       57  27.908913   85.552409    12.714       85.6      892.9      896.1    364.4    326.1    380.2 2023  4 12  1 49 35.920  0.3   1
       58  27.881586   85.611597    13.547     5913.4    -2135.6     1728.5    394.9    380.2    372.6 2023  4 12 12  5 45.390  0.4   1
       59  27.955623   85.491455    13.316    -5913.7     6069.2     1498.3    568.4    376.0    643.2 2023  4 12 14  8 23.480  0.7   1
       60  27.913391   85.458008    11.590    -9208.0     1389.1     -228.0    335.2    316.6    375.5 2023  4 12 16 54 13.080  0.3   1
       61  27.909501   85.538265    13.280    -1306.9      958.1     1461.5    428.2    307.1    390.6 2023  4 12 17 13 48.560  0.3   1
       62  27.909802   85.538135    13.426    -1319.8      991.4     1608.2    352.1    298.9    398.7 2023  4 12 17 57 18.540  0.4   1
       63  27.895734   85.536987    12.568    -1432.9     -567.8      750.1    377.9    309.3    433.2 2023  4 12 18 12  2.800  0.3   1
       64  27.909737   85.605355    13.002     5297.9      984.1     1183.5    415.6    316.7    400.0 2023  4 12 18 36 26.780  0.4   1
       65  27.893935   85.585213    12.943     3315.1     -767.1     1124.7    380.6    334.6    375.2 2023  4 12 18 41 36.940  1.2   1
       66  27.894071   85.588395    12.810     3628.9     -752.0      991.9    386.3    396.9    370.0 2023  4 12 18 45 58.860  0.0   1
       67  27.887366   85.555908    12.171      430.6    -1495.1      352.5    424.8    355.0    367.3 2023  4 12 19 24 48.100  0.4   1
       68  27.907973   85.502734    11.599    -4804.7      788.6     -218.8    321.3    292.0    368.9 2023  4 12 20  2 26.000  0.3   1
       69  27.900087   85.559465    12.226      780.1      -85.2      407.8    364.1    331.7    426.0 2023  4 12 20 17 30.520  0.4   1
       70  27.896956   85.657145    13.662    10397.5     -432.1     1844.3    333.0    349.6    425.7 2023  4 12 20 22 13.240  0.4   1
       71  27.889982   85.483952    11.237    -6654.4    -1205.1     -581.4    322.1    337.6    330.5 2023  4 12 21 16 24.640  0.3   1
       72  27.889838   85.484855    11.451    -6565.3    -1221.0     -366.7    383.0    351.1    354.5 2023  4 12 21 22  8.720  0.3   1
       73  27.927148   85.476074    11.543    -7428.7     2913.7     -274.9    294.9    302.0    345.0 2023  4 12 21 41 28.860  0.5   1
       74  27.927757   85.453109    12.915    -9689.5     2981.0     1097.0    367.9    347.7    439.0 2023  4 12 21 46 33.480  0.1   1
       75  27.913068   85.555802    12.359      419.7     1353.3      540.9    350.6    312.2    363.8 2023  4 12 21 49 55.400  0.4   1
       76  27.912453   85.469694    11.374    -8057.3     1285.2     -444.0    372.2    312.3    381.9 2023  4 12 22  2 13.940  0.3   1
       77  27.904191   85.472583    10.928    -7773.3      369.5     -890.6    302.2    311.3    340.8 2023  4 12 22 33 39.020  0.2   1
       78  27.888593   85.489616    11.774    -6096.9    -1359.2      -43.9    295.0    364.0    429.6 2023  4 12 23  2 10.480  0.3   1
       79  27.908661   85.490951    11.817    -5964.7      864.8       -0.8    401.9    308.4    354.7 2023  4 12 23  4 10.000  0.0   1
       80  27.889797   85.484644    11.336    -6586.5    -1225.6     -482.4    318.2    335.7    332.7 2023  4 12 23  6 22.440  1.3   1
       81  27.951424   85.537573    11.199    -1374.3     5603.8     -619.0    433.5    349.3    391.9 2023  4 13  0 19  6.630  0.2   1
       82  27.904504   85.518473    11.278    -3255.6      404.3     -540.3    300.8    349.8    378.2 2023  4 13  4 13 48.740  0.4   1
       83  27.956895   85.424333    14.042   -12520.8     6210.0     2224.2    432.3    389.9    499.2 2023  4 13  8 30 25.990  1.2   1
       84  27.945846   85.460116    12.757    -8999.2     4985.6      938.9    349.9    320.9    409.8 2023  4 13 11 46 58.620  0.7   1
       85  27.945046   85.457609    12.820    -9245.6     4896.9     1001.4    348.8    336.0    407.4 2023  4 13 11 51 25.780  0.9   1
       86  27.899141   85.586475    12.071     3439.6     -190.1      252.7    376.1    327.6    484.9 2023  4 13 13  5 13.910  0.3   1
       87  27.939307   85.527059    10.318    -2409.3     4261.0    -1500.2    531.3    297.9    404.7 2023  4 13 13 30 17.320  0.4   1
       88  27.912907   85.712622    16.725    15858.5     1335.4     4907.0    331.7    696.6    476.3 2023  4 13 13 35 37.430  0.5   1
       89  27.912303   85.712695    16.736    15865.0     1268.5     4917.9    470.6    415.7    480.3 2023  4 13 13 36 19.200  0.5   1
       90  27.916933   85.713989    16.789    15992.4     1781.5     4971.1    436.4    710.0    501.5 2023  4 13 13 42 13.040  0.5   1
       91  27.938161   85.569727    12.082     1790.3     4134.1      263.9    353.5    288.2    388.3 2023  4 13 14 19  5.860  0.4   1
       92  27.936637   85.574886    11.934     2298.2     3965.1      115.7    334.8    294.9    425.2 2023  4 13 14 24  8.190  0.5   1
       93  27.891532   85.547355    12.488     -411.5    -1033.3      669.4    438.8    331.3    402.7 2023  4 13 14 43 46.950  0.1   1
       94  27.938489   85.570565    11.785     1873.2     4170.3      -32.7    442.3    316.5    388.3 2023  4 13 14 50 20.480  0.3   1
       95  27.858612   85.709676    10.431    15571.6    -4681.5    -1386.8    346.8    533.7    442.2 2023  4 13 20 13 51.700  0.3   1
       96  27.876430   85.654574    12.755    10145.1    -2707.0      937.3    275.5    379.9    398.6 2023  4 13 21  0 51.540  0.3   1
       97  27.934837   85.543685    11.599     -773.1     3765.7     -218.9    339.0    289.0    363.8 2023  4 13 22 12 10.840  0.3   1
       98  27.902409   85.543864    12.307     -755.1      172.0      489.2    339.0    323.5    360.4 2023  4 13 22 13 20.160  0.3   1
       99  27.891565   85.527612    11.763    -2355.3    -1029.6      -54.6    343.7    312.2    426.9 2023  4 13 22 23 45.080  0.4   1
      100  27.914138   85.551245    12.819      -28.4     1471.7     1001.0    424.4    346.4    364.7 2023  4 13 22 33 32.180  0.4   1
      101  27.874813   85.654264    12.565    10115.0    -2886.1      746.6    302.5    377.9    399.8 2023  4 13 23  9 25.220  0.1   1
      102  27.886424   85.501204    11.438    -4955.6    -1599.4     -379.9    408.9    355.4    467.6 2023  4 13 23 30 46.360  0.4   1
      103  27.916217   85.571956    14.280     2010.2     1702.2     2462.2    322.1    300.6    401.9 2023  4 14  1  4 16.820  0.8   1
      104  27.915796   85.572559    14.419     2069.0     1655.6     2601.3    334.2    337.0    407.1 2023  4 14  1 17  3.670  0.3   1
      105  27.922990   85.563639    14.455     1191.5     2452.8     2637.3    422.7    327.2    383.4 2023  4 14  6 16  6.610  0.6   1
      106  27.875126   85.591650    12.773     3949.7    -2851.4      954.6    737.5    466.4    388.2 2023  4 14 10  2 46.840  2.4   1
      107  27.856624   85.654045    13.070    10093.7    -4901.8     1252.3    291.5    420.3    372.2 2023  4 14 10 13 58.710  1.9   1
      108  27.916164   85.544100    15.001     -732.2     1696.4     3182.6    785.1    542.2    479.1 2023  4 14 10 14 41.830  0.6   1
      109  27.904608   85.575529    14.030     2362.1      415.7     2212.4    458.4    341.0    382.0 2023  4 14 11 45 55.820  0.6   1
      110  27.888375   85.510482    11.566    -4042.5    -1383.3     -252.5    355.0    314.6    433.1 2023  4 14 12 30 42.290  1.2   1
      111  27.889919   85.583480    12.640     3144.8    -1212.0      821.5    466.1    399.3    381.5 2023  4 14 13 49 39.530  0.2   1
      112  27.832367   85.670142    12.610    11680.4    -7589.9      792.1    326.5    417.3    354.9 2023  4 14 14 44 46.120  0.4   1
      113  27.831820   85.671509    12.395    11814.9    -7650.5      576.7    304.0    422.8    342.6 2023  4 14 14 59 41.070  0.2   1
      114  27.831425   85.669539    12.619    11621.0    -7694.3      801.3    337.6    457.5    349.1 2023  4 14 15  6 29.250  0.1   1
      115  27.885704   85.641626    15.603     8870.3    -1679.3     3785.3    328.1    387.4    408.9 2023  4 14 15 15 30.410  0.6   1
      116  27.893455   85.662769    14.197    10951.1     -820.1     2378.7    305.1    367.1    424.1 2023  4 14 16 19 15.390  0.7   1
      117  27.952384   85.448551    10.924   -10137.1     5710.3     -894.3    345.3    328.3    424.7 2023  4 14 16 20  2.890  0.6   1
      118  27.943884   85.452002    13.522    -9797.8     4768.2     1703.5    360.6    355.0    424.9 2023  4 14 16 33  8.920  0.4   1
      119  27.924276   85.657560    12.939    10437.0     2595.2     1120.5    309.9    337.5    452.7 2023  4 14 17  7 56.440  0.3   1
      120  27.908598   85.605330    15.705     5295.4      857.9     3886.7    417.4    352.6    413.5 2023  4 14 17  8 24.960  0.6   1
      121  27.903762   85.536475    12.110    -1483.2      322.0      292.0    350.2    331.4    385.0 2023  4 14 17 22 17.160  0.3   1
      122  27.931423   85.452970    10.946    -9702.7     3387.4     -872.1    370.6    325.9    470.8 2023  4 14 17 45 24.800  0.3   1
      123  27.930670   85.459896    11.468    -9021.1     3304.0     -349.9    325.8    303.1    390.5 2023  4 14 17 47 37.360  0.4   1
      124  27.930609   85.458521    11.473    -9156.7     3297.2     -345.2    327.9    303.5    394.5 2023  4 14 17 53  8.120  0.5   1
      125  27.931488   85.459456    11.579    -9064.3     3394.5     -239.4    330.1    302.5    393.5 2023  4 14 17 57  6.280  0.7   1
      126  27.930275   85.459416    11.390    -9068.6     3260.2     -428.3    320.7    302.6    389.2 2023  4 14 17 58 36.640  0.2   1
      127  27.931022   85.458569    11.440    -9151.7     3342.9     -378.1    329.0    304.3    393.8 2023  4 14 18  8  8.680  0.6   1
      128  27.931059   85.457739    11.299    -9233.2     3347.1     -518.6    343.0    301.7    409.2 2023  4 14 18  8 42.480  0.3   1
      129  27.928284   85.532080    14.838    -1915.4     3039.3     3020.3    386.0    323.2    376.9 2023  4 14 18 34 47.680  0.4   1
      130  27.888546   85.488298    11.687    -6226.4    -1364.2     -131.1    445.9    337.0    403.1 2023  4 14 19  1 35.560  0.3   1
      131  27.907436   85.508716    11.789    -4216.0      729.1      -28.6    347.4    288.9    394.9 2023  4 14 19 45 34.180  0.3   1
      132  27.930133   85.458105    11.569    -9197.5     3244.4     -249.1    329.2    303.4    395.2 2023  4 14 20 30 23.960  0.3   1
      133  27.929354   85.458187    11.613    -9189.4     3158.1     -204.7    324.4    298.4    379.9 2023  4 14 20 33  9.360  0.2   1
      134  27.884265   85.703906    13.260    15002.3    -1838.5     1442.0    360.1    392.1    474.4 2023  4 14 20 46 13.920  0.4   1
      135  27.922514   85.484033    11.100    -6645.5     2400.0     -717.9    430.9    323.8    471.9 2023  4 14 21 32 15.880  0.3   1
      136  27.909019   85.502775    11.815    -4800.4      904.4       -2.8    301.5    319.4    355.4 2023  4 14 21 59 19.460  0.4   1
      137  27.884023   85.602661    12.616     5033.9    -1865.5      797.6    396.6    354.4    364.8 2023  4 14 22 43 54.160  0.4   1
      138  27.886666   85.606242    12.111     5385.7    -1572.6      293.3    400.1    372.0    374.4 2023  4 14 22 44 32.080  0.4   1
      139  27.888700   85.582642     9.585     3062.0    -1347.0    -2233.5    396.5    337.9    397.8 2023  4 14 22 51  6.920  0.4   1
      140  27.877557   85.559155    12.706      749.7    -2581.9      887.6    374.6    335.3    342.9 2023  4 14 23 20 26.160  0.1   1
      141  27.889614   85.621916    13.018     6928.9    -1245.8     1199.9    387.5    343.3    390.8 2023  4 15  0 48  4.520  0.2   1
      142  27.930265   85.458634    11.464    -9145.2     3259.1     -354.5    357.2    352.1    379.4 2023  4 15  1 10  2.210  0.4   1
      143  27.928363   85.463981    11.689    -8618.9     3048.1     -128.9    336.3    322.3    382.4 2023  4 15  1 13  4.580  0.5   1
      144  27.857477   85.653898    13.129    10079.5    -4807.2     1310.7    279.1    390.0    371.2 2023  4 15  1 41 10.470  1.5   1
      145  27.901888   85.513940    12.164    -3701.7      114.2      345.7    275.6    291.2    366.0 2023  4 15  9 46  8.290  0.9   1
      146  27.901847   85.515845    12.195    -3514.0      109.9      376.5    402.0    339.1    393.6 2023  4 15  9 48 34.260  0.5   1
      147  27.904240   85.520809    12.396    -3025.1      375.0      577.7    470.0    325.1    469.7 2023  4 15 13 48 50.320  0.4   1
      148  27.912687   85.545662    12.554     -578.7     1311.0      735.7    321.7    293.1    353.7 2023  4 15 15 11 10.850  0.6   1
      149  27.865601   85.610295     2.940     5785.6    -3907.0    -8878.3    446.8    359.6    461.1 2023  4 15 15 14  7.570  1.1   1
      150  27.878890   85.581917    13.005     2991.5    -2434.2     1186.9    466.6    400.1    350.8 2023  4 15 17 17 39.780  0.3   1
      151  27.987236   85.692896     9.146    13911.2     9572.4    -2671.7    542.8    493.4    714.2 2023  4 15 17 38 11.960  0.3   1
      152  27.923423   85.508488    11.601    -4238.3     2500.8     -216.6    260.5    273.0    344.2 2023  4 15 18 51 42.640  0.1   1
      153  27.884743   85.507267    11.317    -4358.8    -1785.7     -501.1    348.4    305.3    412.3 2023  4 15 18 52 24.640  0.3   1
      154  27.885219   85.508805    11.276    -4207.1    -1732.8     -542.6    346.5    333.3    453.5 2023  4 15 18 53 22.520  0.3   1
      155  27.898871   85.544686    12.799     -674.6     -220.0      981.2    387.8    313.4    362.9 2023  4 15 19 13 47.240  0.3   1
      156  27.940894   85.557593     5.045      596.1     4436.9    -6773.2    383.9    455.4    552.3 2023  4 15 19 15 45.080  0.1   1
      157  27.869568   85.706836    12.695    15291.2    -3467.3      877.0    296.6    411.6    422.4 2023  4 15 19 34 39.820  0.0   1
      158  27.926929   85.495337    13.365    -5532.2     2889.3     1547.4    292.2    311.9    360.6 2023  4 15 19 45 45.880  0.3   1
      159  27.914758   85.453320    10.438    -9669.4     1540.6    -1379.7    376.6    403.8    365.0 2023  4 15 19 58 46.480  0.3   1
      160  27.883870   85.566235    12.059     1446.9    -1882.3      240.5    461.9    418.7    410.9 2023  4 15 20  4 21.480  0.3   1
      161  27.903253   85.474748    11.215    -7559.9      265.5     -602.7    298.3    318.3    357.6 2023  4 15 20  9 37.160  0.3   1
      162  27.901516   85.475326    11.598    -7503.4       72.9     -220.0    328.2    321.3    350.8 2023  4 15 20 10 52.880  0.3   1
      163  27.889648   85.570524    12.452     1869.2    -1242.2      633.6    351.4    321.8    371.9 2023  4 15 20 39 41.100  0.3   1
      164  27.914022   85.577751    13.195     2580.8     1459.1     1376.7    347.5    308.9    425.6 2023  4 15 21 16 39.720  0.4   1
      165  27.972583   85.582365     7.553     3034.4     7948.6    -4265.5    537.2    348.7    425.5 2023  4 15 21 39  7.240  0.3   1
      166  27.907281   85.507104    12.341    -4374.8      712.0      523.1    360.4    308.9    381.1 2023  4 15 22 48  2.420  0.3   1
      167  27.912012   85.666659    12.310    11333.3     1236.2      491.8    284.2    356.8    448.6 2023  4 15 23 22  1.200  0.1   1
      168  27.886051   85.532088    11.824    -1915.1    -1640.7        5.5    351.6    323.2    403.7 2023  4 16  5 55  6.690  0.7   1
      169  27.856871   85.654191    12.958    10108.6    -4874.5     1140.4    285.9    391.3    370.5 2023  4 16  7 22  7.980  1.2   1
      170  27.912606   85.587297    12.798     3520.3     1301.9      979.8    407.3    381.3    471.5 2023  4 16 10 48 36.780  0.6   1
      171  27.907977   85.593465    13.502     4127.4      789.0     1684.1    468.1    511.9    540.3 2023  4 16 13 21 54.940  0.4   1
      172  27.922734   85.689811    16.908    13611.5     2424.3     5090.4    349.9    376.3    474.7 2023  4 16 15  0  9.220  0.5   1
      173  27.879340   85.560311    12.479      864.0    -2384.4      660.6    350.5    322.2    353.2 2023  4 16 15 22 36.550  0.3   1
      174  27.877618   85.560645    12.736      896.9    -2575.2      918.3    340.7    340.9    345.5 2023  4 16 16 51 34.090  0.4   1
      175  27.880231   85.557381    12.696      575.2    -2285.6      878.1    363.7    361.9    382.4 2023  4 16 16 52  7.260  0.4   1
      176  27.838027   85.660799    11.612    10760.0    -6962.7     -205.7    323.4    434.0    348.8 2023  4 16 17  3 56.720  0.5   1
      177  27.837368   85.661654    11.360    10844.0    -7035.7     -458.1    314.5    405.5    376.3 2023  4 16 17  4 50.280  0.0   1
      178  27.837795   85.662646    11.376    10942.2    -6988.2     -442.3    290.9    407.5    345.7 2023  4 16 17  6 53.360  0.2   1
      179  27.837962   85.664575    11.277    11132.2    -6969.8     -541.5    330.3    406.3    351.6 2023  4 16 17  7 20.600  0.0   1
      180  27.899479   85.674618    12.842    12117.5     -152.7     1024.2    334.8    350.2    440.3 2023  4 16 17 19 26.360  1.1   1
      181  27.881433   85.546883    12.457     -458.7    -2152.4      639.0    345.2    342.7    391.8 2023  4 16 17 32 32.960  0.3   1
      182  27.877972   85.561182    12.682      949.8    -2535.9      863.7    339.4    336.0    343.7 2023  4 16 17 51  0.940  0.1   1
      183  27.891872   85.468644    11.974    -8161.6     -995.6      156.2    310.0    384.9    330.0 2023  4 16 17 56 22.760  0.3   1
      184  27.878265   85.560278    12.706      860.2    -2503.4      887.9    350.3    347.8    355.7 2023  4 16 18 31 59.760  0.0   1
      185  27.877592   85.574910    12.423     2301.1    -2578.1      605.4    470.7    387.9    344.7 2023  4 16 18 35  0.240  0.4   1
      186  27.886013   85.651611    12.965     9853.2    -1645.1     1147.2    278.6    360.3    408.3 2023  4 16 18 51 57.760  0.3   1
      187  27.912010   85.588883    15.930     3676.9     1235.9     4111.5    500.8    375.5    417.5 2023  4 16 19  7 49.600  0.3   1
      188  27.922772   85.569173    14.310     1736.2     2428.7     2491.5    370.1    317.8    404.3 2023  4 16 19 13 41.960  0.3   1
      189  27.881604   85.546436    12.428     -502.3    -2133.5      610.1    358.9    349.1    397.4 2023  4 16 19 16 48.480  0.3   1
      190  27.886377   85.555192    12.249      360.1    -1604.7      430.7    349.6    336.4    372.6 2023  4 16 19 39 26.000  0.4   1
      191  27.877671   85.560661    12.764      898.3    -2569.3      945.8    349.9    340.3    340.7 2023  4 16 19 55  5.900  0.7   1
      192  27.882617   85.603125    12.140     5079.5    -2021.2      321.8    364.5    357.8    366.2 2023  4 16 20 18  9.760  0.4   1
      193  27.835773   85.625675    12.442     7301.3    -7212.4      624.4    355.0    407.9    331.9 2023  4 16 20 21 39.620  0.4   1
      194  27.943736   85.499121    12.367    -5159.2     4751.7      549.1    302.4    294.7    341.5 2023  4 16 21  8 39.760  0.5   1
      195  27.891701   85.402173    11.258   -14705.5    -1014.5     -560.5    372.3    379.7    445.6 2023  4 16 21 16 50.320  0.2   1
      196  27.875509   85.581836    12.591     2983.0    -2809.1      772.4    428.8    388.4    334.3 2023  4 16 21 25 47.280  0.2   1
      197  27.894102   85.564274    12.190     1253.8     -748.4      372.0    324.4    326.1    414.5 2023  4 16 21 27 56.840  0.1   1
      198  27.931409   85.587614    14.161     3551.2     3385.7     2342.6    400.8    391.9    436.1 2023  4 16 21 45 28.960  0.5   1
      199  27.900867   85.547876    12.881     -360.3        1.2     1062.7    381.2    340.1    353.6 2023  4 16 22 39  4.420  0.5   1
      200  27.983329   85.561662     1.446      996.0     9139.4   -10372.1    504.5    564.5    649.0 2023  4 17  0 35 12.870  0.4   1
      201  27.919434   85.484342    11.842    -6615.3     2058.7       24.3    300.6    305.7    373.2 2023  4 17  0 36 13.510  0.7   1
      202  27.890253   85.635929    12.427     8309.1    -1175.2      609.2    438.2    426.2    494.5 2023  4 17  1 18 21.350  0.4   1
      203  27.897540   85.557275    12.331      565.2     -367.5      513.2    343.3    341.4    481.7 2023  4 17  1 33 17.830  0.4   1
      204  27.852303   85.662679    12.784    10944.1    -5380.5      966.4    377.5    411.9    389.6 2023  4 17  1 43 46.720  0.6   1
      205  27.920538   85.440828    11.267   -10898.6     2181.1     -550.6    387.9    340.6    495.4 2023  4 17  4 47 35.270  0.8   1
      206  27.882125   85.613997    12.922     6149.7    -2075.8     1104.2    321.3    367.8    453.2 2023  4 17  9 35 43.770  0.6   1
      207  27.903385   85.538062    14.876    -1326.6      280.2     3058.0    557.0    472.9    536.6 2023  4 17 12 41 35.530  0.6   1
      208  27.916486   85.569995    13.809     1817.0     1731.9     1990.7    371.3    345.8    386.2 2023  4 17 13 57 12.660  0.3   1
      209  27.909540   85.501579    12.537    -4918.6      962.2      719.4    270.4    315.9    346.5 2023  4 17 14 15 43.290  0.7   1
      210  27.909342   85.502189    12.275    -4858.2      940.5      456.6    298.6    292.5    344.7 2023  4 17 14 20 47.700  0.2   1
      211  27.938824   85.505900    11.494    -4492.2     4207.6     -324.2    280.4    285.9    354.4 2023  4 17 14 34 58.280  0.4   1
      212  27.915869   85.572249    13.969     2039.2     1663.7     2150.8    331.5    330.4    404.3 2023  4 17 14 37  1.710  0.4   1
      213  27.908341   85.502197    12.392    -4857.7      829.4      574.1    295.1    316.8    349.9 2023  4 17 15  0 12.670  0.5   1
      214  27.890603   85.494263    11.465    -5639.3    -1136.3     -353.0    324.2    315.4    404.7 2023  4 17 15 27 27.710  0.2   1
      215  27.887819   85.530371    12.263    -2083.8    -1444.7      444.6    331.6    322.7    422.4 2023  4 17 15 45 39.100  0.0   1
      216  27.903219   85.643058    13.598     9010.6      261.7     1780.0    326.6    348.8    425.7 2023  4 17 16 29 18.170  0.1   1
      217  27.889022   85.558000    12.420      635.9    -1311.5      602.3    400.2    350.3    345.1 2023  4 17 17 10  3.080  0.3   1
      218  27.882861   85.547754    12.401     -372.6    -1994.1      582.9    310.1    330.9    369.7 2023  4 17 17 20 24.440  0.6   1
      219  27.886060   85.553735    12.300      216.4    -1639.9      482.3    328.3    337.7    374.2 2023  4 17 18 19 15.500  0.3   1
      220  27.882113   85.548698    12.439     -280.0    -2077.1      621.2    315.3    332.0    371.5 2023  4 17 20  9 49.600  0.4   1
      221  27.898617   85.648958    12.019     9591.2     -248.3      200.9    352.2    347.6    424.6 2023  4 17 20 19 37.360  0.4   1
      222  27.950804   85.551099    12.892      -43.0     5535.0     1073.8    367.4    349.1    389.3 2023  4 17 21 32 38.880  0.3   1
      223  27.900775   85.547062    12.354     -441.0       -9.1      535.6    385.8    317.1    361.5 2023  4 17 21 47 33.400  0.3   1
      224  27.884611   85.553654    12.349      208.4    -1800.2      530.7    334.9    327.1    351.3 2023  4 17 21 57 28.840  0.3   1
      225  27.930033   85.512288    13.526    -3863.8     3233.4     1707.9    347.1    359.1    415.6 2023  4 17 22 16  1.320  0.3   1
      226  27.882660   85.548560    12.421     -293.2    -2016.4      602.9    323.1    336.4    378.5 2023  4 17 22 39 38.380  0.3   1
      227  27.885801   85.536410    12.082    -1489.8    -1668.3      264.2    401.0    334.6    403.7 2023  4 18  0 42 35.430  0.2   1
      228  27.902535   85.470687    10.873    -7960.1      186.0     -945.1    342.5    358.4    386.0 2023  4 18  1  8 52.510  0.4   1
      229  27.882688   85.547746    12.458     -373.7    -2013.4      639.6    343.9    336.4    375.1 2023  4 18  1 34 29.360  1.3   1
      230  27.898659   85.694523     7.461    14077.4     -243.4    -4357.0    407.9    489.5    512.6 2023  4 18  2 54 26.230  0.5   1
      231  27.918545   85.599764    16.147     4747.4     1960.0     4329.0    382.4    357.7    419.7 2023  4 18  9  6 56.230  0.8   1
      232  27.882599   85.548608    12.511     -288.5    -2023.2      693.3    336.0    346.1    395.4 2023  4 18 13 21 44.350  0.3   1
      233  27.883807   85.544906    12.307     -653.0    -1889.4      488.8    351.5    341.8    397.5 2023  4 18 13 31 52.450  0.3   1
      234  27.876013   85.591878    11.731     3971.8    -2753.1      -87.3    344.4    337.4    352.0 2023  4 18 15 33 21.500  0.0   1
      235  27.890407   85.470785    12.100    -7950.7    -1158.1      282.2    293.6    380.4    343.2 2023  4 18 17  1 16.360  0.2   1
      236  27.897510   85.508268    11.809    -4260.3     -370.9       -8.7    264.9    312.2    360.0 2023  4 18 17 37 42.240  0.2   1
      237  27.897316   85.573283    13.040     2140.5     -392.4     1221.4    454.5    414.2    393.0 2023  4 18 18  4  7.440  0.3   1
      238  27.922007   85.482536    11.793    -6792.8     2343.9      -25.5    333.9    309.9    340.0 2023  4 18 18  5 24.740  1.8   1
      239  27.923753   85.483952    11.557    -6653.1     2537.3     -261.1    290.5    313.6    345.5 2023  4 18 18 33 59.260  0.3   1
      240  27.875771   85.579883    12.680     2791.0    -2779.9      861.7    419.6    366.6    341.8 2023  4 18 18 46 43.220  0.5   1
      241  27.884729   85.549984    12.310     -153.0    -1787.2      492.0    316.0    332.7    376.7 2023  4 18 19 38 39.660  0.4   1
      242  27.773000   85.530623    10.980    -2060.2   -14168.8     -838.4    844.6    651.7    612.3 2023  4 18 19 45 55.640  0.4   1
      243  27.885065   85.652181    12.247     9909.4    -1749.9      428.5    276.8    360.9    407.0 2023  4 18 20 20 56.840  0.3   1
      244  27.886943   85.653564    12.748    10045.2    -1541.9      929.9    703.0    389.9    530.0 2023  4 18 20 24 10.860  0.0   1
      245  27.887528   85.652132    12.362     9904.0    -1477.0      544.0    312.4    351.5    410.1 2023  4 18 20 24 33.920  0.2   1
      246  27.886772   85.649764    12.455     9671.4    -1560.8      637.3    289.4    363.7    404.4 2023  4 18 20 25 56.940  0.4   1
      247  27.885181   85.655192    12.186    10205.7    -1737.1      367.9    275.4    367.5    411.9 2023  4 18 20 27 39.000  0.4   1
      248  27.887309   85.729541    13.741    17525.9    -1501.3     1922.4    328.2    471.2    476.8 2023  4 18 20 37 43.560  0.2   1
      249  27.921358   85.546460    14.498     -499.9     2272.0     2680.2    402.0    309.1    368.6 2023  4 18 21 15 25.240  0.0   1
      250  27.895754   85.518197    14.989    -3282.5     -565.5     3170.7    413.4    325.1    409.8 2023  4 18 21 24 57.920  0.3   1
      251  27.898057   85.540853    13.162    -1051.8     -310.3     1344.3    868.6    518.2    429.5 2023  4 18 21 34 44.240  0.3   1
      252  27.886029   85.534595    12.015    -1668.2    -1643.3      197.4    365.7    308.7    414.3 2023  4 18 22 15 11.520  0.3   1
      253  27.888605   85.522445    11.822    -2864.8    -1357.6        3.6    362.5    297.6    424.6 2023  4 18 22 29 22.440  0.0   1
      254  27.888597   85.522160    11.735    -2892.7    -1358.7      -83.1    334.8    321.8    440.7 2023  4 18 22 34 42.420  0.3   1
      255  27.890169   85.519442    11.530    -3159.8    -1184.2     -288.2    439.4    301.2    434.9 2023  4 18 22 34 56.880  0.3   1
      256  27.898674   85.532218    12.420    -1902.3     -242.0      601.6    359.5    336.4    414.9 2023  4 18 23  6 58.480  0.2   1
      257  27.888234   85.523210    11.732    -2789.0    -1398.7      -85.8    327.5    318.3    435.6 2023  4 18 23 46 23.080  0.1   1
      258  27.925580   85.505990     6.682    -4483.6     2739.7    -5136.2    370.9    288.1    421.1 2023  4 19  0 14 48.630  0.3   1
      259  27.889980   85.535229    12.612    -1605.9    -1205.2      794.4    534.7    320.5    438.0 2023  4 19  1 29 13.580  0.4   1
      260  27.904637   85.527808    12.194    -2336.4      418.8      375.7    362.6    303.3    386.8 2023  4 19  1 35 15.900  0.5   1
      261  27.923545   85.539567    12.014    -1178.4     2514.3      195.6    658.2    355.9    396.8 2023  4 19  5  6 43.090  0.4   1
      262  27.926078   85.528695    11.635    -2249.1     2795.1     -182.7    350.9    301.4    357.2 2023  4 19  5 15 43.650  0.4   1
      263  27.928027   85.526270    11.600    -2487.2     3011.0     -218.5    515.5    330.1    339.9 2023  4 19  5 17 33.420  0.4   1
      264  27.926278   85.529427    11.687    -2176.2     2817.1     -130.7    299.6    280.0    347.6 2023  4 19  5 19 33.950  1.3   1
      265  27.840849   85.680754    12.842    12725.2    -6650.0     1024.2    332.7    447.9    373.6 2023  4 19 14 14  6.960  0.4   1
      266  27.916315   85.558040    14.475      640.4     1713.1     2657.4    380.9    308.5    385.7 2023  4 19 15 35  0.170  1.2   1
      267  27.919332   85.535465    13.617    -1582.3     2047.4     1798.5    382.1    315.5    358.5 2023  4 19 17 15 47.080  0.3   1
      268  27.881089   85.553263    12.274      170.1    -2190.5      456.1    333.8    370.9    391.9 2023  4 19 18  6 19.020  0.4   1
      269  27.903701   85.465202    12.555    -8499.9      315.2      736.4    326.8    348.0    375.0 2023  4 19 18  7 51.300  0.2   1
      270  27.906360   85.488875    11.821    -6169.1      609.9        2.5    298.0    306.3    355.2 2023  4 19 18 23 38.700  0.0   1
      271  27.906405   85.489396    11.819    -6117.6      614.8        1.3    344.5    307.7    348.8 2023  4 19 18 38 33.500  0.2   1
      272  27.907892   85.485620    11.618    -6489.7      779.6     -199.9    342.4    308.6    338.4 2023  4 19 18 39  0.380  0.3   1
      273  27.906606   85.487492    11.756    -6305.2      637.2      -61.9    320.0    303.4    342.4 2023  4 19 18 47 28.540  0.2   1
      274  27.906746   85.488835    11.710    -6173.0      652.8     -108.5    320.2    300.0    327.9 2023  4 19 18 48 40.500  0.6   1
      275  27.906071   85.488713    11.742    -6184.9      577.8      -75.6    333.9    304.3    356.9 2023  4 19 18 49 26.580  0.1   1
      276  27.907703   85.484888    11.653    -6561.8      758.7     -164.7    325.5    324.7    386.3 2023  4 19 19 22 48.480  0.3   1
      277  27.907491   85.487004    11.823    -6353.0      735.3        4.4    341.7    327.4    353.3 2023  4 19 19 28 14.360  0.3   1
      278  27.907035   85.487850    11.704    -6270.4      684.7     -114.1    304.0    299.4    331.5 2023  4 19 19 30 38.080  0.8   1
      279  27.909595   85.480599    11.680    -6983.6      968.3     -138.0    393.6    319.2    347.4 2023  4 19 19 32 47.620  0.3   1
      280  27.907851   85.486361    11.768    -6416.5      775.1      -50.1    360.9    312.5    335.3 2023  4 19 19 38  0.680  0.3   1
      281  27.906698   85.488835    11.726    -6173.1      647.3      -91.7    281.7    307.4    352.5 2023  4 19 19 39 33.720  0.3   1
      282  27.906976   85.487207    11.744    -6333.4      678.2      -74.2    347.1    310.6    352.5 2023  4 19 19 49 32.660  0.3   1
      283  27.902716   85.546672    12.905     -478.9      206.2     1087.4    330.2    322.1    355.3 2023  4 19 20 18 53.320  0.9   1
      284  27.906718   85.488232    11.776    -6232.1      649.6      -42.1    311.5    299.7    329.3 2023  4 19 20 24  8.200  1.2   1
      285  27.858366   85.734627    14.295    18029.2    -4708.7     2477.3    461.6    539.5    516.9 2023  4 19 20 37 48.280  0.2   1
      286  27.904622   85.489299    11.642    -6127.6      417.3     -176.4    283.7    318.7    325.4 2023  4 19 20 39 34.340  0.3   1
      287  27.935288   85.461222    14.088    -8890.3     3815.6     2269.7    391.6    545.3    452.6 2023  4 19 21 20 36.400  0.0   1
      288  27.906525   85.487882    11.776    -6266.7      628.2      -41.8    335.2    305.4    331.5 2023  4 19 21 46 59.580  1.1   1
      289  27.908097   85.483529    11.151    -6695.1      802.4     -667.6    317.6    329.7    376.0 2023  4 19 23 42 23.920  0.1   1
      290  27.864598   85.603630     4.836     5129.7    -4018.1    -6982.4    424.4    385.2    460.7 2023  4 19 23 45 33.760  0.2   1
      291  27.905509   85.562907    12.654     1119.2      515.7      835.4    408.4    322.5    413.2 2023  4 20  0 12 14.180  0.5   1
      292  27.884123   85.525928    12.224    -2521.4    -1854.5      405.8    413.4    352.1    430.0 2023  4 20  0 46 30.130  0.2   1
      293  27.979063   85.701229    12.238    14732.3     8666.6      419.5    398.3    527.8    576.6 2023  4 20  1 42  0.480  0.5   1
      294  27.907355   85.489648    10.638    -6092.6      720.1    -1180.0    361.9    326.9    402.1 2023  4 20 12 56  7.040  0.4   1
      295  27.928711   85.510734     5.853    -4016.8     3086.8    -5964.7    270.5    259.0    427.5 2023  4 20 16 14 12.270  0.5   1
      296  27.876005   85.599146    12.560     4687.4    -2754.1      742.2    440.0    360.1    340.7 2023  4 20 16 27 58.210  0.4   1
      297  27.911021   85.592578    13.659     4040.6     1126.3     1840.9    438.6    327.7    404.4 2023  4 20 16 58 28.450  0.4   1
      298  27.872013   85.559009    12.205      735.2    -3196.2      387.2    408.5    379.9    366.2 2023  4 20 17 36 45.380  0.4   1
      299  27.872001   85.560002    12.262      833.3    -3197.7      443.9    347.0    346.8    345.6 2023  4 20 17 52  8.280  0.0   1
      300  27.908710   85.487158    11.892    -6338.5      870.3       74.0    298.8    299.1    328.4 2023  4 20 17 54 55.740  0.3   1
      301  27.909045   85.512655    12.309    -3828.3      907.4      490.5    303.2    303.7    354.6 2023  4 20 19 24 31.760  0.3   1
      302  27.914109   85.605046    15.358     5268.0     1468.8     3540.3    370.5    399.3    476.9 2023  4 20 19 47  2.400  0.3   1
      303  27.883553   85.549642    12.301     -186.7    -1917.5      483.1    335.7    348.8    384.1 2023  4 20 20  7 44.040  0.3   1
      304  27.908767   85.672811     6.874    11939.3      876.6    -4944.4    292.2    328.7    461.3 2023  4 20 20 17 48.640  0.5   1
      305  27.928845   85.509945     5.657    -4094.3     3101.7    -6161.0    352.8    293.7    465.4 2023  4 20 20 22 19.360  0.3   1
      306  27.882609   85.546484    12.191     -497.6    -2022.1      372.5    331.4    343.4    393.8 2023  4 20 20 55 44.000  0.3   1
      307  27.882163   85.550456    12.153     -106.6    -2071.4      334.4    344.5    342.1    363.4 2023  4 20 20 56 17.160  0.3   1
      308  27.920036   85.645418    14.472     9241.6     2125.5     2653.7    356.1    347.4    437.0 2023  4 20 20 57  9.940  1.0   1
      309  27.913064   85.581942    13.063     2992.9     1352.7     1245.1    349.4    306.3    400.9 2023  4 20 21 16 26.520  0.3   1
      310  27.921956   85.648698    14.254     9564.4     2338.3     2435.6    321.6    330.8    440.6 2023  4 20 21 22 44.820  0.3   1
      311  27.833413   85.612988    12.467     6052.0    -7474.0      648.9    379.6    416.9    321.9 2023  4 20 21 24 47.520  0.3   1
      312  27.822239   85.683927    12.714    13038.4    -8712.1      895.8    292.9    435.1    337.3 2023  4 20 21 35 15.360  0.1   1
      313  27.882908   85.546859    12.435     -460.6    -1988.9      617.4    331.5    334.4    384.9 2023  4 21  7 51 29.210  1.8   1
      314  27.921897   85.469474    11.343    -8078.5     2331.6     -475.2    307.3    304.0    363.9 2023  4 21 14 19 56.490  0.6   1
      315  27.874186   85.747909     9.581    19335.4    -2955.6    -2237.2    386.1    561.2    522.1 2023  4 21 14 26 43.220  0.6   1
      316  27.895050   85.587646    11.845     3555.3     -643.4       27.0    498.5    515.8    471.3 2023  4 21 15 10 11.180  0.1   1
      317  27.929317   85.510189     5.723    -4070.3     3153.9    -6095.4    278.2    283.8    427.7 2023  4 21 16  9 41.850  0.3   1
      318  27.898311   85.675496    14.016    12204.1     -282.1     2197.9    480.6    378.0    522.9 2023  4 21 16 36 50.530  0.3   1
      319  27.929047   85.509880     5.779    -4100.9     3124.0    -6038.7    287.3    268.9    433.6 2023  4 21 18 39 33.840  0.0   1
      320  27.897754   85.474829    11.338    -7552.1     -343.7     -479.9    295.6    313.9    322.3 2023  4 21 19 13 38.740  0.3   1
      321  27.894137   85.598983    12.405     4670.9     -744.6      586.4    367.2    331.5    373.3 2023  4 21 19 18 16.120  0.0   1
      322  27.885838   85.556746    12.353      513.1    -1664.3      534.6    379.0    342.5    367.3 2023  4 21 19 46 55.160  0.3   1
      323  27.877081   85.566821    12.382     1505.0    -2634.6      564.0    503.1    407.3    341.8 2023  4 21 20 34 28.440  0.4   1
      324  27.875651   85.570353    12.405     1852.9    -2793.2      586.4    500.6    419.1    335.2 2023  4 21 20 36 25.360  0.0   1
      325  27.875942   85.568416    12.469     1661.9    -2760.9      650.6    364.2    342.6    340.1 2023  4 21 20 37 55.300  0.2   1
      326  27.874715   85.569946    12.556     1812.8    -2896.9      737.9    529.2    441.1    336.9 2023  4 21 20 39 31.680  0.3   1
      327  27.876174   85.569889    12.428     1806.8    -2735.3      609.7    357.1    337.9    330.2 2023  4 21 20 40 39.000  0.2   1
      328  27.898641   85.474146    11.508    -7619.3     -245.6     -309.8    302.0    353.1    368.3 2023  4 21 21 42 52.840  0.3   1
      329  27.885435   85.548869    12.264     -262.6    -1708.9      446.0    352.0    337.8    395.0 2023  4 21 21 50 33.140  0.3   1
      330  27.922727   85.567936    14.509     1614.6     2423.6     2690.9    338.5    303.2    396.8 2023  4 21 22 29 45.360  0.6   1
      331  27.942670   85.511198     1.646    -3970.6     4633.6   -10172.3    525.7    421.1    743.8 2023  4 21 22 52 33.540  0.1   1
      332  27.911997   85.459701    11.723    -9040.9     1234.6      -95.2    302.4    332.5    340.1 2023  4 21 23 11 39.840  0.1   1
      333  27.890417   85.502743    10.771    -4803.9    -1156.9    -1046.9    332.8    364.7    434.6 2023  4 22  3  3 11.180  0.4   1
      334  27.886812   85.504183    11.254    -4662.5    -1556.2     -563.6    314.3    319.6    429.8 2023  4 22  3  3 27.430  0.6   1
      335  27.883624   85.550057    12.409     -146.0    -1909.7      591.3    371.2    356.1    400.7 2023  4 22  6 36 21.290  0.5   1
      336  27.923201   85.515544    11.734    -3543.7     2476.2      -83.9    338.6    294.4    355.8 2023  4 22  6 52 37.090  0.7   1
      337  27.920772   85.558309    14.758      666.3     2207.0     2939.5    390.0    311.4    381.7 2023  4 22  7 54 54.120  1.0   1
      338  27.938363   85.560059    11.814      838.9     4156.3       -4.6    395.5    291.2    376.0 2023  4 22 11  2 42.150  0.8   1
      339  27.909648   85.614787     6.807     6226.9      974.3    -5011.2    498.8    357.7    448.3 2023  4 22 15 14 49.660  0.0   1
      340  27.802930   85.693701    11.804    14002.6   -10851.9      -14.0    405.7    544.8    400.7 2023  4 22 16 29 24.440  0.3   1
      341  27.906927   85.471574    12.137    -7872.4      672.7      319.2    341.0    326.5    382.5 2023  4 22 16 57  4.640  0.3   1
      342  27.921240   85.480273    11.883    -7015.5     2259.0       64.8    507.7    390.7    620.7 2023  4 22 17  1 40.660  0.4   1
      343  27.892320   85.533724    12.513    -1753.6     -946.0      694.4    363.1    298.6    420.0 2023  4 22 18  3 21.400  0.3   1
      344  27.887893   85.586857     8.643     3477.5    -1436.5    -3175.0    368.2    322.1    411.1 2023  4 22 18 20 58.540  0.3   1
      345  27.883223   85.564250    11.502     1251.5    -1954.0     -316.0    442.9    401.9    355.9 2023  4 22 19 21 35.560  0.3   1
      346  27.940666   85.545768    11.524     -567.7     4411.5     -294.3    347.4    305.9    370.5 2023  4 22 19 50 41.120  0.3   1
      347  27.884532   85.562712    11.352     1100.2    -1809.2     -465.7    384.8    343.8    344.3 2023  4 22 19 52 50.280  0.3   1
      348  27.917397   85.580111    14.111     2813.2     1832.9     2293.2    401.9    357.7    412.3 2023  4 22 20 14 47.640  0.3   1
      349  27.892017   85.526229    11.203    -2492.1     -979.5     -614.7    566.6    339.2    453.8 2023  4 22 20 15 38.280  0.3   1
      350  27.906529   85.470776    11.281    -7950.7      628.7     -536.9    293.1    322.2    368.0 2023  4 22 20 19 17.800  0.3   1
      351  27.898997   85.565804    12.153     1404.2     -206.1      335.1    355.3    327.9    363.1 2023  4 22 21 49  3.460  0.4   1
      352  27.921104   85.555705    14.870      410.5     2243.9     3052.3    525.0    364.5    394.8 2023  4 22 22 27 40.600  0.3   1
      353  27.890786   85.527091    11.768    -2407.3    -1116.1      -50.4    385.3    339.9    432.8 2023  4 22 22 33 15.880  0.3   1
      354  27.891821   85.582837    14.017     3081.8    -1001.3     2198.8    423.4    357.9    389.9 2023  4 23  4  6 13.730  0.7   1
      355  27.911961   85.544906    12.977     -653.1     1230.6     1158.5    357.9    328.2    356.0 2023  4 23  4 52  1.970  0.4   1
      356  27.926654   85.520158    13.352    -3088.8     2858.8     1534.2    301.0    341.5    347.2 2023  4 23  5 13 33.070  0.5   1
      357  27.816654   85.697559    11.654    14381.2    -9331.0     -163.9    326.1    458.8    363.4 2023  4 23  7 51 46.520  0.9   1
      358  27.930843   85.521021    13.703    -3004.0     3323.1     1885.4    494.3    601.0    369.1 2023  4 23 11  7 46.750  0.9   1
      359  27.914827   85.523332     5.157    -2776.5     1548.2    -6661.5    616.5    374.0    575.9 2023  4 23 16 30 50.490  0.6   1
      360  27.924638   85.525846    13.302    -2529.3     2635.4     1483.5    454.3    284.9    368.6 2023  4 23 17  0  9.040  0.2   1
      361  27.909747   85.499829    11.112    -5090.3      985.3     -706.2    416.3    334.3    391.2 2023  4 23 17 42 42.080  0.3   1
      362  27.910872   85.504915    11.636    -4589.6     1110.0     -182.1    417.0    335.5    384.8 2023  4 23 17 42 48.260  0.3   1
      363  27.846094   85.617611    12.292     6506.8    -6068.7      473.8    373.6    408.9    335.5 2023  4 23 17 54  6.080  0.3   1
      364  27.928636   85.630688    12.295     7791.3     3078.3      476.7    358.4    359.4    447.1 2023  4 23 20 28 31.360  0.3   1
      365  27.880786   85.562874    12.265     1116.2    -2224.1      446.5    368.5    347.4    363.4 2023  4 23 20 41 44.020  0.3   1
      366  27.910321   85.493750    11.959    -5689.4     1048.9      141.0    371.1    295.9    343.0 2023  4 23 21  0 47.700  0.6   1
      367  27.910451   85.492326    11.550    -5829.7     1063.3     -268.5    367.2    297.3    340.4 2023  4 23 21 25  1.880  0.0   1
      368  27.888723   85.527279    11.544    -2388.5    -1344.7     -274.2    399.0    345.3    437.6 2023  4 23 21 26 25.840  0.3   1
      369  27.913279   85.491024    12.234    -5957.2     1376.6      415.7    290.1    355.3    356.5 2023  4 23 21 27 27.260  0.3   1
      370  27.924101   85.615592    14.291     6305.8     2575.8     2473.0    457.5    345.0    425.2 2023  4 23 21 56 48.920  0.3   1
      371  27.876819   85.588192    12.485     3608.8    -2663.9      667.2    374.2    352.1    354.5 2023  4 23 23 17 10.600  0.4   1
      372  27.872221   85.704679     6.256    15079.3    -3173.4    -5561.9    438.4    390.5    822.2 2023  4 23 23 20 29.420  0.1   1
      373  27.918488   85.679134     6.771    12560.9     1953.8    -5046.8    511.4    379.6    489.5 2023  4 24  1 40 47.750  1.1   1
      374  27.891689   85.524764    11.828    -2636.3    -1015.9       10.3    385.1    299.6    421.4 2023  4 24  2  8 28.890  0.5   1
      375  27.890739   85.523145    11.863    -2795.2    -1121.2       45.1    321.3    300.4    426.4 2023  4 24  2  8 52.010  0.4   1
      376  27.898682   85.652531    13.379     9943.4     -241.0     1561.0    290.5    350.0    430.1 2023  4 24  2 45 44.070  0.6   1
      377  27.880920   85.550781    12.494      -74.8    -2209.3      675.7    376.8    354.1    395.9 2023  4 24  3 18  9.240  0.3   1
      378  27.881030   85.553288    12.428      172.5    -2197.1      610.2    372.2    359.5    398.7 2023  4 24  3 22  2.650  0.4   1
      379  27.880823   85.553784    12.408      221.0    -2220.2      590.3    342.1    344.7    378.6 2023  4 24  3 35 12.630  0.5   1
      380  27.885014   85.545231    11.830     -621.3    -1755.7       11.7    437.0    386.8    402.3 2023  4 24  3 38 25.770  0.3   1
      381  27.886833   85.554215    11.278      263.3    -1554.1     -539.7    433.8    436.8    551.9 2023  4 24  7 11  0.860  0.5   1
      382  27.904281   85.502686    11.961    -4809.9      379.5      142.5    314.1    332.2    365.1 2023  4 24 10 10  6.910  0.6   1
      383  27.889673   85.656649    11.443    10349.1    -1239.3     -374.6    333.3    373.3    417.6 2023  4 24 14 34 18.900  0.3   1
      384  27.883042   85.538664    12.494    -1267.5    -1974.1      676.2    430.6    354.3    415.2 2023  4 24 14 37 54.210  0.4   1
      385  27.891750   85.530542    11.140    -2067.0    -1009.2     -678.6    323.0    302.7    408.0 2023  4 24 17  0 48.420  0.3   1
      386  27.935756   85.505884    13.409    -4493.8     3867.4     1591.0    313.7    425.5    357.7 2023  4 24 17 54 20.160  0.0   1
      387  27.896816   85.562069    12.977     1036.6     -447.9     1159.4    410.1    361.9    372.8 2023  4 24 18 12 36.940  0.3   1
      388  27.922024   85.504370    11.320    -4643.4     2345.6     -498.1    260.9    280.3    354.4 2023  4 24 18 15 11.280  0.2   1
      389  27.849074   85.615080    15.261     6257.3    -5738.4     3443.1    526.8    447.5    369.1 2023  4 24 19 16 48.280  0.3   1
      390  27.898299   85.536768    12.112    -1454.5     -283.3      294.1    434.8    311.5    388.5 2023  4 24 19 57 49.220  0.3   1
      391  27.876465   85.597664     4.689     4542.0    -2703.1    -7128.8    441.4    360.9    504.6 2023  4 24 20 16 30.400  1.1   1
      392  27.902128   85.535645    11.839    -1564.4      140.9       20.6    469.0    385.9    362.6 2023  4 24 20 51 49.320  0.3   1
      393  27.826534   85.706868    12.956    15297.8    -8236.3     1137.9    391.1    468.4    441.4 2023  4 24 21 28 54.680  0.2   1
      394  27.932735   85.466740    11.961    -8347.1     3532.7      142.5    319.4    336.1    384.8 2023  4 24 21 49 31.900  0.0   1
      395  27.826107   85.710067    12.528    15613.2    -8283.6      709.6    337.5    487.3    383.5 2023  4 24 21 54  6.760  0.2   1
      396  27.864335   85.629883    11.938     7714.8    -4047.3      119.8    287.9    365.2    357.5 2023  4 24 22 40 38.440  0.5   1
      397  27.887343   85.558700    12.442      705.1    -1497.4      624.1    353.6    329.5    341.7 2023  4 25  1 53 57.720  0.3   1
      398  27.889390   85.654598    11.462    10146.6    -1270.8     -355.7    338.9    379.9    420.1 2023  4 25  2 11 19.590  0.6   1
      399  27.959993   85.575985    12.100     2406.3     6553.4      281.4    467.4    390.9    434.2 2023  4 25  2 44 21.880  0.4   1
      400  27.905953   85.586255    14.461     3417.7      564.7     2643.2    385.7    362.0    409.9 2023  4 25  7 37 13.930  0.7   1
      401  27.891368   85.636149    13.135     8330.8    -1051.5     1316.7    383.7    358.7    403.3 2023  4 25 10 57 11.220  0.6   1
      402  27.891081   85.520768    11.543    -3029.8    -1083.2     -275.2    398.1    345.7    395.8 2023  4 25 13 55 34.500  0.3   1
      403  27.891760   85.518701    11.555    -3232.6    -1008.1     -263.2    330.3    428.6    415.7 2023  4 25 14 12 47.400  0.2   1
      404  27.904702   85.469173    11.434    -8108.5      426.2     -384.1    297.7    322.5    317.6 2023  4 25 14 44 17.280  1.1   1
      405  27.934090   85.523364    12.759    -2773.0     3682.9      940.6    318.2    278.6    349.3 2023  4 25 15  8 49.380  1.0   1
      406  27.897339   85.508154    11.422    -4271.0     -389.8     -395.6    315.9    283.3    406.6 2023  4 25 15 10 39.680  0.2   1
      407  27.893087   85.520614    12.205    -3044.8     -861.0      387.2    424.2    367.5    450.7 2023  4 25 15 11 57.940  0.4   1
      408  27.917084   85.627856    17.063     7513.0     1798.3     5245.3    447.0    369.3    427.1 2023  4 25 15 32 37.770  0.1   1
      409  27.941445   85.529004    10.708    -2217.9     4498.0    -1110.1    525.8    296.5    422.5 2023  4 25 16 32 55.300  0.1   1
      410  27.903845   85.571289    12.220     1944.8      331.1      401.5    337.4    325.1    377.6 2023  4 25 18 21 39.340  0.3   1
      411  27.905139   85.471322    10.641    -7897.2      474.6    -1177.5    331.0    309.3    378.0 2023  4 25 18 26  6.180  0.7   1
      412  27.894334   85.528459    11.957    -2272.2     -722.9      138.5    331.2    307.8    420.2 2023  4 25 21  6 49.720  0.4   1
      413  27.911296   85.509269    11.896    -4161.0     1156.9       78.2    286.4    312.3    361.2 2023  4 25 21 10 50.080  0.3   1
      414  27.859558   85.632829    12.638     8004.3    -4576.5      819.5    310.3    381.5    358.7 2023  4 25 21 21  1.340  0.3   1
      415  27.881527   85.574105    12.340     2221.9    -2142.0      521.4    400.9    332.6    378.1 2023  4 25 21 50 35.780  0.3   1
      416  27.880996   85.575846    12.185     2393.2    -2200.9      366.5    326.6    318.5    358.2 2023  4 25 21 51 42.720  0.2   1
      417  27.903857   85.465438    10.910    -8477.0      332.5     -907.9    294.9    314.0    328.2 2023  4 25 22 16 21.040  0.3   1
      418  27.931380   85.674886    12.448    12142.0     3382.6      629.5    325.1    364.8    472.1 2023  4 25 22 17 21.600  0.3   1
      419  27.860413   85.710352    11.181    15638.5    -4481.8     -636.9    295.6    418.7    424.0 2023  4 25 22 26  7.380  0.2   1
      420  27.883816   85.558716    12.207      706.9    -1888.4      388.5    394.5    355.2    383.4 2023  4 25 22 55 41.300  0.4   1
      421  27.922583   85.509847    11.352    -4104.4     2407.8     -466.6    310.2    365.0    349.4 2023  4 25 23 14 57.280  0.3   1
      422  27.849416   85.699080    10.942    14529.0    -5700.6     -875.5    322.4    436.2    387.0 2023  4 25 23 45 41.380  0.5   1
      423  27.847622   85.697738    11.279    14397.1    -5899.4     -539.2    300.7    424.3    389.0 2023  4 25 23 46 55.800  1.2   1
      424  27.847833   85.697713    11.477    14394.9    -5876.0     -341.3    301.9    417.0    395.2 2023  4 25 23 47 31.380  1.7   1
      425  27.848100   85.701579    10.986    14775.1    -5846.3     -831.6    322.4    420.6    413.3 2023  4 25 23 49  2.800  1.2   1
      426  27.850795   85.700480    10.943    14667.0    -5547.7     -875.1    318.8    430.2    391.6 2023  4 25 23 49 29.200  0.7   1
      427  27.899502   85.581510    13.313     2951.2     -150.1     1494.4    616.0    431.4    396.1 2023  4 26  0 22 24.270  0.3   1
      428  27.898602   85.589380    13.390     3725.7     -249.8     1571.9    355.2    344.6    387.2 2023  4 26  0 24 17.760  0.2   1
      429  27.893083   85.502319     7.874    -4845.7     -861.6    -3943.7    517.1    322.6    487.1 2023  4 26  5 11 34.310  0.4   1
      430  27.882387   85.588664     8.407     3655.4    -2046.7    -3410.6    353.3    415.4    453.4 2023  4 26  9 25 54.820  0.3   1
      431  27.892751   85.591634     8.206     3947.6     -898.2    -3611.7    338.6    384.2    432.2 2023  4 26  9 26 28.560  0.3   1
      432  27.887966   85.618677    11.645     6610.2    -1428.5     -172.7    339.0    332.4    378.0 2023  4 26 10 24  9.230  0.9   1
      433  27.929352   85.535701    14.092    -1558.6     3157.9     2274.2    578.1    356.9    382.6 2023  4 26 12 39 38.030  0.4   1
      434  27.929563   85.531372    14.059    -1985.1     3181.3     2240.5    388.3    345.9    377.4 2023  4 26 14 14 25.890  0.1   1
      435  27.899379   85.514583    10.609    -3638.4     -163.7    -1209.4    354.5    342.0    411.5 2023  4 26 14 41  5.670  0.0   1
      436  27.881753   85.553874    12.336      230.2    -2117.1      517.8    342.0    331.2    367.8 2023  4 26 16 40 58.110  0.1   1
      437  27.923092   85.567065    14.455     1528.3     2464.0     2637.3    382.3    303.8    391.0 2023  4 26 16 49 58.210  0.1   1
      438  27.898340   85.509912    10.300    -4098.6     -278.9    -1517.7    411.1    347.0    404.3 2023  4 26 17  4 16.500  0.3   1
      439  27.911312   85.455981    11.216    -9407.5     1158.6     -601.7    364.8    331.2    421.8 2023  4 26 17 16  6.700  0.0   1
      440  27.888643   85.541439    11.960     -994.4    -1353.5      141.8    425.2    327.4    409.7 2023  4 26 17 23 56.580  0.3   1
      441  27.898936   85.558813    11.366      716.4     -212.7     -451.8    357.0    356.1    447.4 2023  4 26 17 47 24.640  0.3   1
      442  27.855088   85.641138    12.775     8823.0    -5071.9      956.8    287.7    399.5    359.4 2023  4 26 18 39 51.040  0.7   1
      443  27.898311   85.560929    11.517      924.8     -282.2     -301.0    388.2    326.0    423.1 2023  4 26 18 54 24.920  0.3   1
      444  27.891799   85.538997    11.751    -1235.0    -1003.7      -67.4    440.6    338.0    410.6 2023  4 26 19 16 21.120  0.4   1
      445  27.912079   85.608561    14.144     5613.6     1243.5     2326.3    469.5    384.1    438.8 2023  4 26 19 23  6.500  0.1   1
      446  27.875736   85.707430    13.750    15349.6    -2783.7     1932.3    333.1    405.6    431.3 2023  4 26 19 25 51.440  0.4   1
      447  27.891366   85.534163    12.879    -1711.0    -1051.7     1060.8    337.0    298.2    400.0 2023  4 26 19 41  4.460  0.5   1
      448  27.886827   85.518864    11.790    -3217.0    -1554.8      -28.3    419.9    314.5    438.6 2023  4 26 19 54  4.440  0.3   1
      449  27.887362   85.521045    11.825    -3002.5    -1495.5        6.6    414.1    320.5    448.5 2023  4 26 19 59 11.840  0.3   1
      450  27.887872   85.522152    11.840    -2893.0    -1438.8       21.6    374.2    373.1    389.8 2023  4 26 20  6  6.720  0.4   1
      451  27.888883   85.524219    11.847    -2690.1    -1326.7       28.6    337.8    311.5    424.5 2023  4 26 20 13 17.140  0.3   1
      452  27.889657   85.523267    12.071    -2783.9    -1241.1      253.2    379.3    342.2    410.8 2023  4 26 20 19 57.400  0.3   1
      453  27.888393   85.522526    11.778    -2856.6    -1381.3      -40.0    321.1    321.8    417.6 2023  4 26 20 30 24.260  0.1   1
      454  27.907497   85.538460    12.457    -1287.6      736.0      638.7    407.6    304.2    365.6 2023  4 26 20 40 25.880  0.3   1
      455  27.875749   85.599512    12.778     4724.0    -2782.4      960.4    561.3    402.4    359.9 2023  4 26 21 27 31.820  0.3   1
      456  27.906956   85.512134    13.384    -3879.2      675.8     1565.7    447.8    337.1    379.2 2023  4 26 21 49 43.400  0.3   1
      457  27.899146   85.479533    11.231    -7089.3     -189.5     -587.0    332.8    318.5    348.1 2023  4 26 21 59 34.800  0.3   1
      458  27.925706   85.536108    12.655    -1518.8     2753.8      837.4    370.7    317.8    354.5 2023  4 26 22  2 52.020  0.3   1
      459  27.886603   85.627002    12.729     7430.1    -1579.7      910.7    419.4    372.3    410.5 2023  4 26 22 33 53.440  0.3   1
      460  27.845864   85.648324    12.381     9531.4    -6094.2      562.8    348.9    438.7    371.1 2023  4 26 22 37  0.600  0.3   1
      461  27.839872   85.706714    13.549    15282.0    -6758.0     1730.8    582.3    463.5    398.1 2023  4 26 22 46 30.120  0.1   1
      462  27.896724   85.513647    10.445    -3730.4     -458.0    -1373.0    320.2    291.9    415.7 2023  4 26 23  8 50.320  0.3   1
      463  27.892029   85.555697    12.193      409.2     -978.2      374.4    354.4    343.4    416.9 2023  4 26 23 46 52.640  0.8   1
      464  27.891567   85.554053    12.420      247.9    -1029.4      601.4    344.7    348.0    392.9 2023  4 26 23 47  2.500  0.2   1
      465  27.889862   85.553369    12.566      180.1    -1218.4      747.9    333.1    328.8    359.2 2023  4 26 23 48 28.320  0.3   1
      466  27.850897   85.715234    10.752    16120.1    -5536.4    -1065.8    295.6    431.7    408.6 2023  4 27  0 45 25.350  0.5   1
      467  27.884743   85.551286    12.839      -25.1    -1785.7     1020.6    420.7    351.8    398.6 2023  4 27  3 23 45.660  0.5   1
      468  27.883335   85.546273    12.439     -518.4    -1941.7      620.6    335.4    336.5    397.3 2023  4 27  7 11  2.920  0.9   1
      469  27.870984   85.621558    13.055     6894.1    -3310.4     1237.0    671.9    476.3    454.7 2023  4 27  8  9 22.510  0.7   1
      470  27.865822   85.713615    10.187    15959.7    -3882.5    -1631.0    308.9    435.9    417.6 2023  4 27 10 48 42.740  0.7   1
      471  27.891707   85.525326    12.069    -2580.5    -1013.8      250.7    407.5    346.2    405.3 2023  4 27 12 34 36.630  0.3   1
      472  27.904806   85.471248    10.430    -7904.1      437.6    -1388.2    299.7    299.9    344.9 2023  4 27 14 53 47.500  0.4   1
      473  27.905035   85.470898    10.488    -7938.8      463.0    -1330.5    313.3    303.0    354.3 2023  4 27 14 55  5.080  0.4   1
      474  27.904926   85.469881    10.514    -8039.4      450.9    -1304.4    331.0    313.4    385.3 2023  4 27 14 57  3.090  0.3   1
      475  27.904580   85.472640    10.565    -7767.7      412.6    -1252.8    315.8    307.1    348.4 2023  4 27 15  0 44.630  0.7   1
      476  27.904279   85.471908    10.283    -7839.7      379.2    -1535.2    329.6    319.7    377.0 2023  4 27 15  1 25.550  0.3   1
      477  27.890035   85.539754    12.540    -1160.2    -1199.2      722.2    369.8    309.1    406.0 2023  4 27 16  4  6.020  0.4   1
      478  27.892629   85.487695    11.668    -6285.7     -911.7     -149.6    400.6    484.4    352.7 2023  4 27 16 11  3.120  0.4   1
      479  27.876247   85.653654    12.543    10054.7    -2727.2      724.5    293.2    427.2    404.5 2023  4 27 17  6 21.240  0.0   1
      480  27.891951   85.517106    11.944    -3389.7     -986.7      125.5    488.0    387.3    438.0 2023  4 27 17 14 30.000  0.4   1
      481  27.885958   85.522673    11.987    -2842.2    -1651.0      168.7    389.0    317.1    427.3 2023  4 27 17 34 25.880  0.0   1
      482  27.934639   85.522152    11.811    -2892.6     3743.7       -7.5    529.9    315.8    344.5 2023  4 27 18  1 59.160  0.0   1
      483  27.948608   85.526359     3.025    -2478.6     5291.8    -8793.0    515.2    336.1    509.8 2023  4 27 18 14 53.340  0.9   1
      484  27.896047   85.557861    11.823      622.5     -532.9        5.3    368.2    336.6    353.0 2023  4 27 19 11 12.140  0.3   1
      485  27.905416   85.473242    11.565    -7708.2      505.2     -252.7    320.1    308.3    357.9 2023  4 27 19 37  2.760  0.3   1
      486  27.956252   85.531437     4.497    -1978.3     6138.7    -7321.4    691.1    380.7    563.9 2023  4 27 20  7 36.280  0.4   1
      487  27.893994   85.530436    12.031    -2077.3     -760.4      213.3    337.1    296.1    412.2 2023  4 27 20 34  9.840  0.0   1
      488  27.925572   85.473494    12.359    -7682.5     2739.0      541.0    390.5    306.4    362.0 2023  4 27 21 33 57.400  0.1   1
      489  27.925777   85.474170    12.425    -7616.5     2761.7      606.8    357.1    310.3    358.0 2023  4 27 21 34 49.840  0.3   1
      490  27.887048   85.625016    12.595     7234.5    -1530.3      776.8    407.7    352.5    394.3 2023  4 27 21 50 11.640  0.3   1
      491  27.908008   85.620573    13.999     6796.7      792.5     2180.4    354.2    339.8    411.2 2023  4 27 21 50 32.520  0.3   1
      492  27.866075   85.645386    11.946     9241.1    -3854.5      127.9    274.9    390.7    388.4 2023  4 27 21 50 38.760  0.3   1
      493  27.908657   85.622770    14.167     7012.4      864.5     2349.4    372.5    340.0    412.7 2023  4 27 22  3  0.780  0.4   1
      494  27.910437   85.594702    13.335     4249.2     1061.6     1517.0    382.4    325.8    408.3 2023  4 27 22 18 48.140  0.0   1
      495  27.888908   85.543896    12.223     -752.2    -1324.1      404.7    446.5    344.6    392.2 2023  4 28  0 12 55.760  0.2   1
      496  27.901951   85.510026    12.417    -4087.0      121.4      599.1    461.4    347.4    367.6 2023  4 28  5 18 59.980  0.5   1
      497  27.902169   85.471134    11.567    -7915.8      145.3     -250.7    311.1    316.4    333.2 2023  4 28  7 49 20.000  0.9   1
      498  27.893597   85.546704    11.738     -476.0     -804.4      -79.6    559.5    355.8    389.2 2023  4 28  9 41  9.130  0.6   1
      499  27.929909   85.564038    14.145     1230.6     3219.5     2326.6    619.9    517.3    419.5 2023  4 28 10 15 39.220  0.5   1
      500  27.902993   85.505656    12.236    -4517.5      236.7      418.0    349.6    300.9    377.5 2023  4 28 15 35  9.700  0.2   1
      501  27.913184   85.604256    14.306     5189.9     1366.1     2488.0    340.1    332.2    407.9 2023  4 28 16  9 42.800  0.6   1
      502  27.897699   85.551449    12.541       -8.4     -349.9      723.3    509.8    344.4    389.8 2023  4 28 17  3  3.200  0.3   1
      503  27.886709   85.509375    11.642    -4151.4    -1567.9     -176.2    391.7    340.9    464.0 2023  4 28 17 36 45.920  0.3   1
      504  27.886037   85.624463    12.799     7180.2    -1642.2      980.9    301.6    353.8    396.0 2023  4 28 18 37 57.960  0.3   1
      505  27.893392   85.487817    11.210    -6273.4     -827.2     -608.4    362.8    326.3    364.7 2023  4 28 18 43 10.020  0.3   1
      506  27.909831   85.462630    11.017    -8752.8      994.5     -801.5    343.8    319.5    380.4 2023  4 28 19 30 23.720  0.6   1
      507  27.805839   85.592415    11.422     4026.0   -10529.5     -395.8    389.5    404.6    295.7 2023  4 28 19 31 42.760  0.3   1
      508  27.911928   85.590422    14.680     3828.1     1226.9     2861.6    473.7    403.0    458.8 2023  4 28 19 40  3.120  0.4   1
      509  27.908419   85.571468    16.163     1962.2      838.0     4344.5    366.7    345.2    399.8 2023  4 28 20 59 25.840  1.6   1
      510  27.909410   85.570614    15.944     1878.2      947.9     4125.5    366.3    344.1    406.0 2023  4 28 21  0 39.500  0.4   1
      511  27.908341   85.570833    16.001     1900.0      829.5     4182.8    390.3    361.5    406.9 2023  4 28 21 10 30.560  0.1   1
      512  27.917287   85.469214    11.518    -8104.3     1820.7     -300.1    301.2    303.2    361.7 2023  4 28 21 13 18.240  0.2   1
      513  27.905813   85.556120    12.433      451.3      549.2      614.6    348.6    329.1    425.9 2023  4 28 21 23 37.920  0.0   1
      514  27.907347   85.571403    15.983     1955.8      719.2     4165.2    359.9    360.1    446.8 2023  4 28 21 26 32.560  0.1   1
      515  27.923934   85.471737    11.972    -7855.6     2557.4      153.6    422.5    352.7    360.5 2023  4 28 21 26 52.800  0.3   1
      516  27.921539   85.466960    11.908    -8326.4     2292.1       89.9    373.2    350.1    384.0 2023  4 28 22  8 23.180  0.4   1
      517  27.927869   85.525098    13.850    -2602.5     2993.5     2032.0    391.7    438.1    356.6 2023  4 28 22 32 34.280  0.4   1
      518  27.884882   85.607284    12.985     5488.6    -1770.4     1166.4    363.7    367.0    386.3 2023  4 29  1 52  4.820  0.5   1
      519  27.902386   85.629541    14.917     7679.2      169.6     3098.9    453.1    432.4    428.4 2023  4 29  5 41 31.970  0.7   1
      520  27.889227   85.597030    12.752     4479.3    -1288.6      933.8    479.5    372.5    376.2 2023  4 29  6 53 21.450  0.5   1
      521  27.902313   85.530949    12.447    -2027.2      161.4      628.6    376.2    317.4    395.8 2023  4 29  9 32 23.660  0.8   1
      522  27.882444   85.548047    12.445     -344.0    -2040.5      626.5    405.6    335.1    398.4 2023  4 29 12 31 31.210  0.6   1
      523  27.888751   85.519979    11.753    -3107.5    -1341.5      -65.4    328.3    299.1    414.2 2023  4 29 13 28 27.010  0.7   1
      524  27.888810   85.520353    11.781    -3070.3    -1335.0      -36.9    354.4    305.8    400.0 2023  4 29 13 28 34.990  0.5   1
      525  27.882599   85.547282    12.305     -419.4    -2023.3      486.8    421.8    355.4    396.1 2023  4 29 13 29 53.370  0.2   1
      526  27.798826   85.501799     9.766    -4899.3   -11306.8    -2051.8    645.0    578.3    601.8 2023  4 29 14 41 48.050  0.1   1
      527  27.882697   85.547485    12.459     -399.2    -2012.4      640.8    350.0    337.9    374.6 2023  4 29 14 59 33.120  1.2   1
      528  27.830762   85.712199    12.652    15822.3    -7767.7      833.8    404.2    450.6    483.3 2023  4 29 16 31  7.110  0.1   1
      529  27.963743   85.573617    11.522     2172.9     6969.0     -296.5    351.6    460.6    420.0 2023  4 29 17  0 27.800  0.3   1
      530  27.908189   85.520614    12.074    -3044.8      812.6      256.1    372.3    298.1    361.8 2023  4 29 17 26 24.500  0.5   1
      531  27.889392   85.521143    11.658    -2992.6    -1270.6     -160.3    450.3    304.9    420.2 2023  4 29 17 26 54.280  0.1   1
      532  27.889174   85.519751    11.618    -3130.1    -1294.7     -200.1    321.5    293.4    425.9 2023  4 29 17 28 40.860  0.1   1
      533  27.890881   85.517358    11.225    -3365.3    -1105.5     -592.7    365.0    374.7    442.7 2023  4 29 17 29 32.980  0.3   1
      534  27.890133   85.518620    11.468    -3241.3    -1188.4     -350.1    342.5    298.0    434.0 2023  4 29 17 29 55.160  0.3   1
      535  27.884212   85.512899    11.620    -3804.7    -1844.5     -198.5    309.0    307.0    428.9 2023  4 29 18 15 46.780  0.3   1
      536  27.850047   85.702287    10.689    14844.7    -5630.6    -1128.7    362.8    417.4    399.6 2023  4 29 18 19 47.400  0.3   1
      537  27.905959   85.522526    12.156    -2856.2      565.3      338.1    323.7    306.2    382.0 2023  4 29 18 33 18.680  0.4   1
      538  27.884241   85.573405    12.406     2152.9    -1841.4      587.6    388.4    425.2    363.5 2023  4 29 18 59 56.480  0.3   1
      539  27.888186   85.625806     9.935     7312.2    -1404.1    -1882.9    664.2    432.8    535.5 2023  4 29 19  7 28.340  0.2   1
      540  27.831875   85.630770    12.794     7802.8    -7644.5      976.2    339.4    409.8    337.7 2023  4 29 20  3 51.480  0.3   1
      541  27.916964   85.584871    13.304     3281.3     1785.0     1486.3    381.3    347.9    409.3 2023  4 29 20  9 16.600  0.3   1
      542  27.908223   85.525000    12.286    -2613.0      816.5      468.0    420.9    300.5    411.6 2023  4 29 20 28 39.320  0.3   1
      543  27.905674   85.569230    12.943     1741.6      533.9     1124.7    793.9    641.6    389.9 2023  4 29 20 39  9.640  0.3   1
      544  27.905853   85.534863    11.564    -1641.5      553.6     -253.8    521.5    421.8    507.0 2023  4 29 21 19 23.680  0.3   1
      545  27.940053   85.504289    12.735    -4650.8     4343.6      916.9    303.2    314.8    343.8 2023  4 29 22 11 19.020  0.1   1
      546  27.906254   85.529720    12.126    -2147.7      598.1      307.4    314.0    291.2    382.2 2023  4 29 23  8 46.520  0.3   1
      547  27.951609   85.610962     4.938     5849.3     5624.3    -6880.0    619.2    426.7    641.8 2023  4 29 23 11 22.780  0.1   1
      548  27.891278   85.532161    11.858    -1907.6    -1061.5       39.6    381.2    302.6    404.1 2023  4 29 23 22  1.840  1.2   1
      549  27.893620   85.525212    11.421    -2591.6     -802.0     -397.0    427.6    371.2    428.3 2023  4 29 23 22 13.340  0.2   1
      550  27.862427   85.517765    11.496    -3325.6    -4258.8     -322.0    455.5    376.9    411.0 2023  4 29 23 27 49.380  0.4   1
      551  27.887956   85.606299    12.849     5391.2    -1429.6     1030.8    416.6    407.7    477.1 2023  4 29 23 28 26.740  0.4   1
      552  27.939667   85.580607    12.007     2861.0     4300.9      188.9    415.2    318.1    443.3 2023  4 30  0  3 49.360  0.2   1
      553  27.931327   85.534180    12.217    -1708.7     3376.6      398.6    343.8    329.7    363.5 2023  4 30  0  6 29.620  0.3   1
      554  27.884011   85.553491    12.320      192.6    -1866.8      501.5    356.0    356.2    399.1 2023  4 30  5 25  7.530  0.4   1
      555  27.921645   85.506421     7.061    -4441.8     2303.8    -4757.1    402.6    307.5    437.1 2023  4 30  6  5  6.120  0.3   1
      556  27.891681   85.526717    12.078    -2443.5    -1016.8      261.0    502.5    348.0    435.9 2023  4 30  9 31 51.570  0.5   1
      557  27.898324   85.474837    11.314    -7551.3     -280.7     -503.6    356.7    313.6    349.5 2023  4 30  9 34  7.620  0.6   1
      558  27.880524   85.567367    12.386     1558.5    -2253.2      568.1    348.5    326.8    344.0 2023  4 30 11 41 22.100  0.4   1
      559  27.904637   85.472762    12.254    -7755.5      418.8      435.5    313.8    362.7    347.0 2023  4 30 12 20 40.950  0.5   1
      560  27.935022   85.559448    13.669      778.8     3786.2     1850.5    433.1    315.2    402.1 2023  4 30 15  7  2.930  0.4   1
      561  27.918243   85.457365    12.618    -9270.5     1926.7      800.0    555.9    440.9    714.9 2023  4 30 15 23 38.770  0.0   1
      562  27.908950   85.520980    12.094    -3008.3      896.8      276.0    335.8    296.5    373.7 2023  4 30 15 29 59.510  0.3   1
      563  27.925083   85.448039    10.428   -10189.0     2684.8    -1389.6    374.2    324.7    458.9 2023  4 30 15 45 50.690  0.3   1
      564  27.909465   85.509774    10.759    -4111.4      953.8    -1059.1    314.8    374.0    406.5 2023  4 30 15 50 37.760  0.4   1
      565  27.895372   85.517887    15.065    -3313.1     -607.8     3246.7    403.2    330.6    410.2 2023  4 30 15 59 54.910  0.5   1
      566  27.889862   85.529785    11.873    -2141.7    -1218.4       54.5    362.5    317.3    415.8 2023  4 30 16 55 10.100  0.4   1
      567  27.889819   85.528475    11.870    -2270.6    -1223.1       51.9    349.7    326.1    427.3 2023  4 30 16 55 24.690  0.4   1
      568  27.888652   85.531551    11.869    -1967.6    -1352.6       51.2    339.2    317.5    422.7 2023  4 30 17  2  6.980  0.4   1
      569  27.890379   85.552433    12.287       88.4    -1161.2      469.2    341.7    336.5    358.8 2023  4 30 17 27 14.780  0.4   1
      570  27.895038   85.510213    12.039    -4068.7     -644.8      221.0    352.1    292.4    427.4 2023  4 30 17 27 55.160  0.1   1
      571  27.910962   85.511629    13.122    -3928.8     1119.8     1303.9    465.6    316.7    370.3 2023  4 30 18 24 12.280  0.2   1
      572  27.912710   85.533773    14.864    -1748.9     1313.5     3045.5    380.8    335.6    364.2 2023  4 30 18 29 32.300  0.4   1
      573  27.883508   85.549268    12.383     -223.2    -1922.4      564.6    336.3    346.2    392.1 2023  4 30 18 31 40.420  0.3   1
      574  27.913359   85.447493    11.900   -10242.4     1385.4       82.1    336.2    330.7    412.1 2023  4 30 19 23  0.080  0.0   1
      575  27.892944   85.523861    12.078    -2725.2     -876.9      259.4    388.1    306.9    424.7 2023  4 30 19 46 15.200  0.4   1
      576  27.893632   85.523267    11.983    -2783.6     -800.7      164.6    304.3    291.3    410.0 2023  4 30 20 23  4.600  0.4   1
      577  27.923783   85.438273    12.398   -11150.2     2540.8      579.6    351.1    344.3    426.4 2023  4 30 21  3 44.760  0.2   1
      578  27.891980   85.472518    11.481    -7780.3     -983.7     -337.1    344.3    333.7    327.2 2023  4 30 21 19 26.640  0.3   1
      579  27.892485   85.473828    11.538    -7650.7     -927.7     -279.7    290.1    326.7    345.7 2023  4 30 21 20 22.920  0.3   1
      580  27.920656   85.551742    15.588       19.8     2194.2     3770.0    454.1    334.9    389.2 2023  4 30 21 22 18.340  0.3   1
      581  27.875490   85.593188    12.776     4101.1    -2811.1      958.1    324.1    352.2    352.9 2023  4 30 21 23 17.820  0.3   1
      582  27.919759   85.553491    15.578      192.5     2094.8     3759.8    417.4    352.8    389.9 2023  4 30 21 26 43.600  0.4   1
      583  27.905194   85.474731    11.349    -7562.0      480.7     -469.1    326.9    385.6    369.7 2023  4 30 21 36 37.400  0.4   1
      584  27.906830   85.520793    11.995    -3026.9      662.0      176.9    313.2    289.6    389.5 2023  4 30 21 47 13.340  0.3   1
      585  27.876353   85.592358    12.909     4019.1    -2715.5     1090.7    389.8    358.5    394.4 2023  4 30 21 50  9.720  0.3   1
      586  27.923779   85.434212    12.724   -11549.6     2540.3      905.6    365.5    342.5    431.4 2023  4 30 21 59 36.500  0.1   1
      587  27.907623   85.522803    12.080    -2829.3      749.8      262.0    398.7    282.1    396.4 2023  4 30 22  0 58.440  0.3   1
      588  27.903662   85.521924    11.783    -2915.9      310.9      -34.7    444.6    340.3    401.4 2023  4 30 22  1 14.160  0.4   1
      589  27.906069   85.522974    12.062    -2812.6      577.7      244.3    350.8    311.5    402.6 2023  4 30 22  5 11.960  0.3   1
      590  27.895571   85.650480    14.350     9741.3     -585.8     2532.2    332.1    372.4    429.4 2023  4 30 22 13 28.940  0.3   1
      591  27.875820   85.591935    12.638     3978.0    -2774.6      820.2    345.7    346.6    363.4 2023  4 30 22 37 40.820  0.3   1
      592  27.876951   85.594759    12.788     4256.0    -2649.3      969.5    488.7    389.1    392.5 2023  5  1  0  7 55.570  0.3   1
      593  27.888466   85.569425    12.487     1761.0    -1372.9      668.5    378.5    336.6    361.8 2023  5  1  2 48  0.430  0.6   1
      594  27.888118   85.570573    11.788     1874.3    -1411.7      -30.0    951.4    654.5    429.2 2023  5  1  2 55  8.120  0.5   1
      595  27.878172   85.499414     2.561    -5132.1    -2514.0    -9256.9    608.4    570.3   1085.0 2023  5  1  5 53  2.180  1.0   1
      596  27.889970   85.569312    12.726     1749.7    -1206.5      907.4    364.6    420.1    363.2 2023  5  1  6 58 34.350  0.5   1
      597  27.923002   85.524300    10.389    -2681.7     2454.1    -1428.9    301.7    305.6    409.2 2023  5  1 12 17 14.620  0.2   1
      598  27.883468   85.550854    12.749      -67.1    -1927.0      931.3    330.4    331.6    368.1 2023  5  1 13 23 40.400  0.6   1
      599  27.921484   85.507454     6.969    -4339.6     2285.9    -4849.2    348.6    276.1    430.8 2023  5  1 15  6 22.830  0.3   1
      600  27.889105   85.551473    11.436       -6.8    -1302.3     -382.5    408.3    323.1    359.7 2023  5  1 15 10 30.250  0.0   1
      601  27.922306   85.506592     6.851    -4424.4     2377.1    -4967.1    278.1    286.0    419.5 2023  5  1 16  7 30.480  0.1   1
      602  27.919877   85.579761    14.959     2778.7     2107.8     3141.1    386.2    327.7    412.9 2023  5  1 16 21 12.370  0.5   1
      603  27.882869   85.547648    12.367     -383.2    -1993.2      549.3    326.4    343.1    387.8 2023  5  1 16 50  4.440  0.3   1
      604  27.876449   85.593392    12.864     4121.2    -2704.9     1045.6    390.1    361.9    357.3 2023  5  1 18 28 15.200  0.3   1
      605  27.891878   85.538574    11.830    -1276.4     -995.1       11.9    610.0    326.4    435.8 2023  5  1 18 38 40.960  0.3   1
      606  27.888991   85.508862    11.427    -4202.1    -1314.8     -390.7    305.0    308.8    411.9 2023  5  1 19 44  7.440  0.1   1
      607  27.898043   85.522819    11.859    -2827.5     -311.8       41.3    294.9    299.6    393.2 2023  5  1 20 29 54.760  0.0   1
      608  27.898391   85.553914    12.838      233.8     -273.3     1019.8    484.4    440.1    358.3 2023  5  1 20 30 45.560  0.3   1
      609  27.842242   85.681559    12.078    12804.1    -6495.5      260.2    313.0    420.7    369.1 2023  5  1 20 50 39.020  0.3   1
      610  27.887791   85.570394    12.483     1856.4    -1447.9      665.3    343.6    322.9    375.4 2023  5  1 20 59 57.260  0.3   1
      611  27.891166   85.567871    13.040     1608.2    -1074.0     1221.5    582.8    448.2    396.1 2023  5  1 21  3 47.240  0.3   1
      612  27.889486   85.568888    12.839     1708.6    -1260.2     1020.8    426.2    353.3    364.3 2023  5  1 21  6 18.060  0.3   1
      613  27.909066   85.508293    11.667    -4257.2      909.7     -150.8    302.5    321.2    390.3 2023  5  1 21 21  3.120  0.3   1
      614  27.915173   85.613086    14.143     6059.2     1586.6     2325.2    556.9    325.8    414.5 2023  5  1 22 32  3.340  0.0   1
      615  27.886452   85.623787    11.593     7113.5    -1596.2     -225.3    350.8    378.8    397.8 2023  5  1 23  4 21.120  0.3   1
      616  27.914703   85.447290    11.965   -10262.8     1534.6      146.9    383.1    339.4    440.5 2023  5  1 23 53  9.320  0.3   1
      617  27.880973   85.545695    13.966     -575.0    -2203.5     2148.2    444.4    429.2    443.0 2023  5  2  3 43 46.890  0.6   1
      618  27.913961   85.448820    12.060   -10111.9     1452.2      241.9    341.0    363.0    401.4 2023  5  2  3 55 44.270  0.7   1
      619  27.891439   85.596769    15.981     4452.9    -1043.5     4162.8    471.6    381.5    381.6 2023  5  2  4 41 24.410  1.1   1
      620  27.914750   85.446061    11.655   -10383.4     1539.8     -163.3    351.3    464.5    425.0 2023  5  2  5 56 29.810  0.6   1
      621  27.913377   85.447412    11.867   -10250.5     1387.5       49.0    338.2    340.2    398.5 2023  5  2  6 55 59.840  0.4   1
      622  27.912445   85.512817    11.963    -3811.9     1284.1      144.5    285.3    327.8    365.8 2023  5  2  9 33  6.560  0.5   1
      623  27.953446   85.495744    13.862    -5491.8     5827.9     2044.3    359.0    310.5    367.5 2023  5  2 14 49 23.880  0.9   1
      624  27.851758   85.663729    12.594    11047.7    -5441.0      776.1    276.2    401.2    365.5 2023  5  2 15  2 31.870  0.1   1
      625  27.896879   85.656966    13.695    10380.1     -440.8     1877.0    381.4    364.4    434.4 2023  5  2 16 45 55.170  0.3   1
      626  27.835862   85.631649    12.630     7889.4    -7202.6      812.2    342.7    409.6    344.6 2023  5  2 17  2 14.160  0.3   1
      627  27.913647   85.608407    14.141     5598.5     1417.5     2323.0    377.7    337.8    411.5 2023  5  2 17  4 57.200  1.2   1
      628  27.914476   85.603760    14.261     5141.4     1509.2     2443.2    407.9    358.3    424.8 2023  5  2 17  7 48.960  0.4   1
      629  27.835822   85.632658    12.497     7988.6    -7206.9      678.9    328.5    409.2    331.8 2023  5  2 17  9  3.960  0.3   1
      630  27.836501   85.631958    12.542     7919.9    -7131.8      724.0    343.7    414.8    340.8 2023  5  2 17 40 38.120  0.3   1
      631  27.899373   85.508765    11.939    -4211.0     -164.3      121.0    357.0    287.2    391.0 2023  5  2 18 18 37.120  0.1   1
      632  27.827150   85.633187    12.385     8041.5    -8168.0      567.0    415.9    444.3    338.2 2023  5  2 18 38 31.420  0.3   1
      633  27.829248   85.707992    11.797    15408.1    -7935.4      -20.8    352.0    476.6    408.1 2023  5  2 19 17 47.680  0.3   1
      634  27.899701   85.474609    11.047    -7573.9     -128.1     -771.6    346.3    342.2    410.7 2023  5  2 20 11  5.480  0.3   1
      635  27.923505   85.557829     5.243      618.9     2509.9    -6575.0    652.5    307.0    583.6 2023  5  2 20 20 17.440  0.5   1
      636  27.914162   85.449512    12.006   -10044.2     1474.4      187.7    349.8    320.8    398.2 2023  5  2 21  6 26.240  0.4   1
      637  27.920074   85.580477     4.933     2849.2     2129.8    -6885.0    725.4    514.6    471.9 2023  5  2 21 22 22.720  1.6   1
      638  27.914679   85.447469    11.972   -10245.5     1531.8      153.9    342.3    326.5    401.0 2023  5  2 21 25  0.660  0.5   1
      639  27.922257   85.445190    11.861   -10469.4     2371.6       43.1    360.1    328.3    400.7 2023  5  2 21 39 20.120  0.0   1
      640  27.921594   85.446777    11.963   -10313.1     2298.1      145.0    342.0    329.5    400.6 2023  5  2 21 42  9.560  0.5   1
      641  27.906753   85.467464    11.808    -8277.2      653.4      -10.0    291.1    316.0    328.3 2023  5  2 23 35 25.240  0.1   1
      642  27.905642   85.468229    12.072    -8201.7      530.2      254.0    334.8    318.0    360.4 2023  5  2 23 40 12.920  0.1   1
      643  27.888666   85.552148    12.562       59.7    -1351.1      743.4    645.2    483.2    439.1 2023  5  3  0 31 12.000  0.3   1
      644  27.820274   85.542301    10.007     -910.0    -8930.1    -1811.0    390.7    425.2    359.1 2023  5  3  2 27 33.480  2.2   1
      645  27.923429   85.516935    11.688    -3406.3     2501.5     -130.3    359.9    283.2    343.0 2023  5  3  3 38 25.330  1.8   1
      646  27.921956   85.510612    10.582    -4029.1     2338.3    -1236.5    483.5    314.8    490.5 2023  5  3  3 40 36.200  0.4   1
      647  27.919810   85.518392    10.710    -3263.4     2100.5    -1108.3    372.1    307.0    372.5 2023  5  3  3 40 59.150  0.5   1
      648  27.886698   85.560181    12.780      850.7    -1568.9      961.6    359.8    357.9    351.0 2023  5  3  6 27 10.110  0.5   1
      649  27.920744   85.469312    12.213    -8094.7     2203.9      394.5    461.5    355.7    409.3 2023  5  3 16 40 55.720  0.3   1
      650  27.931207   85.460807    11.898    -8931.2     3363.4       79.7    320.0    298.0    386.1 2023  5  3 17  0  9.440  0.0   1
      651  27.929708   85.462109    11.827    -8802.9     3197.3        8.7    325.0    322.0    381.0 2023  5  3 17 26 40.520  0.3   1
      652  27.898999   85.470085    11.296    -8019.3     -205.8     -521.7    377.6    308.6    327.0 2023  5  3 21  8 51.160  0.0   1
      653  27.906297   85.517065    11.995    -3393.5      602.8      176.5    355.2    289.5    375.7 2023  5  3 21 19 52.220  0.4   1
      654  27.910423   85.495280    11.933    -5538.4     1060.2      114.7    409.2    308.4    361.7 2023  5  3 23  5 15.760  0.3   1
      655  27.926125   85.503084    11.325    -4769.7     2800.3     -493.0    310.1    290.2    360.0 2023  5  3 23 31 30.980  0.2   1
      656  27.879476   85.527433     4.414    -2373.0    -2369.3    -7403.6    411.3    360.4    455.8 2023  5  4  0 10 14.930  0.3   1
      657  27.886735   85.536995    12.096    -1431.8    -1564.8      277.4    586.5    362.8    418.5 2023  5  4  0 18 49.950  0.2   1
      658  27.845962   85.698413    12.329    14463.8    -6083.3      510.7    292.7    425.2    381.2 2023  5  4  1  8 54.480  0.6   1
      659  27.890700   85.535710    14.373    -1558.4    -1125.5     2554.5    513.7    399.5    431.4 2023  5  4  1 25 55.700  0.4   1
      660  27.874473   85.589640     8.743     3751.8    -2923.8    -3075.1    321.3    326.4    362.1 2023  5  4  1 28 41.460  0.4   1
      661  27.898905   85.473519    11.252    -7681.4     -216.1     -565.7    304.3    355.4    335.6 2023  5  4  1 52 49.990  0.4   1
      662  27.898820   85.472778    11.162    -7753.8     -225.7     -655.8    301.5    324.3    332.2 2023  5  4  1 55 15.630  0.5   1
      663  27.891211   85.523299    15.540    -2780.0    -1068.8     3721.9    373.7    346.9    415.0 2023  5  4  3 15 42.140  1.1   1
      664  27.948169   85.559261    12.506      760.0     5243.0      688.1    481.1    488.4    425.9 2023  5  4  3 36  1.720  0.4   1
      665  27.891071   85.523397    15.549    -2770.7    -1084.4     3731.1    433.4    343.7    402.2 2023  5  4  4 16 13.210  0.8   1
      666  27.905918   85.570744    12.419     1890.5      561.0      601.2    427.5    338.9    390.4 2023  5  4  7 21  2.000  0.9   1
      667  27.808573   85.589738     9.324     3762.7   -10226.6    -2494.5    342.7    378.6    311.2 2023  5  4  7 37 27.980  0.6   1
      668  27.919387   85.584473    13.760     3242.4     2053.4     1942.1    361.8    317.3    406.1 2023  5  4  8 53 36.240  0.7   1
      669  27.896598   85.613249    13.056     6075.9     -471.9     1237.8    579.8    577.3    431.7 2023  5  4 13 50 45.790  0.1   1
      670  27.879024   85.558236    12.629      659.5    -2419.4      810.8    360.4    339.8    352.8 2023  5  4 14 58 30.370  0.1   1
      671  27.905811   85.603914    13.757     5156.5      548.9     1939.3    443.1    385.5    457.9 2023  5  4 15 45 25.380  0.3   1
      672  27.893388   85.499170    10.839    -5156.1     -827.6     -979.6    416.8    320.2    379.6 2023  5  4 17 53  3.580  0.3   1
      673  27.904987   85.475781    10.891    -7458.4      457.8     -926.6    294.6    298.8    400.2 2023  5  4 18  6 24.360  0.3   1
      674  27.875828   85.545020     6.544     -641.6    -2773.5    -5274.3    456.5    326.5    351.4 2023  5  4 18 30  4.240  0.3   1
      675  27.901538   85.559611    12.753      795.0       75.6      934.6    602.0    421.1    452.2 2023  5  4 18 48 15.200  0.3   1
      676  27.913208   85.613110    14.071     6061.4     1368.8     2253.2    339.8    355.0    408.9 2023  5  4 18 49 27.200  0.2   1
      677  27.916150   85.607829    13.620     5541.2     1694.7     1801.5    396.0    357.2    417.5 2023  5  4 19  4 52.000  0.3   1
      678  27.882048   85.552913    12.409      135.3    -2084.3      591.1    336.3    331.0    355.3 2023  5  4 19 23 51.940  0.5   1
      679  27.913584   85.611947    14.279     5947.3     1410.5     2461.3    357.7    514.0    615.8 2023  5  4 19 55  1.560  0.2   1
      680  27.898641   85.530648    12.373    -2056.4     -245.4      554.8    337.7    320.5    419.0 2023  5  4 20  8 40.160  0.3   1
      681  27.967684   85.568970     2.282     1715.8     7405.7    -9536.6    555.4    460.5    570.9 2023  5  4 20 31 22.440  0.8   1
      682  27.919071   85.694710     7.427    14094.6     2018.5    -4390.8    388.2    421.2    549.7 2023  5  4 21  4 10.900  0.3   1
      683  27.894177   85.569873    12.276     1805.1     -740.1      458.3    322.8    320.3    401.9 2023  5  4 21 35 31.300  0.6   1
      684  27.894297   85.569295    12.241     1748.3     -726.8      423.0    332.8    321.4    377.3 2023  5  4 21 35 58.480  0.3   1
      685  27.895390   85.570190    12.110     1836.0     -605.8      291.8    329.4    327.7    430.2 2023  5  4 21 36 42.680  0.3   1
      686  27.895131   85.569727    12.148     1790.5     -634.3      329.6    329.7    330.7    415.9 2023  5  4 21 40 46.480  0.3   1
      687  27.882631   85.553280    12.368      171.2    -2019.6      549.4    366.9    355.8    398.8 2023  5  4 21 50  5.820  0.3   1
      688  27.896547   85.593864    12.886     4167.0     -477.5     1067.5    350.1    318.9    374.6 2023  5  4 21 56 56.440  0.3   1
      689  27.928746   85.525366    13.292    -2576.0     3090.6     1473.5    475.4    299.8    374.5 2023  5  4 22 25  2.200  0.3   1
      690  27.894560   85.518132    12.170    -3288.8     -697.8      351.7    469.7    311.0    473.7 2023  5  4 22 27  5.220  0.3   1
      691  27.895593   85.515967    12.066    -3501.8     -583.3      247.5    373.5    299.9    445.2 2023  5  4 22 27 17.240  0.3   1
      692  27.879541   85.565479    12.745     1372.8    -2362.1      926.7    409.4    368.5    352.9 2023  5  4 23 34  6.800  0.0   1
      693  27.905796   85.495199    12.023    -5546.9      547.3      204.7    291.9    296.8    354.7 2023  5  4 23 45 53.500  0.3   1
      694  27.891785   85.609839     4.915     5739.8    -1005.2    -6902.9    609.3    437.9    609.6 2023  5  4 23 58 40.340  1.2   1
      695  27.903937   85.497314    11.391    -5338.5      341.2     -426.7    264.7    294.5    351.7 2023  5  5  0 28 28.120  0.5   1
      696  27.906411   85.571493    13.907     1964.2      615.4     2089.3    559.5    387.7    450.5 2023  5  5  2 56 16.240  0.5   1
      697  27.891056   85.578833    13.206     2687.2    -1086.1     1387.9    439.6    421.0    468.9 2023  5  5  4 23 58.820  0.4   1
      698  27.904574   85.472030    10.550    -7827.8      411.9    -1268.4    339.8    306.8    386.7 2023  5  5  8 10 24.080  1.4   1
      699  27.904226   85.473608    10.655    -7672.6      373.4    -1163.5    328.3    307.7    367.4 2023  5  5  8 13 39.650  1.2   1
      700  27.902590   85.439315    18.987   -11048.2      192.0     7169.2    497.4    492.6    524.3 2023  5  5  8 33 19.170  1.3   1
      701  27.883348   85.544678    12.408     -675.5    -1940.2      590.3    351.8    354.2    407.0 2023  5  5 10 37 55.000  0.5   1
      702  27.930906   85.568986     3.933     1717.6     3330.1    -7884.7    574.6    418.2    525.0 2023  5  5 11 51 56.240  0.6   1
      703  27.905237   85.472135    10.489    -7816.8      485.4    -1328.8    300.3    301.8    353.2 2023  5  5 14  0 13.510  0.5   1
      704  27.915912   85.534383    12.560    -1688.6     1668.4      742.2    318.1    363.7    350.6 2023  5  5 14 36 55.180  0.2   1
      705  27.890334   85.542261    12.401     -913.1    -1166.0      583.2    374.4    318.2    391.7 2023  5  5 15 22 47.210  0.2   1
      706  27.890483   85.542716    12.411     -868.4    -1149.5      592.8    348.5    310.4    405.0 2023  5  5 15 24 48.160  0.1   1
      707  27.915973   85.462679    10.537    -8747.9     1675.1    -1281.1    469.6    367.0    531.8 2023  5  5 15 48 20.800  0.1   1
      708  27.837050   85.628687    12.352     7597.7    -7070.8      534.2    352.6    401.8    364.3 2023  5  5 16 16  6.550  0.0   1
      709  27.909544   85.652376    13.288     9927.5      962.7     1470.3    281.8    336.7    434.9 2023  5  5 16 30 31.270  0.1   1
      710  27.915094   85.441846    10.870   -10798.8     1577.7     -948.4    564.8    336.2    491.7 2023  5  5 17 11 29.880  0.3   1
      711  27.903898   85.473250    10.251    -7707.8      337.2    -1567.5    331.7    307.1    381.1 2023  5  5 17 27 46.880  0.1   1
      712  27.904331   85.472876    10.459    -7744.2      385.0    -1359.5    338.3    311.5    382.9 2023  5  5 17 29 45.680  0.1   1
      713  27.904065   85.474528    10.695    -7581.3      355.7    -1123.1    308.3    299.8    358.7 2023  5  5 17 30 51.040  0.4   1
      714  27.915896   85.551090    12.482      -44.3     1666.6      664.0    356.1    318.3    372.6 2023  5  5 17 43 27.600  0.3   1
      715  27.888953   85.532813    11.786    -1843.8    -1319.2      -32.1    392.8    375.2    425.2 2023  5  5 17 48 24.640  0.3   1
      716  27.915580   85.550708    12.643      -81.5     1631.7      825.3    415.2    314.4    372.4 2023  5  5 17 49 36.160  0.3   1
      717  27.905074   85.545882     3.690     -556.9      467.3    -8127.7    941.1    548.6    971.1 2023  5  5 17 55 46.360  1.1   1
      718  27.924813   85.619621    12.235     6702.2     2654.8      416.8    439.3    359.5    443.2 2023  5  5 18  0 33.120  0.3   1
      719  27.935443   85.546232    11.306     -522.4     3832.8     -511.7    489.1    316.7    366.8 2023  5  5 19 58  6.640  0.0   1
      720  27.885038   85.715934    10.363    16186.5    -1753.0    -1454.6    330.8    424.3    457.0 2023  5  5 21 10 44.100  0.2   1
      721  27.940255   85.559554    11.170      789.3     4366.0     -647.9    562.0    358.5    409.1 2023  5  5 21 12 42.320  0.3   1
      722  27.902889   85.473486    11.174    -7684.4      225.3     -644.3    320.6    320.3    352.4 2023  5  5 21 44 21.360  0.3   1
      723  27.901530   85.472941    11.237    -7737.9       74.6     -580.9    309.0    323.5    343.9 2023  5  5 21 44 58.860  0.1   1
      724  27.934507   85.544897    11.151     -654.1     3729.1     -667.3    615.7    296.0    380.8 2023  5  5 21 58 17.400  0.3   1
      725  27.913723   85.623975    13.762     7131.2     1425.9     1944.0    332.2    325.6    418.5 2023  5  5 22 51  9.600  0.0   1
      726  27.889834   85.528125    11.957    -2304.8    -1221.5      138.7    319.5    308.5    416.4 2023  5  5 23  7 54.720  0.4   1
      727  27.928929   85.454289    12.143    -9573.5     3110.9      325.3    336.7    323.4    389.8 2023  5  6  1 42 21.170  0.4   1
      728  27.899677   85.507642    11.956    -4321.6     -130.8      137.7    452.6    456.8    434.6 2023  5  6  4 27 24.190  0.4   1
      729  27.899593   85.608415    16.626     5599.7     -140.1     4807.6    426.4    389.5    399.7 2023  5  6 10 16 40.950  0.9   1
      730  27.901190   85.613550    16.309     6105.4       36.9     4491.2    432.3    422.0    405.6 2023  5  6 10 47 28.970  0.7   1
      731  27.895766   85.559985    13.208      831.9     -564.0     1389.6    470.6    394.8    356.0 2023  5  6 11 15 37.490  0.4   1
      732  27.897719   85.615641    16.499     6310.9     -347.5     4681.1    675.3    477.1    415.2 2023  5  6 12 49 51.220  0.6   1
      733  27.898189   85.535181    12.486    -1610.3     -295.5      667.5    384.6    327.5    380.7 2023  5  6 13 22 30.190  0.6   1
      734  27.911823   85.609985    14.343     5754.3     1215.3     2524.5    352.1    358.2    451.4 2023  5  6 13 51 55.760  0.2   1
      735  27.906655   85.553011    12.593      145.0      642.6      774.7    413.8    376.6    438.1 2023  5  6 15  8  2.840  1.0   1
      736  27.899412   85.468709    11.539    -8154.9     -160.0     -279.3    372.0    384.0    363.2 2023  5  6 15 30  5.070  0.0   1
      737  27.874221   85.615470    13.417     6295.3    -2951.8     1598.8    442.8    401.8    369.5 2023  5  6 16 11  6.200  0.3   1
      738  27.874457   85.615544    13.270     6302.0    -2925.5     1451.8    339.9    370.9    374.8 2023  5  6 18  2 58.320  0.2   1
      739  27.948806   85.528044     8.742    -2312.2     5313.6    -3075.8    394.2    284.2    382.2 2023  5  6 19 27 23.920  0.3   1
      740  27.910223   85.485514    12.427    -6500.1     1038.0      609.0    496.3    448.1    576.2 2023  5  6 19 33  2.760  0.3   1
      741  27.912408   85.493604    12.642    -5703.2     1280.3      823.7    350.5    334.4    452.0 2023  5  6 19 44 24.140  0.0   1
      742  27.894415   85.544963    11.993     -647.3     -713.9      174.8    715.6    581.0    471.7 2023  5  6 20 41 31.200  0.3   1
      743  27.878821   85.593953    12.832     4176.0    -2441.9     1013.7    363.8    363.2    358.2 2023  5  6 22 23 46.920  0.3   1
      744  27.899349   85.546362    12.909     -509.9     -167.0     1090.7    559.8    426.9    388.1 2023  5  6 22 26 48.040  0.3   1
      745  27.901097   85.547575    12.854     -390.3       26.5     1035.4    603.1    517.5    484.3 2023  5  6 23 32 51.720  0.0   1
      746  27.888344   85.562118    12.034     1041.6    -1386.6      215.9    930.5    544.4    483.5 2023  5  6 23 33 35.080  0.4   1
      747  27.883169   85.559180    12.111      752.8    -1960.1      293.3    418.0    335.3    350.8 2023  5  6 23 35 49.880  0.1   1
      748  27.861951   85.594775    11.997     4257.2    -4311.4      179.2    292.6    390.4    343.3 2023  5  7  1 10 17.120  0.2   1
      749  27.924229   85.449316    11.690   -10063.2     2590.1     -127.6    520.3    371.3    553.5 2023  5  7  5 52 17.650  0.8   1
      750  27.897477   85.612484    16.361     6000.2     -374.5     4542.8    466.0    444.0    403.1 2023  5  7  6  9 50.300  0.6   1
      751  27.911515   85.601562    15.367     4925.1     1181.1     3549.3    428.3    450.0    432.6 2023  5  7  8 19 50.960  0.5   1
      752  27.912160   85.603019    15.871     5068.4     1252.7     4052.9    465.8    399.1    415.0 2023  5  7 13 33 19.970  0.5   1
      753  27.893064   85.558423    11.528      677.8     -863.5     -290.3    365.7    319.6    420.7 2023  5  7 14 28 40.230  0.4   1
      754  27.881388   85.546297    12.968     -515.7    -2157.3     1150.0    374.8    350.3    406.6 2023  5  7 14 33 27.880  0.4   1
      755  27.881535   85.554972    12.531      337.9    -2141.2      712.6    509.7    439.5    373.3 2023  5  7 14 34  5.810  0.0   1
      756  27.884550   85.548161    12.693     -332.3    -1807.1      875.1    440.9    352.1    381.0 2023  5  7 14 36 33.880  0.1   1
      757  27.884127   85.558228    12.439      659.0    -1854.0      620.8    363.6    357.5    399.4 2023  5  7 16 23 20.480  0.1   1
      758  27.881694   85.690015    12.623    13634.3    -2123.6      804.5    341.3    475.8    461.5 2023  5  7 17 22 41.040  0.3   1
      759  27.885193   85.558830    12.839      717.9    -1735.8     1021.0    420.8    320.2    345.2 2023  5  7 17 52 37.280  0.4   1
      760  27.882605   85.517179    11.817    -3382.7    -2022.5       -0.7    418.8    341.1    434.2 2023  5  7 19  4 59.420  0.3   1
      761  27.888076   85.501921    11.559    -4885.4    -1416.2     -259.2    321.0    334.5    435.1 2023  5  7 19 24 24.700  0.3   1
      762  27.949148   85.549854    10.764     -166.1     5351.4    -1053.9    475.1    368.1    397.4 2023  5  7 19 42 56.240  0.1   1
      763  27.896307   85.655387    13.724    10224.0     -504.1     1905.4    336.6    387.6    428.9 2023  5  7 20 40 39.420  0.3   1
      764  27.877907   85.645475     2.409     9249.3    -2543.2    -9409.1    739.0    487.5   1310.3 2023  5  7 20 56  3.440  0.3   1
      765  27.922927   85.639225    14.949     8631.7     2445.8     3130.6    573.0    449.0    500.8 2023  5  7 21 44  9.060  0.7   1
      766  27.886587   85.563770    12.339     1204.3    -1581.4      520.6    400.8    354.4    351.6 2023  5  7 22  3 59.880  0.3   1
      767  27.900779   85.483260    13.034    -6722.0       -8.6     1215.8    534.7    378.4    511.1 2023  5  7 22 13 28.300  0.4   1
      768  27.894548   85.482601    11.992    -6787.6     -699.1      174.2    488.1    445.6    552.9 2023  5  7 22 39 30.420  0.0   1
      769  27.874998   85.590698    13.252     3855.7    -2865.5     1433.6    416.1    476.6    355.7 2023  5  7 23 53 41.560  0.2   1
      770  27.876849   85.587028    13.090     3494.5    -2660.4     1271.4    388.2    386.5    362.5 2023  5  8  0 25 24.760  0.5   1
      771  27.876231   85.573031    12.243     2116.0    -2728.9      425.0    397.7    396.9    337.7 2023  5  8  1 56 21.930  0.9   1
      772  27.872408   85.573177    12.374     2131.0    -3152.6      555.9    361.2    413.5    335.5 2023  5  8  2  5  0.500  0.5   1
