        1  27.970758   85.558586     2.582      693.7     7746.4    -9235.8    538.6    402.7    375.0 2023  4 10  3 52  8.210  0.7   1
        2  27.905206   85.536515    11.957    -1479.1      482.0      139.2    259.5    217.9    131.0 2023  4 10  5 15 35.920  0.5   1
        3  27.897670   85.559993    12.629      832.2     -353.1      810.8    138.8    145.3    178.6 2023  4 10 11 32 18.830  2.5   1
        4  27.888326   85.532764    12.649    -1848.3    -1388.6      830.6    203.3    171.6    143.7 2023  4 10 12 18 12.960  0.3   1
        5  27.897797   85.478630    12.122    -7178.4     -339.2      303.8    184.3    259.7    154.0 2023  4 10 14 12 30.150  0.2   1
        6  27.929791   85.556576    14.446      496.1     3206.4     2627.6    233.8    191.5    194.7 2023  4 10 15 38 40.560  0.1   1
        7  27.888853   85.510547    11.467    -4035.5    -1330.1     -350.9    133.9    181.4    144.0 2023  4 10 16 53 34.310  0.1   1
        8  27.910089   85.505070    11.690    -4574.5     1023.1     -128.2    265.1    157.8    233.8 2023  4 10 17 27 54.800  0.3   1
        9  27.921383   85.505273    13.873    -4554.6     2274.6     2054.8    182.7    163.2    143.6 2023  4 10 18 30 15.920  0.4   1
       10  27.958960   85.416838    13.933   -13258.4     6438.8     2115.4    349.9    456.8    347.9 2023  4 10 18 38  3.240  0.2   1
       11  27.880149   85.706755    10.666    15282.9    -2294.6    -1152.6    298.5    399.1    309.8 2023  4 10 19  3 44.000  0.1   1
       12  27.909804   85.512826     9.190    -3811.1      991.6    -2627.7    184.3    142.5    136.8 2023  4 10 19 33 16.460  0.3   1
       13  27.886855   85.554688    12.095      310.2    -1551.7      276.7    138.5    130.5    133.5 2023  4 10 19 50 38.440  0.3   1
       14  27.932068   85.556128    14.321      451.4     3458.7     2502.6    171.0    160.8    142.9 2023  4 10 19 58 21.320  0.3   1
       15  27.952179   85.498429    13.914    -5227.4     5687.4     2095.7    208.9    146.1    143.7 2023  4 10 20  5 26.200  0.3   1
       16  27.900102   85.505705    11.967    -4512.3      -83.7      149.0    127.8    136.8    152.4 2023  4 10 20 19 45.980  0.3   1
       17  27.903800   85.470451    11.489    -7983.3      326.2     -328.9    103.4    147.8    103.7 2023  4 10 21 45  6.360  0.1   1
       18  27.871690   85.608919    11.391     5649.8    -3232.2     -427.5    151.5    183.6    216.2 2023  4 10 22 34 49.840  0.3   1
       19  27.899361   85.516805    14.156    -3419.6     -165.7     2337.7    169.9    153.2    109.7 2023  4 10 23  8  5.400  0.3   1
       20  27.898531   85.473088    11.376    -7723.6     -257.6     -442.0    118.3    158.1    115.3 2023  4 10 23 21 47.000  0.4   1
       21  27.935815   85.534049    11.880    -1721.5     3874.0       61.4    174.1    167.1    121.4 2023  4 10 23 22  9.780  0.3   1
       22  27.895868   85.475781    11.603    -7458.7     -552.9     -215.5    184.1    203.6    213.2 2023  4 10 23 23 28.780  0.3   1
       23  27.951888   85.494710    14.237    -5593.1     5655.3     2419.4    148.5    143.4    129.3 2023  4 11  0 23 12.050  1.7   1
       24  27.953105   85.493400    13.980    -5722.5     5790.0     2161.9    153.3    145.3    143.8 2023  4 11  0 29 31.390  0.7   1
       25  27.954277   85.491829    13.362    -5877.0     5920.0     1543.6    148.8    146.6    152.5 2023  4 11  1  3 50.200  0.6   1
       26  27.889215   85.564046    11.733     1231.7    -1290.0      -84.9    220.1    355.6    441.2 2023  4 11  2 20 48.630  0.2   1
       27  27.953971   85.494572    13.313    -5607.3     5886.1     1495.4    177.0    211.2    148.9 2023  4 11  2 37 38.130  0.5   1
       28  27.954513   85.495150    13.991    -5549.9     5946.0     2172.8    166.6    148.0    131.6 2023  4 11  2 41 53.750  0.5   1
       29  27.883219   85.613110    13.471     6062.5    -1954.6     1653.4    187.9    227.3    180.9 2023  4 11  3  9 13.740  0.5   1
       30  27.953255   85.495256    13.901    -5540.0     5806.7     2082.8    143.4    140.9    134.0 2023  4 11  3 15 48.520  1.5   1
       31  27.955870   85.486548    13.385    -6396.6     6096.4     1566.5    154.6    147.2    144.1 2023  4 11  3 17  8.240  0.4   1
       32  27.954299   85.490617    13.368    -5996.7     5922.4     1549.5    135.1    146.3    129.8 2023  4 11  3 20  4.710  0.8   1
       33  27.878794   85.631299    13.239     7853.5    -2444.9     1421.3    199.1    155.9    160.5 2023  4 11  6  0  3.740  0.6   1
       34  27.951190   85.491040    13.678    -5955.0     5577.9     1859.6    184.7    149.3    154.2 2023  4 11  6 30  7.700  0.6   1
       35  27.899670   85.642391    14.661     8944.9     -131.4     2843.1    169.5    132.4    159.5 2023  4 11  7 17 13.910  0.6   1
       36  27.906921   85.486776    11.830    -6375.5      672.1       11.5    165.5    135.7    144.2 2023  4 11  7 32 28.320  0.7   1
       37  27.932080   85.471004    11.774    -7927.5     3460.0      -44.5    155.2    166.9    116.4 2023  4 11 11 12 43.270  0.6   1
       38  27.922270   85.506047    11.509    -4478.1     2373.0     -309.2    104.3    150.1    119.1 2023  4 11 12 55 14.720  0.3   1
       39  27.953353   85.495964    14.690    -5470.3     5817.6     2871.8    169.9    162.6    170.6 2023  4 11 14 32 32.740  0.2   1
       40  27.901223   85.564176    13.260     1244.0       40.5     1442.4    163.8    157.8    128.8 2023  4 11 15 16  8.050  0.4   1
       41  27.880723   85.562557    12.305     1084.8    -2231.2      487.3    139.1    118.8    120.2 2023  4 11 17 31 50.060  0.4   1
       42  27.880929   85.563656    12.324     1193.0    -2208.4      506.2    133.0    117.4    119.5 2023  4 11 17 31 57.520  0.4   1
       43  27.879854   85.564168    12.461     1243.4    -2327.5      643.0    139.9    120.5    115.7 2023  4 11 17 32  8.480  0.4   1
       44  27.901225   85.508171    12.062    -4269.3       40.9      243.6    120.0    152.5     95.7 2023  4 11 18 16 26.060  0.1   1
       45  27.900942   85.511043    12.307    -3986.7        9.5      488.7     98.0    135.1     83.9 2023  4 11 18 16 33.340  0.3   1
       46  27.901284   85.507528    12.090    -4332.7       47.3      272.2     84.3    132.5     69.8 2023  4 11 18 28  6.960  0.6   1
       47  27.901430   85.509839    12.253    -4105.7       63.5      434.7     92.8    136.7     88.4 2023  4 11 18 45 29.840  0.3   1
       48  27.904407   85.538086    12.129    -1324.5      393.4      310.4    116.6    130.2    127.3 2023  4 11 18 48 37.980  0.3   1
       49  27.901070   85.508488    11.971    -4238.2       23.6      153.4    101.8    135.4     91.2 2023  4 11 19 13  1.760  0.1   1
       50  27.926341   85.525993    12.661    -2514.4     2824.1      842.8    144.4    148.8    104.9 2023  4 11 19 38 40.960  0.3   1
       51  27.900503   85.554525    12.345      294.0      -39.2      526.6    145.0    136.8    204.1 2023  4 11 20 30 42.680  0.3   1
       52  27.951353   85.499365    14.379    -5135.0     5595.9     2560.5    121.4    142.6    127.3 2023  4 11 21 12 44.320  0.3   1
       53  27.903094   85.565072    12.951     1332.4      248.0     1132.8    136.9    137.1    128.7 2023  4 11 21 18 31.180  0.3   1
       54  27.925452   85.567163    12.205     1538.2     2725.6      386.6    151.6    146.7    117.8 2023  4 11 22 39 43.400  0.3   1
       55  27.911977   85.567692    13.945     1590.2     1232.4     2127.2    141.3    131.6    119.4 2023  4 11 23  9 10.760  0.9   1
       56  27.914728   85.459530    11.872    -9057.6     1537.2       53.5    115.6    136.8    102.0 2023  4 12  1  7 45.480  0.6   1
       57  27.908177   85.551465    12.947       -7.3      811.3     1128.9    148.2    143.4    111.1 2023  4 12  1 49 35.920  0.3   1
       58  27.881006   85.610002    13.713     5756.0    -2199.9     1895.2    170.1    168.6    172.2 2023  4 12 12  5 45.390  0.4   1
       59  27.953298   85.493563    13.807    -5706.4     5811.5     1988.9    160.9    146.5    139.3 2023  4 12 14  8 23.480  0.7   1
       60  27.912286   85.460482    11.831    -8963.9     1266.7       12.9    138.1    139.8    131.6 2023  4 12 16 54 13.080  0.3   1
       61  27.910551   85.538704    13.267    -1263.6     1074.3     1448.6    152.3    139.5    146.5 2023  4 12 17 13 48.560  0.3   1
       62  27.910569   85.538859    13.412    -1247.9     1076.3     1593.8    148.1    131.0    146.7 2023  4 12 17 57 18.540  0.4   1
       63  27.895640   85.537166    12.677    -1415.3     -578.0      858.8    118.0    125.5    122.1 2023  4 12 18 12  2.800  0.3   1
       64  27.909371   85.606755    13.151     5436.0      943.6     1333.1    182.4    125.9    156.7 2023  4 12 18 36 26.780  0.4   1
       65  27.894967   85.584709    13.019     3265.6     -652.7     1201.2    161.8    143.2    147.1 2023  4 12 18 41 36.940  1.2   1
       66  27.894840   85.587207    12.901     3512.2     -666.6     1082.7    170.8    161.9    148.8 2023  4 12 18 45 58.860  0.0   1
       67  27.884656   85.557975    12.117      634.1    -1795.4      299.1    227.9    195.8    132.7 2023  4 12 19 24 48.100  0.4   1
       68  27.907550   85.503459    11.681    -4733.0      741.9     -137.5    102.1    130.8     85.5 2023  4 12 20  2 26.000  0.3   1
       69  27.899683   85.558960    12.397      730.9     -130.1      579.1    148.0    133.1    132.9 2023  4 12 20 17 30.520  0.4   1
       70  27.896431   85.658390    13.829    10520.0     -490.5     2011.3    159.6    122.1    164.1 2023  4 12 20 22 13.240  0.4   1
       71  27.890204   85.483569    11.324    -6691.6    -1180.5     -494.2    104.5    138.3    105.2 2023  4 12 21 16 24.640  0.3   1
       72  27.890873   85.483651    11.384    -6683.7    -1106.4     -434.4    133.3    166.2    140.0 2023  4 12 21 22  8.720  0.3   1
       73  27.926691   85.475968    11.754    -7439.3     2862.9      -64.2    125.2    142.2    124.3 2023  4 12 21 41 28.860  0.5   1
       74  27.928328   85.452262    12.842    -9773.0     3044.5     1023.6    133.6    145.7    134.3 2023  4 12 21 46 33.480  0.1   1
       75  27.912488   85.555412    12.358      381.5     1288.9      540.1    145.0    136.0    101.6 2023  4 12 21 49 55.400  0.4   1
       76  27.912211   85.467847    11.337    -8239.2     1258.4     -481.4    125.9    133.0    101.3 2023  4 12 22  2 13.940  0.3   1
       77  27.903306   85.472274    10.910    -7803.6      271.4     -908.0    104.7    133.8    104.6 2023  4 12 22 33 39.020  0.2   1
       78  27.889144   85.487451    11.720    -6310.0    -1297.9      -98.2    151.9    196.7    165.0 2023  4 12 23  2 10.480  0.3   1
       79  27.907758   85.492383    11.914    -5824.1      764.7       96.0    113.1    131.6    125.1 2023  4 12 23  4 10.000  0.0   1
       80  27.890145   85.483366    11.350    -6711.7    -1187.1     -468.1    115.3    150.0    120.1 2023  4 12 23  6 22.440  1.3   1
       81  27.954559   85.534603    10.700    -1666.7     5951.2    -1117.9    244.3    221.2    233.8 2023  4 13  0 19  6.630  0.2   1
       82  27.903782   85.520020    11.328    -3102.8      324.3     -490.4    168.7    141.4     93.5 2023  4 13  4 13 48.740  0.4   1
       83  27.954844   85.426969    14.276   -12261.4     5982.8     2457.6    348.9    431.9    330.0 2023  4 13  8 30 25.990  1.2   1
       84  27.944853   85.460303    13.021    -8980.9     4875.6     1203.2    172.1    173.3    139.7 2023  4 13 11 46 58.620  0.7   1
       85  27.943593   85.459180    13.005    -9091.1     4736.0     1187.3    152.7    180.1    129.5 2023  4 13 11 51 25.780  0.9   1
       86  27.898332   85.584106    12.406     3206.2     -279.7      587.4    168.9    147.3    156.0 2023  4 13 13  5 13.910  0.3   1
       87  27.940483   85.532495    10.313    -1874.7     4391.3    -1505.4    268.3    175.4    135.5 2023  4 13 13 30 17.320  0.4   1
       88  27.912512   85.712337    16.810    15830.4     1291.7     4991.5    185.9    236.0    156.7 2023  4 13 13 35 37.430  0.5   1
       89  27.912628   85.711678    16.860    15765.3     1304.6     5042.4    152.3    183.9    126.9 2023  4 13 13 36 19.200  0.5   1
       90  27.913753   85.713021    16.831    15897.3     1429.1     5012.8    148.1    203.2    122.0 2023  4 13 13 42 13.040  0.5   1
       91  27.938149   85.569482    12.036     1766.0     4132.7      218.3    234.0    193.6    158.7 2023  4 13 14 19  5.860  0.4   1
       92  27.937771   85.571387    11.985     1954.0     4090.8      166.5    229.0    196.9    162.8 2023  4 13 14 24  8.190  0.5   1
       93  27.892684   85.547453    12.446     -402.6     -905.6      628.3    153.4    123.9    109.5 2023  4 13 14 43 46.950  0.1   1
       94  27.938885   85.569987    11.883     1815.9     4214.3       65.2    227.5    190.9    164.3 2023  4 13 14 50 20.480  0.3   1
       95  27.858811   85.710425    10.739    15645.3    -4659.4    -1078.8    212.0    177.5    241.9 2023  4 13 20 13 51.700  0.3   1
       96  27.876048   85.654468    12.854    10134.5    -2749.3     1036.0    147.6    107.3    166.9 2023  4 13 21  0 51.540  0.3   1
       97  27.935244   85.543555    11.610     -786.0     3810.7     -208.1    152.7    138.6    118.6 2023  4 13 22 12 10.840  0.3   1
       98  27.902948   85.543058    12.350     -835.1      231.7      532.1    127.8    125.6     98.5 2023  4 13 22 13 20.160  0.3   1
       99  27.892023   85.526969    11.797    -2419.3     -978.9      -20.9    103.7    129.4    109.2 2023  4 13 22 23 45.080  0.4   1
      100  27.914992   85.550228    12.874     -128.7     1566.5     1055.6    142.3    134.6     96.4 2023  4 13 22 33 32.180  0.4   1
      101  27.875712   85.653109    12.787    10001.4    -2786.4      968.9    153.5    115.6    165.9 2023  4 13 23  9 25.220  0.1   1
      102  27.887750   85.500635    11.283    -5012.0    -1452.3     -534.6    105.5    138.0    105.0 2023  4 13 23 30 46.360  0.4   1
      103  27.916543   85.571867    14.393     2001.7     1738.2     2574.5    158.5    142.0    126.7 2023  4 14  1  4 16.820  0.8   1
      104  27.916156   85.572127    14.500     2026.9     1695.5     2682.1    144.5    139.6    127.8 2023  4 14  1 17  3.670  0.3   1
      105  27.923989   85.562834    14.530     1111.7     2563.4     2711.4    156.8    140.6    127.9 2023  4 14  6 16  6.610  0.6   1
      106  27.873405   85.585409    12.390     3334.7    -3042.1      571.5    359.8    283.3    201.0 2023  4 14 10  2 46.840  2.4   1
      107  27.856602   85.654484    13.132    10136.9    -4904.3     1313.7    162.8    126.0    166.5 2023  4 14 10 13 58.710  1.9   1
      109  27.904883   85.576986    14.069     2505.5      446.1     2251.0    192.4    140.4    134.6 2023  4 14 11 45 55.820  0.6   1
      110  27.889162   85.509416    11.498    -4147.4    -1295.9     -320.2     92.7    133.9     99.8 2023  4 14 12 30 42.290  1.2   1
      111  27.890196   85.582975    12.839     3094.9    -1181.4     1020.5    142.3    134.9    147.5 2023  4 14 13 49 39.530  0.2   1
      112  27.832212   85.671354    12.541    11800.2    -7607.0      723.2    145.8    137.8    156.6 2023  4 14 14 44 46.120  0.4   1
      113  27.832001   85.671549    12.501    11819.5    -7630.5      683.1    151.5    142.7    163.4 2023  4 14 14 59 41.070  0.2   1
      114  27.831980   85.670841    12.609    11749.5    -7632.6      790.7    154.2    150.9    160.4 2023  4 14 15  6 29.250  0.1   1
      115  27.885008   85.640902    15.772     8798.7    -1756.3     3954.3    256.3    145.4    167.9 2023  4 14 15 15 30.410  0.6   1
      116  27.892627   85.662817    14.306    10956.2     -911.9     2488.2    167.5    127.1    164.7 2023  4 14 16 19 15.390  0.7   1
      117  27.951853   85.446989    11.107   -10290.8     5651.4     -711.0    184.5    239.5    154.2 2023  4 14 16 20  2.890  0.6   1
      118  27.945876   85.452889    13.418    -9710.5     4989.0     1599.7    196.4    232.1    175.1 2023  4 14 16 33  8.920  0.4   1
      119  27.921708   85.653768    13.194    10063.4     2310.8     1376.1    240.9    216.2    174.7 2023  4 14 17  7 56.440  0.3   1
      120  27.910101   85.605168    15.828     5279.9     1024.5     4009.6    145.7    135.6    158.7 2023  4 14 17  8 24.960  0.6   1
      121  27.903308   85.535677    12.270    -1561.4      271.8      451.8    124.8    127.9    106.9 2023  4 14 17 22 17.160  0.3   1
      122  27.929883   85.456152    11.310    -9389.9     3216.7     -508.3    148.1    150.7    143.0 2023  4 14 17 45 24.800  0.3   1
      123  27.929828   85.459155    11.468    -9094.0     3210.5     -350.0    122.5    139.9    102.7 2023  4 14 17 47 37.360  0.4   1
      124  27.929677   85.457845    11.495    -9222.8     3193.9     -322.8    123.3    140.1    103.5 2023  4 14 17 53  8.120  0.5   1
      125  27.930404   85.458325    11.554    -9176.0     3274.3     -263.8    126.3    139.7    107.4 2023  4 14 17 57  6.280  0.7   1
      126  27.929397   85.458423    11.425    -9165.9     3162.7     -393.3    121.8    138.3    100.8 2023  4 14 17 58 36.640  0.2   1
      127  27.930056   85.458130    11.471    -9195.2     3235.7     -347.0    121.0    139.8     98.9 2023  4 14 18  8  8.680  0.6   1
      128  27.929759   85.457576    11.329    -9249.2     3202.9     -489.5    127.9    142.0    121.5 2023  4 14 18  8 42.480  0.3   1
      129  27.928774   85.531331    14.815    -1989.2     3093.7     2996.9    212.9    166.7    123.9 2023  4 14 18 34 47.680  0.4   1
      130  27.889065   85.485547    11.577    -6497.4    -1306.8     -241.5    144.2    177.8    149.4 2023  4 14 19  1 35.560  0.3   1
      131  27.907817   85.508822    11.766    -4205.5      771.4      -52.5     77.5    130.8    101.4 2023  4 14 19 45 34.180  0.3   1
      132  27.929449   85.457463    11.556    -9260.3     3168.6     -261.8    120.3    140.3     99.2 2023  4 14 20 30 23.960  0.3   1
      133  27.929203   85.457275    11.663    -9279.3     3141.2     -155.4    129.7    142.8     97.1 2023  4 14 20 33  9.360  0.2   1
      134  27.880125   85.704093    13.281    15020.7    -2297.4     1463.1    190.1    216.0    225.0 2023  4 14 20 46 13.920  0.4   1
      135  27.920538   85.484814    11.564    -6568.4     2181.1     -253.8    194.1    156.4    188.5 2023  4 14 21 32 15.880  0.3   1
      136  27.908437   85.502653    11.708    -4813.1      840.0     -109.6     77.5    131.2     76.4 2023  4 14 21 59 19.460  0.4   1
      137  27.884102   85.602539    12.764     5021.6    -1856.6      946.2    145.0    141.3    159.1 2023  4 14 22 43 54.160  0.4   1
      138  27.886324   85.605518    12.335     5314.4    -1610.4      516.6    163.5    138.0    172.1 2023  4 14 22 44 32.080  0.4   1
      139  27.888373   85.581779     9.589     2977.5    -1383.4    -2229.3    271.1    138.6    176.6 2023  4 14 22 51  6.920  0.4   1
      140  27.878269   85.557926    12.738      629.1    -2503.1      919.9    126.8    114.6    122.3 2023  4 14 23 20 26.160  0.1   1
      141  27.890330   85.622420    13.078     6978.7    -1166.6     1260.1    180.6    146.1    171.3 2023  4 15  0 48  4.520  0.2   1
      142  27.929820   85.461857    11.582    -8828.1     3209.7     -236.2    271.7    162.2    162.2 2023  4 15  1 10  2.210  0.4   1
      143  27.928392   85.464209    11.811    -8596.9     3051.5       -7.4    134.8    139.8    116.9 2023  4 15  1 13  4.580  0.5   1
      144  27.857218   85.654924    13.113    10180.4    -4835.8     1295.0    163.2    128.4    167.8 2023  4 15  1 41 10.470  1.5   1
      145  27.901617   85.514730    12.208    -3623.6       84.4      390.1     81.2    131.6     89.0 2023  4 15  9 46  8.290  0.9   1
      146  27.901506   85.516146    12.236    -3484.5       71.9      417.5     94.9    137.2     92.9 2023  4 15  9 48 34.260  0.5   1
      147  27.902962   85.525382    12.802    -2575.2      233.3      984.0    122.3    150.1    103.8 2023  4 15 13 48 50.320  0.4   1
      148  27.912838   85.544784    12.593     -665.1     1327.8      775.2    141.0    128.5     86.3 2023  4 15 15 11 10.850  0.6   1
      149  27.860830   85.602612     3.782     5029.5    -4435.7    -8036.3    426.3    234.2    322.5 2023  4 15 15 14  7.570  1.1   1
      150  27.878833   85.582902    13.010     3087.8    -2440.7     1191.6    160.5    138.7    143.5 2023  4 15 17 17 39.780  0.3   1
      151  27.988981   85.696720     9.540    14288.1     9765.8    -2277.7   1078.3   1175.2   1213.5 2023  4 15 17 38 11.960  0.3   1
      152  27.923210   85.507894    11.551    -4296.8     2477.2     -266.6     91.2    133.3     98.2 2023  4 15 18 51 42.640  0.1   1
      153  27.884859   85.508154    11.341    -4271.9    -1772.8     -477.5    129.3    131.9     92.6 2023  4 15 18 52 24.640  0.3   1
      154  27.886412   85.508382    11.141    -4249.1    -1600.7     -677.1     91.4    130.5    109.2 2023  4 15 18 53 22.520  0.3   1
      155  27.900177   85.545085    12.810     -635.1      -75.3      991.9    196.3    139.1    102.5 2023  4 15 19 13 47.240  0.3   1
      156  27.941439   85.558276     5.245      663.3     4497.3    -6573.3    534.1    346.1    512.4 2023  4 15 19 15 45.080  0.1   1
      157  27.867269   85.704492    12.764    15061.0    -3722.2      945.7    174.1    197.8    197.9 2023  4 15 19 34 39.820  0.0   1
      158  27.928239   85.494377    13.164    -5627.2     3034.4     1346.3    148.6    168.1    136.6 2023  4 15 19 45 45.880  0.3   1
      159  27.914111   85.453459    10.628    -9655.2     1468.9    -1190.5    111.4    187.5    119.1 2023  4 15 19 58 46.480  0.3   1
      160  27.883486   85.565592    12.259     1384.0    -1924.9      440.5    155.0    126.4    135.2 2023  4 15 20  4 21.480  0.3   1
      161  27.903571   85.474243    11.229    -7610.0      300.8     -589.5    103.9    141.3    103.5 2023  4 15 20  9 37.160  0.3   1
      162  27.902224   85.474072    11.493    -7626.4      151.6     -324.7    118.3    139.3    135.9 2023  4 15 20 10 52.880  0.3   1
      163  27.889594   85.570361    12.594     1853.5    -1248.2      775.6    143.6    125.8    132.9 2023  4 15 20 39 41.100  0.3   1
      164  27.914254   85.577018    13.362     2508.3     1484.7     1543.6    178.5    142.0    134.3 2023  4 15 21 16 39.720  0.4   1
      166  27.907098   85.507918    12.459    -4294.5      691.7      641.1     90.2    135.8     85.6 2023  4 15 22 48  2.420  0.3   1
      167  27.912634   85.664762    12.476    11146.4     1305.1      658.0    198.5    196.0    170.3 2023  4 15 23 22  1.200  0.1   1
      168  27.885854   85.531396    11.905    -1983.2    -1662.6       87.1    102.5    128.3    112.5 2023  4 16  5 55  6.690  0.7   1
      169  27.857060   85.655111    12.977    10198.6    -4853.4     1158.8    161.1    127.5    167.1 2023  4 16  7 22  7.980  1.2   1
      170  27.912329   85.585994    13.009     3392.4     1271.3     1190.5    174.5    150.4    151.7 2023  4 16 10 48 36.780  0.6   1
      171  27.911444   85.592334    13.236     4016.1     1173.2     1417.7    209.1    195.1    184.4 2023  4 16 13 21 54.940  0.4   1
      172  27.930345   85.686035    17.712    13239.5     3267.9     5894.0    293.9    505.6    270.1 2023  4 16 15  0  9.220  0.5   1
      173  27.879083   85.559603    12.742      794.2    -2412.8      923.4    133.6    119.5    131.2 2023  4 16 15 22 36.550  0.3   1
      174  27.878204   85.559399    12.833      773.7    -2510.4     1015.0    122.1    111.7    119.9 2023  4 16 16 51 34.090  0.4   1
      175  27.880632   85.557129    12.731      550.7    -2241.3      913.1    165.1    133.1    119.6 2023  4 16 16 52  7.260  0.4   1
      176  27.837347   85.660018    11.741    10683.3    -7037.9      -76.9    143.0    137.3    157.6 2023  4 16 17  3 56.720  0.5   1
      177  27.837563   85.661873    11.477    10866.0    -7014.1     -341.1    136.6    130.6    153.1 2023  4 16 17  4 50.280  0.0   1
      178  27.837592   85.661483    11.569    10827.4    -7011.0     -248.6    140.9    132.2    156.4 2023  4 16 17  6 53.360  0.2   1
      179  27.837783   85.663273    11.400    11003.9    -6989.6     -417.7    145.9    137.3    158.7 2023  4 16 17  7 20.600  0.0   1
      180  27.898301   85.675415    12.841    12195.7     -283.2     1022.5    160.6    137.3    170.8 2023  4 16 17 19 26.360  1.1   1
      181  27.881818   85.546696    12.504     -476.7    -2109.9      686.2    136.2    120.4    118.7 2023  4 16 17 32 32.960  0.3   1
      182  27.878556   85.559961    12.772      829.3    -2471.3      954.4    126.9    113.9    119.8 2023  4 16 17 51  0.940  0.1   1
      183  27.892778   85.467912    11.979    -8233.8     -895.3      161.1    116.3    159.2    121.7 2023  4 16 17 56 22.760  0.3   1
      184  27.878843   85.559245    12.779      759.0    -2439.5      960.6    121.7    109.8    121.9 2023  4 16 18 31 59.760  0.0   1
      185  27.877433   85.574561    12.593     2267.1    -2595.7      775.2    128.9    119.7    128.9 2023  4 16 18 35  0.240  0.4   1
      186  27.885994   85.652157    13.189     9906.4    -1647.0     1371.0    149.0    115.7    164.9 2023  4 16 18 51 57.760  0.3   1
      187  27.914087   85.588135    15.878     3602.7     1466.3     4059.6    196.0    161.1    146.5 2023  4 16 19  7 49.600  0.3   1
      188  27.924451   85.568530    14.309     1673.1     2614.6     2490.6    161.1    138.4    129.0 2023  4 16 19 13 41.960  0.3   1
      189  27.882583   85.546322    12.429     -513.2    -2025.1      610.7    127.5    120.9    115.9 2023  4 16 19 16 48.480  0.3   1
      190  27.887059   85.553288    12.278      172.0    -1529.0      459.9    133.4    113.6    118.1 2023  4 16 19 39 26.000  0.4   1
      191  27.878042   85.559546    12.869      788.3    -2528.3     1051.1    124.2    111.8    119.4 2023  4 16 19 55  5.900  0.7   1
      192  27.882084   85.602832    12.357     5050.2    -2080.4      538.8    136.9    142.3    164.0 2023  4 16 20 18  9.760  0.4   1
      193  27.834686   85.627262    12.512     7457.7    -7332.8      694.4    207.2    172.7    149.4 2023  4 16 20 21 39.620  0.4   1
      194  27.944438   85.498869    12.342    -5184.7     4829.5      524.1    130.6    140.4    119.4 2023  4 16 21  8 39.760  0.5   1
      196  27.876003   85.580884    12.713     2889.1    -2754.2      894.5    150.8    133.6    133.0 2023  4 16 21 25 47.280  0.2   1
      197  27.893966   85.563078    12.390     1136.5     -763.6      571.9    125.9    127.1    137.6 2023  4 16 21 27 56.840  0.1   1
      198  27.929584   85.586841    14.158     3475.1     3183.5     2340.2    181.3    195.9    159.0 2023  4 16 21 45 28.960  0.5   1
      199  27.900916   85.546859    12.977     -460.6        6.6     1158.4    167.1    134.0    102.5 2023  4 16 22 39  4.420  0.5   1
      200  27.983807   85.546549     0.411     -491.3     9192.3   -11406.9    547.7    463.7   1027.7 2023  4 17  0 35 12.870  0.4   1
      201  27.919566   85.483138    11.838    -6733.9     2073.2       19.4    105.5    143.8    111.1 2023  4 17  0 36 13.510  0.7   1
      202  27.888652   85.635474    12.804     8264.2    -1352.5      986.4    208.5    148.6    177.7 2023  4 17  1 18 21.350  0.4   1
      203  27.897642   85.556217    12.496      460.9     -356.1      677.5    134.2    136.5    136.6 2023  4 17  1 33 17.830  0.4   1
      204  27.852557   85.663607    12.755    11035.7    -5352.3      937.3    172.6    134.0    178.1 2023  4 17  1 43 46.720  0.6   1
      205  27.919983   85.446525    11.754   -10338.1     2119.5      -64.1    203.0    150.7    206.4 2023  4 17  4 47 35.270  0.8   1
      206  27.882288   85.612834    13.252     6035.3    -2057.8     1433.6    139.4    148.3    165.7 2023  4 17  9 35 43.770  0.6   1
      207  27.901855   85.535449    15.157    -1584.2      110.7     3338.4    250.2    176.9    132.3 2023  4 17 12 41 35.530  0.6   1
      208  27.917019   85.570467    13.910     1863.1     1791.0     2091.5    149.6    154.9    128.0 2023  4 17 13 57 12.660  0.3   1
      209  27.907973   85.503141    12.467    -4764.3      788.6      648.7    170.6    140.7     99.8 2023  4 17 14 15 43.290  0.7   1
      210  27.907884   85.503255    12.244    -4753.7      778.7      425.9    141.0    134.9     72.9 2023  4 17 14 20 47.700  0.2   1
      211  27.938971   85.504744    11.330    -4605.8     4223.8     -488.5    130.9    154.9    156.4 2023  4 17 14 34 58.280  0.4   1
      212  27.916323   85.571460    14.024     1961.5     1713.9     2205.5    141.2    128.1    123.0 2023  4 17 14 37  1.710  0.4   1
      213  27.907654   85.502987    12.321    -4779.9      753.3      502.8     96.1    135.8     72.9 2023  4 17 15  0 12.670  0.5   1
      214  27.891176   85.493115    11.454    -5752.3    -1072.8     -363.8    108.0    147.5    105.5 2023  4 17 15 27 27.710  0.2   1
      215  27.888432   85.530265    12.272    -2094.2    -1376.9      453.7     93.3    142.8    118.6 2023  4 17 15 45 39.100  0.0   1
      216  27.902818   85.644352    13.677     9137.9      217.3     1858.9    151.5    118.3    156.0 2023  4 17 16 29 18.170  0.1   1
      217  27.886886   85.560636    12.513      895.9    -1548.2      694.9    244.3    194.5    116.0 2023  4 17 17 10  3.080  0.3   1
      218  27.883510   85.547184    12.453     -428.3    -1922.3      635.4    128.5    114.9    114.8 2023  4 17 17 20 24.440  0.6   1
      219  27.886601   85.552987    12.327      142.5    -1579.8      509.1    138.1    116.8    115.1 2023  4 17 18 19 15.500  0.3   1
      220  27.883126   85.548055    12.458     -343.1    -1964.9      640.3    128.4    113.6    115.9 2023  4 17 20  9 49.600  0.4   1
      221  27.897375   85.647632    12.406     9461.1     -385.7      587.4    208.2    116.9    178.6 2023  4 17 20 19 37.360  0.4   1
      222  27.950372   85.553247    12.944      168.1     5487.1     1125.9    401.3    211.2    179.3 2023  4 17 21 32 38.880  0.3   1
      223  27.901575   85.546501    12.391     -496.2       79.5      572.5    127.2    125.9     94.8 2023  4 17 21 47 33.400  0.3   1
      224  27.884108   85.553149    12.485      158.3    -1856.1      667.0    139.1    112.5    115.8 2023  4 17 21 57 28.840  0.3   1
      225  27.931989   85.511174    13.528    -3973.5     3450.0     1710.0    136.3    174.1    117.5 2023  4 17 22 16  1.320  0.3   1
      226  27.883748   85.547925    12.417     -355.7    -1895.8      599.2    126.1    116.6    116.4 2023  4 17 22 39 38.380  0.3   1
      227  27.887895   85.537638    12.038    -1368.7    -1436.4      220.1    232.0    151.8    156.8 2023  4 18  0 42 35.430  0.2   1
      228  27.901855   85.471086    10.788    -7920.5      110.6    -1030.0    106.6    145.4    114.9 2023  4 18  1  8 52.510  0.4   1
      229  27.883488   85.546965    12.499     -450.5    -1924.8      681.2    124.9    114.7    115.1 2023  4 18  1 34 29.360  1.3   1
      230  27.897711   85.686353     7.289    13272.7     -348.5    -4528.6    337.1    474.2    276.8 2023  4 18  2 54 26.230  0.5   1
      231  27.920803   85.597550    16.112     4529.2     2210.4     4294.1    300.5    153.0    158.1 2023  4 18  9  6 56.230  0.8   1
      232  27.883596   85.547860    12.495     -362.3    -1912.8      676.7    127.0    121.4    116.4 2023  4 18 13 21 44.350  0.3   1
      233  27.884432   85.544482    12.321     -695.1    -1820.1      503.3    124.9    119.3    116.7 2023  4 18 13 31 52.450  0.3   1
      234  27.875895   85.592342    11.923     4018.0    -2766.1      105.3    176.0    157.8    147.5 2023  4 18 15 33 21.500  0.0   1
      235  27.891648   85.469816    12.087    -8045.8    -1020.4      268.8    121.4    150.4    132.6 2023  4 18 17  1 16.360  0.2   1
      236  27.896775   85.508268    11.784    -4259.9     -452.2      -33.8    106.5    136.3     75.7 2023  4 18 17 37 42.240  0.2   1
      237  27.898889   85.572420    13.222     2055.7     -218.0     1403.9    156.2    146.7    133.4 2023  4 18 18  4  7.440  0.3   1
      238  27.921244   85.482975    11.919    -6749.2     2259.4      101.2    125.4    134.7    107.4 2023  4 18 18  5 24.740  1.8   1
      239  27.922803   85.483496    11.638    -6697.9     2432.1     -179.8    127.4    133.9    113.1 2023  4 18 18 33 59.260  0.3   1
      240  27.875531   85.578630    12.851     2667.8    -2806.5     1032.7    149.7    127.4    132.0 2023  4 18 18 46 43.220  0.5   1
      241  27.885555   85.549325    12.343     -218.3    -1695.7      524.7    133.4    115.1    115.1 2023  4 18 19 38 39.660  0.4   1
      243  27.884886   85.652669    12.197     9956.9    -1769.9      378.6    152.0    110.1    166.5 2023  4 18 20 20 56.840  0.3   1
      244  27.886324   85.652010    12.431     9892.5    -1610.4      612.8    165.6    120.5    181.1 2023  4 18 20 24 10.860  0.0   1
      245  27.886446   85.652303    12.433     9920.9    -1596.8      614.5    147.4    111.0    160.5 2023  4 18 20 24 33.920  0.2   1
      246  27.886035   85.651196    12.442     9812.2    -1642.6      623.6    159.4    107.0    167.0 2023  4 18 20 25 56.940  0.4   1
      247  27.885380   85.654777    12.213    10165.1    -1715.1      394.4    148.8    113.9    174.4 2023  4 18 20 27 39.000  0.4   1
      248  27.883626   85.729818    13.464    17553.7    -1909.4     1646.0    244.4    305.5    282.9 2023  4 18 20 37 43.560  0.2   1
      249  27.921466   85.545654    14.565     -579.3     2283.9     2746.6    155.2    147.9    120.4 2023  4 18 21 15 25.240  0.0   1
      250  27.895422   85.517367    15.100    -3364.4     -602.2     3281.8    139.4    151.0    106.5 2023  4 18 21 24 57.920  0.3   1
      251  27.895225   85.544629    13.187     -680.1     -624.1     1369.2    181.5    142.2    114.5 2023  4 18 21 34 44.240  0.3   1
      252  27.886623   85.535083    12.033    -1620.4    -1577.3      214.5    132.6    127.2    106.3 2023  4 18 22 15 11.520  0.3   1
      253  27.889809   85.522217    11.756    -2886.5    -1224.1      -62.1     92.5    131.0    110.7 2023  4 18 22 29 22.440  0.0   1
      254  27.889569   85.522087    11.666    -2899.4    -1250.9     -151.6     92.2    135.0    114.5 2023  4 18 22 34 42.420  0.3   1
      255  27.890918   85.520166    11.519    -3088.8    -1101.3     -298.9     97.7    131.9    110.0 2023  4 18 22 34 56.880  0.3   1
      256  27.900338   85.531006    12.328    -2021.6      -57.4      510.1    126.6    133.0    105.8 2023  4 18 23  6 58.480  0.2   1
      257  27.888619   85.523755    11.750    -2735.8    -1356.2      -67.7     97.9    132.9    103.0 2023  4 18 23 46 23.080  0.1   1
      258  27.924345   85.507568     6.743    -4328.7     2602.9    -5075.5    155.9    196.4    155.5 2023  4 19  0 14 48.630  0.3   1
      259  27.890629   85.536564    12.707    -1474.0    -1133.5      888.5    192.9    137.1    113.1 2023  4 19  1 29 13.580  0.4   1
      260  27.904871   85.528312    12.276    -2286.9      444.8      457.6     99.4    126.7    103.2 2023  4 19  1 35 15.900  0.5   1
      261  27.927702   85.532235    11.775    -1900.3     2974.9      -42.6    452.3    244.9    221.2 2023  4 19  5  6 43.090  0.4   1
      262  27.927389   85.529036    11.651    -2214.7     2940.2     -166.8    164.2    160.6     99.4 2023  4 19  5 15 43.650  0.4   1
      263  27.927740   85.527946    11.530    -2322.4     2979.1     -287.7    251.2    155.6    129.3 2023  4 19  5 17 33.420  0.4   1
      264  27.927193   85.529777    11.681    -2142.1     2918.7     -137.0    183.7    133.8    102.2 2023  4 19  5 19 33.950  1.3   1
      265  27.841984   85.680957    12.889    12745.2    -6524.1     1070.9    154.3    168.0    172.9 2023  4 19 14 14  6.960  0.4   1
      266  27.916445   85.557536    14.521      590.2     1727.5     2702.9    143.7    137.2    119.2 2023  4 19 15 35  0.170  1.2   1
      267  27.921080   85.535091    13.465    -1618.8     2241.1     1647.0    148.0    147.1    109.6 2023  4 19 17 15 47.080  0.3   1
      268  27.881608   85.553084    12.350      152.5    -2133.0      531.7    140.7    123.9    122.3 2023  4 19 18  6 19.020  0.4   1
      269  27.903021   85.466366    12.842    -8385.1      239.8     1024.2    133.2    151.2    111.4 2023  4 19 18  7 51.300  0.2   1
      270  27.904696   85.489535    11.771    -6104.7      425.4      -46.8    130.5    137.0     89.9 2023  4 19 18 23 38.700  0.0   1
      271  27.904875   85.489624    11.783    -6095.7      445.3      -35.3    114.5    129.0     89.2 2023  4 19 18 38 33.500  0.2   1
      272  27.905634   85.487435    11.693    -6311.0      529.4     -124.7    119.0    134.6     94.8 2023  4 19 18 39  0.380  0.3   1
      273  27.904991   85.488485    11.793    -6207.9      458.1      -25.1    104.0    128.2     84.5 2023  4 19 18 47 28.540  0.2   1
      274  27.905206   85.489811    11.810    -6077.4      482.1       -8.4    110.6    130.7     87.5 2023  4 19 18 48 40.500  0.6   1
      275  27.904860   85.489136    11.744    -6143.7      443.8      -74.5    108.5    127.4     83.8 2023  4 19 18 49 26.580  0.1   1
      276  27.905613   85.487882    11.731    -6267.3      527.0      -87.5    188.9    149.6    119.4 2023  4 19 19 22 48.480  0.3   1
      277  27.905536   85.488574    11.782    -6199.0      518.6      -36.6    130.9    136.8    102.3 2023  4 19 19 28 14.360  0.3   1
      278  27.905296   85.489299    11.853    -6127.6      492.0       35.1    105.6    127.2     92.8 2023  4 19 19 30 38.080  0.8   1
      279  27.906936   85.485140    11.850    -6537.0      673.8       32.2    228.9    157.6    134.5 2023  4 19 19 32 47.620  0.3   1
      280  27.905731   85.488403    11.794    -6215.8      540.1      -23.8    124.8    129.4    114.0 2023  4 19 19 38  0.680  0.3   1
      281  27.905084   85.489307    11.781    -6126.9      468.6      -37.5    100.7    129.1     85.7 2023  4 19 19 39 33.720  0.3   1
      282  27.905170   85.487874    11.748    -6267.4      477.9      -70.0     97.1    129.1     86.6 2023  4 19 19 49 32.660  0.3   1
      283  27.902118   85.546655    12.937     -480.8      139.7     1118.7    123.1    133.3     95.6 2023  4 19 20 18 53.320  0.9   1
      284  27.905044   85.489299    11.865    -6127.2      463.9       46.8    106.5    127.3     89.2 2023  4 19 20 24  8.200  1.2   1
      285  27.856437   85.736979    14.056    18260.4    -4922.5     2237.7    388.0    491.9    405.6 2023  4 19 20 37 48.280  0.2   1
      286  27.904344   85.488859    11.676    -6170.5      386.4     -141.7    122.4    132.3     91.8 2023  4 19 20 39 34.340  0.3   1
      287  27.935227   85.461304    14.111    -8882.2     3808.9     2293.1    186.2    260.4    165.8 2023  4 19 21 20 36.400  0.0   1
      288  27.904950   85.489038    11.895    -6153.3      453.7       77.4    107.4    130.5     91.4 2023  4 19 21 46 59.580  1.1   1
      289  27.905625   85.486385    11.548    -6414.0      528.5     -270.1    148.5    160.2    170.2 2023  4 19 23 42 23.920  0.1   1
      290  27.861253   85.598543     5.195     4628.5    -4388.7    -6622.8    426.3    236.7    258.1 2023  4 19 23 45 33.760  0.2   1
      291  27.906759   85.562191    12.675     1048.8      654.2      857.1    141.2    134.5    149.2 2023  4 20  0 12 14.180  0.5   1
      292  27.885315   85.525391    12.152    -2574.2    -1722.2      333.8    127.5    128.1    116.9 2023  4 20  0 46 30.130  0.2   1
      293  27.983042   85.702767    12.636    14883.0     9107.6      818.4   1131.7   1218.4   1114.4 2023  4 20  1 42  0.480  0.5   1
      294  27.907178   85.493563    10.867    -5707.4      700.5     -951.2    166.5    134.6    149.2 2023  4 20 12 56  7.040  0.4   1
      295  27.927643   85.510783     5.802    -4012.0     2968.4    -6016.5    112.6    190.5    132.2 2023  4 20 16 14 12.270  0.5   1
      296  27.876251   85.599040    12.794     4677.3    -2726.8      975.4    284.3    190.5    165.5 2023  4 20 16 27 58.210  0.4   1
      297  27.911792   85.593457    13.650     4127.2     1211.8     1831.9    167.7    124.1    147.3 2023  4 20 16 58 28.450  0.4   1
      298  27.872898   85.558341    12.254      669.9    -3098.2      435.7    127.1    111.6    122.6 2023  4 20 17 36 45.380  0.4   1
      299  27.872439   85.558960    12.334      730.8    -3149.2      515.6    128.5    114.1    121.9 2023  4 20 17 52  8.280  0.0   1
      300  27.907404   85.487809    11.933    -6274.4      725.6      115.4    115.1    128.3     91.0 2023  4 20 17 54 55.740  0.3   1
      301  27.908083   85.512183    12.217    -3874.4      800.8      399.0    112.0    137.8    103.2 2023  4 20 19 24 31.760  0.3   1
      302  27.912541   85.603866    15.814     5151.4     1294.8     3995.6    147.9    145.8    201.3 2023  4 20 19 47  2.400  0.3   1
      303  27.884505   85.548283    12.308     -320.5    -1812.1      489.5    140.8    117.6    118.5 2023  4 20 20  7 44.040  0.3   1
      304  27.915489   85.679085     6.743    12556.4     1621.5    -5075.4    253.8    453.6    262.3 2023  4 20 20 17 48.640  0.5   1
      305  27.927667   85.510685     5.772    -4021.9     2971.1    -6046.0    112.1    191.0    136.5 2023  4 20 20 22 19.360  0.3   1
      306  27.883427   85.546777    12.215     -468.6    -1931.4      397.3    153.9    118.1    119.0 2023  4 20 20 55 44.000  0.3   1
      307  27.883234   85.548779    12.184     -271.5    -1953.0      365.7    138.5    114.0    116.2 2023  4 20 20 56 17.160  0.3   1
      308  27.919853   85.647201    14.480     9417.7     2105.2     2661.6    155.2    153.2    161.7 2023  4 20 20 57  9.940  1.0   1
      309  27.913625   85.580892    13.209     2889.9     1415.0     1390.7    147.6    127.0    133.5 2023  4 20 21 16 26.520  0.3   1
      310  27.920970   85.648665    14.276     9561.3     2228.9     2457.9    141.0    184.9    159.1 2023  4 20 21 22 44.820  0.3   1
      311  27.833022   85.611987    12.570     5952.9    -7517.3      752.2    167.0    158.3    147.0 2023  4 20 21 24 47.520  0.3   1
      312  27.823232   85.687109    12.567    13351.9    -8602.3      749.1    177.9    164.9    203.5 2023  4 20 21 35 15.360  0.1   1
      313  27.883594   85.546436    12.470     -502.6    -1913.0      652.3    119.0    117.7    113.7 2023  4 21  7 51 29.210  1.8   1
      314  27.921611   85.468498    11.349    -8174.3     2299.9     -469.6    105.3    131.8     98.0 2023  4 21 14 19 56.490  0.6   1
      315  27.872772   85.744816    10.006    19031.2    -3112.2    -1812.3    414.6    530.9    511.0 2023  4 21 14 26 43.220  0.6   1
      316  27.893207   85.585889    12.263     3382.3     -847.7      444.9    174.4    159.6    163.3 2023  4 21 15 10 11.180  0.1   1
      317  27.928322   85.511198     5.790    -3970.7     3043.7    -6027.9    114.5    191.4    135.1 2023  4 21 16  9 41.850  0.3   1
      318  27.897266   85.676457    14.039    12298.7     -398.0     2220.9    187.0    149.0    186.2 2023  4 21 16 36 50.530  0.3   1
      319  27.928068   85.510889     5.811    -4001.5     3015.5    -6007.0    115.5    190.8    136.8 2023  4 21 18 39 33.840  0.0   1
      320  27.899225   85.473966    11.250    -7637.4     -180.9     -568.2    105.6    166.3    138.3 2023  4 21 19 13 38.740  0.3   1
      321  27.894122   85.598315    12.578     4605.4     -746.3      760.3    225.5    149.0    167.5 2023  4 21 19 18 16.120  0.0   1
      322  27.884837   85.558862    12.488      720.8    -1775.3      670.2    184.3    154.7    125.7 2023  4 21 19 46 55.160  0.3   1
      323  27.877268   85.566748    12.484     1497.9    -2614.0      666.4    154.9    128.1    122.0 2023  4 21 20 34 28.440  0.4   1
      324  27.876442   85.568709    12.524     1690.7    -2705.4      706.2    163.1    135.7    123.3 2023  4 21 20 36 25.360  0.0   1
      325  27.876383   85.567936    12.590     1614.5    -2712.0      772.4    149.3    122.3    122.5 2023  4 21 20 37 55.300  0.2   1
      326  27.876156   85.568424    12.638     1662.6    -2737.4      819.6    162.4    139.5    126.0 2023  4 21 20 39 31.680  0.3   1
      327  27.876642   85.568823    12.566     1701.6    -2683.5      747.5    155.4    129.3    125.0 2023  4 21 20 40 39.000  0.2   1
      328  27.899723   85.472949    11.411    -7737.0     -125.6     -407.4    106.1    136.7    125.8 2023  4 21 21 42 52.840  0.3   1
      329  27.885606   85.549658    12.352     -185.2    -1690.1      534.2    140.8    119.2    119.8 2023  4 21 21 50 33.140  0.3   1
      330  27.923873   85.566968    14.589     1518.9     2550.7     2771.4    145.7    134.8    125.3 2023  4 21 22 29 45.360  0.6   1
      331  27.943599   85.516561     1.375    -3443.1     4736.7   -10443.2    431.7    348.9    663.1 2023  4 21 22 52 33.540  0.1   1
      332  27.911888   85.460701    11.734    -8942.6     1222.4      -83.9    125.8    138.4    114.7 2023  4 21 23 11 39.840  0.1   1
      333  27.890373   85.503735    10.817    -4706.3    -1161.7    -1000.8    103.4    141.5     90.6 2023  4 22  3  3 11.180  0.4   1
      334  27.886574   85.504378    11.327    -4643.3    -1582.8     -491.4    104.5    142.5     91.6 2023  4 22  3  3 27.430  0.6   1
      335  27.884184   85.550309    12.426     -120.9    -1847.7      607.8    171.4    120.4    118.5 2023  4 22  6 36 21.290  0.5   1
      336  27.922982   85.515283    11.736    -3569.0     2451.9      -82.0     99.9    143.9     95.7 2023  4 22  6 52 37.090  0.7   1
      337  27.921958   85.558276    14.822      663.6     2338.4     3004.2    155.2    141.9    124.7 2023  4 22  7 54 54.120  1.0   1
      338  27.938236   85.559049    11.873      739.6     4142.3       54.6    197.0    166.6    139.4 2023  4 22 11  2 42.150  0.8   1
      339  27.904313   85.609066     7.348     5663.3      383.0    -4470.0    460.7    319.6    293.8 2023  4 22 15 14 49.660  0.0   1
      340  27.803046   85.692415    11.904    13876.0   -10839.3       85.7    284.7    245.7    317.4 2023  4 22 16 29 24.440  0.3   1
      341  27.907837   85.470882    11.949    -7940.4      773.4      130.6    123.9    134.4    135.3 2023  4 22 16 57  4.640  0.3   1
      342  27.920052   85.481567    12.086    -6888.5     2127.2      267.7    162.0    152.6    171.9 2023  4 22 17  1 40.660  0.4   1
      343  27.892155   85.533285    12.568    -1797.2     -964.3      750.0    134.0    131.6    108.4 2023  4 22 18  3 21.400  0.3   1
      344  27.889018   85.583130     8.768     3110.4    -1311.9    -3049.9    214.9    124.3    176.5 2023  4 22 18 20 58.540  0.3   1
      345  27.882731   85.563094    11.586     1138.0    -2008.7     -231.7    149.3    138.4    125.7 2023  4 22 19 21 35.560  0.3   1
      346  27.941366   85.544995    11.507     -644.0     4489.2     -311.5    208.3    150.8    134.9 2023  4 22 19 50 41.120  0.3   1
      347  27.883315   85.562565    11.481     1085.4    -1943.9     -336.9    141.4    125.3    117.8 2023  4 22 19 52 50.280  0.3   1
      348  27.916652   85.578255    14.193     2630.4     1750.4     2375.4    178.1    157.0    128.7 2023  4 22 20 14 47.640  0.3   1
      349  27.891398   85.528174    11.306    -2300.2    -1048.1     -512.1     96.6    136.4    100.5 2023  4 22 20 15 38.280  0.3   1
      350  27.905981   85.470654    11.359    -7962.8      568.0     -459.2     99.3    136.6    100.9 2023  4 22 20 19 17.800  0.3   1
      351  27.898531   85.565584    12.314     1382.8     -257.6      495.6    131.6    128.0    120.9 2023  4 22 21 49  3.460  0.4   1
      352  27.922589   85.553426    14.768      185.8     2408.4     2949.5    183.9    152.2    144.1 2023  4 22 22 27 40.600  0.3   1
      353  27.891457   85.526245    11.760    -2490.0    -1041.6      -57.8    107.3    129.6    115.4 2023  4 22 22 33 15.880  0.3   1
      354  27.890501   85.583496    14.186     3146.5    -1147.6     2368.2    183.8    230.0    159.8 2023  4 23  4  6 13.730  0.7   1
      355  27.911591   85.544792    13.141     -664.0     1189.6     1322.7    157.9    146.0    131.8 2023  4 23  4 52  1.970  0.4   1
      356  27.927384   85.520378    13.230    -3067.2     2939.8     1412.4    150.6    151.1    130.1 2023  4 23  5 13 33.070  0.5   1
      357  27.817735   85.700708    11.520    14691.9    -9211.4     -298.0    233.7    178.5    268.3 2023  4 23  7 51 46.520  0.9   1
      358  27.928933   85.520760    13.690    -3029.4     3111.3     1871.6    181.8    190.6    133.0 2023  4 23 11  7 46.750  0.9   1
      359  27.911424   85.520964     4.998    -3009.8     1171.1    -6819.8    141.9    194.5    174.0 2023  4 23 16 30 50.490  0.6   1
      360  27.925749   85.524585    13.459    -2653.6     2758.6     1641.3    177.3    161.9    154.8 2023  4 23 17  0  9.040  0.2   1
      361  27.908099   85.500521    11.309    -5022.6      802.5     -508.8    176.2    134.8    144.4 2023  4 23 17 42 42.080  0.3   1
      362  27.909562   85.504484    11.706    -4632.0      964.7     -112.2    125.9    133.4    136.5 2023  4 23 17 42 48.260  0.3   1
      363  27.847577   85.615926    12.294     6340.9    -5904.3      476.0    193.1    180.1    161.1 2023  4 23 17 54  6.080  0.3   1
      364  27.926379   85.630745    12.279     7797.0     2828.3      460.4    305.2    180.4    180.3 2023  4 23 20 28 31.360  0.3   1
      365  27.880931   85.563118    12.341     1140.0    -2208.2      523.0    159.7    129.7    122.1 2023  4 23 20 41 44.020  0.3   1
      366  27.910183   85.492814    11.952    -5781.4     1033.5      134.1    142.5    135.2     79.9 2023  4 23 21  0 47.700  0.6   1
      367  27.910413   85.492415    11.631    -5820.2     1059.0     -187.1    123.6    130.0     77.9 2023  4 23 21 25  1.880  0.0   1
      368  27.889368   85.527425    11.534    -2374.2    -1273.2     -284.0    109.2    133.1    110.6 2023  4 23 21 26 25.840  0.3   1
      369  27.911792   85.491227    12.038    -5937.4     1211.8      219.7     99.1    133.2     96.3 2023  4 23 21 27 27.260  0.3   1
      370  27.924894   85.617285    14.347     6471.9     2663.8     2528.4    178.2    138.7    164.5 2023  4 23 21 56 48.920  0.3   1
      371  27.876361   85.588257    12.653     3615.8    -2714.6      834.9    159.9    137.7    145.9 2023  4 23 23 17 10.600  0.4   1
      372  27.871309   85.702979     6.562    14911.4    -3274.3    -5255.8    840.2    816.5    796.2 2023  4 23 23 20 29.420  0.1   1
      373  27.918616   85.680583     6.967    12703.6     1968.1    -4851.4    237.4    460.8    256.8 2023  4 24  1 40 47.750  1.1   1
      374  27.891933   85.524601    11.855    -2651.8     -988.8       36.6     94.9    125.6    111.2 2023  4 24  2  8 28.890  0.5   1
      375  27.891722   85.522876    11.789    -2821.9    -1012.4      -28.9    100.3    127.3    125.1 2023  4 24  2  8 52.010  0.4   1
      376  27.897365   85.652669    13.648     9957.0     -387.0     1829.9    159.9    126.5    171.9 2023  4 24  2 45 44.070  0.6   1
      377  27.881639   85.550846    12.490      -67.8    -2129.7      671.8    127.3    123.2    118.5 2023  4 24  3 18  9.240  0.3   1
      378  27.881553   85.552913    12.443      135.5    -2139.1      624.6    122.5    122.8    117.5 2023  4 24  3 22  2.650  0.4   1
      379  27.881673   85.552954    12.418      139.2    -2125.8      600.4    117.0    114.1    116.5 2023  4 24  3 35 12.630  0.5   1
      380  27.884495   85.547713    11.999     -376.2    -1813.2      180.6    197.1    165.1    130.4 2023  4 24  3 38 25.770  0.3   1
      381  27.885522   85.552515    11.554       96.5    -1699.3     -264.0    161.2    151.7    174.8 2023  4 24  7 11  0.860  0.5   1
      382  27.903227   85.503361    11.951    -4743.4      262.7      133.1     88.0    133.9     73.4 2023  4 24 10 10  6.910  0.6   1
      383  27.889178   85.656901    11.568    10373.9    -1294.1     -250.6    142.0    110.2    164.6 2023  4 24 14 34 18.900  0.3   1
      384  27.884257   85.538249    12.445    -1308.6    -1839.4      627.1    134.5    124.6    120.6 2023  4 24 14 37 54.210  0.4   1
      385  27.891107   85.530623    11.308    -2059.5    -1080.4     -510.2    111.2    124.4    110.2 2023  4 24 17  0 48.420  0.3   1
      386  27.936416   85.505086    13.540    -4572.3     3940.7     1721.7    128.1    157.7    138.8 2023  4 24 17 54 20.160  0.0   1
      387  27.897048   85.561776    13.149     1007.9     -422.0     1330.8    152.4    139.8    125.8 2023  4 24 18 12 36.940  0.3   1
      388  27.921014   85.503971    11.246    -4682.9     2233.9     -572.3     91.5    133.3     94.2 2023  4 24 18 15 11.280  0.2   1
      389  27.848873   85.616333    15.191     6380.3    -5760.6     3372.8    272.3    254.7    186.4 2023  4 24 19 16 48.280  0.3   1
      390  27.896863   85.538672    12.318    -1266.6     -442.5      499.8    188.1    146.5    130.5 2023  4 24 19 57 49.220  0.3   1
      391  27.874034   85.598674     4.633     4640.9    -2972.5    -7185.1    414.8    239.7    281.0 2023  4 24 20 16 30.400  1.1   1
      392  27.900779   85.537036    11.753    -1427.5       -8.7      -65.1    167.6    175.1    121.4 2023  4 24 20 51 49.320  0.3   1
      393  27.827698   85.712882    12.406    15889.6    -8107.3      587.5    220.2    180.7    265.3 2023  4 24 21 28 54.680  0.2   1
      394  27.931755   85.464128    11.812    -8604.5     3424.1       -6.1    136.6    143.6    108.4 2023  4 24 21 49 31.900  0.0   1
      395  27.827366   85.713094    12.271    15910.9    -8144.1      453.1    209.6    178.2    258.3 2023  4 24 21 54  6.760  0.2   1
      396  27.863765   85.630892    11.976     7813.5    -4110.3      158.1    161.3    121.8    153.9 2023  4 24 22 40 38.440  0.5   1
      397  27.887425   85.558057    12.527      642.1    -1488.6      709.1    125.8    118.8    114.5 2023  4 25  1 53 57.720  0.3   1
      398  27.888637   85.654671    11.549    10154.6    -1354.1     -269.3    144.9    107.8    161.8 2023  4 25  2 11 19.590  0.6   1
      399  27.960813   85.575594    12.287     2367.4     6644.2      469.0    378.0    326.6    197.5 2023  4 25  2 44 21.880  0.4   1
      400  27.908307   85.584749    14.422     3269.8      825.6     2603.9    169.8    158.9    167.6 2023  4 25  7 37 13.930  0.7   1
      401  27.890849   85.636507    13.242     8366.0    -1109.0     1424.2    168.4    125.2    154.3 2023  4 25 10 57 11.220  0.6   1
      402  27.890314   85.521200    11.551    -2986.7    -1168.3     -267.0     99.1    160.3    113.1 2023  4 25 13 55 34.500  0.3   1
      403  27.890712   85.520207    11.684    -3084.4    -1124.1     -133.7    112.2    153.1    123.7 2023  4 25 14 12 47.400  0.2   1
      404  27.905064   85.470150    11.574    -8012.6      466.3     -243.9    115.6    138.4     99.2 2023  4 25 14 44 17.280  1.1   1
      405  27.934229   85.523429    12.834    -2767.0     3698.2     1015.6    140.4    153.1    105.9 2023  4 25 15  8 49.380  1.0   1
      406  27.897312   85.508382    11.488    -4249.2     -392.7     -330.0     71.6    126.2     96.4 2023  4 25 15 10 39.680  0.2   1
      407  27.890828   85.521631    11.972    -2944.6    -1111.3      154.2    205.2    168.9    131.2 2023  4 25 15 11 57.940  0.4   1
      408  27.917940   85.627799    17.201     7507.8     1893.2     5382.7    243.9    199.5    168.5 2023  4 25 15 32 37.770  0.1   1
      409  27.941290   85.528198    10.747    -2297.4     4480.9    -1071.3    226.0    157.8    139.2 2023  4 25 16 32 55.300  0.1   1
      410  27.903902   85.570679    12.382     1884.1      337.6      564.1    147.6    131.9    132.2 2023  4 25 18 21 39.340  0.3   1
      411  27.903882   85.472331    10.793    -7798.1      335.2    -1025.2    106.7    132.9    104.4 2023  4 25 18 26  6.180  0.7   1
      412  27.894692   85.527783    11.973    -2338.9     -683.2      155.2    139.8    129.2    115.9 2023  4 25 21  6 49.720  0.4   1
      413  27.910341   85.510010    11.856    -4088.6     1051.1       37.8     93.7    139.5    105.2 2023  4 25 21 10 50.080  0.3   1
      414  27.859371   85.631999    12.565     7922.7    -4597.3      747.1    168.4    131.8    162.2 2023  4 25 21 21  1.340  0.3   1
      415  27.880330   85.574862    12.501     2296.3    -2274.7      683.1    186.1    139.1    134.0 2023  4 25 21 50 35.780  0.3   1
      416  27.880249   85.574780    12.456     2288.4    -2283.7      637.6    129.5    118.2    139.1 2023  4 25 21 51 42.720  0.2   1
      417  27.902905   85.467057    11.012    -8316.9      226.9     -805.2    137.2    145.9    106.3 2023  4 25 22 16 21.040  0.3   1
      418  27.929753   85.675203    12.938    12173.4     3202.2     1120.1    374.1    279.8    234.5 2023  4 25 22 17 21.600  0.3   1
      419  27.858791   85.712085    11.248    15809.4    -4661.6     -569.8    175.4    186.3    208.7 2023  4 25 22 26  7.380  0.2   1
      420  27.884379   85.558561    12.262      691.3    -1826.0      443.4    129.8    115.2    118.7 2023  4 25 22 55 41.300  0.4   1
      421  27.921794   85.508480    11.284    -4238.6     2320.1     -534.1     96.7    170.0     93.9 2023  4 25 23 14 57.280  0.3   1
      422  27.847660   85.698494    11.149    14471.6    -5895.0     -668.2    136.8    151.8    183.1 2023  4 25 23 45 41.380  0.5   1
      423  27.847815   85.697119    11.477    14335.9    -5877.9     -341.0    134.3    146.3    178.8 2023  4 25 23 46 55.800  1.2   1
      424  27.848163   85.697396    11.605    14363.4    -5839.4     -212.9    138.7    144.6    180.1 2023  4 25 23 47 31.380  1.7   1
      425  27.848356   85.698779    11.416    14499.8    -5818.0     -401.9    146.9    149.7    182.5 2023  4 25 23 49  2.800  1.2   1
      426  27.849103   85.699007    11.268    14522.1    -5735.2     -550.1    147.7    148.6    193.6 2023  4 25 23 49 29.200  0.7   1
      427  27.899754   85.583667    13.450     3163.4     -122.3     1631.6    176.2    145.2    136.6 2023  4 26  0 22 24.270  0.3   1
      428  27.900016   85.587752    13.454     3565.6      -93.1     1636.2    197.1    169.3    151.0 2023  4 26  0 24 17.760  0.2   1
      429  27.893964   85.501701     7.662    -4906.6     -763.9    -4156.2    213.6    191.7    207.6 2023  4 26  5 11 34.310  0.4   1
      430  27.884562   85.585124     8.660     3306.5    -1805.7    -3158.3    239.3    141.3    186.2 2023  4 26  9 25 54.820  0.3   1
      431  27.890346   85.588989     8.599     3687.2    -1164.7    -3218.6    267.8    147.2    184.6 2023  4 26  9 26 28.560  0.3   1
      432  27.887063   85.618888    11.796     6631.4    -1528.6      -21.8    185.3    157.4    171.5 2023  4 26 10 24  9.230  0.9   1
      433  27.929633   85.534635    13.970    -1663.6     3189.0     2151.8    220.3    156.1    138.7 2023  4 26 12 39 38.030  0.4   1
      434  27.928898   85.533407    13.789    -1785.1     3107.6     1970.4    283.5    166.8    199.3 2023  4 26 14 14 25.890  0.1   1
      435  27.898059   85.515096    10.372    -3587.9     -310.1    -1446.2    124.3    161.7    161.3 2023  4 26 14 41  5.670  0.0   1
      436  27.881895   85.553784    12.430      220.8    -2101.3      612.2    133.8    121.3    112.3 2023  4 26 16 40 58.110  0.1   1
      437  27.924109   85.566569    14.544     1479.7     2576.7     2725.6    150.6    136.3    125.8 2023  4 26 16 49 58.210  0.1   1
      438  27.897011   85.511776    10.366    -3914.6     -426.1    -1451.7    142.1    141.5    141.8 2023  4 26 17  4 16.500  0.3   1
      439  27.910565   85.460278    11.562    -8984.0     1075.8     -256.3    158.8    146.0    155.0 2023  4 26 17 16  6.700  0.0   1
      440  27.889333   85.541016    11.963    -1035.7    -1277.0      145.1    149.9    125.6    113.3 2023  4 26 17 23 56.580  0.3   1
      441  27.899064   85.558317    11.539      667.6     -198.6     -278.9    135.1    133.8    137.0 2023  4 26 17 47 24.640  0.3   1
      442  27.854989   85.641130    12.865     8822.5    -5082.9     1046.9    169.7    120.1    154.3 2023  4 26 18 39 51.040  0.7   1
      443  27.898012   85.559928    11.730      826.2     -315.2      -88.1    140.9    130.6    134.9 2023  4 26 18 54 24.920  0.3   1
      444  27.890361   85.537012    11.971    -1430.2    -1163.2      153.3    155.5    138.6    149.0 2023  4 26 19 16 21.120  0.4   1
      445  27.914117   85.608114    14.175     5569.4     1469.6     2356.9    164.8    122.9    162.7 2023  4 26 19 23  6.500  0.1   1
      446  27.872817   85.709391    13.654    15543.3    -3107.3     1835.8    187.9    220.9    233.2 2023  4 26 19 25 51.440  0.4   1
      447  27.891384   85.534774    13.006    -1650.7    -1049.8     1188.4    127.4    129.8    114.6 2023  4 26 19 41  4.460  0.5   1
      448  27.885256   85.523120    12.075    -2798.1    -1728.7      257.3    169.4    159.8    134.5 2023  4 26 19 54  4.440  0.3   1
      449  27.888108   85.520003    11.828    -3104.6    -1412.6       10.2    107.1    133.8     98.2 2023  4 26 19 59 11.840  0.3   1
      450  27.886629   85.523177    12.019    -2792.0    -1576.7      200.4    110.3    137.0    105.2 2023  4 26 20  6  6.720  0.4   1
      451  27.888997   85.523918    11.964    -2719.3    -1314.1      145.8    139.1    132.6    112.4 2023  4 26 20 13 17.140  0.3   1
      452  27.888344   85.524146    12.043    -2696.9    -1386.6      225.3    155.4    149.8    102.4 2023  4 26 20 19 57.400  0.3   1
      453  27.887681   85.523210    11.923    -2788.8    -1460.0      105.0    118.4    141.5    133.3 2023  4 26 20 30 24.260  0.1   1
      454  27.907214   85.538338    12.552    -1299.8      704.6      733.9    137.0    135.7    108.5 2023  4 26 20 40 25.880  0.3   1
      455  27.874878   85.598494    12.775     4623.7    -2878.9      956.4    194.9    148.3    159.7 2023  4 26 21 27 31.820  0.3   1
      456  27.906917   85.511995    13.505    -3893.0      671.5     1687.2    176.6    144.3    126.9 2023  4 26 21 49 43.400  0.3   1
      457  27.898844   85.480135    11.359    -7029.5     -223.1     -458.8    100.0    132.4     97.1 2023  4 26 21 59 34.800  0.3   1
      458  27.926078   85.536686    12.723    -1462.3     2795.1      904.4    170.9    134.2    102.0 2023  4 26 22  2 52.020  0.3   1
      459  27.885915   85.626066    13.046     7338.1    -1655.8     1227.8    162.9    135.0    167.9 2023  4 26 22 33 53.440  0.3   1
      460  27.846659   85.647331    12.425     9433.7    -6006.0      606.9    178.5    135.5    171.6 2023  4 26 22 37  0.600  0.3   1
      461  27.840753   85.706771    13.969    15287.3    -6660.6     2151.1    214.4    197.1    238.7 2023  4 26 22 46 30.120  0.1   1
      462  27.896261   85.514176    10.414    -3678.5     -509.2    -1403.9    108.2    126.4    107.4 2023  4 26 23  8 50.320  0.3   1
      463  27.891361   85.553988    12.432      241.4    -1052.3      614.2    135.9    132.4    128.2 2023  4 26 23 46 52.640  0.8   1
      464  27.891337   85.552962    12.524      140.4    -1054.9      705.4    126.7    120.7    112.3 2023  4 26 23 47  2.500  0.2   1
      465  27.890393   85.552067    12.636       52.0    -1159.5      817.6    133.7    115.9    110.7 2023  4 26 23 48 28.320  0.3   1
      466  27.852490   85.718587    10.489    16449.7    -5360.0    -1328.7    228.1    286.0    266.0 2023  4 27  0 45 25.350  0.5   1
      467  27.884363   85.553328    12.903      175.9    -1827.9     1085.4    141.7    128.7    117.1 2023  4 27  3 23 45.660  0.5   1
      468  27.884056   85.546191    12.465     -526.7    -1861.7      646.9    117.7    120.5    114.3 2023  4 27  7 11  2.920  0.9   1
      469  27.870664   85.627271    13.341     7456.8    -3345.9     1522.5    317.2    214.6    194.1 2023  4 27  8  9 22.510  0.7   1
      470  27.864730   85.713940    10.463    15991.3    -4003.5    -1355.4    197.3    218.3    218.8 2023  4 27 10 48 42.740  0.7   1
      471  27.892470   85.525399    11.992    -2573.2     -929.3      173.9     99.1    158.6    110.7 2023  4 27 12 34 36.630  0.3   1
      472  27.903664   85.472306    10.594    -7800.1      311.2    -1224.2    107.0    128.5    101.7 2023  4 27 14 53 47.500  0.4   1
      473  27.903693   85.472152    10.719    -7815.6      314.3    -1099.1    111.5    129.4    106.0 2023  4 27 14 55  5.080  0.4   1
      474  27.904110   85.470671    10.676    -7961.2      360.5    -1142.0    112.2    131.0    111.4 2023  4 27 14 57  3.090  0.3   1
      475  27.903479   85.473405    10.700    -7692.4      290.7    -1118.0    101.4    128.4     98.8 2023  4 27 15  0 44.630  0.7   1
      476  27.903469   85.472778    10.518    -7753.9      289.4    -1300.0    125.4    145.3    114.1 2023  4 27 15  1 25.550  0.3   1
      477  27.890656   85.540584    12.519    -1078.5    -1130.5      700.5    136.2    134.5    106.7 2023  4 27 16  4  6.020  0.4   1
      478  27.891060   85.485669    11.447    -6485.1    -1085.6     -371.2    137.8    214.1    133.1 2023  4 27 16 11  3.120  0.4   1
      479  27.875934   85.653483    12.740    10038.0    -2762.0      922.2    149.8    104.7    172.5 2023  4 27 17  6 21.240  0.0   1
      480  27.890395   85.519548    11.768    -3149.5    -1159.2      -49.7    148.1    135.0    116.3 2023  4 27 17 14 30.000  0.4   1
      481  27.886540   85.522526    11.987    -2856.4    -1586.6      169.3     85.5    127.8    108.9 2023  4 27 17 34 25.880  0.0   1
      482  27.935433   85.523527    11.822    -2757.4     3831.6        3.4    200.3    142.7    103.6 2023  4 27 18  1 59.160  0.0   1
      483  27.951503   85.531844     2.826    -1938.7     5612.7    -8992.2    441.5    340.0    495.8 2023  4 27 18 14 53.340  0.9   1
      484  27.895109   85.558586    11.969      693.9     -636.9      150.9    198.4    149.3    109.9 2023  4 27 19 11 12.140  0.3   1
      485  27.904838   85.472453    11.533    -7786.3      441.2     -285.2    103.7    139.1    113.1 2023  4 27 19 37  2.760  0.3   1
      486  27.956057   85.538110     5.060    -1321.6     6117.2    -6757.8    496.5    375.8    468.6 2023  4 27 20  7 36.280  0.4   1
      487  27.894501   85.529810    12.039    -2139.1     -704.3      220.4    106.8    126.7    106.5 2023  4 27 20 34  9.840  0.0   1
      488  27.925637   85.470557    12.204    -7972.0     2746.2      385.5    148.2    146.1    141.2 2023  4 27 21 33 57.400  0.1   1
      489  27.926060   85.471175    12.213    -7911.3     2793.1      394.6    140.9    149.8    146.8 2023  4 27 21 34 49.840  0.3   1
      490  27.885671   85.624414    12.523     7175.1    -1682.8      704.6    190.2    148.7    171.2 2023  4 27 21 50 11.640  0.3   1
      491  27.907454   85.621859    14.160     6922.6      731.2     2341.9    178.1    124.4    161.0 2023  4 27 21 50 32.520  0.3   1
      492  27.865938   85.643888    12.345     9093.1    -3869.6      527.1    161.5    106.7    208.6 2023  4 27 21 50 38.760  0.3   1
      493  27.908118   85.622762    14.360     7012.1      804.8     2541.4    213.3    140.8    166.5 2023  4 27 22  3  0.780  0.4   1
      494  27.911597   85.596134    13.379     4390.1     1190.3     1561.0    185.2    127.9    150.0 2023  4 27 22 18 48.140  0.0   1
      495  27.888143   85.545980    12.415     -547.6    -1408.9      597.1    163.7    156.7    144.2 2023  4 28  0 12 55.760  0.2   1
      496  27.900348   85.510848    12.253    -4005.8      -56.3      434.8     92.0    145.4    123.5 2023  4 28  5 18 59.980  0.5   1
      497  27.902275   85.472160    11.723    -7815.3      157.2      -95.2    112.0    142.9    117.5 2023  4 28  7 49 20.000  0.9   1
      498  27.892539   85.548730    11.944     -276.6     -921.6      125.6    183.5    163.5    141.7 2023  4 28  9 41  9.130  0.6   1
      499  27.929718   85.563053    14.113     1133.5     3198.4     2294.9    154.0    150.5    127.6 2023  4 28 10 15 39.220  0.5   1
      500  27.902456   85.505509    12.329    -4531.6      177.2      511.4    147.7    132.0    102.0 2023  4 28 15 35  9.700  0.2   1
      501  27.914659   85.602116    14.434     4979.3     1529.5     2615.7    149.1    126.3    153.8 2023  4 28 16  9 42.800  0.6   1
      502  27.898649   85.549862    12.533     -165.0     -244.6      714.5    144.5    121.3    107.1 2023  4 28 17  3  3.200  0.3   1
      503  27.887577   85.508919    11.547    -4195.8    -1471.6     -270.8    109.8    131.6    124.7 2023  4 28 17 36 45.920  0.3   1
      504  27.884676   85.624032    12.764     7137.8    -1793.0      946.0    156.3    138.6    166.5 2023  4 28 18 37 57.960  0.3   1
      505  27.892578   85.489274    11.392    -6130.6     -917.3     -426.2    115.9    137.8    108.6 2023  4 28 18 43 10.020  0.3   1
      506  27.909739   85.463916    11.290    -8626.3      984.4     -527.6    121.7    141.7    130.2 2023  4 28 19 30 23.720  0.6   1
      507  27.807625   85.595296    11.175     4309.6   -10331.7     -643.5    426.5    381.6    323.4 2023  4 28 19 31 42.760  0.3   1
      508  27.916585   85.588371    14.413     3626.3     1743.1     2595.2    238.0    177.5    173.9 2023  4 28 19 40  3.120  0.4   1
      509  27.909092   85.570288    16.344     1846.0      912.7     4526.1    180.6    147.3    137.4 2023  4 28 20 59 25.840  1.6   1
      510  27.909682   85.569775    16.174     1795.5      978.2     4355.7    176.2    146.0    138.6 2023  4 28 21  0 39.500  0.4   1
      511  27.909334   85.569840    16.135     1801.9      939.6     4316.9    167.7    149.4    139.8 2023  4 28 21 10 30.560  0.1   1
      512  27.916392   85.468620    11.506    -8162.6     1721.7     -311.6    104.2    131.2     94.0 2023  4 28 21 13 18.240  0.2   1
      513  27.906706   85.555330    12.487      373.4      648.3      669.2    139.1    137.6    145.2 2023  4 28 21 23 37.920  0.0   1
      514  27.908816   85.569328    16.150     1751.4      882.0     4331.7    196.1    167.7    150.6 2023  4 28 21 26 32.560  0.1   1
      515  27.922744   85.470028    11.956    -8024.3     2425.4      137.7    151.1    156.7    120.4 2023  4 28 21 26 52.800  0.3   1
      516  27.922750   85.468188    11.857    -8204.9     2426.1       39.3    184.0    167.4    105.1 2023  4 28 22  8 23.180  0.4   1
      517  27.929004   85.527710    13.818    -2345.3     3119.1     2000.4    201.3    198.5    150.7 2023  4 28 22 32 34.280  0.4   1
      518  27.883854   85.606519    13.227     5413.4    -1884.1     1408.9    138.3    156.8    170.9 2023  4 29  1 52  4.820  0.5   1
      519  27.901111   85.630550    15.069     7779.0       28.2     3251.2    273.8    134.1    176.2 2023  4 29  5 41 31.970  0.7   1
      520  27.890279   85.598625    12.790     4635.7    -1172.1      972.2    186.9    175.8    171.2 2023  4 29  6 53 21.450  0.5   1
      521  27.901880   85.530721    12.447    -2049.2      113.5      628.7    126.7    133.3    116.5 2023  4 29  9 32 23.660  0.8   1
      522  27.883278   85.547900    12.447     -358.2    -1948.0      628.9    137.1    125.4    116.3 2023  4 29 12 31 31.210  0.6   1
      523  27.889437   85.519173    11.718    -3186.3    -1265.6     -100.4    132.0    130.6    112.0 2023  4 29 13 28 27.010  0.7   1
      524  27.888987   85.519775    11.739    -3127.3    -1315.3      -79.0    108.1    128.4     97.6 2023  4 29 13 28 34.990  0.5   1
      525  27.883978   85.546118    12.325     -533.4    -1870.5      507.4    175.8    137.6    117.2 2023  4 29 13 29 53.370  0.2   1
      527  27.883374   85.547005    12.504     -446.2    -1937.4      685.7    128.4    117.5    113.6 2023  4 29 14 59 33.120  1.2   1
      528  27.831903   85.711922    12.617    15795.2    -7641.4      799.3    194.5    175.9    238.4 2023  4 29 16 31  7.110  0.1   1
      529  27.963434   85.574862    11.364     2295.7     6934.6     -454.1    412.2    368.9    220.7 2023  4 29 17  0 27.800  0.3   1
      530  27.908179   85.520313    12.128    -3074.5      811.5      309.5     88.7    126.6    101.4 2023  4 29 17 26 24.500  0.5   1
      531  27.889990   85.519979    11.639    -3107.1    -1204.1     -178.8    110.2    127.5    108.2 2023  4 29 17 26 54.280  0.1   1
      532  27.890112   85.519230    11.580    -3181.1    -1190.7     -238.0     91.5    129.2    107.1 2023  4 29 17 28 40.860  0.1   1
      533  27.891502   85.517065    11.333    -3394.3    -1036.7     -485.2    193.4    150.6    104.4 2023  4 29 17 29 32.980  0.3   1
      534  27.890503   85.518156    11.469    -3286.5    -1147.4     -349.1     86.1    126.9    107.4 2023  4 29 17 29 55.160  0.3   1
      535  27.884880   85.512891    11.609    -3805.4    -1770.6     -208.9     88.1    131.0     98.8 2023  4 29 18 15 46.780  0.3   1
      536  27.849990   85.700529    11.232    14671.7    -5636.9     -586.0    145.3    153.7    188.9 2023  4 29 18 19 47.400  0.3   1
      537  27.906777   85.521541    12.086    -2952.9      656.1      267.4    122.5    132.0    134.7 2023  4 29 18 33 18.680  0.4   1
      538  27.883280   85.570231    12.489     1840.9    -1947.8      671.0    193.0    170.3    133.6 2023  4 29 18 59 56.480  0.3   1
      539  27.886210   85.625008    10.068     7234.0    -1623.1    -1750.5    276.5    216.8    202.7 2023  4 29 19  7 28.340  0.2   1
      540  27.833390   85.630225    12.726     7749.0    -7476.4      908.2    157.8    156.0    155.6 2023  4 29 20  3 51.480  0.3   1
      541  27.917008   85.586051    13.475     3398.0     1789.8     1656.7    153.7    137.8    150.9 2023  4 29 20  9 16.600  0.3   1
      542  27.907924   85.525854    12.278    -2528.7      783.2      460.1    154.8    130.1    129.6 2023  4 29 20 28 39.320  0.3   1
      543  27.904399   85.572152    13.032     2029.2      392.5     1214.4    318.1    232.0    135.7 2023  4 29 20 39  9.640  0.3   1
      544  27.904472   85.534578    11.852    -1669.9      400.6       33.8    146.7    147.4    157.9 2023  4 29 21 19 23.680  0.3   1
      545  27.940265   85.503434    12.744    -4734.8     4367.1      926.3    102.4    145.1    110.7 2023  4 29 22 11 19.020  0.1   1
      546  27.906409   85.529411    12.141    -2178.7      615.3      322.7     92.7    128.2    101.7 2023  4 29 23  8 46.520  0.3   1
      548  27.890570   85.532308    11.936    -1893.7    -1140.0      117.9     91.1    137.6    115.2 2023  4 29 23 22  1.840  1.2   1
      549  27.892822   85.527157    11.689    -2400.6     -890.4     -128.7    135.8    163.5    157.2 2023  4 29 23 22 13.340  0.2   1
      550  27.864111   85.516724    11.685    -3428.5    -4072.1     -133.5    193.3    201.0    193.6 2023  4 29 23 27 49.380  0.4   1
      551  27.886318   85.604175    12.558     5182.3    -1611.1      740.2    177.1    172.6    183.0 2023  4 29 23 28 26.740  0.4   1
      552  27.939355   85.581746    12.036     2973.5     4266.3      217.5    253.2    205.2    171.4 2023  4 30  0  3 49.360  0.2   1
      553  27.931425   85.531925    12.170    -1930.5     3387.6      351.9    175.3    145.0    126.9 2023  4 30  0  6 29.620  0.3   1
      554  27.884794   85.553507    12.338      193.7    -1780.0      520.4    126.9    122.1    116.7 2023  4 30  5 25  7.530  0.4   1
      555  27.919853   85.504500     6.977    -4630.3     2105.0    -4840.8    172.7    196.7    171.0 2023  4 30  6  5  6.120  0.3   1
      556  27.893113   85.525065    11.941    -2606.1     -858.2      124.0    132.4    131.9    119.3 2023  4 30  9 31 51.570  0.5   1
      557  27.898975   85.473950    11.273    -7638.7     -208.6     -544.9    119.8    136.7    112.6 2023  4 30  9 34  7.620  0.6   1
      558  27.880843   85.566447    12.506     1468.1    -2217.9      687.9    127.7    117.0    124.5 2023  4 30 11 41 22.100  0.4   1
      559  27.904637   85.471745    12.215    -7855.7      419.0      396.4    123.6    142.2    124.7 2023  4 30 12 20 40.950  0.5   1
      560  27.934849   85.556649    13.542      502.9     3767.0     1724.2    200.3    157.1    138.0 2023  4 30 15  7  2.930  0.4   1
      561  27.923755   85.450358    11.628    -9960.6     2537.5     -190.4    230.6    195.1    301.9 2023  4 30 15 23 38.770  0.0   1
      562  27.908744   85.520785    12.133    -3027.5      874.0      314.7     91.3    134.6    112.9 2023  4 30 15 29 59.510  0.3   1
      563  27.924095   85.448283    10.926   -10164.8     2575.3     -892.0    179.8    160.6    178.5 2023  4 30 15 45 50.690  0.3   1
      564  27.908449   85.511686    10.964    -3923.7      841.5     -854.3    169.7    133.9    162.0 2023  4 30 15 50 37.760  0.4   1
      565  27.895487   85.516618    15.133    -3437.9     -594.9     3314.7    151.8    150.7    111.6 2023  4 30 15 59 54.910  0.5   1
      566  27.890470   85.529093    11.882    -2209.4    -1150.9       63.6     99.2    125.5    109.1 2023  4 30 16 55 10.100  0.4   1
      567  27.890108   85.527775    11.906    -2339.9    -1191.0       88.0    110.0    131.0    107.6 2023  4 30 16 55 24.690  0.4   1
      568  27.888529   85.532438    11.978    -1880.4    -1366.1      159.5    115.2    129.6    109.3 2023  4 30 17  2  6.980  0.4   1
      569  27.890792   85.551188    12.396      -34.1    -1115.4      577.6    135.1    118.9    108.7 2023  4 30 17 27 14.780  0.4   1
      570  27.895508   85.509692    12.040    -4120.0     -592.7      222.4    102.7    130.1    102.0 2023  4 30 17 27 55.160  0.1   1
      571  27.911698   85.510840    13.216    -4007.0     1201.4     1398.0    132.8    143.7    120.4 2023  4 30 18 24 12.280  0.2   1
      572  27.914213   85.532210    14.904    -1903.0     1480.0     3085.7    238.6    164.7    137.5 2023  4 30 18 29 32.300  0.4   1
      573  27.884804   85.548722    12.340     -277.6    -1778.9      522.3    127.1    119.4    117.1 2023  4 30 18 31 40.420  0.3   1
      574  27.913678   85.449178    11.837   -10077.1     1420.7       19.3    148.3    142.9    126.4 2023  4 30 19 23  0.080  0.0   1
      575  27.893526   85.523910    12.078    -2720.3     -812.4      259.6    117.8    129.9    110.8 2023  4 30 19 46 15.200  0.4   1
      576  27.893994   85.523714    12.017    -2739.8     -760.4      199.3     88.3    126.9     99.5 2023  4 30 20 23  4.600  0.4   1
      577  27.925024   85.433781    12.173   -11592.1     2678.3      354.5    194.7    202.9    190.3 2023  4 30 21  3 44.760  0.2   1
      578  27.892352   85.471867    11.480    -7844.1     -942.4     -338.2    122.4    141.3    110.3 2023  4 30 21 19 26.640  0.3   1
      579  27.892873   85.472738    11.493    -7758.0     -884.8     -325.1    113.9    147.8    131.8 2023  4 30 21 20 22.920  0.3   1
      580  27.920835   85.552295    15.730       74.1     2213.9     3912.2    197.1    149.9    139.9 2023  4 30 21 22 18.340  0.3   1
      581  27.875356   85.592196    12.919     4003.4    -2825.8     1100.7    144.1    144.2    150.1 2023  4 30 21 23 17.820  0.3   1
      582  27.921564   85.552702    15.656      114.5     2294.8     3838.0    180.1    165.5    133.7 2023  4 30 21 26 43.600  0.4   1
      583  27.903540   85.474487    11.285    -7585.6      297.4     -533.0    129.6    135.9    112.4 2023  4 30 21 36 37.400  0.4   1
      584  27.906712   85.521297    12.059    -2976.8      649.0      240.9     98.1    149.6    137.4 2023  4 30 21 47 13.340  0.3   1
      585  27.875979   85.591593    12.999     3943.9    -2757.0     1180.5    166.9    158.1    152.9 2023  4 30 21 50  9.720  0.3   1
      586  27.924821   85.432503    12.415   -11717.8     2655.7      596.6    210.3    222.7    190.1 2023  4 30 21 59 36.500  0.1   1
      587  27.907711   85.522046    12.069    -2903.8      759.7      250.8    106.7    127.6     96.4 2023  4 30 22  0 58.440  0.3   1
      588  27.903811   85.521777    11.821    -2929.8      327.3        2.9    125.7    132.9    129.8 2023  4 30 22  1 14.160  0.4   1
      589  27.906840   85.522445    12.074    -2864.2      663.2      256.2    147.7    124.3    123.9 2023  4 30 22  5 11.960  0.3   1
      590  27.895221   85.648698    14.507     9565.7     -624.6     2689.1    173.7    126.4    158.1 2023  4 30 22 13 28.940  0.3   1
      591  27.875287   85.591943    12.811     3978.4    -2833.5      992.6    135.8    140.7    150.6 2023  4 30 22 37 40.820  0.3   1
      592  27.875647   85.591886    12.812     3973.0    -2793.7      993.7    148.4    145.2    156.1 2023  5  1  0  7 55.570  0.3   1
      593  27.887561   85.569425    12.673     1760.8    -1473.4      855.0    137.8    124.1    131.7 2023  5  1  2 48  0.430  0.6   1
      594  27.886448   85.571395    12.082     1954.8    -1596.7      263.5    305.8    234.4    172.2 2023  5  1  2 55  8.120  0.5   1
      596  27.888206   85.569385    12.914     1756.9    -1401.9     1095.5    159.0    184.7    130.9 2023  5  1  6 58 34.350  0.5   1
      597  27.922571   85.524512    10.335    -2660.3     2406.3    -1482.9    125.4    155.1    127.8 2023  5  1 12 17 14.620  0.2   1
      598  27.883211   85.550065    12.725     -144.8    -1955.5      907.3    180.9    156.8    159.0 2023  5  1 13 23 40.400  0.6   1
      599  27.920270   85.506730     6.834    -4411.0     2151.4    -4984.3    148.0    195.0    153.2 2023  5  1 15  6 22.830  0.3   1
      600  27.887730   85.552311    11.483       76.3    -1454.7     -334.8    144.5    129.3    109.6 2023  5  1 15 10 30.250  0.0   1
      601  27.921029   85.506152     6.730    -4467.7     2235.5    -5088.0    140.3    195.5    151.4 2023  5  1 16  7 30.480  0.1   1
      602  27.920646   85.579688    15.110     2771.4     2193.0     3291.7    160.2    135.3    130.9 2023  5  1 16 21 12.370  0.5   1
      603  27.884001   85.547160    12.360     -430.9    -1867.8      541.5    120.7    118.1    116.0 2023  5  1 16 50  4.440  0.3   1
      604  27.876261   85.592212    12.997     4005.2    -2725.5     1179.3    138.1    141.8    150.8 2023  5  1 18 28 15.200  0.3   1
      605  27.890485   85.536515    12.052    -1479.0    -1149.3      233.5    202.2    131.7    133.2 2023  5  1 18 38 40.960  0.3   1
      606  27.888973   85.508887    11.443    -4199.6    -1316.8     -374.8     75.2    130.1     90.1 2023  5  1 19 44  7.440  0.1   1
      607  27.898128   85.522900    11.901    -2819.9     -302.3       83.2    105.3    126.1     98.0 2023  5  1 20 29 54.760  0.0   1
      608  27.898403   85.552922    12.832      136.2     -271.9     1014.4    179.4    143.3    111.5 2023  5  1 20 30 45.560  0.3   1
      609  27.842462   85.683936    11.908    13038.1    -6471.1       89.9    172.9    151.1    180.2 2023  5  1 20 50 39.020  0.3   1
      610  27.887508   85.569621    12.812     1780.6    -1479.3      994.1    144.6    128.4    150.9 2023  5  1 20 59 57.260  0.3   1
      611  27.890141   85.568473    13.148     1667.4    -1187.4     1330.3    231.6    177.4    139.3 2023  5  1 21  3 47.240  0.3   1
      612  27.888346   85.569832    12.959     1801.3    -1386.4     1141.4    168.7    138.6    127.4 2023  5  1 21  6 18.060  0.3   1
      613  27.909837   85.508879    11.802    -4200.1      995.1      -15.9    141.1    144.9    116.4 2023  5  1 21 21  3.120  0.3   1
      614  27.915454   85.615544    14.257     6301.0     1617.7     2439.3    146.6    122.2    160.0 2023  5  1 22 32  3.340  0.0   1
      615  27.883881   85.622095    11.510     6947.0    -1881.1     -308.4    186.0    149.6    173.8 2023  5  1 23  4 21.120  0.3   1
      616  27.913916   85.448804    11.963   -10113.6     1447.3      144.6    139.7    158.0    151.6 2023  5  1 23 53  9.320  0.3   1
      617  27.889211   85.542212    13.228     -918.2    -1290.5     1410.3    274.5    272.8    281.4 2023  5  2  3 43 46.890  0.6   1
      618  27.914463   85.448706    12.048   -10123.1     1508.0      229.6    118.9    161.6    113.0 2023  5  2  3 55 44.270  0.7   1
      619  27.890265   85.597412    16.198     4516.9    -1173.7     4379.4    190.8    159.3    167.6 2023  5  2  4 41 24.410  1.1   1
      620  27.914364   85.446729    11.725   -10318.1     1496.8      -92.6    144.0    171.2    138.9 2023  5  2  5 56 29.810  0.6   1
      621  27.913831   85.447201    11.824   -10271.5     1437.8        5.5    129.3    191.1    129.5 2023  5  2  6 55 59.840  0.4   1
      622  27.911410   85.513379    11.923    -3756.5     1169.5      105.0     82.0    132.2     85.7 2023  5  2  9 33  6.560  0.5   1
      623  27.953111   85.495809    13.903    -5485.1     5790.8     2085.1    110.7    144.8    124.2 2023  5  2 14 49 23.880  0.9   1
      624  27.851487   85.662891    12.697    10965.4    -5470.9      878.8    165.4    124.3    175.1 2023  5  2 15  2 31.870  0.1   1
      625  27.895894   85.656258    13.825    10309.9     -549.8     2007.2    154.6    124.4    160.5 2023  5  2 16 45 55.170  0.3   1
      626  27.834908   85.632308    12.496     7954.6    -7308.4      678.3    139.7    146.9    148.1 2023  5  2 17  2 14.160  0.3   1
      627  27.914201   85.607397    14.339     5499.3     1478.7     2521.4    138.7    122.6    157.3 2023  5  2 17  4 57.200  1.2   1
      628  27.915031   85.604045    14.342     5169.0     1570.8     2523.9    202.6    150.0    164.1 2023  5  2 17  7 48.960  0.4   1
      629  27.834735   85.632723    12.564     7994.9    -7327.4      746.0    143.8    147.2    144.6 2023  5  2 17  9  3.960  0.3   1
      630  27.835516   85.631600    12.570     7884.5    -7240.8      752.1    138.6    144.3    143.1 2023  5  2 17 40 38.120  0.3   1
      631  27.898653   85.509676    12.038    -4121.7     -244.2      219.8     95.3    129.6     90.0 2023  5  2 18 18 37.120  0.1   1
      632  27.828471   85.631299    12.559     7855.5    -8021.6      740.6    207.3    192.8    152.6 2023  5  2 18 38 31.420  0.3   1
      633  27.830080   85.707821    12.004    15391.5    -7843.4      186.3    194.2    174.7    240.4 2023  5  2 19 17 47.680  0.3   1
      634  27.900090   85.473275    10.949    -7705.0      -84.9     -869.2    108.9    136.8    119.7 2023  5  2 20 11  5.480  0.3   1
      635  27.921857   85.563590     5.854     1186.3     2327.3    -5964.0    538.8    349.2    506.7 2023  5  2 20 20 17.440  0.5   1
      636  27.913957   85.449097    12.009   -10084.9     1451.8      191.4    121.8    142.7    122.9 2023  5  2 21  6 26.240  0.4   1
      637  27.920097   85.582764     5.648     3073.7     2132.2    -6170.1    591.3    405.7    456.5 2023  5  2 21 22 22.720  1.6   1
      638  27.914144   85.448633    12.014   -10130.9     1472.4      195.7    126.6    152.0    130.2 2023  5  2 21 25  0.660  0.5   1
      639  27.922239   85.445825    11.931   -10406.9     2369.6      112.5    132.6    141.6    126.3 2023  5  2 21 39 20.120  0.0   1
      640  27.921944   85.447095    12.028   -10281.9     2337.0      210.1    145.4    145.1    143.9 2023  5  2 21 42  9.560  0.5   1
      641  27.906647   85.468571    11.879    -8168.0      641.7       60.7    113.5    133.9     92.9 2023  5  2 23 35 25.240  0.1   1
      642  27.906775   85.468359    11.947    -8189.1      655.9      128.5    125.4    141.3    130.1 2023  5  2 23 40 12.920  0.1   1
      643  27.886593   85.554622    12.755      303.4    -1580.7      936.7    255.1    207.7    128.3 2023  5  3  0 31 12.000  0.3   1
      645  27.923098   85.516618    11.617    -3438.0     2464.8     -201.6    131.4    131.5    108.3 2023  5  3  3 38 25.330  1.8   1
      646  27.921855   85.513371    10.880    -3757.1     2327.0     -938.2    159.9    161.8    203.5 2023  5  3  3 40 36.200  0.4   1
      647  27.920449   85.517830    10.876    -3318.0     2171.1     -941.8    243.5    143.4    155.5 2023  5  3  3 40 59.150  0.5   1
      648  27.884485   85.558936    12.825      728.0    -1814.3     1006.5    161.4    152.7    124.7 2023  5  3  6 27 10.110  0.5   1
      649  27.921643   85.467025    12.082    -8319.6     2303.5      263.4    147.1    260.8    120.1 2023  5  3 16 40 55.720  0.3   1
      650  27.929667   85.461849    11.977    -8829.3     3192.8      159.4    150.5    142.9     94.7 2023  5  3 17  0  9.440  0.0   1
      651  27.928054   85.462085    11.935    -8806.1     3014.0      116.8    131.5    142.5     97.8 2023  5  3 17 26 40.520  0.3   1
      652  27.899349   85.469312    11.310    -8095.1     -167.0     -508.5    103.9    133.9    101.1 2023  5  3 21  8 51.160  0.0   1
      653  27.906116   85.517415    12.089    -3359.6      582.8      271.2     81.1    128.1    103.9 2023  5  3 21 19 52.220  0.4   1
      654  27.910168   85.493962    11.879    -5668.0     1031.9       61.1    155.2    132.8     93.2 2023  5  3 23  5 15.760  0.3   1
      655  27.927456   85.501937    11.218    -4882.4     2947.8     -600.2    101.2    144.6    104.2 2023  5  3 23 31 30.980  0.2   1
      656  27.880939   85.523088     4.066    -2801.2    -2207.3    -7752.6    461.7    377.8    545.2 2023  5  4  0 10 14.930  0.3   1
      657  27.887598   85.536011    12.065    -1528.7    -1469.4      247.2    141.0    124.9    116.8 2023  5  4  0 18 49.950  0.2   1
      658  27.846881   85.697355    12.409    14359.8    -5981.4      590.6    155.9    213.0    168.9 2023  5  4  1  8 54.480  0.6   1
      659  27.891176   85.534847    14.598    -1643.1    -1072.6     2779.6    223.6    154.1    164.1 2023  5  4  1 25 55.700  0.4   1
      660  27.875918   85.587036     8.968     3495.2    -2763.6    -2850.5    272.2    130.1    181.0 2023  5  4  1 28 41.460  0.4   1
      661  27.898136   85.474870    11.419    -7548.6     -301.4     -399.4    126.8    146.4    106.2 2023  5  4  1 52 49.990  0.4   1
      662  27.898454   85.473535    11.240    -7679.9     -266.3     -578.2    115.2    137.7    101.8 2023  5  4  1 55 15.630  0.5   1
      663  27.891243   85.523958    15.586    -2715.2    -1065.3     3767.9    201.1    142.3    130.8 2023  5  4  3 15 42.140  1.1   1
      664  27.949044   85.553426    12.256      185.7     5339.9      438.2    322.8    223.3    170.4 2023  5  4  3 36  1.720  0.4   1
      665  27.891225   85.523926    15.573    -2718.5    -1067.3     3755.2    159.0    141.4    128.1 2023  5  4  4 16 13.210  0.8   1
      666  27.905790   85.570036    12.581     1821.0      546.7      763.1    154.6    134.1    130.7 2023  5  4  7 21  2.000  0.9   1
      667  27.809385   85.589958     9.427     3783.8   -10136.8    -2391.3    397.2    367.0    326.2 2023  5  4  7 37 27.980  0.6   1
      668  27.919771   85.584725    13.844     3267.4     2096.2     2025.5    180.0    142.4    132.4 2023  5  4  8 53 36.240  0.7   1
      669  27.893250   85.611751    13.262     5928.1     -842.9     1443.7    161.8    224.5    174.6 2023  5  4 13 50 45.790  0.1   1
      670  27.879773   85.557145    12.691      552.1    -2336.3      872.9    131.1    113.9    120.7 2023  5  4 14 58 30.370  0.1   1
      671  27.905495   85.602897    14.049     5056.4      514.1     2231.2    162.6    127.1    167.1 2023  5  4 15 45 25.380  0.3   1
      672  27.892489   85.501042    11.007    -4971.4     -927.3     -811.2    145.8    150.2    123.3 2023  5  4 17 53  3.580  0.3   1
      673  27.905176   85.474585    10.871    -7576.3      478.7     -947.0    131.0    137.6    162.2 2023  5  4 18  6 24.360  0.3   1
      674  27.875212   85.539022     6.405    -1232.3    -2841.9    -5413.5    556.4    439.4    475.7 2023  5  4 18 30  4.240  0.3   1
      675  27.903245   85.557422    12.707      579.3      264.6      888.6    167.9    136.9    117.8 2023  5  4 18 48 15.200  0.3   1
      676  27.914067   85.612785    14.239     6029.4     1463.9     2421.1    144.1    126.4    160.5 2023  5  4 18 49 27.200  0.2   1
      677  27.916911   85.606755    13.827     5435.5     1779.2     2008.8    139.2    133.2    156.7 2023  5  4 19  4 52.000  0.3   1
      678  27.882741   85.552108    12.470       55.9    -2007.5      652.4    133.1    113.1    115.1 2023  5  4 19 23 51.940  0.5   1
      679  27.914191   85.611597    14.423     5912.7     1477.6     2605.2    154.0    129.9    170.3 2023  5  4 19 55  1.560  0.2   1
      680  27.899426   85.529045    12.302    -2214.2     -158.4      484.4    163.8    130.1    118.0 2023  5  4 20  8 40.160  0.3   1
      681  27.970251   85.557503     2.573      586.9     7690.2    -9245.4    504.3    388.8    380.1 2023  5  4 20 31 22.440  0.8   1
      682  27.916553   85.687769     7.797    13410.9     1739.5    -4021.3    248.1    467.1    255.1 2023  5  4 21  4 10.900  0.3   1
      683  27.894702   85.568701    12.424     1689.9     -682.1      606.3    136.1    133.4    140.9 2023  5  4 21 35 31.300  0.6   1
      684  27.894853   85.568221    12.369     1642.3     -665.3      551.0    134.9    129.7    134.0 2023  5  4 21 35 58.480  0.3   1
      685  27.895327   85.568970    12.340     1716.3     -612.8      521.7    139.2    134.5    142.0 2023  5  4 21 36 42.680  0.3   1
      686  27.895744   85.568506    12.282     1670.3     -566.5      463.8    136.3    132.9    141.6 2023  5  4 21 40 46.480  0.3   1
      687  27.883883   85.552116    12.366       57.0    -1880.9      548.1    139.1    122.0    120.9 2023  5  4 21 50  5.820  0.3   1
      688  27.896751   85.594255    13.026     4205.4     -454.9     1207.9    166.7    134.8    154.9 2023  5  4 21 56 56.440  0.3   1
      689  27.928975   85.524333    13.377    -2678.3     3116.0     1558.8    143.9    159.4    104.4 2023  5  4 22 25  2.200  0.3   1
      690  27.894320   85.519230    12.303    -3180.9     -724.3      484.9     84.4    134.1     97.5 2023  5  4 22 27  5.220  0.3   1
      691  27.895056   85.517611    12.233    -3340.6     -642.7      415.4    110.7    134.0    100.6 2023  5  4 22 27 17.240  0.3   1
      692  27.879854   85.564730    12.773     1299.0    -2327.5      954.8    141.7    123.9    123.1 2023  5  4 23 34  6.800  0.0   1
      693  27.905119   85.494865    11.944    -5579.8      472.4      125.5     97.5    133.0     72.7 2023  5  4 23 45 53.500  0.3   1
      694  27.890063   85.606950     4.782     5455.3    -1196.1    -7036.3    428.8    273.1    393.8 2023  5  4 23 58 40.340  1.2   1
      695  27.902429   85.499064    11.431    -5166.1      174.4     -387.2    152.2    135.1     73.4 2023  5  5  0 28 28.120  0.5   1
      696  27.907113   85.571615    14.094     1976.2      693.2     2275.8    184.7    144.6    136.2 2023  5  5  2 56 16.240  0.5   1
      697  27.895052   85.582446    12.841     3043.1     -643.3     1022.6    271.9    209.6    211.6 2023  5  5  4 23 58.820  0.4   1
      698  27.903577   85.472526    10.655    -7778.9      301.4    -1163.1    105.8    128.9    107.2 2023  5  5  8 10 24.080  1.4   1
      699  27.902940   85.473910    10.739    -7642.5      230.8    -1078.8    108.4    129.0    106.4 2023  5  5  8 13 39.650  1.2   1
      701  27.884247   85.544792    12.399     -664.1    -1840.7      580.5    149.8    131.3    118.1 2023  5  5 10 37 55.000  0.5   1
      702  27.927608   85.568156     3.826     1635.8     2964.6    -7992.0    525.5    344.4    496.2 2023  5  5 11 51 56.240  0.6   1
      703  27.903984   85.472974    10.621    -7734.7      346.6    -1197.0    102.9    131.1    101.0 2023  5  5 14  0 13.510  0.5   1
      704  27.915458   85.534351    12.599    -1691.9     1618.0      780.8    177.2    137.7     99.0 2023  5  5 14 36 55.180  0.2   1
      705  27.891260   85.541675    12.419     -971.2    -1063.5      600.7    154.0    132.9    104.5 2023  5  5 15 22 47.210  0.2   1
      706  27.891366   85.542643    12.414     -876.1    -1051.7      595.5    148.5    140.7    104.3 2023  5  5 15 24 48.160  0.1   1
      707  27.914591   85.465812    10.775    -8439.7     1522.2    -1042.7    144.2    152.4    175.2 2023  5  5 15 48 20.800  0.1   1
      708  27.836316   85.627824    12.624     7512.9    -7152.3      805.7    146.0    149.2    142.9 2023  5  5 16 16  6.550  0.0   1
      709  27.908813   85.652474    13.431     9936.6      881.7     1612.8    149.4    131.0    158.2 2023  5  5 16 30 31.270  0.1   1
      710  27.913885   85.444246    11.519   -10562.7     1443.8     -299.1    155.3    158.5    158.8 2023  5  5 17 11 29.880  0.3   1
      711  27.903310   85.473657    10.401    -7667.2      271.9    -1417.1    107.3    133.7    103.8 2023  5  5 17 27 46.880  0.1   1
      712  27.903548   85.473511    10.617    -7682.0      298.4    -1200.8    112.2    128.0    102.6 2023  5  5 17 29 45.680  0.1   1
      713  27.903333   85.474194    10.701    -7614.5      274.3    -1117.5    100.4    138.4    105.6 2023  5  5 17 30 51.040  0.4   1
      714  27.915531   85.550610    12.617      -91.7     1626.3      799.2    154.2    132.7     95.9 2023  5  5 17 43 27.600  0.3   1
      715  27.889016   85.533626    11.835    -1763.9    -1312.2       16.9     95.4    140.4     99.8 2023  5  5 17 48 24.640  0.3   1
      716  27.914754   85.551074    12.631      -45.6     1540.2      812.8    191.1    151.3    106.3 2023  5  5 17 49 36.160  0.3   1
      717  27.905048   85.544718     3.533     -671.8      464.4    -8284.9    357.3    363.8    404.4 2023  5  5 17 55 46.360  1.1   1
      718  27.924599   85.619792    12.529     6718.8     2631.2      711.1    223.9    207.6    166.4 2023  5  5 18  0 33.120  0.3   1
      719  27.935726   85.547160    11.315     -430.9     3864.2     -502.6    171.0    149.0    115.4 2023  5  5 19 58  6.640  0.0   1
      720  27.882037   85.711125    10.689    15713.2    -2085.6    -1129.0    268.5    383.2    281.2 2023  5  5 21 10 44.100  0.2   1
      721  27.941689   85.558195    11.167      655.1     4525.1     -651.1    242.4    162.8    144.3 2023  5  5 21 12 42.320  0.3   1
      722  27.902820   85.472835    11.156    -7748.3      217.6     -661.9    100.0    128.3    102.5 2023  5  5 21 44 21.360  0.3   1
      723  27.900907   85.473983    11.434    -7635.2        5.7     -384.1    103.7    137.4     98.1 2023  5  5 21 44 58.860  0.1   1
      724  27.935229   85.546330    11.209     -513.1     3809.1     -608.7    206.4    161.2    121.0 2023  5  5 21 58 17.400  0.3   1
      725  27.913507   85.626497    13.910     7379.4     1402.0     2092.1    254.8    141.9    166.8 2023  5  5 22 51  9.600  0.0   1
      726  27.890822   85.527165    11.894    -2399.8    -1112.0       76.3    109.1    129.0    110.8 2023  5  5 23  7 54.720  0.4   1
      727  27.928373   85.453206    12.137    -9679.8     3049.3      319.3    134.3    139.1    132.5 2023  5  6  1 42 21.170  0.4   1
      728  27.898649   85.509155    12.074    -4172.6     -244.6      256.1    140.9    144.0    119.0 2023  5  6  4 27 24.190  0.4   1
      729  27.900684   85.610758    16.569     5830.6      -19.2     4750.7    212.9    170.8    168.0 2023  5  6 10 16 40.950  0.9   1
      730  27.901194   85.613713    16.408     6121.6       37.5     4590.0    173.2    160.6    166.9 2023  5  6 10 47 28.970  0.7   1
      731  27.897247   85.560612    13.299      893.6     -399.9     1480.8    192.9    175.1    136.7 2023  5  6 11 15 37.490  0.4   1
      732  27.900588   85.614144    16.477     6163.3      -29.9     4659.3    194.1    170.6    168.0 2023  5  6 12 49 51.220  0.6   1
      733  27.899339   85.532723    12.406    -1852.3     -168.2      588.1    189.3    134.4    130.4 2023  5  6 13 22 30.190  0.6   1
      734  27.912061   85.609155    14.642     5672.5     1241.6     2823.7    139.3    134.4    166.8 2023  5  6 13 51 55.760  0.2   1
      735  27.906624   85.552498    12.794       94.1      639.1      975.4    167.8    136.1    125.2 2023  5  6 15  8  2.840  1.0   1
      736  27.898830   85.472160    11.657    -7815.2     -224.5     -161.4    213.9    180.8    218.7 2023  5  6 15 30  5.070  0.0   1
      737  27.874192   85.616423    13.528     6388.9    -2954.9     1710.3    172.0    158.3    165.1 2023  5  6 16 11  6.200  0.3   1
      738  27.874125   85.616886    13.413     6434.7    -2962.4     1594.9    179.2    160.9    163.7 2023  5  6 18  2 58.320  0.2   1
      739  27.946075   85.538713     9.867    -1262.5     5011.1    -1950.7    345.2    244.7    364.2 2023  5  6 19 27 23.920  0.3   1
      740  27.910461   85.483024    12.144    -6745.0     1064.5      326.3    164.5    195.1    205.6 2023  5  6 19 33  2.760  0.3   1
      741  27.912341   85.489583    12.187    -6099.1     1272.6      369.2    181.5    148.2    177.1 2023  5  6 19 44 24.140  0.0   1
      742  27.891870   85.539730    11.693    -1162.5     -995.8     -125.1    236.4    158.3    147.9 2023  5  6 20 41 31.200  0.3   1
      743  27.878695   85.593823    12.836     4163.4    -2455.8     1017.9    136.4    150.4    155.6 2023  5  6 22 23 46.920  0.3   1
      744  27.900686   85.544653    13.007     -677.8      -18.9     1189.2    164.9    177.4    117.6 2023  5  6 22 26 48.040  0.3   1
      745  27.904299   85.545638    13.184     -580.7      381.5     1366.1    214.6    149.2    113.9 2023  5  6 23 32 51.720  0.0   1
      746  27.889073   85.559855    12.002      819.2    -1306.0      184.4    164.4    174.2    136.8 2023  5  6 23 33 35.080  0.4   1
      747  27.883573   85.558130    12.242      648.8    -1915.3      424.4    137.0    114.5    127.8 2023  5  6 23 35 49.880  0.1   1
      748  27.860209   85.595516    12.313     4330.8    -4504.5      494.7    204.7    183.3    164.6 2023  5  7  1 10 17.120  0.2   1
      749  27.923657   85.448014    11.752   -10190.9     2526.8      -66.5    143.3    141.7    137.5 2023  5  7  5 52 17.650  0.8   1
      750  27.900256   85.612085    16.385     5961.1      -66.6     4566.5    191.8    172.7    167.0 2023  5  7  6  9 50.300  0.6   1
      751  27.911672   85.601823    15.603     4950.5     1198.5     3785.2    207.1    160.6    188.4 2023  5  7  8 19 50.960  0.5   1
      752  27.910008   85.601156    15.950     4885.1     1014.2     4131.9    203.0    200.4    162.0 2023  5  7 13 33 19.970  0.5   1
      753  27.890759   85.557210    11.892      558.8    -1118.9       74.1    171.6    168.3    217.2 2023  5  7 14 28 40.230  0.4   1
      754  27.881514   85.547518    12.913     -395.5    -2143.5     1095.4    204.9    144.1    120.1 2023  5  7 14 33 27.880  0.4   1
      755  27.882733   85.553825    12.597      224.9    -2008.5      778.7    132.3    127.3    123.3 2023  5  7 14 34  5.810  0.0   1
      756  27.885443   85.548234    12.719     -325.1    -1708.1      900.8    166.1    120.3    129.1 2023  5  7 14 36 33.880  0.1   1
      757  27.884607   85.558708    12.452      705.9    -1800.8      633.5    161.7    130.3    119.2 2023  5  7 16 23 20.480  0.1   1
      758  27.877216   85.687948    12.472    13431.2    -2619.9      653.9    209.7    203.0    220.2 2023  5  7 17 22 41.040  0.3   1
      759  27.883698   85.559294    12.942      763.9    -1901.6     1124.2    160.1    182.8    118.5 2023  5  7 17 52 37.280  0.4   1
      760  27.884495   85.516528    11.729    -3446.9    -1813.2      -89.5     86.7    136.2    110.5 2023  5  7 19  4 59.420  0.3   1
      761  27.888389   85.502051    11.570    -4872.5    -1381.7     -248.3    110.7    141.4     89.6 2023  5  7 19 24 24.700  0.3   1
      762  27.951947   85.541699    10.537     -968.1     5661.6    -1281.3    297.9    248.5    226.0 2023  5  7 19 42 56.240  0.1   1
      763  27.897546   85.657129    13.878    10395.5     -366.7     2060.1    228.8    151.3    168.8 2023  5  7 20 40 39.420  0.3   1
      765  27.922941   85.645907    14.628     9289.9     2447.3     2810.2    215.1    162.3    187.9 2023  5  7 21 44  9.060  0.7   1
      766  27.885476   85.564323    12.238     1259.0    -1704.5      420.4    134.4    130.6    144.0 2023  5  7 22  3 59.880  0.3   1
      767  27.907361   85.473234    12.120    -7709.3      720.7      302.4    292.8    340.4    285.6 2023  5  7 22 13 28.300  0.4   1
      768  27.893915   85.475985    11.785    -7438.8     -769.3      -32.7    238.5    285.3    273.3 2023  5  7 22 39 30.420  0.0   1
      769  27.874538   85.590381    13.282     3824.5    -2916.4     1464.3    194.2    265.3    161.9 2023  5  7 23 53 41.560  0.2   1
      770  27.876394   85.585002    13.312     3294.8    -2711.0     1494.2    163.5    152.9    150.7 2023  5  8  0 25 24.760  0.5   1
      771  27.875785   85.571232    12.401     1939.3    -2778.2      583.2    157.0    142.4    138.0 2023  5  8  1 56 21.930  0.9   1
      772  27.873995   85.572021    12.439     2016.8    -2976.8      620.6    141.3    153.8    133.0 2023  5  8  2  5  0.500  0.5   1
