        1  27.896377   85.557983    13.593     1152.8     -341.7      722.6     72.2     48.8     30.1 2023  4 10 11 32 18.600  8.7   1
        2  27.890574   85.505493    11.678    -4015.2     -984.5    -1192.3     81.7     70.3     56.5 2023  4 10 16 53 34.260  6.4   1
        3  27.908580   85.487158    12.455    -5820.0     1010.8     -415.2     87.7     55.7     48.1 2023  4 10 17 27 54.220  6.1   1
        4  27.908173   85.505591    10.145    -4004.7      965.6    -2724.8    126.5     73.2     76.2 2023  4 10 19 33 16.380  5.8   1
        5  27.884047   85.545841    13.069      -42.3    -1707.8      198.8     65.3     37.9     33.1 2023  4 10 19 50 38.400  6.0   1
        6  27.905420   85.463558    11.681    -8143.2      660.5    -1188.8     44.1     67.8     53.6 2023  4 10 21 45  6.200  6.1   1
        7  27.899402   85.466618    11.675    -7842.2       -6.3    -1194.5     54.8     67.0     56.5 2023  4 10 23 21 46.780  6.5   1
        8  27.937795   85.527547    12.934    -1843.0     4248.3       63.8     98.8     74.3     43.8 2023  4 10 23 22  9.720  5.8   1
        9  27.899976   85.466756    11.540    -7828.5       57.3    -1329.5     56.7     59.0     58.8 2023  4 10 23 23 29.040  5.9   1
       10  27.953825   85.490088    14.354    -5530.3     6024.7     1484.4     35.1     38.1     33.7 2023  4 11  1  3 49.940  6.7   1
       11  27.879692   85.613696    13.909     6638.4    -2190.6     1039.1     63.2     49.9     51.5 2023  4 11  3  9 13.330  6.6   1
       12  27.953864   85.489412    14.236    -5596.8     6029.0     1366.3     37.7     39.4     33.4 2023  4 11  3 15 48.440  7.6   1
       13  27.953969   85.489445    14.056    -5593.4     6040.8     1185.6     31.4     23.8     28.8 2023  4 11  3 20  4.580  6.8   1
       14  27.897056   85.638916    15.807     9121.2     -266.3     2936.8    116.0     88.5     70.0 2023  4 11  7 17 13.600  6.9   1
       15  27.906203   85.485905    12.380    -5942.9      747.5     -490.4     56.3     49.5     30.4 2023  4 11  7 32 28.200  7.0   1
       16  27.923210   85.501481    12.013    -4409.3     2632.0     -856.9     69.2     51.1     45.8 2023  4 11 12 55 14.450  6.3   1
       17  27.902775   85.560091    13.959     1360.1      367.5     1088.8     86.5     39.1     37.5 2023  4 11 15 16  8.070  6.0   1
       18  27.883392   85.564380    12.975     1782.9    -1780.4      104.6     50.2     42.4     34.6 2023  4 11 17 31 50.340  6.0   1
       19  27.881472   85.563664    13.160     1712.4    -1993.2      289.9     41.3     36.3     30.3 2023  4 11 17 31 57.720  5.8   1
       20  27.881651   85.563265    13.162     1672.9    -1973.4      292.2     47.0     38.4     30.2 2023  4 11 17 32  8.540  6.0   1
       21  27.900307   85.500024    12.597    -4553.0       94.1     -272.8     39.5     35.6     36.6 2023  4 11 18 16 25.980  6.3   1
       22  27.900507   85.498478    12.778    -4705.4      116.2      -92.4     46.5     41.0     43.0 2023  4 11 18 16 33.240  6.3   1
       23  27.900055   85.502116    12.512    -4347.1       66.1     -357.8     41.9     27.6     31.8 2023  4 11 18 28  6.880  6.9   1
       24  27.901090   85.499325    12.642    -4622.4      180.8     -227.9     51.7     41.3     48.0 2023  4 11 18 45 29.760  6.2   1
       25  27.905530   85.536751    12.578     -937.2      672.7     -291.5     99.9     72.0     48.0 2023  4 11 18 48 38.120  6.0   1
       26  27.900236   85.501912    12.545    -4367.0       86.1     -324.7     54.5     31.3     34.5 2023  4 11 19 13  1.660  6.4   1
       27  27.930056   85.522111    13.705    -2378.5     3390.8      834.8     64.4     75.9     34.9 2023  4 11 19 38 40.860  5.8   1
       28  27.898474   85.553540    13.425      715.3     -109.2      554.8     75.0     42.0     32.4 2023  4 11 20 30 42.160  6.1   1
       29  27.952649   85.498478    15.034    -4704.5     5894.5     2164.0     32.3     35.7     22.6 2023  4 11 21 12 44.320  6.4   1
       30  27.924811   85.565828    13.274     1925.0     2809.4      404.3    126.1     97.4     58.9 2023  4 11 22 39 43.240  6.0   1
       31  27.912085   85.565983    14.657     1940.1     1399.1     1786.8     44.7     47.5     26.2 2023  4 11 23  9 10.720  6.9   1
       32  27.917682   85.451139    11.798    -9365.5     2019.5    -1072.3     45.2     56.2     56.1 2023  4 12  1  7 45.390  6.7   1
       33  27.906158   85.549382    13.796      306.2      742.5      926.5     53.7     41.6     34.0 2023  4 12  1 49 35.850  6.4   1
       34  27.880514   85.646867    13.811     9904.8    -2099.5      940.8     49.5     47.7     48.9 2023  4 12  5 14 27.730  6.6   1
       35  27.878778   85.610490    14.786     6323.3    -2291.8     1916.4     67.6     45.9     55.6 2023  4 12 12  5 45.330  6.5   1
       36  27.887925   85.532731    12.915    -1333.7    -1278.2       45.5     53.0     38.4     31.6 2023  4 12 14  1  3.080  6.1   1
       37  27.876251   85.576693    13.851     2995.5    -2571.8      980.8     69.3     56.9     40.8 2023  4 12 16 31 25.300  5.9   1
       38  27.886603   85.522526    12.579    -2337.7    -1424.6     -290.8     58.2     55.0     30.3 2023  4 12 16 36  1.460  5.8   1
       39  27.909731   85.536637    14.297     -948.4     1138.3     1427.3     85.2     67.6     49.6 2023  4 12 17 13 48.340  5.9   1
       40  27.909831   85.539274    14.244     -689.0     1149.5     1374.4     71.6     51.9     41.9 2023  4 12 17 57 18.400  6.0   1
       41  27.895544   85.533700    13.492    -1237.8     -433.9      621.8     46.8     43.9     26.8 2023  4 12 18 12  2.720  6.1   1
       42  27.892725   85.475887    11.794    -6930.2     -746.3    -1076.1     55.8     53.3     49.0 2023  4 12 18 35 43.000  6.1   1
       43  27.907279   85.610929    14.046     6365.2      866.6     1176.4     95.6     67.6     42.8 2023  4 12 18 36 26.600  6.2   1
       44  27.896216   85.585254    13.694     3837.8     -359.4      823.8     40.7     35.1     22.8 2023  4 12 18 41 36.840  7.7   1
       45  27.896010   85.587052    13.719     4014.8     -382.1      849.2     40.3     35.3     22.9 2023  4 12 18 45 58.800  6.3   1
       46  27.883803   85.559465    13.355     1298.8    -1734.9      485.0     95.7     44.8     32.6 2023  4 12 19 24 48.240  5.7   1
       47  27.906732   85.499666    12.376    -4588.0      805.9     -493.8     38.3     35.9     31.0 2023  4 12 20  2 25.840  6.2   1
       48  27.898201   85.559603    13.280     1312.5     -139.4      409.7     56.7     33.2     24.2 2023  4 12 20 17 30.320  6.3   1
       49  27.894436   85.660571    14.716    11253.2     -556.6     1846.1     39.1     33.5     27.2 2023  4 12 20 22 13.100  6.5   1
       50  27.891543   85.477238    11.729    -6796.8     -877.2    -1140.9     52.4     41.1     43.2 2023  4 12 21 16 24.520  6.6   1
       51  27.891882   85.477108    11.706    -6809.4     -839.6    -1163.5     55.1     49.8     44.8 2023  4 12 21 22  8.620  6.1   1
       52  27.928461   85.465983    12.273    -7903.6     3213.8     -596.8     37.6     50.3     36.5 2023  4 12 21 41 28.680  6.8   1
       53  27.930664   85.443343    12.955   -10132.1     3458.0       84.6     55.7     58.7     60.1 2023  4 12 21 46 33.340  6.3   1
       54  27.913043   85.550366    13.366      403.0     1505.3      496.4     57.7     58.1     40.7 2023  4 12 21 49 55.360  5.7   1
       55  27.911745   85.459709    11.735    -8522.0     1361.5    -1134.9     42.4     48.4     42.0 2023  4 12 22  2 13.820  6.5   1
       56  27.903843   85.464339    11.182    -8066.2      485.9    -1688.3     23.9     36.7     28.2 2023  4 12 22 33 39.040  6.5   1
       57  27.892794   85.475675    11.696    -6950.9     -738.5    -1173.6     60.6     54.1     47.2 2023  4 12 23  2 10.440  6.1   1
       58  27.908545   85.486670    12.388    -5868.1     1006.9     -482.0     37.2     39.0     40.7 2023  4 12 23  4  9.980  6.1   1
       59  27.891693   85.477222    11.744    -6798.3     -860.5    -1126.4     51.4     41.4     41.8 2023  4 12 23  6 22.340  7.5   1
       60  27.956368   85.531877    11.582    -1417.0     6306.4    -1287.7     65.8     78.2     55.0 2023  4 13  0 19  6.690  6.0   1
       61  27.903884   85.513322    11.884    -3243.9      490.4     -986.3     76.9     64.8     47.8 2023  4 13  4 13 48.830  6.7   1
       62  27.874361   85.586678    13.412     3978.5    -2781.3      542.4     97.8     70.9     51.0 2023  4 13  5 40 43.590  6.3   1
       63  27.909802   85.616935    14.724     6956.3     1146.2     1854.2     54.9     58.5     28.0 2023  4 13 11 30 29.560  6.3   1
       64  27.944515   85.450399    13.035    -9437.3     4992.9      164.6     85.9     84.6     94.0 2023  4 13 11 51 25.660  6.9   1
       65  27.938934   85.575968    12.705     2922.8     4374.6     -164.9     80.2     54.1     51.7 2023  4 13 12 31 34.130  6.4   1
       66  27.894971   85.578117    13.677     3135.3     -497.3      806.6     38.6     34.6     25.8 2023  4 13 13  5 13.540  6.4   1
       67  27.943451   85.528434    11.107    -1755.8     4875.0    -1763.0     63.9     75.6     47.4 2023  4 13 13 30 17.290  6.7   1
       68  27.913495   85.560636    13.916     1414.2     1555.4     1045.7     77.5     61.6     42.1 2023  4 13 13 34 28.330  6.5   1
       70  27.939394   85.569645    12.870     2300.7     4425.5        0.1     42.4     57.4     22.5 2023  4 13 14 19  5.860  6.4   1
       71  27.939514   85.569548    12.879     2291.3     4438.8        9.5     41.1     58.1     21.1 2023  4 13 14 24  8.130  6.7   1
       72  27.893947   85.543180    13.178     -304.2     -610.8      308.0     48.1     38.4     22.8 2023  4 13 14 43 47.010  6.1   1
       73  27.939419   85.567456    12.799     2085.3     4428.3      -70.8     39.1     57.7     20.0 2023  4 13 14 50 20.320  6.3   1
       74  27.881620   85.565812    13.600     1924.0    -1976.9      729.9     39.5     40.8     40.7 2023  4 13 16 12 57.650  5.9   1
       75  27.875470   85.656152    13.797    10819.3    -2658.5      927.1     36.7     34.5     30.7 2023  4 13 21  0 51.360  6.1   1
       76  27.935531   85.542196    12.377     -401.4     3997.5     -493.0     63.1     69.1     24.4 2023  4 13 22 12 10.880  6.1   1
       77  27.903326   85.540576    13.185     -560.9      428.6      315.5     44.3     36.9     27.5 2023  4 13 22 13 20.120  6.2   1
       78  27.892828   85.520199    12.502    -2566.8     -734.8     -367.9     42.2     34.2     28.7 2023  4 13 22 23 45.100  6.0   1
       79  27.913153   85.547046    13.891       75.8     1517.5     1021.5     56.4     46.7     37.2 2023  4 13 22 33 32.120  6.0   1
       80  27.875745   85.655558    13.907    10760.9    -2628.0     1037.3     41.9     33.5     33.5 2023  4 13 23  9 25.040  6.1   1
       81  27.887378   85.494442    11.819    -5103.1    -1338.8    -1051.0     47.6     52.4     44.3 2023  4 13 23 30 46.280  6.1   1
       82  27.916683   85.568766    15.244     2214.1     1908.8     2373.8     38.2     48.6     23.8 2023  4 14  1  4 16.660  7.0   1
       83  27.916803   85.569759    15.276     2312.5     1922.0     2406.1     38.2     50.5     25.3 2023  4 14  1 17  3.610  6.3   1
       84  27.924353   85.559497    15.502     1301.9     2758.6     2631.6     78.4     63.0     43.5 2023  4 14  6 16  6.440  6.7   1
       85  27.855511   85.659741    14.001    11173.2    -4870.2     1131.2     73.8     63.1     56.1 2023  4 14 10 13 58.570  8.2   1
       86  27.904838   85.486906    12.443    -5845.0      596.1     -426.5     37.9     40.6     22.8 2023  4 14 11 40 42.620  6.5   1
       87  27.903937   85.574935    14.888     2821.6      496.3     2017.7     67.1     47.5     38.0 2023  4 14 11 45 55.780  6.7   1
       88  27.888308   85.505713    12.045    -3993.8    -1235.8     -824.6     46.3     27.0     28.9 2023  4 14 12 30 42.210  7.5   1
       89  27.888955   85.580387    13.884     3359.0    -1164.1     1013.8     62.2     44.6     26.9 2023  4 14 13 49 39.330  6.2   1
       90  27.895630   85.509448    11.057    -3625.5     -424.4    -1812.6     51.3     52.8     41.8 2023  4 14 14 19 13.150  6.1   1
       91  27.845133   85.713704    13.720    16488.0    -6020.2      849.9     90.5     54.1     83.6 2023  4 14 14 41 16.500  6.2   1
       92  27.829671   85.668937    13.943    12080.6    -7733.8     1072.7     55.1     49.5     44.2 2023  4 14 14 59 40.870  6.4   1
       93  27.829138   85.670109    13.980    12195.8    -7792.8     1110.5     57.5     52.6     46.9 2023  4 14 15  6 29.010  6.1   1
       94  27.883970   85.644808    16.643     9702.0    -1716.5     3772.9    109.6     89.5     65.6 2023  4 14 15 15 30.140  6.7   1
       95  27.891160   85.666203    15.187    11807.9     -919.5     2317.4     44.5     35.4     23.2 2023  4 14 16 19 15.160  7.1   1
       96  27.948533   85.445597    13.250    -9909.7     5438.4      380.1     84.4     79.5    101.9 2023  4 14 16 33  8.790  6.5   1
       97  27.927728   85.656396    13.614    10840.3     3132.7      743.7     96.6    104.0     68.0 2023  4 14 17  7 56.480  6.2   1
       98  27.910531   85.604443    16.850     5726.8     1227.1     3980.3     63.1     54.2     17.4 2023  4 14 17  8 24.680  6.9   1
       99  27.902692   85.531844    13.104    -1420.6      358.2      234.1     45.3     35.7     26.8 2023  4 14 17 22 16.920  6.0   1
      100  27.931179   85.450993    11.868    -9378.9     3515.0    -1002.1     47.5     45.2     56.9 2023  4 14 17 45 24.600  6.1   1
      101  27.930731   85.451978    11.671    -9282.6     3465.5    -1198.2     32.7     41.0     34.6 2023  4 14 17 47 37.340  6.6   1
      102  27.930676   85.451676    11.593    -9312.1     3459.5    -1277.4     34.1     41.4     36.0 2023  4 14 17 53  8.060  6.7   1
      103  27.930654   85.451921    11.640    -9287.6     3457.0    -1230.2     36.2     41.5     36.3 2023  4 14 17 57  6.240  6.9   1
      104  27.930516   85.451383    11.656    -9341.2     3441.7    -1213.7     29.9     41.9     29.3 2023  4 14 17 58 36.600  6.6   1
      105  27.930717   85.451522    11.611    -9327.2     3463.9    -1258.9     36.2     41.9     38.1 2023  4 14 18  8  8.680  6.9   1
      106  27.930302   85.451326    11.599    -9346.6     3418.0    -1270.6     33.2     41.1     34.9 2023  4 14 18  8 42.420  6.5   1
      107  27.928286   85.528988    15.717    -1701.2     3194.5     2846.8    102.1     96.8     56.7 2023  4 14 18 34 47.560  6.2   1
      108  27.891903   85.477165    11.673    -6804.0     -837.3    -1197.5     53.5     40.6     41.4 2023  4 14 19  1 35.440  6.1   1
      109  27.930929   85.452010    12.649    -9279.0     3487.5     -220.7     68.0     65.8     76.4 2023  4 14 19 42  2.920  5.9   1
      110  27.906512   85.505762    12.584    -3987.9      781.7     -286.4     40.7     41.6     37.8 2023  4 14 19 45 34.200  6.2   1
      111  27.930660   85.451107    11.681    -9368.4     3457.7    -1189.2     30.0     41.1     33.6 2023  4 14 20 30 23.920  6.6   1
      112  27.931380   85.449032    11.910    -9572.6     3537.4     -960.5     46.7     41.8     49.4 2023  4 14 20 33  9.200  6.3   1
      113  27.880821   85.707739    14.595    15898.0    -2065.4     1725.0     62.2     44.2     58.0 2023  4 14 20 46 13.620  6.5   1
      114  27.873720   85.590983    13.848     4402.7    -2852.3      978.5     44.9     45.6     36.1 2023  4 14 21 27 13.240  5.9   1
      115  27.906555   85.499829    12.343    -4572.1      786.3     -526.8     41.0     36.1     34.3 2023  4 14 21 59 19.400  6.0   1
      116  27.884072   85.604761    13.540     5758.9    -1705.1      670.5     47.3     57.2     33.0 2023  4 14 22 43 54.000  6.2   1
      117  27.884416   85.604728    13.531     5755.1    -1667.2      660.6     47.2     57.7     27.2 2023  4 14 22 44 31.860  6.2   1
      118  27.887815   85.588338    10.591     4142.1    -1290.3    -2279.3     83.5     57.6     39.2 2023  4 14 22 51  6.840  6.3   1
      119  27.878129   85.555623    13.470      920.9    -2363.8      600.3     52.8     32.6     24.4 2023  4 14 23 20 26.020  6.1   1
      120  27.901052   85.500049    12.043    -4550.6      176.6     -826.8     65.8     51.2     62.5 2023  4 14 23 53 34.780  5.9   1
      121  27.885152   85.563208    13.514     1667.5    -1585.4      643.7     77.3     56.8     38.9 2023  4 15  0 20 21.480  6.2   1
      122  27.931087   85.452173    11.744    -9263.1     3505.0    -1126.2     37.9     46.2     54.6 2023  4 15  1 10  2.600  6.3   1
      123  27.929960   85.456201    11.960    -8866.5     3380.2     -909.8     37.5     41.7     36.3 2023  4 15  1 13  4.520  6.6   1
      124  27.901825   85.512020    12.929    -3372.6      262.1       58.9     38.3     31.6     28.3 2023  4 15  9 46  8.170  7.0   1
      125  27.901298   85.509391    12.929    -3631.3      203.7       59.0     51.7     38.4     34.1 2023  4 15  9 48 34.310  6.7   1
      126  27.904828   85.520671    13.278    -2520.8      595.0      408.5     50.5     60.2     33.0 2023  4 15 13 48 50.300  6.5   1
      127  27.912476   85.542863    13.323     -336.0     1442.5      453.2     41.5     44.3     36.6 2023  4 15 15 11 10.730  6.9   1
      128  27.907753   85.478890    11.845    -6633.5      919.2    -1025.4     47.0     44.6     36.8 2023  4 15 18 21  5.800  6.0   1
      129  27.923012   85.502840    12.157    -4275.3     2610.1     -712.5     46.7     52.1     33.6 2023  4 15 18 51 42.620  6.4   1
      130  27.884383   85.503459    11.935    -4215.8    -1670.6     -935.3     42.1     28.9     31.2 2023  4 15 18 52 24.540  6.2   1
      131  27.884222   85.502482    12.066    -4311.5    -1688.5     -803.9     46.6     46.4     41.9 2023  4 15 18 53 22.580  6.1   1
      132  27.899510   85.541911    13.673     -429.3        5.7      803.1     67.8     52.2     29.6 2023  4 15 19 13 47.200  6.1   1
      133  27.866268   85.705843    13.778    15712.8    -3678.2      907.6     94.0    110.3     90.2 2023  4 15 19 34 39.640  6.2   1
      134  27.919208   85.446785    11.267    -9793.6     2188.6    -1602.9     50.3     60.7     57.5 2023  4 15 19 58 46.240  6.2   1
      135  27.881488   85.570760    13.205     2411.3    -1991.5      334.6     54.1     43.8     33.4 2023  4 15 20  4 21.160  5.8   1
      137  27.904189   85.467700    11.851    -7735.6      524.1    -1019.4     40.9     55.9     51.8 2023  4 15 20  9 37.000  6.1   1
      138  27.905241   85.464380    11.352    -8062.5      640.8    -1517.6     28.7     44.0     33.8 2023  4 15 20 10 52.780  5.9   1
      139  27.888908   85.571932    13.439     2526.0    -1169.2      568.8     42.5     33.2     24.4 2023  4 15 20 39 40.960  6.3   1
      140  27.912189   85.579378    14.284     3259.2     1410.6     1413.8     59.9     54.0     40.0 2023  4 15 21 16 39.500  5.8   1
      142  27.908132   85.503817    13.389    -4180.0      961.1      518.7     40.3     37.6     34.9 2023  4 15 22 48  2.220  6.1   1
      143  27.916498   85.444621    11.675   -10007.3     1888.2    -1195.4     52.9     60.4     62.5 2023  4 15 23 20 28.160  6.1   1
      144  27.911965   85.661792    13.742    11372.3     1386.0      871.9     79.9     68.7     44.8 2023  4 15 23 22  1.100  6.2   1
      145  27.906451   85.454264    12.255    -9058.4      774.9     -614.6     58.9     80.2     61.1 2023  4 16  4 54  9.920  6.5   1
      147  27.885938   85.530241    12.618    -1578.6    -1498.3     -251.9     52.7     37.2     35.5 2023  4 16  5 55  6.500  6.7   1
      149  27.911713   85.585132    14.274     3826.0     1357.8     1403.8     57.6     54.2     37.4 2023  4 16 10 48 36.520  7.0   1
      150  27.890810   85.673926    13.820    12568.7     -958.3      949.7    100.8    171.5     74.7 2023  4 16 13 20 24.710  6.7   1
      151  27.911418   85.594165    14.162     4715.2     1325.3     1292.2     55.8     55.1     30.7 2023  4 16 13 21 55.260  6.7   1
      152  27.896346   85.571248    14.109     2459.3     -345.0     1238.6     64.8     63.8     29.7 2023  4 16 13 58 33.090  6.4   1
      153  27.890623   85.523112    12.670    -2280.2     -979.1     -200.4     42.9     29.5     25.7 2023  4 16 14 54 28.690  6.0   1
      155  27.879207   85.556608    13.550     1018.0    -2244.2      679.8     59.5     36.6     31.2 2023  4 16 15 22 36.370  6.5   1
      156  27.915177   85.450448    11.312    -9433.3     1741.9    -1558.4     63.0     62.6     67.1 2023  4 16 15 46 35.650  6.2   1
      157  27.880206   85.559416    13.451     1293.9    -2133.5      581.3     69.5     51.0     51.3 2023  4 16 16  5 40.560  6.0   1
      158  27.879260   85.557625    13.522     1117.8    -2238.4      651.7     39.8     32.9     25.9 2023  4 16 16 51 34.090  6.8   1
      159  27.878387   85.558708    13.640     1224.2    -2335.1      770.1     80.5     65.3     29.8 2023  4 16 16 52  7.210  5.9   1
      160  27.835539   85.662614    12.941    11457.3    -7083.5       71.2     44.8     36.2     35.9 2023  4 16 17  3 56.540  6.8   1
      161  27.834662   85.663607    12.821    11555.3    -7180.6      -49.1     38.5     30.8     32.7 2023  4 16 17  4 50.000  6.2   1
      162  27.835295   85.662533    12.917    11449.3    -7110.4       47.1     40.0     36.2     32.5 2023  4 16 17  6 53.160  6.3   1
      163  27.834816   85.662451    12.847    11441.2    -7163.5      -23.3     41.5     35.3     33.3 2023  4 16 17  7 20.480  6.2   1
      164  27.896543   85.677596    13.307    12929.4     -323.0      436.6    102.9    170.3     77.9 2023  4 16 17 19 26.280  7.4   1
      165  27.879395   85.557430    13.497     1098.9    -2223.4      627.4     53.2     32.8     25.2 2023  4 16 17 19 32.560  7.1   1
      166  27.881476   85.545256    13.239     -100.1    -1992.9      369.2     35.1     30.2     20.2 2023  4 16 17 32 32.900  6.2   1
      167  27.879547   85.557764    13.485     1131.5    -2206.5      614.8     40.1     32.8     24.8 2023  4 16 17 51  0.880  6.4   1
      168  27.893941   85.461450    12.390    -8350.9     -611.5     -480.3     52.8     66.3     59.7 2023  4 16 17 56 22.600  6.2   1
      169  27.879301   85.557129    13.488     1069.1    -2233.8      618.2     44.9     34.5     25.9 2023  4 16 18 31 59.700  6.3   1
      170  27.877334   85.573381    13.391     2668.8    -2451.8      520.5     58.6     46.8     33.6 2023  4 16 18 35  0.100  6.2   1
      171  27.901019   85.463721    11.717    -8127.3      172.8    -1153.4     47.6     53.9     53.5 2023  4 16 18 47 13.880  6.1   1
      172  27.884703   85.657007    14.245    10903.1    -1635.3     1375.4     39.6     24.3     25.7 2023  4 16 18 51 57.520  6.6   1
      173  27.915981   85.592700    16.908     4570.8     1831.0     4038.3     69.2     72.1     47.6 2023  4 16 19  7 49.520  5.9   1
      174  27.924913   85.565560    15.170     1899.0     2820.7     2299.7     77.8     61.2     37.0 2023  4 16 19 13 41.840  5.8   1
      175  27.881250   85.545321    13.227      -93.4    -2017.8      357.1     36.9     30.4     20.3 2023  4 16 19 16 48.400  6.1   1
      176  27.887653   85.552271    13.101      590.8    -1308.2      230.6     82.9     42.1     36.1 2023  4 16 19 39 25.960  5.9   1
      177  27.879525   85.557609    13.515     1115.8    -2209.0      645.5     36.7     32.2     26.0 2023  4 16 19 55  5.860  6.9   1
      178  27.881087   85.605444    13.359     5826.1    -2035.9      489.1     50.9     57.0     55.7 2023  4 16 20 18  9.640  6.2   1
      179  27.832603   85.630981    13.818     8342.3    -7408.9      948.2     40.1     35.9     37.0 2023  4 16 20 21 39.440  6.1   1
      180  27.945107   85.494393    12.729    -5106.6     5058.6     -141.0    188.0    187.0    149.0 2023  4 16 21  8 39.680  6.6   1
      181  27.876404   85.580461    13.471     3366.6    -2555.0      600.9     50.3     47.1     33.1 2023  4 16 21 25 47.240  6.4   1
      182  27.892476   85.559985    13.397     1350.2     -773.7      527.1     41.2     35.4     22.6 2023  4 16 21 27 56.640  6.3   1
      183  27.927053   85.589323    14.953     4238.0     3057.8     2082.8    149.6    147.7     55.6 2023  4 16 21 45 28.760  5.8   1
      184  27.936792   85.535433    11.735    -1066.6     4137.2    -1134.6     52.2     69.1     40.9 2023  4 16 22  1 25.200  6.0   1
      185  27.878990   85.562533    13.309     1601.3    -2268.4      439.1     62.8     54.5     29.8 2023  4 16 22 12 42.800  5.7   1
      186  27.902089   85.540926    13.592     -526.1      291.6      721.7     64.5     39.3     33.7 2023  4 16 22 39  4.380  5.9   1
      187  27.920400   85.474129    12.001    -7101.9     2320.7     -868.9     70.2     68.9     80.7 2023  4 17  0 36 13.510  6.7   1
      188  27.887136   85.639722    13.512     9201.0    -1365.6      642.3     67.9     56.9     41.8 2023  4 17  1 18 21.120  6.4   1
      189  27.895001   85.553621    13.548      723.4     -494.0      677.6     46.0     39.7     28.8 2023  4 17  1 33 17.840  6.5   1
      190  27.850763   85.665975    13.763    11787.5    -5396.3      893.4     83.2     67.5     64.5 2023  4 17  1 43 46.420  6.5   1
      191  27.914640   85.451790    11.289    -9301.8     1682.3    -1580.9     52.9     63.4     69.5 2023  4 17  2 33 39.470  6.7   1
      192  27.921436   85.446582    12.181    -9814.1     2435.4     -688.9     41.5     53.4     55.1 2023  4 17  4 47 35.050  6.8   1
      193  27.924154   85.473934    11.736    -7121.5     2736.6    -1133.8     46.5     72.9     53.1 2023  4 17  7 50  4.550  6.5   1
      194  27.921159   85.475724    12.154    -6944.9     2404.7     -716.2     40.7     69.8     49.1 2023  4 17  7 51 12.570  6.6   1
      196  27.881968   85.617432    14.152     7006.3    -1938.3     1282.4     52.8     43.9     40.0 2023  4 17  9 35 43.380  6.6   1
      197  27.925100   85.537109    13.210     -901.7     2841.5      340.3    107.9    101.7     54.6 2023  4 17  9 50 57.550  6.7   1
      198  27.883683   85.544840    13.313     -140.9    -1748.2      443.1     40.0     33.1     23.0 2023  4 17 11 34 12.840  6.4   1
      199  27.900238   85.531177    15.789    -1486.4       86.3     2918.7     91.8     83.8     67.7 2023  4 17 12 41 34.990  6.8   1
      200  27.916099   85.570028    15.120     2338.3     1844.1     2249.8     39.8     52.1     32.5 2023  4 17 13 57 12.510  6.5   1
      201  27.906789   85.498690    12.970    -4684.8      812.3       99.7     38.5     32.2     35.6 2023  4 17 14 15 43.240  7.1   1
      202  27.916817   85.568050    15.057     2144.1     1923.6     2187.3     46.5     53.1     28.3 2023  4 17 14 24 53.370  6.2   1
      203  27.916005   85.569124    15.039     2250.0     1833.6     2168.6     39.8     48.3     25.6 2023  4 17 14 37  1.600  6.4   1
      204  27.906822   85.498478    13.014    -4705.3      815.9      144.4     46.9     38.4     34.4 2023  4 17 15  0 12.590  6.8   1
      205  27.891083   85.485579    11.913    -5976.0     -928.3     -956.8     53.8     49.6     44.5 2023  4 17 15 27 27.610  6.3   1
      206  27.889876   85.525317    12.736    -2063.1    -1062.0     -134.4     46.4     41.1     22.7 2023  4 17 15 45 38.990  6.0   1
      207  27.902028   85.647290    14.766     9945.7      284.7     1896.1     56.1     38.1     36.7 2023  4 17 16 29 17.960  6.2   1
      208  27.886497   85.559513    13.444     1303.6    -1436.5      574.2     61.0     43.1     33.7 2023  4 17 17 10  2.900  5.9   1
      209  27.883726   85.544889    13.123     -136.6    -1743.4      253.4     33.2     28.7     20.0 2023  4 17 17 20 24.400  6.8   1
      210  27.883628   85.551522    13.183      517.0    -1754.2      312.9     43.6     31.2     26.4 2023  4 17 18 19 15.400  6.1   1
      211  27.920376   85.477108    12.248    -6808.6     2318.0     -621.5     57.8     67.2     63.3 2023  4 17 18 34  2.260  6.0   1
      212  27.907163   85.489559    12.251    -5583.6      853.8     -618.7     67.2     58.6     48.0 2023  4 17 19 41  8.920  5.8   1
      213  27.883295   85.545239    13.150     -101.8    -1791.3      279.9     31.3     28.5     20.1 2023  4 17 20  9 49.560  6.7   1
      215  27.955174   85.554061    13.412      766.8     6174.2      541.6    116.4     94.0     58.4 2023  4 17 21 32 38.920  6.0   1
      216  27.901603   85.543856    13.192     -238.1      237.7      322.4     61.2     45.2     30.6 2023  4 17 21 47 33.380  6.0   1
      217  27.882507   85.551628    13.381      527.1    -1878.5      510.8     46.1     34.2     28.3 2023  4 17 21 57 28.680  5.8   1
      218  27.890737   85.562191    13.299     1567.0     -966.6      429.5     56.3     44.1     46.8 2023  4 17 22  6 50.700  5.9   1
      219  27.883559   85.545850    13.099      -41.9    -1762.0      229.2     32.9     29.0     20.5 2023  4 17 22 39 38.400  6.2   1
      220  27.899642   85.521086    13.071    -2479.4       20.4      201.0    179.2     70.6    138.2 2023  4 17 23 20 47.800  6.0   1
      221  27.887423   85.532715    12.808    -1334.6    -1333.7      -61.5     65.2     43.1     34.4 2023  4 18  0 42 35.370  6.1   1
      222  27.902268   85.462012    11.086    -8295.9      311.3    -1784.5     34.0     37.7     29.7 2023  4 18  1  8 52.530  6.4   1
      223  27.883702   85.545182    13.164     -107.2    -1746.1      293.9     32.4     28.5     19.2 2023  4 18  1 34 29.350  7.6   1
      226  27.883895   85.544865    13.173     -138.9    -1724.7      303.5     42.8     33.7     22.8 2023  4 18 13 21 44.470  6.6   1
      227  27.883822   85.544580    12.992     -166.9    -1732.8      122.4     54.4     30.7     24.3 2023  4 18 13 31 52.540  6.6   1
      228  27.873350   85.591927    13.145     4495.7    -2893.3      274.6     38.0     49.6     46.4 2023  4 18 15 33 21.490  6.2   1
      229  27.894419   85.462720    12.295    -8226.2     -558.4     -574.0     39.7     70.8     42.3 2023  4 18 17  1 16.360  6.3   1
      230  27.896379   85.501465    12.363    -4411.4     -341.3     -506.7     38.6     29.5     28.5 2023  4 18 17 37 42.180  6.5   1
      231  27.906858   85.460335    11.550    -8460.6      820.0    -1320.3     36.3     54.7     43.9 2023  4 18 17 49 31.740  6.2   1
      232  27.907981   85.461344    11.632    -8361.3      944.4    -1238.2     46.2     65.7     37.0 2023  4 18 18  3 57.320  6.1   1
      233  27.921222   85.473177    11.886    -7195.5     2411.8     -984.1     38.9     66.0     42.4 2023  4 18 18  5 24.720  8.1   1
      234  27.921421   85.472949    11.781    -7218.6     2433.8    -1089.0     46.4     66.9     46.6 2023  4 18 18 33 59.180  6.5   1
      235  27.876304   85.577580    13.551     3082.3    -2566.0      680.9     47.6     42.3     33.5 2023  4 18 18 46 43.160  6.7   1
      236  27.885655   85.546566    13.119       28.8    -1529.7      249.3     44.1     32.2     23.7 2023  4 18 19 38 39.640  5.9   1
      237  27.883974   85.654167    13.367    10623.6    -1715.9      497.1     31.2     33.5     32.7 2023  4 18 20 20 56.800  6.1   1
      238  27.884261   85.654468    13.366    10652.8    -1684.1      495.8     25.0     22.1     24.6 2023  4 18 20 24 33.760  6.6   1
      239  27.884202   85.654622    13.360    10668.1    -1690.7      489.6     30.3     22.1     25.0 2023  4 18 20 25 56.800  6.8   1
      240  27.883413   85.655884    13.162    10792.1    -1778.3      292.3     57.2     35.5     32.5 2023  4 18 20 27 38.880  6.1   1
      241  27.895101   85.511556    10.913    -3418.4     -482.9    -1956.5     48.3     43.9     39.9 2023  4 18 21  1 21.840  5.9   1
      242  27.920359   85.540120    15.343     -605.8     2316.1     2473.1     59.5     55.9     30.4 2023  4 18 21 15 25.040  6.1   1
      243  27.895319   85.511816    15.900    -3392.8     -458.8     3030.0     44.2     46.3     34.5 2023  4 18 21 24 57.760  6.5   1
      244  27.896061   85.541325    13.850     -486.8     -376.6      980.0     87.5     68.0     47.7 2023  4 18 21 34 44.200  6.0   1
      245  27.887708   85.532357    12.741    -1370.4    -1302.2     -128.7     58.7     35.8     31.3 2023  4 18 22 15 11.540  5.8   1
      246  27.889939   85.518473    12.485    -2737.4    -1054.9     -385.0     63.0     37.1     35.2 2023  4 18 22 29 22.440  6.2   1
      247  27.890822   85.516479    12.250    -2933.1     -957.1     -620.0     43.5     34.8     33.5 2023  4 18 22 34 42.460  6.1   1
      248  27.889563   85.517790    12.458    -2804.8    -1096.6     -412.4     49.3     31.7     24.6 2023  4 18 22 34 56.860  5.7   1
      249  27.899634   85.526945    13.099    -1902.5       19.4      228.7     41.3     50.7     28.8 2023  4 18 23  6 58.440  6.4   1
      250  27.919191   85.474544    11.566    -7061.0     2186.8    -1304.2    132.2     76.8    135.8 2023  4 18 23 35 27.520  6.1   1
      251  27.890835   85.517692    12.384    -2813.7     -955.7     -485.9     57.3     47.3     47.4 2023  4 18 23 46 23.040  6.0   1
      252  27.923952   85.503735     7.451    -4187.5     2714.3    -5418.9     36.4     38.5     36.0 2023  4 19  0 14 48.660  6.6   1
      253  27.890004   85.534074    13.502    -1201.1    -1047.6      632.1     66.0     47.8     36.3 2023  4 19  1 29 13.610  6.4   1
      254  27.904635   85.530876    13.311    -1515.5      573.5      440.6     77.5     83.8     53.5 2023  4 19  1 35 15.890  6.6   1
      255  27.886770   85.601546    13.988     5442.0    -1406.3     1117.8     54.0     53.3     35.5 2023  4 19  4 57 17.470  6.4   1
      256  27.886849   85.604028    13.848     5686.2    -1397.5      978.4     48.7     47.2     28.8 2023  4 19  4 59 54.290  6.7   1
      257  27.916703   85.526115    13.334    -1984.7     1910.9      464.2    128.2    102.4     59.3 2023  4 19  5  4 40.140  6.3   1
      258  27.927311   85.529964    12.735    -1605.4     3086.6     -134.5     50.3     66.5     30.3 2023  4 19  5  6 42.840  6.4   1
      259  27.927966   85.529500    12.415    -1651.5     3159.1     -455.1     37.2     68.9     26.5 2023  4 19  5 15 43.570  6.4   1
      260  27.926497   85.526351    12.204    -1960.7     2996.4     -665.7     52.9     69.6     28.0 2023  4 19  5 17 33.270  6.2   1
      261  27.927700   85.529175    12.375    -1682.8     3129.6     -494.5     32.3     62.4     25.8 2023  4 19  5 19 33.900  7.6   1
      262  27.915216   85.552694    15.345      631.8     1746.2     2475.1     51.9     58.2     44.7 2023  4 19 15 35  0.000  7.4   1
      263  27.921891   85.532194    14.164    -1386.3     2486.0     1293.6     60.8     80.5     34.6 2023  4 19 17 15 46.980  6.2   1
      264  27.877452   85.550708    13.576      436.9    -2438.8      705.8     59.0     43.8     31.2 2023  4 19 18  6 18.880  6.0   1
      265  27.902781   85.456535    13.000    -8835.2      368.2      130.0     47.6     71.0     56.1 2023  4 19 18  7 51.160  6.5   1
      266  27.905086   85.481030    12.168    -6423.3      623.6     -702.0     44.3     41.5     43.8 2023  4 19 18 23 38.640  6.2   1
      267  27.904287   85.482910    12.264    -6238.5      534.9     -606.4     28.4     35.4     23.3 2023  4 19 18 38 33.480  6.5   1
      268  27.905062   85.482088    12.251    -6319.0      620.8     -618.9     30.2     38.1     24.3 2023  4 19 18 39  0.320  6.1   1
      269  27.904130   85.482503    12.286    -6278.2      517.6     -583.8     29.3     36.1     17.1 2023  4 19 18 47 28.520  6.3   1
      270  27.904234   85.482438    12.239    -6284.9      529.2     -630.7     28.2     37.0     26.2 2023  4 19 18 48 40.460  6.8   1
      271  27.904167   85.483439    12.448    -6185.7      521.8     -421.7     36.3     38.2     39.2 2023  4 19 18 49 26.480  6.3   1
      272  27.905166   85.485604    12.586    -5972.8      632.4     -284.0     36.8     39.0     31.5 2023  4 19 19  5 31.760  5.8   1
      273  27.905111   85.482576    12.454    -6270.9      626.4     -416.1     62.8     43.5     38.1 2023  4 19 19  5 40.720  6.1   1
      274  27.902985   85.483122    12.509    -6217.7      390.6     -361.3     54.1     54.1     39.4 2023  4 19 19 16 43.560  6.0   1
      275  27.904639   85.482617    12.324    -6267.3      573.9     -545.9     30.6     37.9     27.3 2023  4 19 19 22 48.200  5.9   1
      276  27.904989   85.481795    12.413    -6347.7      612.9     -457.1     41.3     38.2     33.3 2023  4 19 19 28 14.240  6.0   1
      277  27.904399   85.481934    12.182    -6334.0      547.4     -687.7     37.3     37.5     42.6 2023  4 19 19 30 38.040  7.1   1
      278  27.904588   85.481104    12.361    -6416.2      568.4     -509.1     58.3     43.5     33.5 2023  4 19 19 32 47.480  6.0   1
      279  27.905261   85.482113    12.290    -6316.2      643.1     -579.9     41.8     40.8     26.0 2023  4 19 19 38  0.600  6.1   1
      280  27.903520   85.483000    12.258    -6229.4      450.1     -611.5     27.5     35.6     25.6 2023  4 19 19 39 33.660  6.0   1
      281  27.904460   85.482967    12.376    -6232.2      554.2     -494.1     31.9     40.0     35.1 2023  4 19 19 49 32.560  6.0   1
      282  27.900700   85.546297    13.675        2.7      137.5      805.2     47.6     41.3     27.3 2023  4 19 20 18 53.280  7.2   1
      283  27.904378   85.481608    12.157    -6366.1      545.1     -712.8     34.2     36.8     37.8 2023  4 19 20 24  8.160  7.4   1
      284  27.904932   85.482072    12.197    -6320.3      606.5     -672.9     43.5     46.9     26.4 2023  4 19 20 27  2.640  6.0   1
      285  27.903851   85.483716    12.278    -6159.2      486.7     -592.1     40.4     42.9     28.2 2023  4 19 20 39 34.220  6.6   1
      286  27.905558   85.479663    12.216    -6558.1      675.9     -654.2     52.1     72.6     26.8 2023  4 19 20 40 55.380  6.0   1
      287  27.937044   85.451823    14.357    -9297.5     4165.1     1486.9     89.6     99.9     93.1 2023  4 19 21 20 36.280  6.3   1
      288  27.879781   85.589421    13.692     4248.3    -2180.7      822.2     72.2     90.5     44.2 2023  4 19 21 27  2.840  5.8   1
      289  27.904205   85.482096    12.256    -6318.1      526.1     -613.6     31.3     36.5     33.2 2023  4 19 21 46 59.520  7.3   1
      290  27.904814   85.483114    12.341    -6218.2      593.4     -528.9     33.0     38.1     30.3 2023  4 19 23 42 23.720  6.3   1
      291  27.905735   85.559928    13.764     1344.1      695.5      894.0     58.7     39.8     36.3 2023  4 20  0 12 13.920  6.7   1
      292  27.887429   85.515120    12.640    -3067.3    -1333.1     -230.0    102.0     77.4     88.4 2023  4 20  0 46 30.190  6.2   1
      293  27.904329   85.484033    12.459    -6127.5      539.8     -410.7     45.2     39.2     47.7 2023  4 20  0 55 10.060  6.1   1
      294  27.904643   85.489429    12.084    -5596.4      574.4     -786.3     32.7     53.1     32.5 2023  4 20 12 56  6.770  6.5   1
      295  27.927452   85.506348     6.513    -3930.2     3102.0    -6357.1     30.1     36.9     30.3 2023  4 20 16 14 12.370  6.6   1
      296  27.876186   85.597119    13.836     5006.6    -2579.1      966.3     73.3     59.4     38.2 2023  4 20 16 27 58.010  6.2   1
      297  27.910288   85.596061    14.828     4901.3     1200.0     1957.6     54.7     59.3     30.3 2023  4 20 16 58 28.260  6.2   1
      298  27.926957   85.505664     6.452    -3997.9     3047.2    -6417.5     29.8     37.6     31.6 2023  4 20 17  5 31.360  6.3   1
      299  27.903691   85.455664    11.867    -8920.6      468.9    -1002.8     54.8     67.4     50.4 2023  4 20 17 28 10.920  5.8   1
      300  27.871849   85.556120    13.245      969.9    -3059.8      375.5     72.3     52.8     30.4 2023  4 20 17 36 45.200  6.1   1
      301  27.871497   85.557560    13.224     1111.2    -3098.7      354.3     54.1     43.5     31.0 2023  4 20 17 52  8.220  6.2   1
      302  27.906993   85.481437    12.300    -6383.2      835.0     -569.9     29.4     36.3     20.4 2023  4 20 17 54 55.680  6.6   1
      303  27.893156   85.545671    13.394      -59.1     -698.5      524.2    100.1     96.0     44.4 2023  4 20 18 47 22.200  6.2   1
      304  27.907155   85.506348    12.846    -3930.7      852.9      -24.1     40.4     29.4     28.8 2023  4 20 19 24 31.720  6.0   1
      305  27.911810   85.602344    16.852     5520.4     1368.7     3981.9     63.0     53.7     20.4 2023  4 20 19 47  1.960  6.3   1
      306  27.885364   85.547192    13.054       90.8    -1561.9      184.1     53.0     35.6     23.9 2023  4 20 20  7 44.000  5.7   1
      307  27.927568   85.505892     6.496    -3975.3     3115.0    -6374.4     29.9     37.6     34.7 2023  4 20 20 22 19.460  6.0   1
      308  27.907865   85.487646    12.741    -5771.9      931.5     -129.1     42.1     50.4     41.6 2023  4 20 20 29 51.360  5.9   1
      309  27.882249   85.545459    13.125      -79.9    -1907.2      254.8     56.0     41.8     29.3 2023  4 20 20 55 43.980  5.8   1
      310  27.882644   85.546769    13.024       48.5    -1863.4      154.4     43.9     35.6     28.5 2023  4 20 20 56 17.100  5.8   1
      311  27.917263   85.649097    14.867    10122.6     1973.0     1996.6     64.7     59.4     43.4 2023  4 20 20 57  9.800  7.2   1
      312  27.913344   85.579663    14.188     3287.4     1538.8     1317.9     50.3     45.6     33.4 2023  4 20 21 16 26.320  6.6   1
      313  27.917615   85.647811    15.122     9995.7     2011.9     2252.3     57.4     60.2     37.1 2023  4 20 21 22 44.700  6.1   1
      314  27.830231   85.614893    13.750     6758.0    -7671.8      880.3     90.2     71.7     54.5 2023  4 20 21 24 47.300  6.1   1
      315  27.820585   85.682568    14.696    13423.6    -8740.6     1825.9     74.7     65.7     59.6 2023  4 20 21 35 15.120  6.2   1
      316  27.892041   85.477116    11.681    -6808.8     -822.0    -1189.5     57.9     49.8     44.7 2023  4 20 21 40 14.640  5.8   1
      317  27.903721   85.483122    12.179    -6217.4      472.4     -690.7     41.8     60.4     29.2 2023  4 21  5 35 35.850  6.5   1
      318  27.883653   85.544922    13.140     -132.9    -1751.5      270.5     32.9     28.6     19.3 2023  4 21  7 51 29.200  8.0   1
      319  27.923442   85.459237    11.407    -8568.0     2657.6    -1462.9     34.6     42.1     28.6 2023  4 21 14 19 56.400  6.8   1
      321  27.889909   85.585335    13.543     3845.7    -1058.3      673.2     57.4     57.4     32.9 2023  4 21 15 10 10.830  6.1   1
      322  27.912443   85.550399    13.896      406.4     1438.8     1026.3    140.3     93.5     95.9 2023  4 21 15 18 58.300  6.1   1
      323  27.927785   85.506689     6.519    -3896.3     3139.1    -6350.5     29.1     37.2     27.0 2023  4 21 16  9 41.940  6.4   1
      324  27.893302   85.681722    14.820    13335.9     -682.2     1949.7     74.4    122.2     61.6 2023  4 21 16 36 50.220  6.5   1
      325  27.928011   85.506478     6.513    -3917.8     3164.2    -6356.7     29.5     37.2     27.3 2023  4 21 18 39 33.960  6.1   1
      326  27.878982   85.584896    13.030     3803.2    -2269.2      160.4     47.3     48.6     38.1 2023  4 21 19  6 53.860  5.9   1
      327  27.901558   85.466195    11.353    -7883.7      232.6    -1517.1     40.3     55.5     50.9 2023  4 21 19 13 38.660  6.1   1
      328  27.896200   85.600692    13.663     5357.9     -361.2      792.9     52.0     52.3     34.9 2023  4 21 19 18 15.960  6.3   1
      329  27.884302   85.557642    13.451     1119.4    -1679.6      580.7     62.4     47.6     23.6 2023  4 21 19 46 55.000  6.2   1
      330  27.876699   85.568359    13.399     2174.7    -2522.3      528.6     60.9     57.6     34.5 2023  4 21 20 34 28.240  6.3   1
      331  27.877627   85.567334    13.339     2073.6    -2419.5      468.6     44.3     39.7     31.8 2023  4 21 20 36 25.220  6.3   1
      332  27.877584   85.567277    13.316     2068.0    -2424.1      446.4     36.0     34.3     31.0 2023  4 21 20 37 55.240  6.4   1
      333  27.877749   85.565544    13.356     1897.2    -2405.9      485.6     37.0     34.5     30.0 2023  4 21 20 39 31.680  5.8   1
      334  27.877681   85.567049    13.301     2045.3    -2413.4      430.6     32.4     32.2     30.6 2023  4 21 20 40 38.960  6.3   1
      335  27.877736   85.569165    13.486     2253.9    -2407.3      615.9     59.0     46.6     54.7 2023  4 21 21 38 25.120  5.9   1
      336  27.900775   85.466333    11.904    -7870.5      145.9     -965.6     52.0     54.5     52.7 2023  4 21 21 42 52.740  5.9   1
      337  27.884873   85.547241    13.130       95.4    -1616.3      259.6     44.9     29.8     22.9 2023  4 21 21 50 33.120  5.9   1
      338  27.926050   85.565365    15.107     1879.7     2946.8     2236.6     46.1     51.7     27.0 2023  4 21 22 29 45.240  7.0   1
      339  27.910911   85.456665    11.929    -8822.0     1269.2     -940.8     41.3     68.7     54.0 2023  4 21 23 11 12.180  6.0   1
      340  27.911489   85.455697    12.081    -8917.3     1333.2     -789.3     42.4     62.3     43.9 2023  4 21 23 11 39.700  6.3   1
      341  27.912081   85.549650    14.478      332.2     1398.8     1607.8     88.6     76.3     43.0 2023  4 22  0 52 31.680  6.0   1
      342  27.885370   85.499495    12.034    -4605.9    -1561.3     -836.3     53.4     53.6     41.4 2023  4 22  3  3 27.330  6.7   1
      343  27.896248   85.651652    14.802    10375.2     -355.8     1932.2     46.6     39.7     29.4 2023  4 22  4 38 52.050  6.7   1
      344  27.882585   85.551147    13.164      479.7    -1869.9      293.7     36.6     31.8     20.5 2023  4 22  6 36 21.310  6.7   1
      345  27.923124   85.511003    12.375    -3472.2     2622.6     -495.2     50.4     38.0     28.7 2023  4 22  6 52 36.970  6.8   1
      346  27.924323   85.558162    15.353     1170.8     2755.4     2482.8     37.5     52.5     28.7 2023  4 22  7 54 54.000  7.3   1
      347  27.937646   85.551961    12.631      560.1     4231.8     -238.9     69.9     69.7     31.7 2023  4 22 11  2 42.190  7.0   1
      348  27.910689   85.614673     7.585     6733.6     1244.6    -5285.4    154.9    115.2     95.5 2023  4 22 15 14 49.790  6.5   1
      349  27.922036   85.470801    12.182    -7429.5     2502.0     -687.7     51.5     63.8     53.9 2023  4 22 17  1 40.600  6.0   1
      350  27.889872   85.528654    13.425    -1735.0    -1062.4      554.6     67.5     36.9     37.9 2023  4 22 18  3 21.240  6.1   1
      351  27.888092   85.588208     9.836     4128.5    -1259.5    -3034.4     60.6     54.4     39.1 2023  4 22 18 20 58.520  6.1   1
      352  27.882434   85.565104    12.461     1854.3    -1886.7     -409.1     89.0     54.8     60.4 2023  4 22 19 21 35.600  6.2   1
      353  27.897512   85.516268    12.546    -2954.3     -215.8     -324.1     59.8     43.8     28.2 2023  4 22 19 22 12.740  5.7   1
      354  27.942497   85.544604    12.499     -164.4     4769.5     -371.1     62.1     69.7     31.5 2023  4 22 19 50 41.040  6.1   1
      355  27.882686   85.560807    12.426     1430.8    -1858.8     -444.1     59.3     45.9     25.9 2023  4 22 19 52 50.220  6.2   1
      356  27.917055   85.568628    15.058     2201.1     1949.9     2187.9     78.7     55.5     28.1 2023  4 22 20 14 47.640  5.8   1
      357  27.906429   85.462207    11.447    -8276.2      772.5    -1423.3     40.9     39.5     38.6 2023  4 22 20 19 17.520  6.1   1
      358  27.938428   85.539787    12.205     -638.7     4318.5     -665.3     66.6     71.3     44.6 2023  4 22 21 20  5.040  5.9   1
      359  27.897675   85.564307    13.113     1775.5     -197.8      243.4     43.9     32.1     27.0 2023  4 22 21 49  3.400  6.7   1
      360  27.921328   85.446330    14.512    -9838.9     2423.4     1642.4    121.0     95.8    115.9 2023  4 22 22 13 34.440  6.0   1
      361  27.925730   85.553516    15.258      713.0     2911.3     2387.7     46.8     55.1     35.0 2023  4 22 22 27 40.420  6.0   1
      362  27.890611   85.520825    12.517    -2505.4     -980.5     -352.6     43.7     27.7     25.6 2023  4 22 22 33 16.000  5.8   1
      363  27.889380   85.583732    15.070     3688.4    -1117.0     2199.9     71.4     55.6     33.7 2023  4 23  4  6 13.550  6.9   1
      364  27.909694   85.544027    14.330     -220.8     1134.3     1459.7     74.2     59.9     39.0 2023  4 23  4 52  1.780  6.7   1
      365  27.929163   85.517635    13.905    -2819.4     3291.7     1034.8     43.4     67.1     25.9 2023  4 23  5 13 33.030  6.7   1
      366  27.947465   85.545036    12.512     -121.8     5319.9     -358.3     68.4     71.4     36.3 2023  4 23  5 40 16.990  6.5   1
      367  27.910706   85.505005    12.587    -4062.6     1246.4     -282.5     52.1     60.4     45.7 2023  4 23  6 10 51.330  6.6   1
      368  27.928866   85.519019    14.355    -2683.1     3258.8     1485.4     58.2     70.5     41.5 2023  4 23 11  7 46.970  7.3   1
      369  27.927826   85.520841    14.208    -2503.3     3143.6     1338.0     56.6     65.7     33.4 2023  4 23 17  0  8.840  6.4   1
      370  27.908728   85.498128    12.355    -4739.9     1027.1     -514.5     33.6     39.1     37.7 2023  4 23 17 42 41.920  6.2   1
      371  27.907723   85.497982    12.427    -4754.1      915.9     -443.2     40.4     46.9     38.7 2023  4 23 17 42 48.100  6.1   1
      372  27.928052   85.521240    14.197    -2464.3     3168.6     1327.0     42.4     67.5     29.0 2023  4 23 17 43  8.760  6.0   1
      373  27.848826   85.618416    13.267     7104.5    -5611.0      396.9     83.8    110.6     56.7 2023  4 23 17 54  5.840  6.2   1
      375  27.880937   85.564461    13.051     1790.5    -2052.6      180.6     35.0     32.2     36.3 2023  4 23 20 41 44.160  5.9   1
      376  27.910893   85.485710    12.428    -5962.2     1267.1     -441.7     37.5     37.7     20.6 2023  4 23 21  0 47.680  6.9   1
      377  27.910750   85.483822    12.187    -6148.4     1251.3     -683.2     38.8     38.0     39.3 2023  4 23 21 25  1.800  6.1   1
      378  27.887970   85.523966    12.636    -2196.4    -1273.1     -234.3     43.7     32.2     24.9 2023  4 23 21 26 25.960  5.8   1
      379  27.910425   85.485189    12.635    -6013.3     1215.3     -234.5     35.9     37.3     26.0 2023  4 23 21 27 27.200  6.1   1
      380  27.924207   85.619206    15.290     7180.1     2742.4     2420.3     70.4     63.3     35.8 2023  4 23 21 56 48.700  6.6   1
      381  27.954224   85.545369    11.344      -88.6     6069.0    -1525.7     88.7     90.2     55.6 2023  4 23 22 30 16.320  6.0   1
      382  27.876127   85.590267    13.504     4331.7    -2585.7      633.7     45.1     41.3     35.5 2023  4 23 23 17 10.400  6.1   1
      384  27.891288   85.519482    12.581    -2638.0     -905.4     -288.8     43.1     34.1     31.5 2023  4 24  2  8 28.820  6.7   1
      385  27.890837   85.519027    12.587    -2682.6     -955.6     -283.2     50.9     57.0     48.0 2023  4 24  2  8 51.920  6.6   1
      386  27.894954   85.655005    14.823    10705.6     -499.1     1952.7     41.1     34.3     36.5 2023  4 24  2 45 43.730  6.7   1
      387  27.882027   85.551196    13.123      484.5    -1931.7      252.8     32.5     31.4     20.7 2023  4 24  3 18  9.070  6.2   1
      388  27.883038   85.550936    13.074      458.9    -1819.6      204.1     90.9     72.7     39.2 2023  4 24  3 22  2.730  6.5   1
      389  27.882450   85.551440    13.057      509.0    -1884.9      187.4     34.6     29.7     21.8 2023  4 24  3 35 12.680  6.6   1
      390  27.881824   85.551636    13.130      528.2    -1954.4      260.3     43.7     42.8     31.2 2023  4 24  3 38 25.330  6.3   1
      391  27.900480   85.498397    12.527    -4713.4      113.1     -342.8     43.3     37.6     32.7 2023  4 24 10 10  6.800  6.7   1
      392  27.887604   85.657682    12.614    10968.9    -1313.8     -255.6     37.4     30.5     33.7 2023  4 24 14 34 18.770  6.4   1
      393  27.885866   85.535140    13.116    -1096.3    -1506.2      245.9     60.3     37.8     38.1 2023  4 24 14 37 54.430  6.0   1
      394  27.890509   85.527832    12.152    -1815.8     -991.7     -718.4     42.7     26.7     26.8 2023  4 24 17  0 48.300  6.2   1
      395  27.939543   85.501180    14.106    -4438.9     4442.0     1236.4    228.2    245.4    172.8 2023  4 24 17 54 20.040  6.2   1
      396  27.897453   85.560376    13.982     1388.4     -222.2     1112.2     57.9     41.0     29.1 2023  4 24 18 12 36.880  6.2   1
      397  27.920601   85.498592    11.930    -4694.0     2343.0     -940.0     45.7     57.4     37.2 2023  4 24 18 15 11.240  6.5   1
      398  27.842112   85.642399    15.296     9466.1    -6354.9     2425.8    209.4    147.3    171.1 2023  4 24 19 16 48.060  5.9   1
      399  27.896031   85.537988    13.441     -816.0     -379.8      571.2     48.2     37.1     34.0 2023  4 24 19 57 49.160  5.9   1
      402  27.901109   85.535775    12.432    -1033.8      182.8     -437.6    115.9    161.4     87.5 2023  4 24 20 51 49.220  5.9   1
      403  27.933162   85.457349    12.445    -8753.9     3734.9     -425.3     42.5     45.6     40.8 2023  4 24 21 49 31.760  6.2   1
      404  27.909253   85.483407    12.517    -6188.9     1085.4     -353.3     47.7     59.9     45.5 2023  4 24 22 37 45.800  5.7   1
      405  27.862356   85.632756    12.871     8516.3    -4111.7        0.7     80.2    110.0     66.9 2023  4 24 22 40 38.360  6.9   1
      406  27.947148   85.448958    12.086    -9578.9     5284.7     -784.0     74.0    159.0     78.2 2023  4 25  1 18 13.160  6.5   1
      407  27.887115   85.554533    13.334      813.3    -1368.0      464.5     49.0     39.4     28.6 2023  4 25  1 53 57.490  6.3   1
      408  27.887207   85.657731    12.676    10974.4    -1357.7     -194.4     39.3     38.0     31.1 2023  4 25  2 11 19.390  6.7   1
      410  27.912931   85.583708    14.923     3685.2     1493.1     2053.1     58.2     56.8     39.3 2023  4 25  7 37 13.850  6.9   1
      411  27.888749   85.639933    13.955     9221.9    -1186.9     1085.0     70.3     56.8     43.0 2023  4 25 10 57 11.090  6.7   1
      412  27.888454   85.519963    12.696    -2590.7    -1219.6     -174.3     45.1     50.7     28.3 2023  4 25 13 55 34.410  6.2   1
      413  27.888601   85.517879    12.657    -2795.4    -1203.3     -212.5     45.4     35.8     29.5 2023  4 25 14 12 47.310  6.4   1
      414  27.906240   85.463607    11.702    -8138.8      751.4    -1168.4     25.1     38.6     27.6 2023  4 25 14 44 17.230  7.3   1
      415  27.934906   85.521436    13.524    -2444.9     3928.3      653.9     43.1     68.7     27.5 2023  4 25 15  8 49.280  7.1   1
      416  27.896136   85.502970    12.170    -4263.1     -368.2     -699.8     39.8     30.8     31.0 2023  4 25 15 10 39.620  6.4   1
      417  27.889575   85.516748    12.751    -2907.3    -1095.4     -119.5     51.6     45.5     22.8 2023  4 25 15 11 57.930  6.0   1
      419  27.945231   85.526522    11.502    -1944.3     5072.4    -1367.5     65.8     76.8     47.9 2023  4 25 16 32 55.150  6.3   1
      421  27.896277   85.487630    12.486    -5773.3     -352.6     -383.6     48.6     72.8     52.1 2023  4 25 17 25 35.580  6.0   1
      422  27.906130   85.458944    11.937    -8597.6      739.2     -932.6     54.6     62.8     53.1 2023  4 25 17 49 41.920  6.0   1
      423  27.904407   85.569076    13.303     2245.1      548.3      432.6     57.6     34.7     33.9 2023  4 25 18 21 39.240  5.9   1
      424  27.903737   85.465625    11.224    -7939.6      474.1    -1646.1     24.0     35.5     27.8 2023  4 25 18 26  6.120  7.1   1
      425  27.907153   85.459465    11.822    -8545.9      852.7    -1048.3     44.5     57.1     39.9 2023  4 25 18 35 13.380  5.9   1
      426  27.909562   85.505029    12.528    -4060.3     1119.7     -342.4     44.4     32.5     35.3 2023  4 25 21 10 50.040  5.9   1
      427  27.857831   85.634049    13.634     8643.5    -4613.2      763.9     77.4    114.8     60.4 2023  4 25 21 21  1.320  5.8   1
      428  27.878625   85.577010    13.408     3026.4    -2308.7      538.4     67.1     44.9     36.5 2023  4 25 21 50 35.700  5.6   1
      429  27.880243   85.572917    13.289     2623.6    -2129.5      418.6     39.4     35.7     32.6 2023  4 25 21 51 42.600  6.5   1
      430  27.902348   85.462988    11.458    -8199.6      320.1    -1411.5     35.1     40.7     37.5 2023  4 25 22 16 20.940  5.9   1
      431  27.858818   85.712354    12.861    16354.5    -4503.7       -8.8     91.4    107.0     95.1 2023  4 25 22 26  7.080  6.3   1
      432  27.882245   85.558333    13.122     1187.7    -1907.6      252.3     69.4     39.5     33.8 2023  4 25 22 55 41.520  6.0   1
      433  27.843945   85.702987    12.162    15433.0    -6151.8     -708.0     63.4     65.0     60.1 2023  4 25 23 45 41.200  6.7   1
      434  27.900287   85.584717    14.107     3785.2       91.8     1237.3     44.9     38.6     21.5 2023  4 26  0 22 24.120  6.5   1
      435  27.900336   85.584367    14.160     3750.4       97.2     1289.6     50.3     46.9     25.5 2023  4 26  0 24 17.750  6.4   1
      436  27.877275   85.582096    11.551     3527.3    -2458.4    -1319.0     86.2     63.8     50.8 2023  4 26  1 12 31.230  6.5   1
      437  27.896438   85.556974    13.740     1053.7     -334.8      870.1     89.4     54.5     34.9 2023  4 26  4 16 11.430  6.1   1
      439  27.886521   85.591569     9.351     4459.9    -1433.7    -3518.6     58.8     51.5     39.0 2023  4 26  9 25 55.150  6.4   1
      440  27.884812   85.591593     9.331     4462.1    -1623.0    -3538.6     55.4     50.0     39.3 2023  4 26  9 26 28.560  6.8   1
      441  27.885044   85.623096    12.446     7563.9    -1597.5     -423.6     74.0     51.5     47.1 2023  4 26 10 24  9.200  7.2   1
      442  27.929891   85.531193    14.431    -1484.5     3372.5     1561.4     59.2     72.5     36.4 2023  4 26 12 39 37.840  6.4   1
      443  27.894977   85.511174    11.106    -3455.5     -496.6    -1763.6     58.1     35.9     44.6 2023  4 26 14 41  5.720  6.3   1
      444  27.898490   85.523592    13.239    -2233.3     -107.4      369.0     57.8     46.1     41.0 2023  4 26 15 33 17.770  5.9   1
      445  27.882229   85.553231    13.164      685.3    -1909.3      293.8     36.4     29.1     20.9 2023  4 26 16 40 57.930  6.3   1
      446  27.925887   85.564176    15.098     1762.2     2928.8     2228.1     43.7     53.4     28.7 2023  4 26 16 49 58.090  6.3   1
      447  27.894373   85.512712    11.319    -3304.5     -563.6    -1551.3     51.0     34.8     36.5 2023  4 26 17  4 16.420  6.0   1
      448  27.913037   85.455241    11.644    -8961.8     1504.7    -1226.2     48.8     59.3     51.8 2023  4 26 17 16  6.680  6.3   1
      449  27.888163   85.534733    12.951    -1136.0    -1251.7       81.5     65.2     39.6     43.1 2023  4 26 17 23 56.560  5.8   1
      450  27.897506   85.557235    12.733     1079.2     -216.5     -136.6     90.4     45.6     38.3 2023  4 26 17 47 24.520  6.1   1
      451  27.853994   85.646183    13.998     9838.7    -5038.4     1128.0     81.5     71.5     54.4 2023  4 26 18 39 50.840  7.0   1
      452  27.896973   85.558683    12.680     1221.5     -275.5     -189.8     54.0     38.5     26.1 2023  4 26 18 54 24.800  6.3   1
      453  27.889296   85.533179    12.830    -1288.9    -1126.2      -40.0     55.0     44.3     45.1 2023  4 26 19 16 21.000  6.0   1
      454  27.913794   85.611458    15.154     6416.9     1588.5     2283.7     51.5     55.8     33.1 2023  4 26 19 23  6.440  6.4   1
      455  27.876239   85.712004    15.007    16318.5    -2573.2     2137.2     61.5     49.4     59.0 2023  4 26 19 25 51.240  6.6   1
      456  27.891254   85.532365    13.887    -1369.4     -909.4     1017.0     53.1     29.8     27.8 2023  4 26 19 41  4.360  6.8   1
      457  27.887960   85.517578    12.703    -2825.3    -1274.3     -166.8     50.3     41.0     27.5 2023  4 26 20 13 17.060  6.1   1
      458  27.887380   85.522502    13.037    -2340.4    -1338.6      166.8     72.9     53.2     33.2 2023  4 26 20 19 57.280  5.8   1
      459  27.887368   85.519246    12.776    -2661.1    -1339.9      -93.5     47.2     38.8     34.1 2023  4 26 20 30 24.200  6.5   1
      460  27.887547   85.517920    12.929    -2791.6    -1320.2       58.8     63.7     50.5     28.8 2023  4 26 20 36 16.960  6.1   1
      461  27.906667   85.536222    13.763     -989.1      798.8      893.5     71.1     64.4     48.4 2023  4 26 20 40 25.600  5.9   1
      462  27.917889   85.460107    11.692    -8482.7     2042.4    -1177.6     47.0     71.5     53.9 2023  4 26 21 10 43.180  5.9   1
      463  27.878129   85.595044    14.231     4802.5    -2363.7     1360.7     50.4     52.7     35.8 2023  4 26 21 27 31.720  5.9   1
      464  27.910642   85.506445    14.093    -3920.9     1239.3     1223.2     71.0     67.1     40.4 2023  4 26 21 49 43.280  6.0   1
      465  27.900311   85.472518    11.510    -7261.5       94.5    -1360.4     38.0     40.9     30.6 2023  4 26 21 59 34.680  6.1   1
      466  27.925954   85.534497    13.516    -1159.0     2936.2      645.8     58.2     73.5     31.6 2023  4 26 22  2 51.960  6.1   1
      467  27.885404   85.628507    14.003     8096.8    -1557.5     1133.5     58.2     50.9     35.6 2023  4 26 22 33 53.220  6.3   1
      468  27.894751   85.511353    11.103    -3438.1     -521.7    -1766.9     53.5     32.0     36.5 2023  4 26 23  8 50.280  6.5   1
      469  27.890332   85.551335    13.242      498.2    -1011.3      371.8     47.4     30.6     21.5 2023  4 26 23 46 52.480  7.1   1
      470  27.890719   85.551172    13.283      482.7     -968.6      413.0     53.0     30.4     22.6 2023  4 26 23 48 28.320  6.5   1
      471  27.882607   85.555314    13.780      890.2    -1867.5      910.4    170.7    116.8     66.9 2023  4 27  3 23 45.680  6.6   1
      472  27.894307   85.573682    13.982     2698.7     -570.9     1112.5     59.5     36.1     34.5 2023  4 27  5  1  5.010  6.4   1
      473  27.910272   85.584163    14.436     3730.3     1198.3     1565.8     98.9     71.9     57.0 2023  4 27  5 32 13.890  6.1   1
      474  27.883862   85.545142    13.151     -111.1    -1728.4      280.9     44.7     31.1     20.8 2023  4 27  7 11  2.950  7.0   1
      475  27.869659   85.631120    13.962     8354.3    -3302.3     1092.0     62.6     55.3     54.2 2023  4 27  8  9 22.090  6.9   1
      476  27.918658   85.529484    13.535    -1652.7     2127.6      665.2    158.4     96.0     70.8 2023  4 27 12 40 10.750  6.2   1
      477  27.903652   85.465202    11.104    -7981.2      464.7    -1765.8     25.2     35.3     29.1 2023  4 27 14 53 47.480  6.6   1
      478  27.903813   85.464364    11.107    -8063.9      482.5    -1763.0     30.3     36.9     36.7 2023  4 27 14 55  5.110  6.8   1
      479  27.903644   85.464632    11.141    -8037.5      463.9    -1729.5     30.3     35.4     35.0 2023  4 27 14 57  3.140  6.5   1
      480  27.903524   85.464559    11.044    -8044.9      450.5    -1826.0     27.9     35.1     34.6 2023  4 27 15  0 44.620  7.0   1
      481  27.903880   85.463452    10.889    -8153.8      489.9    -1981.1     32.7     38.5     36.9 2023  4 27 15  1 25.530  6.4   1
      482  27.903866   85.477409    11.617    -6780.0      488.3    -1253.2     55.6     77.8     39.7 2023  4 27 15 57 18.600  5.9   1
      483  27.892124   85.542830    13.161     -338.7     -812.9      291.3     64.1     40.4     27.2 2023  4 27 16  4  5.580  6.0   1
      484  27.911143   85.588330    16.867     4140.7     1294.8     3997.1     68.7     68.1     47.1 2023  4 27 17  0  3.500  6.1   1
      485  27.875751   85.655461    13.920    10750.8    -2627.2     1049.9     44.2     31.8     36.2 2023  4 27 17  6 21.000  6.2   1
      486  27.890814   85.514006    12.786    -3177.1     -958.0      -84.4     49.2     50.6     36.1 2023  4 27 17 14 30.040  5.8   1
      487  27.886975   85.517163    12.700    -2866.2    -1383.5     -170.0     42.9     39.7     24.5 2023  4 27 17 34 25.920  6.3   1
      488  27.936302   85.524504    12.872    -2142.7     4082.9        1.9     61.2     68.5     30.9 2023  4 27 18  1 59.160  6.3   1
      489  27.895388   85.555745    12.921      932.5     -451.1       51.0     47.2     46.4     27.2 2023  4 27 19 11 12.060  6.1   1
      490  27.905416   85.462134    11.394    -8283.6      660.2    -1475.7     25.6     35.5     29.4 2023  4 27 19 37  2.720  6.1   1
      491  27.893589   85.527230    12.852    -1874.7     -650.4      -17.9     42.1     30.3     23.6 2023  4 27 20 34  9.720  6.3   1
      492  27.927541   85.462850    12.382    -8212.0     3112.0     -488.3     43.2     45.8     41.5 2023  4 27 21 33 57.320  6.2   1
      493  27.926770   85.463574    12.565    -8141.1     3026.6     -305.3     36.1     47.1     34.3 2023  4 27 21 34 49.720  6.1   1
      494  27.885872   85.627612    13.643     8009.0    -1505.5      772.9     57.8     56.4     34.7 2023  4 27 21 50 11.480  6.0   1
      495  27.909768   85.619604    15.427     7219.4     1142.3     2556.6     54.4     57.9     29.4 2023  4 27 21 50 32.300  6.2   1
      496  27.863377   85.645174    14.267     9739.0    -3998.4     1397.2    101.8     71.9     66.1 2023  4 27 21 50 38.340  6.0   1
      497  27.909977   85.619523    15.508     7211.8     1165.7     2637.7     53.9     59.6     30.3 2023  4 27 22  3  0.520  6.0   1
      498  27.912764   85.598389    14.119     5130.9     1474.5     1248.8     54.9     52.4     30.8 2023  4 27 22 18 48.100  6.3   1
      499  27.904624   85.530933    13.261    -1509.9      572.5      391.3     72.6     84.4     41.1 2023  4 27 22 32 45.000  6.0   1
      500  27.899790   85.543880    13.624     -235.8       36.7      753.6     98.2     50.1     40.3 2023  4 27 22 45 23.520  5.9   1
      501  27.884501   85.547843    13.348      154.8    -1657.7      478.4     39.8     35.5     21.0 2023  4 28  0 12 55.650  6.3   1
      502  27.900716   85.506763    13.050    -3890.0      139.4      180.2     53.1     32.1     38.5 2023  4 28  5 18 59.990  6.7   1
      503  27.903158   85.464193    11.915    -8080.8      409.9     -954.9     31.0     50.2     35.5 2023  4 28  7 49 20.000  7.0   1
      504  27.930560   85.557983    15.038     1152.7     3446.6     2168.4     87.3     60.5     42.5 2023  4 28 10 15 39.090  6.4   1
      505  27.903630   85.505705    13.194    -3993.7      462.2      324.5     54.1     31.8     45.7 2023  4 28 15 35  9.660  6.5   1
      506  27.915757   85.600716    15.305     5359.5     1806.1     2434.7     52.5     55.9     25.0 2023  4 28 16  9 42.610  6.8   1
      507  27.898964   85.547111    13.301       82.5      -54.8      430.7     58.4     43.7     28.0 2023  4 28 17  3  3.180  6.1   1
      508  27.887201   85.511719    12.457    -3401.9    -1358.3     -413.1     42.6     37.4     33.8 2023  4 28 17 36 45.900  5.8   1
      509  27.885984   85.626676    14.038     7916.2    -1493.2     1168.3     57.7     36.1     35.5 2023  4 28 18 37 57.680  6.2   1
      510  27.892914   85.482690    12.070    -6260.3     -725.3     -799.5     45.5     49.6     42.7 2023  4 28 18 43  9.800  6.2   1
      511  27.910596   85.459049    11.579    -8587.4     1234.1    -1290.9     34.2     45.6     35.9 2023  4 28 19 30 23.660  6.9   1
      512  27.801088   85.590763    12.769     4381.9   -10901.2     -100.6     36.8     45.0     33.9 2023  4 28 19 31 42.720  6.0   1
      513  27.916691   85.593457    15.343     4645.5     1909.7     2472.9     67.7     70.0     40.2 2023  4 28 19 40  3.000  6.0   1
      514  27.910014   85.567090    16.987     2049.4     1169.7     4116.8     45.8     25.2     28.6 2023  4 28 20 59 25.600  7.8   1
      515  27.909117   85.568042    16.911     2143.1     1070.2     4041.1     51.0     26.1     23.3 2023  4 28 21  0 39.320  6.7   1
      516  27.909045   85.567912    16.951     2130.7     1062.3     4081.2     42.0     25.3     27.4 2023  4 28 21 10 30.400  6.3   1
      517  27.916130   85.458748    11.736    -8616.1     1847.3    -1133.7     63.7     61.6     42.7 2023  4 28 21 13 18.080  6.4   1
      518  27.905617   85.552555    13.483      618.6      682.5      612.7     74.2     59.4     33.0 2023  4 28 21 23 37.920  6.3   1
      519  27.909477   85.566927    16.970     2033.1     1110.2     4099.8     44.5     28.6     25.1 2023  4 28 21 26 32.340  6.2   1
      520  27.923741   85.458618    11.739    -8628.8     2690.8    -1131.5     41.3     57.6     31.9 2023  4 28 22  8 23.480  6.1   1
      521  27.931337   85.528792    14.445    -1720.7     3532.7     1574.7     67.8     68.6     30.3 2023  4 28 22 32 34.120  6.1   1
      522  27.883913   85.607682    14.004     6046.6    -1722.7     1134.0     52.6     45.2     35.3 2023  4 29  1 52  4.570  6.6   1
      524  27.883079   85.547656    12.955      136.4    -1815.2       85.5     59.8     61.1     46.9 2023  4 29  6 14  1.290  6.3   1
      525  27.893890   85.605046    13.212     5786.6     -617.0      341.7     52.2     58.5     39.7 2023  4 29  6 53 21.600  6.7   1
      526  27.900732   85.528589    13.451    -1741.4      141.1      581.1     64.8     76.5     43.0 2023  4 29  9 32 23.550  6.9   1
      527  27.899514   85.534863    13.841    -1123.4        6.2      971.4     98.4     68.4     48.1 2023  4 29  9 59 47.570  6.7   1
      528  27.883913   85.546167    13.117      -10.5    -1722.8      247.0     43.1     34.8     27.2 2023  4 29 12 31 31.130  6.8   1
      529  27.900053   85.584782    14.561     3791.4       65.8     1691.3     56.7     66.6     28.5 2023  4 29 13  1 54.990  6.2   1
      530  27.890289   85.513232    12.310    -3253.4    -1016.1     -559.6     46.9     34.4     31.2 2023  4 29 13 28 26.990  7.1   1
      531  27.883769   85.545882    13.230      -38.8    -1738.7      359.8     32.8     32.0     22.4 2023  4 29 13 29 53.280  6.3   1
      532  27.883565   85.544995    13.165     -125.4    -1761.3      295.3     33.5     28.6     19.4 2023  4 29 14 59 33.090  7.5   1
      533  27.908073   85.517090    12.947    -2873.2      954.5       76.9     50.4     37.5     33.0 2023  4 29 17 26 24.440  6.8   1
      534  27.889410   85.514331    12.361    -3144.9    -1113.4     -508.8     47.7     30.5     30.3 2023  4 29 17 26 54.160  6.4   1
      535  27.889231   85.515584    12.382    -3021.5    -1133.3     -487.5     48.1     29.8     26.5 2023  4 29 17 28 40.800  6.3   1
      536  27.889709   85.514315    12.464    -3146.4    -1080.4     -405.9     40.6     29.7     23.3 2023  4 29 17 29 55.240  6.2   1
      537  27.884263   85.508049    12.329    -3763.4    -1684.0     -540.6     49.1     32.8     29.8 2023  4 29 18 15 39.400  6.4   1
      538  27.884682   85.507780    12.187    -3789.8    -1637.6     -682.7     39.8     26.2     26.8 2023  4 29 18 15 46.680  6.6   1
      539  27.848851   85.700488    12.315    15186.5    -5608.3     -554.5     64.4     68.5     62.4 2023  4 29 18 19 47.440  6.1   1
      540  27.907560   85.516919    12.661    -2890.1      897.9     -209.5     49.3     51.2     32.9 2023  4 29 18 33 18.760  5.9   1
      541  27.884133   85.572469    13.672     2579.7    -1698.5      801.7     67.8     50.8     33.2 2023  4 29 18 59 56.360  5.7   1
      542  27.883757   85.608870    12.158     6163.4    -1740.0     -711.8    113.0    108.8     55.4 2023  4 29 19  7 27.880  6.3   1
      543  27.834939   85.634733    13.661     8711.9    -7150.0      791.1     57.1     71.4     39.4 2023  4 29 20  3 51.400  5.9   1
      544  27.915059   85.581470    15.160     3464.9     1728.9     2290.3    153.2    117.7     57.8 2023  4 29 20  9 16.240  6.1   1
      545  27.897319   85.581193    13.867     3438.0     -237.2      996.6     58.4     40.6     30.6 2023  4 29 20 39  9.600  6.0   1
      546  27.905280   85.526758    13.017    -1921.1      645.0      146.9     45.8     55.4     26.2 2023  4 29 23  8 46.400  6.5   1
      547  27.888822   85.530371    12.676    -1565.3    -1178.6     -194.2     67.0     27.5     32.0 2023  4 29 23 22  1.780  7.4   1
      549  27.884127   85.602181    13.645     5504.6    -1699.0      775.3     56.9     75.3     43.4 2023  4 29 23 28 27.000  5.8   1
      550  27.936117   85.577246    12.756     3048.6     4062.3     -114.0     58.4     59.6     24.8 2023  4 30  0  3 49.420  6.6   1
      551  27.933138   85.528605    12.865    -1739.0     3732.2       -4.7     39.3     66.0     26.3 2023  4 30  0  6 29.600  6.5   1
      552  27.918292   85.499251     7.496    -4628.9     2087.0    -5373.6     34.9     37.8     45.8 2023  4 30  5 18 47.380  6.2   1
      553  27.884802   85.552197    13.013      583.3    -1624.2      143.1    163.8     92.0     56.5 2023  4 30  5 25  7.790  6.3   1
      554  27.918278   85.499984     7.748    -4557.0     2085.5    -5122.5     41.7     39.5     30.7 2023  4 30  6  5  6.070  6.6   1
      555  27.892906   85.523120    12.981    -2279.8     -726.3      111.3     49.7     36.9     23.0 2023  4 30  9 31 51.680  6.5   1
      556  27.900684   85.467472    11.626    -7758.2      135.7    -1244.1     40.1     45.6     32.4 2023  4 30  9 34  7.470  6.7   1
      557  27.912524   85.591162    14.301     4419.4     1447.9     1430.8     59.7     59.7     35.2 2023  4 30 10 23 28.550  6.4   1
      558  27.879891   85.565324    13.299     1875.7    -2168.4      428.9     40.9     37.7     33.4 2023  4 30 11 41 22.140  6.4   1
      559  27.906315   85.461011    12.194    -8394.3      759.9     -675.5     43.8     48.3     48.1 2023  4 30 12 20 40.930  6.5   1
      560  27.914038   85.587191    14.913     4028.4     1615.6     2043.1     54.1     63.6     45.6 2023  4 30 14 49 27.010  6.1   1
      561  27.934552   85.543905    14.133     -233.1     3888.9     1264.4    157.6    108.3     96.0 2023  4 30 15  7  2.960  6.0   1
      562  27.924994   85.444246    11.438   -10043.9     2829.7    -1431.8     52.1     47.6     69.5 2023  4 30 15 23 38.750  6.1   1
      563  27.880288   85.566105    13.402     1952.5    -2124.4      532.3     39.3     42.5     33.2 2023  4 30 15 25 39.030  5.9   1
      564  27.907501   85.516235    12.938    -2956.9      891.3       69.5     46.5     43.5     33.9 2023  4 30 15 29 59.430  6.2   1
      565  27.925315   85.445239    11.797    -9945.8     2865.3    -1073.0     33.0     50.8     43.0 2023  4 30 15 45 50.220  6.2   1
      566  27.906567   85.508439    12.126    -3725.0      787.8     -743.5     40.6     49.0     30.6 2023  4 30 15 50 37.560  6.0   1
      567  27.895079   85.512598    15.951    -3315.6     -485.3     3081.1     42.4     45.7     34.1 2023  4 30 15 59 54.780  6.8   1
      568  27.890072   85.525798    12.617    -2015.6    -1040.4     -252.9     52.0     26.2     26.1 2023  4 30 16 55 10.170  6.0   1
      569  27.889911   85.524455    12.754    -2148.3    -1058.0     -115.6     58.5     47.5     39.2 2023  4 30 16 55 24.690  6.1   1
      570  27.887966   85.529069    12.765    -1693.6    -1273.6     -105.1     49.8     28.3     28.2 2023  4 30 17  2  6.900  6.1   1
      571  27.890025   85.548560    13.193      225.3    -1045.5      322.9     43.8     29.9     19.8 2023  4 30 17 27 14.660  6.7   1
      572  27.894533   85.506177    12.856    -3947.5     -545.9      -14.0     40.3     37.7     29.1 2023  4 30 17 27 55.080  6.3   1
      573  27.865802   85.569946    13.739     2331.4    -3729.7      868.6     64.2     66.3     47.3 2023  4 30 18 11 12.640  6.1   1
      574  27.914050   85.501668    13.562    -4390.8     1616.9      691.9     62.9     61.4     35.2 2023  4 30 18 24 12.140  6.4   1
      575  27.917537   85.523421    16.001    -2249.3     2003.4     3131.4    192.4    180.1     91.5 2023  4 30 18 29 32.160  5.7   1
      576  27.884839   85.547339    13.131      104.8    -1620.1      261.3     32.2     30.4     25.7 2023  4 30 18 31 40.420  6.0   1
      577  27.914732   85.443815    11.862   -10086.8     1692.5    -1008.4     50.5     61.9     63.9 2023  4 30 19 22 59.920  6.3   1
      578  27.893656   85.521362    12.760    -2452.3     -642.9     -110.0     49.4     33.7     24.1 2023  4 30 19 46 15.280  6.1   1
      579  27.893955   85.521167    12.712    -2472.1     -609.9     -157.9     44.2     32.9     22.6 2023  4 30 20 23  4.560  6.7   1
      580  27.925124   85.425252    11.757   -11913.5     2844.3    -1113.5     70.2     84.0     79.3 2023  4 30 21  3 44.760  6.2   1
      581  27.893665   85.467912    12.066    -7715.5     -642.1     -803.9     57.8     60.6     56.1 2023  4 30 21 19 26.400  6.1   1
      582  27.894580   85.466024    11.628    -7900.6     -540.7    -1241.6     46.9     55.1     51.2 2023  4 30 21 20 22.800  6.0   1
      583  27.922972   85.545337    16.046      -91.9     2605.6     3175.6     66.8     61.3     44.5 2023  4 30 21 22 18.080  6.2   1
      584  27.874801   85.593953    13.743     4695.1    -2732.5      873.0     34.9     40.8     34.0 2023  4 30 21 23 17.700  6.2   1
      585  27.922498   85.544971    16.190     -128.2     2553.1     3319.7     73.4     64.3     46.2 2023  4 30 21 26 43.640  5.8   1
      586  27.902559   85.466715    11.849    -7832.9      343.7    -1020.5     46.7     53.0     55.8 2023  4 30 21 36 37.400  6.0   1
      587  27.906423   85.517920    12.792    -2791.3      771.8      -78.1     49.6     52.8     32.7 2023  4 30 21 47 13.380  6.0   1
      588  27.873627   85.593294    13.555     4629.8    -2862.8      685.1     52.4     51.7     41.7 2023  4 30 21 50  9.540  6.0   1
      589  27.929152   85.421354    11.185   -12297.1     3290.6    -1684.9     69.0     84.1     81.5 2023  4 30 21 59 36.400  6.1   1
      590  27.905957   85.519108    12.890    -2674.3      720.0       20.3     46.8     44.5     31.3 2023  4 30 22  0 58.320  6.1   1
      591  27.894126   85.650244    15.260    10236.2     -590.9     2389.8     61.2     42.9     36.3 2023  4 30 22 13 28.760  6.1   1
      592  27.873930   85.592977    13.771     4598.5    -2829.0      901.5     43.1     47.5     34.0 2023  4 30 22 37 40.740  6.1   1
      593  27.844969   85.656982    13.979    10902.6    -6038.4     1108.6     73.9     51.8     44.0 2023  4 30 23 11 49.320  6.0   1
      594  27.803676   85.593123    12.833     4614.8   -10614.3      -37.4     37.3     44.8     34.0 2023  4 30 23 17  7.800  6.3   1
      595  27.873814   85.596468    13.768     4942.2    -2841.9      897.8     82.6     62.2     36.2 2023  5  1  0  7 55.590  6.4   1
      596  27.887742   85.566951    13.686     2035.8    -1298.3      816.4     47.4     37.8     28.9 2023  5  1  2 48  0.230  6.8   1
      597  27.889168   85.564730    13.783     1817.6    -1140.4      913.4    203.3    139.9     75.9 2023  5  1  2 55  7.970  6.4   1
      599  27.921517   85.519491    11.382    -2636.5     2444.5    -1488.3     64.0     53.9     47.0 2023  5  1 12 17 14.740  6.8   1
      600  27.885549   85.543123    14.520     -310.2    -1541.5     1650.4     53.2     45.3     32.0 2023  5  1 13 23 40.160  6.9   1
      601  27.885508   85.557463    12.404     1101.8    -1545.9     -465.7     87.1     69.6     28.9 2023  5  1 13 45 16.960  6.2   1
      602  27.919649   85.501733     7.523    -4384.7     2237.4    -5347.1     40.1     39.9     38.8 2023  5  1 15  6 22.850  6.4   1
      603  27.888503   85.549862    12.408      353.5    -1214.0     -461.6     46.7     35.5     30.6 2023  5  1 15 10 30.260  6.2   1
      604  27.894661   85.565243    13.855     1867.4     -531.5      985.2    156.1    104.0     38.2 2023  5  1 15 43  0.810  6.0   1
      605  27.897074   85.553507    13.583      712.2     -264.2      713.0     63.1     71.7     35.9 2023  5  1 15 44  5.250  6.1   1
      606  27.920203   85.501815     7.486    -4377.0     2298.8    -5383.8     33.9     39.5     30.9 2023  5  1 16  7 30.590  6.4   1
      607  27.921873   85.577246    16.036     3049.3     2483.8     3166.5     50.4     55.2     28.7 2023  5  1 16 21 12.150  6.8   1
      608  27.883545   85.545996    13.180      -27.2    -1763.6      310.3     52.4     38.9     21.8 2023  5  1 16 50  4.360  6.2   1
      609  27.910258   85.497078    12.332    -4842.9     1196.7     -538.1     41.6     45.6     34.1 2023  5  1 17  4 39.800  6.1   1
      610  27.874011   85.592839    13.652     4585.4    -2820.0      782.2     45.4     46.1     33.0 2023  5  1 18 28 15.120  6.1   1
      611  27.890047   85.535921    12.883    -1019.5    -1043.1       13.5     94.2     43.6     43.7 2023  5  1 18 38 40.720  6.0   1
      612  27.914958   85.452002    11.929    -9280.3     1717.5     -940.8     85.9     69.2     89.6 2023  5  1 18 47 52.160  6.0   1
      613  27.889146   85.503646    11.971    -4196.8    -1143.0     -899.1     42.4     32.7     31.3 2023  5  1 19 44  7.420  6.5   1
      614  27.898344   85.518783    12.623    -2706.8     -123.5     -246.7     43.2     36.1     26.5 2023  5  1 20 29 54.680  6.2   1
      615  27.895229   85.550985    13.608      464.0     -468.7      738.5     55.1     66.7     31.3 2023  5  1 20 30 45.440  5.9   1
      616  27.832680   85.631047    13.724     8349.2    -7400.3      854.0     50.8     47.6     29.7 2023  5  1 20 46 41.560  6.0   1
      617  27.841345   85.694653    13.078    14612.0    -6440.1      208.2     81.2     57.5     81.6 2023  5  1 20 50 38.840  6.2   1
      618  27.887960   85.567985    13.702     2137.7    -1274.3      831.8     53.1     36.8     25.4 2023  5  1 20 59 57.040  6.2   1
      619  27.887358   85.562663    13.676     1614.0    -1341.0      805.9     52.0     34.2     28.5 2023  5  1 21  3 46.880  5.9   1
      620  27.888418   85.566317    13.884     1973.3    -1223.6     1014.4     47.7     35.5     28.7 2023  5  1 21  6 17.760  6.0   1
      621  27.908893   85.459595    11.825    -8533.2     1045.4    -1045.4     49.2    109.2     51.9 2023  5  1 21 41  7.600  6.0   1
      622  27.916858   85.613924    15.307     6660.1     1928.2     2437.5     55.5     57.8     28.1 2023  5  1 22 32  3.120  6.3   1
      623  27.883219   85.624699    12.395     7721.7    -1799.5     -474.7     72.9     51.6     46.6 2023  5  1 23  4 21.120  6.3   1
      624  27.916115   85.445622    12.226    -9909.0     1845.7     -644.3     46.7     60.9     63.1 2023  5  1 23 53  9.220  6.2   1
      625  27.912644   85.554508    13.471      810.7     1461.2      601.4     51.4     43.7     36.1 2023  5  2  0  0  2.530  6.6   1
      626  27.916136   85.613102     8.248     6578.9     1848.2    -4621.6    161.3    119.5     93.2 2023  5  2  2 30 30.700  5.9   1
      627  27.916380   85.444686    12.191   -10000.9     1875.3     -678.7     47.7     60.2     65.9 2023  5  2  3 55 44.200  6.6   1
      629  27.916459   85.440959    11.759   -10367.9     1884.0    -1110.5     44.6     58.5     61.5 2023  5  2  5 56 29.600  6.6   1
      630  27.910860   85.506763    12.809    -3889.9     1263.5      -61.3     52.0     44.1     37.3 2023  5  2  9 33  6.490  6.7   1
      632  27.916781   85.444604    12.501   -10008.9     1919.6     -368.5     48.6     67.5     63.6 2023  5  2 13 47 22.720  6.4   1
      633  27.894954   85.519873    12.872    -2599.4     -499.2        2.2     43.9     50.2     28.7 2023  5  2 14 20 55.000  6.3   1
      634  27.954236   85.490731    14.337    -5466.7     6070.3     1467.2     36.1     36.2     29.6 2023  5  2 14 49 23.730  7.2   1
      635  27.851414   85.665031    14.093    11694.5    -5324.2     1223.0     69.2     58.8     58.0 2023  5  2 15  2 31.660  6.2   1
      636  27.874064   85.599731    14.155     5264.2    -2814.1     1285.1     57.0     68.6     49.6 2023  5  2 15 36 30.540  6.0   1
      637  27.893732   85.659269    14.834    11125.5     -634.7     1964.3     40.7     37.5     32.5 2023  5  2 16 45 54.850  6.1   1
      638  27.832241   85.635726    13.848     8810.0    -7448.9      978.4     43.4     42.0     25.7 2023  5  2 17  2 14.040  6.2   1
      639  27.912779   85.606934    15.334     5971.9     1476.0     2463.7     51.1     55.5     25.3 2023  5  2 17  4 56.980  7.6   1
      640  27.912569   85.607072    15.383     5985.2     1452.8     2513.5     55.2     56.9     25.9 2023  5  2 17  7 48.740  6.1   1
      641  27.832434   85.633846    13.842     8624.7    -7427.5      972.1     41.8     39.6     23.4 2023  5  2 17  9  3.820  6.1   1
      642  27.832137   85.633480    13.768     8588.4    -7460.5      897.9     56.5     56.0     47.9 2023  5  2 17 26 52.960  5.9   1
      643  27.833085   85.634090    13.840     8648.6    -7355.4      969.7     33.0     30.8     22.1 2023  5  2 17 40 37.940  6.2   1
      644  27.897868   85.507235    12.783    -3843.4     -176.2      -87.3     42.8     26.4     29.2 2023  5  2 18 18 37.040  6.4   1
      645  27.884949   85.480436    11.421    -6482.2    -1608.0    -1449.3     58.3     80.7     64.9 2023  5  2 18 38 48.440  5.8   1
      646  27.828162   85.713534    13.599    16472.7    -7900.9      729.0    120.5     80.9    126.2 2023  5  2 19 17 47.280  6.4   1
      647  27.905204   85.462126    11.101    -8284.5      636.7    -1768.9     46.2     50.3     53.2 2023  5  2 19 39 57.560  6.1   1
      648  27.902268   85.463713    11.044    -8128.2      311.4    -1825.6     28.9     38.2     28.8 2023  5  2 20 11  5.520  6.0   1
      649  27.834324   85.630916    14.465     8336.3    -7218.1     1595.1    154.4     83.4    131.9 2023  5  2 20 22  4.580  5.9   1
      650  27.915155   85.445264    12.001    -9944.0     1739.4     -869.2     44.7     58.8     60.7 2023  5  2 21  6 26.100  6.6   1
      651  27.915200   85.444499    12.026   -10019.0     1744.4     -843.8     45.4     60.0     61.3 2023  5  2 21 25  0.520  6.6   1
      652  27.922937   85.442879    11.950   -10178.5     2601.8     -920.4     39.6     54.1     55.4 2023  5  2 21 39 19.840  6.1   1
      653  27.923513   85.443335    12.004   -10133.1     2665.6     -865.5     41.7     52.9     54.7 2023  5  2 21 42  9.420  6.8   1
      654  27.908289   85.458903    11.894    -8601.7      978.5     -975.9     40.9     48.2     47.3 2023  5  2 23 35 25.160  6.3   1
      655  27.908160   85.459505    12.076    -8542.2      964.4     -794.2     41.4     56.2     51.3 2023  5  2 23 40 12.880  6.3   1
      656  27.920697   85.534481    13.847    -1160.5     2353.6      976.7     84.0     87.6     47.2 2023  5  2 23 49  2.860  6.3   1
      657  27.883423   85.553849    13.521      746.2    -1777.0      650.8     85.3     59.7     38.7 2023  5  3  0 31 11.710  6.2   1
      658  27.922868   85.513257    12.239    -3250.2     2594.1     -630.6     46.1     41.4     31.1 2023  5  3  3 38 25.330  8.0   1
      659  27.922988   85.512150    12.172    -3359.4     2607.3     -698.2     46.5     44.7     32.6 2023  5  3  3 40 36.080  6.7   1
      660  27.923053   85.511540    12.256    -3419.4     2614.6     -614.1     45.0     43.7     30.3 2023  5  3  3 40 58.930  6.6   1
      661  27.883875   85.556356    13.667      992.4    -1727.0      796.9     68.3     46.4     25.8 2023  5  3  6 27  9.990  6.6   1
      662  27.903849   85.459578    12.033    -8534.8      486.6     -837.0     61.5     70.0     60.1 2023  5  3 15  3 17.390  6.4   1
      663  27.926168   85.550334    14.746      399.8     2959.9     1876.4     92.9     60.2     68.0 2023  5  3 16 32  2.810  5.9   1
      664  27.925724   85.456860    11.626    -8801.7     2910.6    -1243.7     34.4     52.0     32.6 2023  5  3 16 40 55.680  6.1   1
      665  27.901760   85.463281    11.461    -8170.7      255.0    -1409.2     32.4     39.7     36.4 2023  5  3 21  8 51.120  6.2   1
      666  27.906234   85.512655    12.781    -3309.7      750.7      -89.4     48.1     42.7     36.2 2023  5  3 21 19 52.140  6.3   1
      667  27.910111   85.486751    12.452    -5859.5     1180.5     -417.7     36.3     37.5     29.1 2023  5  3 23  5 15.680  6.5   1
      668  27.927533   85.497005    11.927    -4850.3     3111.0     -942.6     50.6     63.5     35.1 2023  5  3 23 31 30.880  6.4   1
      669  27.890149   85.532218    13.003    -1383.7    -1031.7      132.9     46.7     45.9     29.3 2023  5  4  0 18 49.830  6.3   1
      670  27.844145   85.713501    13.085    16468.0    -6129.9      215.0     71.8     54.5     78.3 2023  5  4  1  8 54.260  6.7   1
      671  27.891559   85.532772    15.806    -1329.2     -875.4     2936.3     87.6     86.9     64.6 2023  5  4  1 25 55.360  6.5   1
      672  27.871877   85.594092     9.766     4708.2    -3056.5    -3103.7    113.6     73.7     60.3 2023  5  4  1 28 41.530  6.6   1
      673  27.898521   85.469531    11.750    -7555.1     -103.9    -1120.3     33.4     63.0     40.9 2023  5  4  1 52 49.990  6.5   1
      674  27.899479   85.466268    11.609    -7877.0        2.2    -1261.4     32.0     49.0     33.0 2023  5  4  1 55 15.570  6.6   1
      675  27.891437   85.518823    16.087    -2702.6     -889.0     3216.6     36.5     53.3     29.5 2023  5  4  3 15 42.000  7.4   1
      676  27.891479   85.517928    16.163    -2791.1     -884.2     3293.3     38.9     56.8     36.7 2023  5  4  4 16 13.170  7.2   1
      677  27.904877   85.569515    13.413     2287.9      600.5      543.2     84.3     46.0     38.0 2023  5  4  7 21  1.910  7.2   1
      679  27.919759   85.580347    14.936     3354.3     2249.7     2065.6     77.0     56.1     48.3 2023  5  4  8 53 36.150  7.2   1
      680  27.892499   85.608008    14.205     6077.9     -771.4     1334.8     60.1     48.8     50.4 2023  5  4 13 50 45.540  6.1   1
      681  27.891984   85.608081    14.374     6085.5     -828.4     1504.0     65.4     64.3     58.0 2023  5  4 14 38 43.020  6.2   1
      682  27.880343   85.554712    13.430      830.6    -2118.4      560.4     44.1     32.8     24.0 2023  5  4 14 58 30.320  6.3   1
      683  27.905101   85.601636    14.781     5450.5      625.1     1911.3     60.5     58.8     47.0 2023  5  4 15 45 25.130  6.3   1
      684  27.887781   85.502702    12.192    -4289.7    -1294.2     -678.1     51.9     45.0     42.6 2023  5  4 17 53  3.600  6.1   1
      685  27.905882   85.465934    11.522    -7909.3      711.7    -1348.3     37.2     54.1     49.5 2023  5  4 18  6 24.200  6.2   1
      687  27.902250   85.559456    13.644     1297.9      309.4      774.1     67.8     51.3     32.5 2023  5  4 18 48 15.200  6.1   1
      688  27.914144   85.612842    15.230     6553.6     1627.3     2359.8     50.8     56.0     26.6 2023  5  4 18 49 27.040  6.4   1
      689  27.915082   85.611434    14.685     6414.5     1731.4     1815.3    103.6     76.3     62.4 2023  5  4 19  4 51.680  6.0   1
      690  27.883258   85.551082    13.187      473.3    -1795.3      317.3     33.5     28.4     20.2 2023  5  4 19 23 51.880  6.7   1
      691  27.893469   85.492025    12.647    -5340.7     -663.7     -223.4     71.5     41.2     49.1 2023  5  4 19 51 17.200  5.8   1
      692  27.837632   85.641056    17.407     9334.4    -6851.5     4536.7    360.5    291.6    224.1 2023  5  4 19 51 56.640  7.7   1
      693  27.914439   85.612508    15.202     6520.6     1660.1     2331.6     53.1     60.2     28.3 2023  5  4 19 55  1.520  6.3   1
      694  27.905900   85.637964    15.185     9026.9      713.8     2315.2     70.4     75.6     48.5 2023  5  4 19 55 10.600  6.3   1
      695  27.898230   85.524715    13.119    -2122.1     -136.2      249.0     45.0     33.3     30.0 2023  5  4 20  8 40.040  6.1   1
      696  27.901017   85.494385    12.079    -5108.9      172.7     -790.8     40.5     50.4     37.6 2023  5  4 21 25  4.600  5.7   1
      697  27.894110   85.565739    13.372     1916.8     -592.7      502.4     41.2     35.0     25.1 2023  5  4 21 35 31.160  6.9   1
      698  27.892847   85.565153    13.523     1859.2     -732.7      653.4     41.2     31.9     22.5 2023  5  4 21 35 58.360  6.0   1
      699  27.893728   85.564860    13.464     1830.4     -635.0      593.9     39.4     33.1     24.0 2023  5  4 21 36 42.440  6.3   1
      700  27.893447   85.564738    13.484     1818.0     -666.2      614.3     44.5     37.1     24.3 2023  5  4 21 40 46.300  6.2   1
      701  27.883079   85.549284    13.203      296.2    -1815.1      332.7     55.7     32.3     30.6 2023  5  4 21 50  5.740  6.0   1
      702  27.832123   85.633936    13.697     8633.5    -7462.1      827.2     76.7     43.9     28.6 2023  5  4 21 53 32.480  5.9   1
      703  27.897264   85.591121    13.897     4415.7     -243.4     1027.4     52.1     41.0     24.5 2023  5  4 21 56 56.260  6.2   1
      704  27.928223   85.519865    13.821    -2599.3     3187.6      951.1     55.0     67.5     27.2 2023  5  4 22 25  2.100  6.2   1
      705  27.895042   85.517415    13.039    -2840.9     -489.5      169.4     43.7     35.1     23.0 2023  5  4 22 27  5.240  6.2   1
      706  27.895148   85.515495    12.966    -3030.1     -477.8       96.4     46.5     33.4     23.1 2023  5  4 22 27 17.220  5.9   1
      707  27.880688   85.563826    13.470     1728.7    -2080.2      600.1     68.0     51.8     47.5 2023  5  4 23 34  6.840  6.1   1
      708  27.905341   85.488265    12.369    -5711.3      651.8     -501.1     34.0     36.6     31.9 2023  5  4 23 45 53.420  6.5   1
      709  27.901514   85.493302    12.146    -5214.7      227.7     -723.5     32.6     32.9     37.0 2023  5  5  0 28 28.020  6.7   1
      710  27.882465   85.701766    12.745    15310.4    -1883.2     -124.9    102.1     72.7     99.3 2023  5  5  2 54 24.690  6.8   1
      711  27.910645   85.570695    14.843     2404.2     1239.6     1973.3     41.0     46.8     29.6 2023  5  5  2 56 15.970  6.5   1
      712  27.895872   85.584204    13.657     3734.3     -397.4      786.8     44.9     37.5     30.5 2023  5  5  4 23 58.920  6.4   1
      713  27.903394   85.465137    11.056    -7987.6      436.1    -1814.0     29.5     36.3     36.8 2023  5  5  8 10 24.020  7.6   1
      714  27.902826   85.466406    11.169    -7863.2      373.1    -1701.5     28.1     35.4     30.6 2023  5  5  8 13 39.580  7.4   1
      715  27.904026   85.465446    10.870    -7957.7      506.1    -1999.6     74.8     53.3     70.9 2023  5  5  8 17 21.870  6.5   1
      716  27.903153   85.464982    10.983    -8002.9      409.4    -1887.0     31.5     36.6     35.5 2023  5  5  8 33 21.160  7.4   1
      717  27.885417   85.546940    13.599       65.9    -1556.1      729.5     95.5     85.8     83.1 2023  5  5 10 37 55.690  6.5   1
      718  27.903990   85.464657    10.992    -8035.0      502.1    -1877.7     31.7     36.7     37.0 2023  5  5 14  0 13.450  6.7   1
      719  27.914288   85.530518    13.478    -1551.0     1643.4      607.6     87.3     81.1     47.4 2023  5  5 14 36 55.040  6.4   1
      720  27.893557   85.538037    13.094     -811.0     -654.0      223.7     60.8     56.0     34.4 2023  5  5 15 20 58.750  6.0   1
      721  27.893427   85.540365    13.004     -581.4     -668.6      134.4     53.0     31.4     21.5 2023  5  5 15 22 47.130  6.4   1
      722  27.893996   85.540902    12.967     -528.7     -605.3       96.7     58.4     33.8     23.1 2023  5  5 15 24 48.100  6.3   1
      723  27.913444   85.461711    10.822    -8325.2     1549.8    -2048.1     27.1     52.2     28.9 2023  5  5 15 48 20.850  6.4   1
      724  27.833624   85.629639    13.819     8209.9    -7295.5      949.4     40.1     35.2     26.6 2023  5  5 16 16  6.460  6.3   1
      725  27.907391   85.655444    14.495    10748.3      879.1     1624.6     53.6     50.9     33.1 2023  5  5 16 30 31.050  6.3   1
      726  27.903768   85.465999    10.998    -7903.3      477.5    -1872.4     27.0     37.3     34.6 2023  5  5 17 27 46.840  6.3   1
      727  27.903202   85.465763    11.068    -7926.3      414.8    -1801.7     34.4     36.0     33.3 2023  5  5 17 29 45.620  6.4   1
      728  27.902187   85.465755    10.744    -7926.9      302.3    -2126.0     38.4     37.6     57.3 2023  5  5 17 30 51.160  6.3   1
      729  27.913595   85.546948    13.333       66.6     1566.4      462.7     48.5     55.3     39.3 2023  5  5 17 43 27.400  6.0   1
      730  27.913912   85.548942    13.280      263.1     1601.6      410.5     45.0     52.7     38.3 2023  5  5 17 49 36.040  6.2   1
      731  27.935305   85.544873    12.090     -138.0     3972.4     -780.0     64.1     68.8     26.4 2023  5  5 19 58  6.660  6.3   1
      733  27.936707   85.554940    11.810      852.8     4127.6    -1059.9    105.7     73.3     47.3 2023  5  5 21 12 42.440  5.7   1
      734  27.900991   85.465812    11.873    -7921.4      169.8     -996.7     33.8     45.6     34.6 2023  5  5 21 44 21.280  6.1   1
      735  27.901664   85.466260    11.642    -7877.1      244.5    -1228.0     31.3     43.9     36.4 2023  5  5 21 44 58.800  6.3   1
      736  27.917360   85.626009    15.291     7850.0     1983.7     2421.0     60.4     65.1     33.7 2023  5  5 22 51  9.300  6.2   1
      737  27.890326   85.521354    12.592    -2453.3    -1012.0     -277.5     41.1     33.4     22.8 2023  5  5 23  7 54.840  6.1   1
      738  27.932420   85.441984    11.630   -10266.2     3652.6    -1239.6     54.3     56.6     60.1 2023  5  6  1 42 21.060  6.5   1
      739  27.901530   85.612272    17.478     6498.1      229.6     4607.6     68.9     56.2     28.6 2023  5  6 10 16 40.710  7.2   1
      740  27.902301   85.612052    17.443     6476.3      315.0     4572.6     70.1     57.4     28.2 2023  5  6 10 47 28.860  6.7   1
      741  27.896165   85.556437    14.031     1000.6     -364.9     1161.0     56.3     48.1     27.7 2023  5  6 11 15 37.600  6.6   1
      742  27.902441   85.613167    17.467     6585.9      330.5     4596.9     69.9     56.6     30.8 2023  5  6 12 49 51.150  6.7   1
      743  27.898218   85.529419    13.137    -1659.6     -137.5      267.0     44.8     35.2     25.0 2023  5  6 13 22 30.170  6.8   1
      744  27.912642   85.609399    15.575     6214.8     1461.0     2704.8     58.4     59.0     26.6 2023  5  6 13 51 55.460  6.5   1
      745  27.905111   85.549300    13.697      297.8      626.4      827.1     68.8     41.5     34.2 2023  5  6 15  8  2.510  7.3   1
      746  27.902718   85.547054    14.080       77.3      361.2     1210.0     90.7     61.2     58.0 2023  5  6 15  8 15.850  6.6   1
      747  27.873277   85.621200    14.220     7377.5    -2901.4     1349.6     62.5     44.0     47.7 2023  5  6 16 11  6.130  6.6   1
      748  27.872555   85.622485    14.190     7504.4    -2981.4     1320.2     63.6     42.4     49.0 2023  5  6 18  2 58.140  6.6   1
      749  27.946084   85.539518    11.044     -664.7     5166.8    -1825.5     69.0     80.7     47.7 2023  5  6 19 27 23.920  6.1   1
      750  27.911088   85.475651    12.091    -6952.5     1288.7     -778.6     51.7     46.8     30.4 2023  5  6 19 44 24.200  6.3   1
      751  27.893856   85.530770    12.571    -1526.7     -620.9     -299.3     63.8     48.2     42.1 2023  5  6 20 41 31.200  6.1   1
      752  27.896916   85.547811    13.748      151.7     -281.8      878.5    102.4     85.2     38.8 2023  5  6 22 26 47.920  6.2   1
      753  27.896592   85.546167    13.745      -10.6     -317.7      875.4    103.0     76.3     39.7 2023  5  6 23 32 51.420  6.3   1
      754  27.884135   85.548429    13.089      212.7    -1698.2      219.0     39.1     43.7     27.6 2023  5  6 23 33 34.780  6.1   1
      755  27.884039   85.556006    13.137      958.2    -1708.8      267.2     46.2     45.1     32.2 2023  5  6 23 35 49.700  6.1   1
      757  27.901678   85.610433    17.452     6316.5      246.0     4582.2     69.1     56.3     27.5 2023  5  7  6  9 50.140  6.7   1
      758  27.911300   85.599438    16.816     5234.1     1312.2     3946.1     69.0     65.8     31.3 2023  5  7 13 33 19.730  6.4   1
      759  27.888971   85.554720    12.836      831.9    -1162.2      -34.4     34.4     41.4     35.8 2023  5  7 14 28 40.370  6.1   1
      760  27.884770   85.552881    13.286      650.7    -1627.7      416.5     41.9     74.4     29.8 2023  5  7 14 34  5.690  6.0   1
      761  27.885862   85.552824    13.251      645.0    -1506.7      381.1     35.0     33.5     24.4 2023  5  7 14 36 33.740  6.1   1
      762  27.883319   85.697754    13.784    14914.6    -1788.6      915.0    132.3     67.9    118.1 2023  5  7 17 22 40.720  5.9   1
      763  27.883848   85.556576    13.654     1014.6    -1730.0      784.1     56.9     41.1     27.1 2023  5  7 17 52 37.080  6.4   1
      764  27.953855   85.540934    11.522     -525.5     6028.0    -1348.0     89.0     91.0     54.6 2023  5  7 19 42 56.240  6.4   1
      765  27.896094   85.658504    15.161    11049.9     -372.9     2290.8     67.7     49.4     50.6 2023  5  7 20 40 33.080  6.1   1
      766  27.894749   85.660295    14.738    11226.4     -522.0     1868.0     48.4     41.6     29.7 2023  5  7 20 40 39.180  6.6   1
      767  27.920567   85.647949    15.192    10009.7     2339.0     2321.8     62.9     62.0     41.0 2023  5  7 21 44  8.920  6.8   1
      768  27.877205   85.585474    14.293     3859.8    -2466.1     1423.4     44.5     52.2     42.9 2023  5  7 22 37 35.520  6.1   1
      769  27.876231   85.583952    14.064     3710.3    -2574.2     1193.7     62.3     58.0     50.6 2023  5  7 23 27 15.480  6.2   1
