        1  27.896897   85.557731    13.561     1128.1     -283.9      691.5     43.1     28.9     18.2 2023  4 10 11 32 18.600  8.7   1
        2  27.888918   85.504850    11.788    -4078.4    -1168.2    -1081.6     41.7     32.7     32.4 2023  4 10 16 53 34.260  6.4   1
        3  27.908097   85.484668    12.383    -6064.7      957.4     -486.7     46.7     49.8     29.2 2023  4 10 17 27 54.220  6.1   1
        4  27.908028   85.505518    10.105    -4012.2      949.7    -2764.6     37.7     30.3     35.5 2023  4 10 19 33 16.380  5.8   1
        5  27.884025   85.545898    13.098      -36.5    -1710.4      228.2     56.0     40.6     22.6 2023  4 10 19 50 38.400  6.0   1
        6  27.905898   85.462980    11.633    -8200.1      713.6    -1237.1     28.5     38.7     36.4 2023  4 10 21 45  6.200  6.1   1
        7  27.900106   85.466268    11.617    -7876.7       71.7    -1253.4     33.3     37.7     38.1 2023  4 10 23 21 46.780  6.5   1
        8  27.937665   85.527026    12.915    -1894.5     4233.9       44.8     52.8     51.4     29.0 2023  4 10 23 22  9.720  5.8   1
        9  27.900210   85.466366    11.511    -7866.8       83.3    -1358.9     31.7     33.6     37.1 2023  4 10 23 23 29.040  5.9   1
       10  27.954244   85.490649    14.411    -5474.7     6071.1     1541.5     21.2     23.3     21.4 2023  4 11  1  3 49.940  6.7   1
       11  27.878953   85.616007    13.688     6866.4    -2272.3      818.2     70.6     66.2     53.6 2023  4 11  3  9 13.330  6.6   1
       12  27.953623   85.489014    14.199    -5636.1     6002.5     1329.0     24.8     24.2     22.2 2023  4 11  3 15 48.440  7.6   1
       13  27.953931   85.489722    14.091    -5566.3     6036.4     1220.7     22.5     11.6     22.0 2023  4 11  3 20  4.580  6.8   1
       14  27.896476   85.637858    15.847     9016.7     -330.5     2977.3     75.6     66.5     50.2 2023  4 11  7 17 13.600  6.9   1
       15  27.906272   85.486296    12.373    -5905.1      755.1     -497.4     31.6     32.7     23.5 2023  4 11  7 32 28.200  7.0   1
       16  27.923222   85.503092    11.959    -4250.9     2633.4     -910.6     45.6     36.8     29.3 2023  4 11 12 55 14.450  6.3   1
       17  27.903113   85.560824    13.958     1432.9      404.9     1087.6     51.2     36.1     22.2 2023  4 11 15 16  8.070  6.0   1
       18  27.883494   85.564152    12.948     1760.5    -1769.2       78.3     41.9     36.1     27.4 2023  4 11 17 31 50.340  6.0   1
       19  27.881148   85.563379    13.169     1684.2    -2029.1      299.1     40.6     30.1     21.6 2023  4 11 17 31 57.720  5.8   1
       20  27.881364   85.563062    13.182     1653.0    -2005.1      311.7     34.4     26.4     21.9 2023  4 11 17 32  8.540  6.0   1
       21  27.899992   85.500285    12.613    -4528.0       59.1     -257.4     27.6     34.2     21.7 2023  4 11 18 16 25.980  6.3   1
       22  27.900134   85.498698    12.796    -4683.9       74.9      -73.6     27.7     40.0     26.7 2023  4 11 18 16 33.240  6.3   1
       23  27.900026   85.502108    12.502    -4348.2       62.9     -367.9     25.3     21.9     16.3 2023  4 11 18 28  6.880  6.9   1
       24  27.900846   85.499056    12.647    -4648.4      153.8     -222.5     28.6     40.9     29.8 2023  4 11 18 45 29.760  6.2   1
       25  27.905782   85.543538    12.616     -269.5      700.8     -254.0    153.6     45.1     69.8 2023  4 11 18 48 38.120  6.0   1
       26  27.900197   85.501449    12.537    -4413.0       81.9     -333.3     29.8     21.3     18.5 2023  4 11 19 13  1.660  6.4   1
       27  27.930566   85.522005    13.750    -2388.9     3447.3      879.8     34.8     49.4     31.2 2023  4 11 19 38 40.860  5.8   1
       28  27.898887   85.554549    13.423      814.8      -63.3      553.5     30.6     33.8     16.8 2023  4 11 20 30 42.160  6.1   1
       29  27.952468   85.498014    15.022    -4749.9     5874.4     2151.8     32.3     31.4     23.3 2023  4 11 21 12 44.320  6.4   1
       30  27.925026   85.565649    13.242     1907.3     2833.3      372.4     81.1     60.7     32.2 2023  4 11 22 39 43.240  6.0   1
       31  27.912272   85.566105    14.676     1952.4     1420.0     1806.1     31.6     34.9     19.6 2023  4 11 23  9 10.720  6.9   1
       32  27.918199   85.450716    11.713    -9407.0     2076.8    -1157.3     26.5     32.1     36.8 2023  4 12  1  7 45.390  6.7   1
       33  27.906726   85.549422    13.764      310.2      805.3      894.2     35.2     35.9     25.3 2023  4 12  1 49 35.850  6.4   1
       34  27.880546   85.647559    13.706     9973.1    -2095.8      835.7     31.3     31.5     34.7 2023  4 12  5 14 27.730  6.6   1
       35  27.878847   85.610588    14.813     6332.3    -2284.0     1942.7     62.7     37.4     43.6 2023  4 12 12  5 45.330  6.5   1
       36  27.887823   85.532479    12.935    -1357.9    -1289.5       65.5     34.6     33.1     23.0 2023  4 12 14  1  3.080  6.1   1
       37  27.876013   85.577409    13.840     3065.9    -2598.2      970.1     46.4     42.6     24.3 2023  4 12 16 31 25.300  5.9   1
       38  27.887004   85.521712    12.546    -2417.9    -1380.2     -323.5     45.0     37.9     20.1 2023  4 12 16 36  1.460  5.8   1
       39  27.910604   85.536434    14.185     -968.7     1235.2     1314.9     46.2     45.1     33.5 2023  4 12 17 13 48.340  5.9   1
       40  27.910746   85.538159    14.279     -798.6     1250.8     1409.2     40.7     41.6     30.7 2023  4 12 17 57 18.400  6.0   1
       41  27.895726   85.533276    13.480    -1279.6     -413.7      610.5     35.6     25.7     19.5 2023  4 12 18 12  2.720  6.1   1
       42  27.892910   85.475309    11.658    -6986.9     -725.7    -1212.4     38.2     30.7     35.3 2023  4 12 18 35 43.000  6.1   1
       43  27.906344   85.611564    14.036     6428.1      763.0     1166.4     70.1     52.7     32.8 2023  4 12 18 36 26.600  6.2   1
       44  27.896466   85.586011    13.679     3912.8     -331.7      809.3     35.1     27.1     17.0 2023  4 12 18 41 36.840  7.7   1
       45  27.896311   85.587410    13.711     4050.5     -348.7      841.0     35.5     27.0     16.9 2023  4 12 18 45 58.800  6.3   1
       46  27.883761   85.560059    13.396     1357.7    -1739.7      526.2     48.0     40.4     23.8 2023  4 12 19 24 48.240  5.7   1
       47  27.907188   85.499170    12.375    -4636.9      856.5     -495.2     24.5     24.9     15.9 2023  4 12 20  2 25.840  6.2   1
       48  27.898448   85.559945    13.285     1346.4     -112.0      415.4     37.5     25.6     17.7 2023  4 12 20 17 30.320  6.3   1
       49  27.894305   85.660449    14.712    11241.7     -571.1     1842.0     24.1     24.0     19.1 2023  4 12 20 22 13.100  6.5   1
       50  27.891897   85.476912    11.719    -6829.2     -838.0    -1150.7     31.5     27.6     32.4 2023  4 12 21 16 24.520  6.6   1
       51  27.891917   85.476432    11.683    -6876.2     -835.7    -1187.2     34.6     29.5     33.1 2023  4 12 21 22  8.620  6.1   1
       52  27.928184   85.465365    12.221    -7964.4     3183.2     -649.1     28.3     30.5     26.1 2023  4 12 21 41 28.680  6.8   1
       53  27.930534   85.442440    12.924   -10221.4     3443.8       53.9     44.0     56.9     51.3 2023  4 12 21 46 33.340  6.3   1
       54  27.913617   85.549308    13.389      298.7     1569.1      518.9     50.5     46.5     31.2 2023  4 12 21 49 55.360  5.7   1
       55  27.911574   85.459163    11.728    -8576.1     1342.7    -1142.1     24.1     30.5     30.9 2023  4 12 22  2 13.820  6.5   1
       56  27.903540   85.464404    11.194    -8060.1      452.3    -1675.9     17.9     25.8     19.3 2023  4 12 22 33 39.040  6.5   1
       57  27.892855   85.474463    11.571    -7069.7     -731.9    -1299.0     34.0     30.0     34.2 2023  4 12 23  2 10.440  6.1   1
       58  27.908091   85.487191    12.448    -5816.7      956.7     -422.2     22.0     24.6     19.3 2023  4 12 23  4  9.980  6.1   1
       59  27.891943   85.476888    11.744    -6831.7     -832.9    -1126.0     31.7     28.0     31.5 2023  4 12 23  6 22.340  7.5   1
       60  27.958215   85.531608    11.514    -1443.5     6511.2    -1355.6     57.4     57.5     40.1 2023  4 13  0 19  6.690  6.0   1
       61  27.904407   85.512777    11.878    -3297.7      548.4     -992.0     49.4     57.5     32.9 2023  4 13  4 13 48.830  6.7   1
       62  27.874392   85.586507    13.477     3961.5    -2778.0      606.8     65.7     45.8     27.2 2023  4 13  5 40 43.590  6.3   1
       63  27.909755   85.616626    14.710     6926.6     1141.1     1840.4     30.8     45.0     16.4 2023  4 13 11 30 29.560  6.3   1
       64  27.943138   85.451717    13.216    -9307.2     4840.4      346.3     42.5     47.5     45.0 2023  4 13 11 51 25.660  6.9   1
       65  27.939561   85.575423    12.651     2869.2     4444.1     -218.5     49.5     49.1     23.7 2023  4 13 12 31 34.130  6.4   1
       66  27.895079   85.578263    13.684     3150.0     -485.5      814.5     32.5     28.2     17.0 2023  4 13 13  5 13.540  6.4   1
       67  27.945099   85.528320    11.070    -1767.4     5057.8    -1799.7     51.9     58.2     38.9 2023  4 13 13 30 17.290  6.7   1
       68  27.914284   85.561385    13.913     1487.5     1642.9     1043.3     36.6     37.7     19.9 2023  4 13 13 34 28.330  6.5   1
       70  27.939535   85.569873    12.871     2323.2     4441.2        0.9     43.0     47.3     18.1 2023  4 13 14 19  5.860  6.4   1
       71  27.939726   85.569564    12.880     2292.4     4462.2        9.6     42.1     46.9     17.9 2023  4 13 14 24  8.130  6.7   1
       72  27.894167   85.543058    13.185     -316.4     -586.4      315.3     21.7     22.4     14.6 2023  4 13 14 43 47.010  6.1   1
       73  27.939687   85.567806    12.810     2119.8     4458.1      -60.2     40.7     47.2     19.1 2023  4 13 14 50 20.320  6.3   1
       74  27.881195   85.565853    13.668     1927.6    -2024.0      798.3     29.3     26.6     21.7 2023  4 13 16 12 57.650  5.9   1
       75  27.875494   85.656193    13.790    10823.0    -2655.7      920.4     33.2     28.7     20.2 2023  4 13 21  0 51.360  6.1   1
       76  27.935935   85.542627    12.363     -358.6     4042.2     -507.2     31.6     49.8     16.7 2023  4 13 22 12 10.880  6.1   1
       77  27.903674   85.540503    13.180     -567.8      467.2      309.8     39.1     30.1     20.7 2023  4 13 22 13 20.120  6.2   1
       78  27.892989   85.520296    12.515    -2557.8     -717.1     -354.7     27.7     22.4     14.9 2023  4 13 22 23 45.100  6.0   1
       79  27.914010   85.547233    13.883       94.5     1612.5     1012.9     46.6     38.3     28.4 2023  4 13 22 33 32.120  6.0   1
       80  27.875798   85.655737    13.902    10778.0    -2622.1     1032.1     33.7     26.3     20.7 2023  4 13 23  9 25.040  6.1   1
       81  27.887142   85.494604    11.807    -5087.0    -1364.9    -1063.5     31.0     23.6     27.7 2023  4 13 23 30 46.280  6.1   1
       82  27.917358   85.569027    15.268     2240.3     1983.7     2398.5     28.5     35.9     16.3 2023  4 14  1  4 16.660  7.0   1
       83  27.917452   85.570133    15.308     2348.8     1993.9     2437.6     32.9     37.6     18.9 2023  4 14  1 17  3.610  6.3   1
       84  27.925368   85.559619    15.503     1314.0     2871.2     2632.6     73.8     43.9     28.2 2023  4 14  6 16  6.440  6.7   1
       85  27.855772   85.660067    14.038    11205.7    -4841.3     1168.5     44.7     40.8     32.2 2023  4 14 10 13 58.570  8.2   1
       86  27.904244   85.486662    12.410    -5868.4      530.3     -459.5     20.1     24.0     20.3 2023  4 14 11 40 42.620  6.5   1
       87  27.904336   85.576335    14.892     2959.6      540.4     2022.4     60.8     37.1     25.8 2023  4 14 11 45 55.780  6.7   1
       88  27.888304   85.505876    12.057    -3977.0    -1236.1     -813.3     28.5     16.4     19.5 2023  4 14 12 30 42.210  7.5   1
       89  27.889028   85.580786    13.882     3397.8    -1156.0     1011.7     46.1     34.6     14.8 2023  4 14 13 49 39.330  6.2   1
       90  27.895831   85.508960    11.066    -3673.5     -402.0    -1803.7     34.8     30.5     28.5 2023  4 14 14 19 13.150  6.1   1
       91  27.845837   85.715275    13.690    16643.0    -5942.3      820.2     51.8     47.8     49.8 2023  4 14 14 41 16.500  6.2   1
       92  27.829690   85.669230    13.935    12109.3    -7731.7     1064.7     41.4     32.8     31.3 2023  4 14 14 59 40.870  6.4   1
       93  27.829270   85.669857    13.995    12171.2    -7778.1     1124.7     43.7     35.1     32.6 2023  4 14 15  6 29.010  6.1   1
       94  27.883679   85.643669    16.662     9589.2    -1748.7     3792.2     74.5     68.9     48.3 2023  4 14 15 15 30.140  6.7   1
       95  27.890979   85.665552    15.195    11743.5     -939.7     2325.2     29.1     25.7     18.9 2023  4 14 16 19 15.160  7.1   1
       96  27.949115   85.443970    12.993   -10070.1     5502.7      123.0     44.6     46.5     45.5 2023  4 14 16 33  8.790  6.5   1
       97  27.928371   85.655973    13.565    10798.9     3203.9      694.9     51.1     64.8     38.9 2023  4 14 17  7 56.480  6.2   1
       98  27.910726   85.604370    16.860     5719.6     1248.5     3990.5     44.4     48.7     15.8 2023  4 14 17  8 24.680  6.9   1
       99  27.903151   85.531673    13.094    -1437.0      409.2      224.1     37.3     30.5     20.6 2023  4 14 17 22 16.920  6.0   1
      100  27.930880   85.452124    12.015    -9267.9     3481.9     -855.5     32.1     31.8     37.9 2023  4 14 17 45 24.600  6.1   1
      101  27.930670   85.451847    11.685    -9295.3     3458.8    -1183.9     23.1     25.6     25.6 2023  4 14 17 47 37.340  6.6   1
      102  27.930550   85.451538    11.607    -9325.3     3445.5    -1262.6     24.4     24.7     26.2 2023  4 14 17 53  8.060  6.7   1
      103  27.930554   85.451807    11.667    -9299.1     3445.9    -1203.1     23.9     24.7     24.2 2023  4 14 17 57  6.240  6.9   1
      104  27.930491   85.451465    11.682    -9332.5     3438.9    -1187.8     21.7     28.1     19.8 2023  4 14 17 58 36.600  6.6   1
      105  27.930558   85.451392    11.625    -9339.8     3446.3    -1245.1     23.7     25.4     25.8 2023  4 14 18  8  8.680  6.9   1
      106  27.930216   85.451261    11.618    -9353.1     3408.4    -1252.1     24.0     24.3     25.9 2023  4 14 18  8 42.420  6.5   1
      107  27.930296   85.528630    15.723    -1737.0     3417.3     2852.9     65.1     59.1     32.7 2023  4 14 18 34 47.560  6.2   1
      108  27.891815   85.476489    11.654    -6870.4     -847.0    -1215.7     33.7     28.6     32.3 2023  4 14 19  1 35.440  6.1   1
      109  27.930957   85.450212    12.437    -9456.4     3490.5     -433.4     58.6     61.2     65.3 2023  4 14 19 42  2.920  5.9   1
      110  27.907316   85.504769    12.509    -4085.9      870.7     -360.7     26.6     25.6     24.4 2023  4 14 19 45 34.200  6.2   1
      111  27.930416   85.451351    11.717    -9343.9     3430.6    -1153.3     24.0     25.5     24.2 2023  4 14 20 30 23.920  6.6   1
      112  27.931177   85.449984    11.992    -9478.6     3514.9     -877.9     29.2     27.3     33.9 2023  4 14 20 33  9.200  6.3   1
      113  27.880955   85.708073    14.550    15931.5    -2050.6     1680.2     23.5     38.0     23.4 2023  4 14 20 46 13.620  6.5   1
      114  27.873558   85.591406    13.869     4444.0    -2870.3      998.7     35.2     37.5     24.9 2023  4 14 21 27 13.240  5.9   1
      115  27.906771   85.499829    12.367    -4572.5      810.2     -502.5     26.6     29.4     28.0 2023  4 14 21 59 19.400  6.0   1
      116  27.883856   85.604924    13.549     5775.0    -1729.1      678.7     36.2     33.3     20.6 2023  4 14 22 43 54.000  6.2   1
      117  27.884379   85.605225    13.557     5804.6    -1671.1      687.5     35.9     32.6     17.8 2023  4 14 22 44 31.860  6.2   1
      118  27.888352   85.589250    10.630     4231.7    -1230.8    -2240.5     59.5     45.0     41.9 2023  4 14 22 51  6.840  6.3   1
      119  27.878156   85.555428    13.480      901.1    -2360.8      609.8     34.1     20.3     16.8 2023  4 14 23 20 26.020  6.1   1
      120  27.901772   85.498112    11.842    -4741.2      256.5    -1028.3     40.2     40.2     32.9 2023  4 14 23 53 34.780  5.9   1
      121  27.885168   85.563021    13.477     1649.4    -1583.7      607.0     63.4     39.1     20.6 2023  4 15  0 20 21.480  6.2   1
      122  27.930813   85.452686    11.846    -9212.7     3474.6    -1023.8     25.2     33.5     28.9 2023  4 15  1 10  2.600  6.3   1
      123  27.929769   85.456681    11.996    -8819.2     3358.8     -873.6     27.2     26.1     23.6 2023  4 15  1 13  4.520  6.6   1
      124  27.902037   85.512305    12.945    -3343.9      285.6       74.9     27.0     21.5     18.1 2023  4 15  9 46  8.170  7.0   1
      125  27.901447   85.510107    12.942    -3560.7      220.3       72.3     36.3     31.8     17.7 2023  4 15  9 48 34.310  6.7   1
      126  27.904917   85.520711    13.250    -2516.6      604.9      380.5     30.8     42.0     22.8 2023  4 15 13 48 50.300  6.5   1
      127  27.912972   85.542700    13.291     -352.0     1497.6      421.2     30.3     35.1     26.1 2023  4 15 15 11 10.730  6.9   1
      128  27.907176   85.478727    11.846    -6649.9      855.2    -1024.0     42.4     40.3     24.0 2023  4 15 18 21  5.800  6.0   1
      129  27.923063   85.502702    12.118    -4289.2     2615.8     -752.5     28.1     35.5     24.8 2023  4 15 18 51 42.620  6.4   1
      130  27.884292   85.503263    11.933    -4234.5    -1680.8     -936.8     27.0     18.1     20.5 2023  4 15 18 52 24.540  6.2   1
      131  27.884090   85.502523    12.098    -4307.7    -1703.1     -772.4     31.4     22.2     22.7 2023  4 15 18 53 22.580  6.1   1
      132  27.899925   85.541919    13.679     -429.0       51.6      808.6     56.3     33.8     26.0 2023  4 15 19 13 47.200  6.1   1
      133  27.866602   85.703662    13.852    15497.6    -3641.2      982.5     97.2    115.4     93.0 2023  4 15 19 34 39.640  6.2   1
      134  27.919511   85.446436    11.264    -9828.7     2222.1    -1606.4     28.3     36.0     35.5 2023  4 15 19 58 46.240  6.2   1
      135  27.881010   85.570964    13.225     2431.3    -2044.6      355.1     57.9     45.0     20.1 2023  4 15 20  4 21.160  5.8   1
      137  27.905233   85.467074    11.717    -7797.0      639.9    -1152.9     28.7     37.6     35.4 2023  4 15 20  9 37.000  6.1   1
      138  27.905920   85.464461    11.338    -8054.6      716.2    -1531.7     20.9     29.8     24.9 2023  4 15 20 10 52.780  5.9   1
      139  27.889050   85.572298    13.451     2562.3    -1153.5      580.8     28.8     24.6     18.5 2023  4 15 20 39 40.960  6.3   1
      140  27.912793   85.579777    14.280     3298.2     1477.7     1409.7     34.0     40.0     28.5 2023  4 15 21 16 39.500  5.8   1
      142  27.908673   85.502970    13.373    -4262.8     1021.1      503.3     28.9     34.8     22.9 2023  4 15 22 48  2.220  6.1   1
      143  27.917025   85.444474    11.652   -10021.8     1946.6    -1218.2     30.5     29.1     41.1 2023  4 15 23 20 28.160  6.1   1
      144  27.911971   85.661580    13.748    11351.5     1386.6      877.7     53.1     63.0     36.6 2023  4 15 23 22  1.100  6.2   1
      145  27.906598   85.453931    12.221    -9090.9      791.2     -649.4     40.5     44.8     43.5 2023  4 16  4 54  9.920  6.5   1
      147  27.885909   85.529818    12.621    -1620.3    -1501.6     -248.9     35.2     25.1     22.4 2023  4 16  5 55  6.500  6.7   1
      149  27.912103   85.585547    14.281     3866.8     1401.3     1410.7     37.6     38.7     25.7 2023  4 16 10 48 36.520  7.0   1
      150  27.888230   85.672388    13.828    12417.0    -1244.3      958.5     64.8     61.7     51.8 2023  4 16 13 20 24.710  6.7   1
      151  27.911517   85.594222    14.182     4720.5     1336.3     1311.6     34.0     44.7     19.5 2023  4 16 13 21 55.260  6.7   1
      152  27.895878   85.571029    14.061     2437.6     -396.7     1191.0     50.2     49.2     28.9 2023  4 16 13 58 33.090  6.4   1
      153  27.891146   85.523120    12.642    -2279.3     -921.1     -228.4     36.9     35.1     23.6 2023  4 16 14 54 28.690  6.0   1
      155  27.879008   85.557585    13.537     1113.6    -2266.4      667.4     25.9     20.5     20.9 2023  4 16 15 22 36.370  6.5   1
      156  27.916707   85.449561    11.371    -9521.2     1911.4    -1498.5     30.2     35.8     39.0 2023  4 16 15 46 35.650  6.2   1
      157  27.879240   85.560612    13.550     1411.7    -2240.7      679.7     74.2     33.7     21.7 2023  4 16 16  5 40.560  6.0   1
      158  27.879185   85.557593    13.541     1114.8    -2246.7      670.9     19.6     19.7     17.9 2023  4 16 16 51 34.090  6.8   1
      159  27.878654   85.557365    13.621     1092.2    -2305.4      751.2     48.8     47.9     22.5 2023  4 16 16 52  7.210  5.9   1
      160  27.835516   85.662882    12.920    11483.7    -7086.0       50.2     26.0     18.5     18.2 2023  4 16 17  3 56.540  6.8   1
      161  27.834666   85.663631    12.822    11558.1    -7180.2      -48.3     28.0     21.9     21.0 2023  4 16 17  4 50.000  6.2   1
      162  27.835258   85.662590    12.919    11455.2    -7114.7       49.2     25.1     16.8     19.6 2023  4 16 17  6 53.160  6.3   1
      163  27.834782   85.662337    12.882    11430.6    -7167.4       11.6     29.3     24.0     23.7 2023  4 16 17  7 20.480  6.2   1
      164  27.894887   85.677336    13.362    12904.1     -506.6      492.4     62.9     63.6     52.7 2023  4 16 17 19 26.280  7.4   1
      165  27.879313   85.557422    13.516     1097.6    -2232.5      646.2     29.9     21.6     16.1 2023  4 16 17 19 32.560  7.1   1
      166  27.881576   85.545133    13.238     -112.6    -1981.8      367.9     26.7     20.7     16.1 2023  4 16 17 32 32.900  6.2   1
      167  27.879454   85.557739    13.508     1129.2    -2217.1      638.2     21.0     20.4     16.8 2023  4 16 17 51  0.880  6.4   1
      168  27.894395   85.461133    12.313    -8382.8     -561.1     -557.2     34.5     36.7     37.1 2023  4 16 17 56 22.600  6.2   1
      169  27.878959   85.557072    13.521     1062.9    -2271.6      651.0     22.9     23.4     19.5 2023  4 16 18 31 59.700  6.3   1
      170  27.877132   85.573454    13.414     2676.5    -2474.2      544.2     39.5     30.3     21.0 2023  4 16 18 35  0.100  6.2   1
      171  27.901733   85.463908    11.573    -8109.2      252.0    -1296.5     28.2     34.7     33.0 2023  4 16 18 47 13.880  6.1   1
      172  27.884855   85.657340    14.259    10936.1    -1618.3     1388.7     27.7     17.0     13.0 2023  4 16 18 51 57.520  6.6   1
      173  27.917271   85.591235    16.832     4426.3     1973.9     3961.7     51.6     57.8     29.0 2023  4 16 19  7 49.520  5.9   1
      174  27.925684   85.564827    15.150     1826.4     2906.3     2280.2     48.6     38.8     22.4 2023  4 16 19 13 41.840  5.8   1
      175  27.881354   85.545223    13.226     -103.7    -2006.4      356.2     31.9     23.3     15.5 2023  4 16 19 16 48.400  6.1   1
      176  27.887299   85.550977    13.075      463.0    -1347.5      205.0     59.2     28.0     25.8 2023  4 16 19 39 25.960  5.9   1
      177  27.879392   85.557576    13.541     1113.3    -2223.8      671.3     18.5     19.1     16.9 2023  4 16 19 55  5.860  6.9   1
      178  27.882066   85.605859    13.442     5866.9    -1927.5      571.6     36.8     33.4     22.4 2023  4 16 20 18  9.640  6.2   1
      179  27.832729   85.631510    13.892     8394.4    -7394.7     1022.4     35.7     29.7     26.0 2023  4 16 20 21 39.440  6.1   1
      180  27.945123   85.494637    12.743    -5082.3     5060.5     -127.3     88.8     97.9     72.9 2023  4 16 21  8 39.680  6.6   1
      181  27.876261   85.580949    13.497     3414.0    -2570.6      626.9     36.0     33.2     19.5 2023  4 16 21 25 47.240  6.4   1
      182  27.893001   85.559733    13.382     1325.4     -715.7      512.1     28.6     24.5     14.0 2023  4 16 21 27 56.640  6.3   1
      183  27.927802   85.589648    14.958     4269.8     3141.0     2087.5    119.8    103.8     46.9 2023  4 16 21 45 28.760  5.8   1
      184  27.937705   85.535897    11.741    -1021.6     4238.3    -1128.7     38.1     49.3     25.2 2023  4 16 22  1 25.200  6.0   1
      185  27.879122   85.562109    13.328     1559.1    -2253.7      458.0     57.9     47.7     21.8 2023  4 16 22 12 42.800  5.7   1
      186  27.902838   85.540373    13.545     -581.2      374.6      675.4     37.6     29.7     23.2 2023  4 16 22 39  4.380  5.9   1
      187  27.919963   85.474683    12.142    -7047.8     2272.3     -728.2     31.3     39.1     37.7 2023  4 17  0 36 13.510  6.7   1
      188  27.887172   85.640796    13.500     9306.3    -1361.4      630.5     50.7     42.3     30.8 2023  4 17  1 18 21.120  6.4   1
      189  27.895372   85.553564    13.553      717.6     -453.0      682.9     27.9     27.9     15.5 2023  4 17  1 33 17.840  6.5   1
      190  27.851158   85.666219    13.783    11811.5    -5352.6      912.8     50.2     42.8     36.3 2023  4 17  1 43 46.420  6.5   1
      191  27.914060   85.451709    11.294    -9309.6     1618.0    -1576.4     30.7     35.3     38.7 2023  4 17  2 33 39.470  6.7   1
      192  27.922158   85.446151    12.021    -9856.5     2515.4     -848.7     28.6     33.1     39.9 2023  4 17  4 47 35.050  6.8   1
      193  27.923081   85.473641    11.795    -7150.0     2617.7    -1075.3     34.1     44.0     35.3 2023  4 17  7 50  4.550  6.5   1
      194  27.920473   85.476318    12.243    -6886.6     2328.7     -627.2     32.1     41.4     34.3 2023  4 17  7 51 12.570  6.6   1
      196  27.882045   85.618538    14.172     7115.4    -1929.7     1302.0     43.3     29.7     22.2 2023  4 17  9 35 43.380  6.6   1
      197  27.927384   85.537866    13.166     -827.2     3094.6      296.0     68.7     65.5     36.7 2023  4 17  9 50 57.550  6.7   1
      198  27.883704   85.544678    13.296     -156.8    -1745.9      425.8     23.8     21.9     20.1 2023  4 17 11 34 12.840  6.4   1
      199  27.900539   85.530640    15.797    -1539.1      119.8     2926.9     63.3     72.9     48.1 2023  4 17 12 41 34.990  6.8   1
      200  27.916978   85.570752    15.108     2409.7     1941.4     2238.0     35.7     37.0     20.4 2023  4 17 13 57 12.510  6.5   1
      201  27.906632   85.498112    12.915    -4741.3      794.9       45.3     22.3     22.1     19.2 2023  4 17 14 15 43.240  7.1   1
      202  27.917466   85.568205    15.055     2159.0     1995.5     2185.2     36.6     36.1     19.2 2023  4 17 14 24 53.370  6.2   1
      203  27.916681   85.569002    15.041     2237.4     1908.6     2171.5     28.5     35.8     18.1 2023  4 17 14 37  1.600  6.4   1
      204  27.906523   85.498234    12.961    -4729.4      782.8       91.0     25.7     25.1     19.7 2023  4 17 15  0 12.590  6.8   1
      205  27.891418   85.484863    11.859    -6045.9     -891.1    -1010.5     32.3     27.8     32.1 2023  4 17 15 27 27.610  6.3   1
      206  27.890141   85.525513    12.739    -2044.3    -1032.5     -131.0     29.9     21.4     16.0 2023  4 17 15 45 38.990  6.0   1
      207  27.901670   85.647778    14.712     9993.5      245.1     1842.3     38.7     36.5     25.5 2023  4 17 16 29 17.960  6.2   1
      208  27.885984   85.559847    13.407     1336.5    -1493.2      536.9     30.7     30.8     23.1 2023  4 17 17 10  2.900  5.9   1
      209  27.883769   85.544840    13.133     -140.7    -1738.7      262.8     20.2     17.8     14.7 2023  4 17 17 20 24.400  6.8   1
      210  27.883986   85.551481    13.170      512.7    -1714.6      300.5     25.9     31.6     18.9 2023  4 17 18 19 15.400  6.1   1
      211  27.920213   85.476489    12.174    -6869.8     2299.8     -696.1     34.7     40.5     35.5 2023  4 17 18 34  2.260  6.0   1
      212  27.907347   85.488460    12.172    -5691.4      874.0     -698.0     46.8     41.4     32.1 2023  4 17 19 41  8.920  5.8   1
      213  27.883368   85.545190    13.150     -106.2    -1783.2      280.4     18.6     17.5     15.3 2023  4 17 20  9 49.560  6.7   1
      215  27.957013   85.554248    13.325      785.2     6377.9      454.9    110.9     88.0     45.4 2023  4 17 21 32 38.920  6.0   1
      216  27.901955   85.544377    13.227     -186.4      276.5      356.7     41.4     31.9     23.9 2023  4 17 21 47 33.380  6.0   1
      217  27.882640   85.551619    13.364      526.6    -1863.8      494.4     32.0     21.1     16.0 2023  4 17 21 57 28.680  5.8   1
      218  27.890751   85.563615    13.442     1707.6     -965.0      571.8     54.9     38.0     44.9 2023  4 17 22  6 50.700  5.9   1
      219  27.883645   85.545776    13.105      -48.7    -1752.6      234.9     16.8     18.9     15.4 2023  4 17 22 39 38.400  6.2   1
      220  27.897123   85.531795    13.552    -1425.3     -258.8      682.3     90.5     56.0     71.9 2023  4 17 23 20 47.800  6.0   1
      221  27.887520   85.533781    12.858    -1229.7    -1323.0      -11.8     43.6     31.0     23.5 2023  4 18  0 42 35.370  6.1   1
      222  27.901914   85.462337    11.077    -8263.5      272.1    -1792.8     20.5     25.4     19.8 2023  4 18  1  8 52.530  6.4   1
      223  27.883757   85.545117    13.167     -113.7    -1740.1      297.3     19.4     17.5     14.8 2023  4 18  1 34 29.350  7.6   1
      226  27.883828   85.545003    13.185     -124.8    -1732.2      315.3     26.1     20.6     16.9 2023  4 18 13 21 44.470  6.6   1
      227  27.883805   85.544149    13.002     -209.0    -1734.7      132.1     40.4     19.9     18.4 2023  4 18 13 31 52.540  6.6   1
      228  27.872677   85.592098    13.168     4512.2    -2967.9      298.3     34.1     30.0     21.6 2023  4 18 15 33 21.490  6.2   1
      229  27.894639   85.462476    12.284    -8250.0     -534.2     -584.6     31.9     39.0     32.0 2023  4 18 17  1 16.360  6.3   1
      230  27.896053   85.501506    12.341    -4407.7     -377.5     -529.0     23.6     21.7     18.5 2023  4 18 17 37 42.180  6.5   1
      231  27.906789   85.460669    11.598    -8428.0      812.2    -1271.7     25.6     34.5     31.5 2023  4 18 17 49 31.740  6.2   1
      232  27.908120   85.461027    11.621    -8392.2      959.7    -1248.8     25.4     32.6     28.6 2023  4 18 18  3 57.320  6.1   1
      233  27.920862   85.473258    11.879    -7188.1     2371.8     -991.0     21.2     38.2     21.9 2023  4 18 18  5 24.720  8.1   1
      234  27.920945   85.473071    11.805    -7206.1     2381.1    -1065.2     23.5     38.8     22.4 2023  4 18 18 33 59.180  6.5   1
      235  27.876137   85.577954    13.575     3119.7    -2584.5      704.8     32.9     27.4     19.9 2023  4 18 18 46 43.160  6.7   1
      236  27.885763   85.546696    13.112       41.3    -1517.7      241.6     31.6     21.2     15.0 2023  4 18 19 38 39.640  5.9   1
      237  27.884011   85.654150    13.371    10621.4    -1711.8      501.1     27.4     27.9     16.6 2023  4 18 20 20 56.800  6.1   1
      238  27.884401   85.654655    13.379    10671.5    -1668.7      508.7     24.7     13.5     12.3 2023  4 18 20 24 33.760  6.6   1
      239  27.884338   85.654663    13.379    10672.1    -1675.6      509.3     25.0     12.4     13.8 2023  4 18 20 25 56.800  6.8   1
      240  27.883781   85.656112    13.178    10814.7    -1737.4      308.0     26.8     27.3     18.4 2023  4 18 20 27 38.880  6.1   1
      241  27.894845   85.512370    11.053    -3338.3     -511.2    -1816.5     41.5     35.1     46.7 2023  4 18 21  1 21.840  5.9   1
      242  27.920815   85.538957    15.372     -720.4     2366.6     2501.8     38.3     38.6     25.0 2023  4 18 21 15 25.040  6.1   1
      243  27.895367   85.512248    15.933    -3350.3     -453.5     3062.7     28.5     31.8     18.0 2023  4 18 21 24 57.760  6.5   1
      244  27.895579   85.541748    13.833     -445.3     -430.0      963.4     48.4     32.9     24.3 2023  4 18 21 34 44.200  6.0   1
      245  27.887604   85.532609    12.768    -1345.0    -1313.8     -101.9     31.8     27.3     19.8 2023  4 18 22 15 11.540  5.8   1
      246  27.890434   85.517879    12.442    -2795.6    -1000.2     -427.7     29.6     18.9     19.5 2023  4 18 22 29 22.440  6.2   1
      247  27.891140   85.516349    12.283    -2945.8     -921.8     -587.1     32.1     24.4     22.5 2023  4 18 22 34 42.460  6.1   1
      248  27.890009   85.517106    12.429    -2871.4    -1047.2     -441.3     37.2     23.9     20.0 2023  4 18 22 34 56.860  5.7   1
      249  27.900022   85.526579    13.096    -1938.9       62.4      226.1     28.9     29.0     22.3 2023  4 18 23  6 58.440  6.4   1
      250  27.917704   85.470866    11.122    -7423.8     2022.0    -1748.1     75.7     49.0     81.4 2023  4 18 23 35 27.520  6.1   1
      251  27.889614   85.517920    12.451    -2791.4    -1091.0     -418.5     32.5     36.5     30.1 2023  4 18 23 46 23.040  6.0   1
      252  27.923783   85.504061     7.460    -4155.8     2695.6    -5409.7     21.8     24.2     17.9 2023  4 19  0 14 48.660  6.6   1
      253  27.890509   85.534684    13.532    -1141.1     -991.7      661.9     41.6     35.6     26.2 2023  4 19  1 29 13.610  6.4   1
      254  27.905025   85.530029    13.245    -1598.8      616.8      375.1     45.6     52.0     30.1 2023  4 19  1 35 15.890  6.6   1
      255  27.886603   85.601978    13.948     5484.4    -1424.6     1078.1     38.0     31.4     20.1 2023  4 19  4 57 17.470  6.4   1
      256  27.886385   85.604338    13.819     5717.2    -1448.7      949.5     37.0     29.0     16.6 2023  4 19  4 59 54.290  6.7   1
      257  27.916638   85.523568    13.315    -2235.4     1903.8      444.9     62.9     66.9     41.1 2023  4 19  5  4 40.140  6.3   1
      258  27.928137   85.529940    12.715    -1607.6     3178.0     -155.0     34.5     46.5     24.4 2023  4 19  5  6 42.840  6.4   1
      259  27.928630   85.529867    12.389    -1615.0     3232.7     -480.7     27.0     49.8     20.5 2023  4 19  5 15 43.570  6.4   1
      260  27.926349   85.526847    12.166    -1912.0     2979.8     -704.0     43.6     52.8     27.2 2023  4 19  5 17 33.270  6.2   1
      261  27.928699   85.529492    12.365    -1652.1     3240.3     -505.1     30.5     46.7     21.0 2023  4 19  5 19 33.900  7.6   1
      262  27.915367   85.552563    15.454      619.6     1762.8     2583.9     48.3     38.5     29.1 2023  4 19 15 35  0.000  7.4   1
      263  27.923201   85.532959    14.186    -1310.5     2631.2     1316.5     39.2     59.1     21.0 2023  4 19 17 15 46.980  6.2   1
      264  27.878029   85.550187    13.541      385.3    -2374.8      671.0     56.5     36.1     23.3 2023  4 19 18  6 18.880  6.0   1
      265  27.902871   85.456681    13.007    -8820.2      378.0      138.0     34.7     47.3     42.9 2023  4 19 18  7 51.160  6.5   1
      266  27.904704   85.481632    12.238    -6363.9      581.3     -632.3     30.5     26.5     33.3 2023  4 19 18 23 38.640  6.2   1
      267  27.903988   85.482935    12.275    -6235.5      501.8     -595.3     17.5     23.5     11.5 2023  4 19 18 38 33.480  6.5   1
      268  27.904441   85.482137    12.222    -6314.4      552.2     -648.1     22.4     27.6     14.3 2023  4 19 18 39  0.320  6.1   1
      269  27.903902   85.482666    12.289    -6262.1      492.4     -580.8     17.2     24.2     12.7 2023  4 19 18 47 28.520  6.3   1
      270  27.903947   85.482520    12.258    -6276.7      497.4     -611.6     16.0     24.0     11.7 2023  4 19 18 48 40.460  6.8   1
      271  27.903829   85.483333    12.408    -6196.3      484.4     -462.3     18.7     24.0     19.6 2023  4 19 18 49 26.480  6.3   1
      272  27.904451   85.485360    12.590    -5997.3      553.3     -280.3     40.5     42.4     18.7 2023  4 19 19  5 31.760  5.8   1
      273  27.904862   85.481478    12.373    -6378.8      598.7     -496.6     39.0     28.8     24.3 2023  4 19 19  5 40.720  6.1   1
      274  27.902403   85.483577    12.493    -6172.3      326.2     -376.8     33.6     37.2     30.1 2023  4 19 19 16 43.560  6.0   1
      275  27.904388   85.482731    12.318    -6256.0      546.3     -552.1     19.2     25.1     19.1 2023  4 19 19 22 48.200  5.9   1
      276  27.904470   85.481901    12.364    -6337.4      555.3     -506.0     22.5     24.9     19.3 2023  4 19 19 28 14.240  6.0   1
      277  27.904041   85.482308    12.235    -6297.8      507.8     -634.7     18.8     24.1     22.0 2023  4 19 19 30 38.040  7.1   1
      278  27.904100   85.482007    12.333    -6326.8      514.3     -536.8     39.1     29.2     24.2 2023  4 19 19 32 47.480  6.0   1
      279  27.904710   85.482300    12.277    -6298.4      582.0     -593.2     19.0     24.6     17.4 2023  4 19 19 38  0.600  6.1   1
      280  27.903308   85.483073    12.268    -6222.2      426.7     -601.8     16.8     23.7     18.2 2023  4 19 19 39 33.660  6.0   1
      281  27.904071   85.482861    12.335    -6243.0      511.2     -534.7     18.2     24.6     18.6 2023  4 19 19 49 32.560  6.0   1
      282  27.900734   85.546606    13.675       32.7      141.5      805.2     28.0     29.7     18.0 2023  4 19 20 18 53.280  7.2   1
      283  27.904026   85.481958    12.210    -6331.6      506.2     -659.6     20.6     23.7     23.4 2023  4 19 20 24  8.160  7.4   1
      284  27.905009   85.481877    12.226    -6339.6      615.1     -644.4     28.5     27.9     21.1 2023  4 19 20 27  2.640  6.0   1
      285  27.904030   85.483333    12.296    -6196.2      506.7     -573.7     27.7     28.5     17.2 2023  4 19 20 39 34.220  6.6   1
      286  27.905522   85.480371    12.198    -6488.3      671.9     -671.5     37.3     32.9     24.5 2023  4 19 20 40 55.380  6.0   1
      287  27.934084   85.451717    14.315    -9307.6     3837.1     1445.0     60.6     78.2     55.6 2023  4 19 21 20 36.280  6.3   1
      288  27.879407   85.589006    13.733     4207.7    -2222.1      863.2     46.6     53.7     46.2 2023  4 19 21 27  2.840  5.8   1
      289  27.903892   85.482267    12.280    -6301.7      491.2     -589.8     16.2     23.6     17.8 2023  4 19 21 46 59.520  7.3   1
      290  27.904521   85.483057    12.325    -6223.6      561.0     -544.6     19.2     26.1     16.5 2023  4 19 23 42 23.720  6.3   1
      291  27.906222   85.560701    13.731     1420.9      749.4      861.1     33.4     28.2     23.8 2023  4 20  0 12 13.920  6.7   1
      292  27.886493   85.516976    12.755    -2884.9    -1436.8     -114.8     50.9     44.2     39.3 2023  4 20  0 46 30.190  6.2   1
      293  27.904020   85.483813    12.399    -6149.0      505.5     -471.2     26.6     24.9     24.8 2023  4 20  0 55 10.060  6.1   1
      294  27.904783   85.489014    12.012    -5637.1      590.1     -857.8     22.5     34.0     22.8 2023  4 20 12 56  6.770  6.5   1
      295  27.927393   85.506315     6.511    -3933.2     3095.5    -6358.9     20.7     22.5     17.5 2023  4 20 16 14 12.370  6.6   1
      296  27.875598   85.597624    13.776     5056.3    -2644.3      905.9     36.5     33.1     20.9 2023  4 20 16 27 58.010  6.2   1
      297  27.911066   85.595955    14.847     4891.5     1286.2     1977.1     39.1     53.8     20.9 2023  4 20 16 58 28.260  6.2   1
      298  27.926953   85.506120     6.495    -3953.0     3046.8    -6375.0     32.8     23.2     24.2 2023  4 20 17  5 31.360  6.3   1
      299  27.903149   85.457471    11.932    -8742.7      409.0     -937.5     49.5     52.7     42.2 2023  4 20 17 28 10.920  5.8   1
      300  27.871598   85.556429    13.235     1000.1    -3087.6      365.4     45.5     31.9     20.8 2023  4 20 17 36 45.200  6.1   1
      301  27.871480   85.557625    13.225     1117.9    -3100.6      355.1     29.3     24.6     19.2 2023  4 20 17 52  8.220  6.2   1
      302  27.906639   85.481519    12.290    -6375.3      795.6     -579.7     15.4     23.6     13.1 2023  4 20 17 54 55.680  6.6   1
      303  27.893221   85.544100    13.465     -214.3     -691.2      595.2     78.3     53.9     40.9 2023  4 20 18 47 22.200  6.2   1
      304  27.907379   85.506038    12.839    -3960.9      877.8      -31.4     23.4     31.2     18.4 2023  4 20 19 24 31.720  6.0   1
      305  27.911995   85.602930    16.843     5578.1     1389.3     3972.9     44.1     49.7     18.6 2023  4 20 19 47  1.960  6.3   1
      306  27.885111   85.546810    13.070       52.8    -1589.9      200.1     34.8     26.6     18.2 2023  4 20 20  7 44.000  5.7   1
      307  27.927545   85.505778     6.481    -3986.5     3112.4    -6388.7     20.1     22.8     17.8 2023  4 20 20 22 19.460  6.0   1
      308  27.907933   85.487703    12.724    -5766.3      938.9     -146.0     51.1     53.7     39.0 2023  4 20 20 29 51.360  5.9   1
      309  27.882446   85.546159    13.119      -11.1    -1885.2      248.6     35.7     26.4     16.5 2023  4 20 20 55 43.980  5.8   1
      310  27.882607   85.546647    13.011       37.1    -1867.6      141.5     21.2     20.9     16.2 2023  4 20 20 56 17.100  5.8   1
      311  27.916886   85.649129    14.828    10125.9     1931.2     1957.8     40.2     39.3     26.1 2023  4 20 20 57  9.800  7.2   1
      312  27.913940   85.580086    14.175     3329.2     1604.8     1305.1     28.1     36.4     23.2 2023  4 20 21 16 26.320  6.6   1
      313  27.917261   85.647705    15.137     9985.5     1972.7     2266.9     39.6     40.8     22.6 2023  4 20 21 22 44.700  6.1   1
      314  27.830294   85.615202    13.716     6788.5    -7664.6      846.2     74.8     63.5     34.1 2023  4 20 21 24 47.300  6.1   1
      315  27.820858   85.682031    14.711    13370.8    -8710.4     1840.5     52.5     47.6     38.6 2023  4 20 21 35 15.120  6.2   1
      316  27.891913   85.476497    11.681    -6869.6     -836.2    -1188.7     35.5     29.4     42.2 2023  4 20 21 40 14.640  5.8   1
      317  27.903137   85.483219    12.152    -6207.9      407.6     -718.0     30.9     31.3     19.5 2023  4 21  5 35 35.850  6.5   1
      318  27.883724   85.544914    13.146     -133.7    -1743.7      276.1     19.4     17.8     14.8 2023  4 21  7 51 29.200  8.0   1
      319  27.923442   85.459009    11.407    -8590.1     2657.7    -1462.5     19.3     26.2     17.4 2023  4 21 14 19 56.400  6.8   1
      321  27.890098   85.585400    13.571     3852.7    -1037.3      700.7     35.4     29.4     21.5 2023  4 21 15 10 10.830  6.1   1
      322  27.913562   85.551440    13.895      508.3     1562.8     1025.0     92.2     72.4     56.7 2023  4 21 15 18 58.300  6.1   1
      323  27.927698   85.506600     6.521    -3905.2     3129.3    -6348.5     20.3     23.6     18.4 2023  4 21 16  9 41.940  6.4   1
      324  27.892135   85.685579    14.710    13716.0     -811.7     1840.0     64.5     56.1     57.2 2023  4 21 16 36 50.220  6.5   1
      325  27.927972   85.506396     6.507    -3925.1     3159.8    -6363.0     20.7     23.1     20.4 2023  4 21 18 39 33.960  6.1   1
      326  27.878741   85.585132    13.036     3826.0    -2295.8      165.8     32.6     28.1     21.2 2023  4 21 19  6 53.860  5.9   1
      327  27.902325   85.465885    11.230    -7914.6      317.7    -1639.5     27.9     31.0     34.0 2023  4 21 19 13 38.660  6.1   1
      328  27.896157   85.601058    13.673     5393.8     -365.9      802.6     34.7     33.2     22.5 2023  4 21 19 18 15.960  6.3   1
      329  27.884123   85.557869    13.463     1141.9    -1699.6      593.4     31.3     25.2     19.3 2023  4 21 19 46 55.000  6.2   1
      330  27.876780   85.568132    13.405     2152.0    -2513.2      534.6     44.7     40.2     21.9 2023  4 21 20 34 28.240  6.3   1
      331  27.877625   85.567440    13.357     2083.8    -2419.6      487.2     26.8     22.8     19.0 2023  4 21 20 36 25.220  6.3   1
      332  27.877350   85.567497    13.349     2089.9    -2450.2      478.8     26.1     22.3     19.4 2023  4 21 20 37 55.240  6.4   1
      333  27.877458   85.566585    13.382     2000.3    -2438.0      512.2     45.0     34.2     20.6 2023  4 21 20 39 31.680  5.8   1
      334  27.877527   85.567310    13.330     2071.3    -2430.5      459.7     23.8     21.5     19.3 2023  4 21 20 40 38.960  6.3   1
      335  27.876986   85.569255    13.604     2262.7    -2490.4      733.6     39.2     30.0     24.9 2023  4 21 21 38 25.120  5.9   1
      336  27.901499   85.465633    11.794    -7939.4      226.0    -1076.0     29.4     32.2     34.3 2023  4 21 21 42 52.740  5.9   1
      337  27.884939   85.546777    13.119       49.7    -1609.1      248.9     29.6     18.5     16.6 2023  4 21 21 50 33.120  5.9   1
      338  27.926949   85.565552    15.097     1897.9     3046.4     2227.1     33.2     38.1     18.0 2023  4 21 22 29 45.240  7.0   1
      339  27.911629   85.456706    11.846    -8817.8     1348.7    -1023.7     25.4     35.7     37.1 2023  4 21 23 11 12.180  6.0   1
      340  27.912278   85.456128    12.017    -8874.2     1420.5     -853.4     31.9     33.4     34.2 2023  4 21 23 11 39.700  6.3   1
      341  27.912860   85.551799    14.351      544.1     1485.2     1481.0     56.0     47.4     52.6 2023  4 22  0 52 31.680  6.0   1
      342  27.885645   85.499316    12.019    -4623.0    -1530.9     -851.4     37.2     30.4     25.6 2023  4 22  3  3 27.330  6.7   1
      343  27.895799   85.651497    14.794    10359.6     -405.5     1924.1     28.4     31.4     21.7 2023  4 22  4 38 52.050  6.7   1
      344  27.882662   85.551270    13.161      491.7    -1861.3      291.3     26.9     22.5     16.2 2023  4 22  6 36 21.310  6.7   1
      345  27.923602   85.511084    12.389    -3464.3     2675.6     -480.9     25.0     29.7     20.2 2023  4 22  6 52 36.970  6.8   1
      346  27.925303   85.558236    15.330     1177.5     2864.1     2460.0     30.3     38.9     20.0 2023  4 22  7 54 54.000  7.3   1
      347  27.938139   85.552393    12.618      602.4     4286.4     -251.9     36.4     50.4     20.8 2023  4 22 11  2 42.190  7.0   1
      348  27.910897   85.614909     7.591     6757.0     1267.6    -5279.3    102.4     75.8     63.0 2023  4 22 15 14 49.790  6.5   1
      349  27.921828   85.470313    12.135    -7478.0     2479.0     -734.7     32.4     36.3     31.8 2023  4 22 17  1 40.600  6.0   1
      350  27.891142   85.526042    13.292    -1992.2     -921.8      421.6     56.0     35.8     44.8 2023  4 22 18  3 21.240  6.1   1
      351  27.887941   85.588249     9.789     4132.5    -1276.4    -3080.9     54.8     40.4     31.5 2023  4 22 18 20 58.520  6.1   1
      352  27.882355   85.567952    12.357     2134.9    -1895.5     -512.8     88.4     54.1     38.6 2023  4 22 19 21 35.600  6.2   1
      353  27.898132   85.515877    12.565    -2992.6     -147.0     -305.0     41.9     26.0     20.7 2023  4 22 19 22 12.740  5.7   1
      354  27.943125   85.544320    12.469     -192.6     4839.1     -400.8     43.0     51.1     22.5 2023  4 22 19 50 41.040  6.1   1
      355  27.882399   85.561654    12.446     1514.4    -1890.5     -424.0     38.3     28.7     19.2 2023  4 22 19 52 50.220  6.2   1
      356  27.917456   85.570841    15.017     2418.8     1994.5     2146.9     70.7     46.8     27.3 2023  4 22 20 14 47.640  5.8   1
      357  27.906291   85.461857    11.422    -8310.7      757.1    -1448.1     24.7     27.7     26.4 2023  4 22 20 19 17.520  6.1   1
      358  27.939939   85.541528    12.333     -467.4     4486.0     -536.8     43.5     51.1     33.9 2023  4 22 21 20  5.040  5.9   1
      359  27.897827   85.564860    13.137     1830.1     -180.9      267.4     32.6     25.3     17.3 2023  4 22 21 49  3.400  6.7   1
      360  27.921853   85.445036    14.434    -9965.7     2481.6     1564.2     91.6     81.6     83.9 2023  4 22 22 13 34.440  6.0   1
      361  27.927032   85.553866    15.186      747.5     3055.6     2316.4     34.8     39.6     22.6 2023  4 22 22 27 40.420  6.0   1
      362  27.891077   85.520190    12.486    -2567.8     -928.9     -384.0     32.8     21.4     19.8 2023  4 22 22 33 16.000  5.8   1
      363  27.889309   85.584212    15.087     3735.8    -1124.9     2216.8     60.4     43.7     22.8 2023  4 23  4  6 13.550  6.9   1
      364  27.910917   85.544214    14.316     -202.8     1269.9     1445.6     56.0     45.4     29.1 2023  4 23  4 52  1.780  6.7   1
      365  27.928577   85.518197    13.859    -2763.9     3226.8      988.8     46.6     51.1     32.0 2023  4 23  5 13 33.030  6.7   1
      366  27.948844   85.545190    12.499     -106.5     5472.8     -370.5     67.5     55.5     28.3 2023  4 23  5 40 16.990  6.5   1
      367  27.911226   85.503060    12.502    -4254.4     1304.0     -367.6     63.8     59.5     29.0 2023  4 23  6 10 51.330  6.6   1
      368  27.929622   85.519076    14.302    -2677.2     3342.7     1431.7     44.3     51.6     26.5 2023  4 23 11  7 46.970  7.3   1
      369  27.928699   85.520475    14.213    -2539.8     3240.2     1343.5     46.4     48.5     22.9 2023  4 23 17  0  8.840  6.4   1
      370  27.908592   85.498535    12.409    -4699.8     1012.2     -461.2     25.8     25.8     24.5 2023  4 23 17 42 41.920  6.2   1
      371  27.907829   85.497917    12.458    -4760.6      927.5     -412.1     22.1     30.2     19.6 2023  4 23 17 42 48.100  6.1   1
      372  27.928617   85.521200    14.181    -2467.8     3231.4     1311.2     28.0     49.4     19.8 2023  4 23 17 43  8.760  6.0   1
      375  27.880642   85.564478    13.093     1792.6    -2085.2      222.7     26.7     22.2     18.4 2023  4 23 20 41 44.160  5.9   1
      376  27.910720   85.485433    12.445    -5989.4     1248.0     -424.8     27.2     24.8     17.0 2023  4 23 21  0 47.680  6.9   1
      377  27.910421   85.484277    12.265    -6103.6     1214.7     -605.4     25.6     25.7     26.5 2023  4 23 21 25  1.800  6.1   1
      378  27.888295   85.523893    12.648    -2203.4    -1237.2     -222.2     27.6     24.9     16.0 2023  4 23 21 26 25.960  5.8   1
      379  27.910122   85.485278    12.618    -6005.0     1181.6     -251.6     19.4     26.0     13.4 2023  4 23 21 27 27.200  6.1   1
      380  27.924530   85.619735    15.309     7232.0     2778.2     2438.8     34.8     46.9     23.5 2023  4 23 21 56 48.700  6.6   1
      381  27.956390   85.544645    11.364     -160.4     6309.0    -1506.1     66.2     63.2     43.2 2023  4 23 22 30 16.320  6.0   1
      382  27.876103   85.590617    13.490     4366.7    -2588.3      619.6     27.1     26.9     17.8 2023  4 23 23 17 10.400  6.1   1
      384  27.891650   85.519010    12.538    -2684.0     -865.3     -332.3     27.5     20.0     23.0 2023  4 24  2  8 28.820  6.7   1
      385  27.891687   85.518547    12.521    -2730.1     -861.3     -348.8     34.5     37.2     27.7 2023  4 24  2  8 51.920  6.6   1
      386  27.894497   85.654818    14.856    10686.6     -549.9     1986.0     24.3     22.4     16.2 2023  4 24  2 45 43.730  6.7   1
      387  27.882007   85.551131    13.123      478.6    -1934.0      252.9     17.0     20.6     15.6 2023  4 24  3 18  9.070  6.2   1
      388  27.883207   85.551978    13.082      561.6    -1801.0      212.2     56.5     31.9     25.2 2023  4 24  3 22  2.730  6.5   1
      389  27.882461   85.551554    13.066      519.7    -1883.7      196.0     22.9     19.7     14.8 2023  4 24  3 35 12.680  6.6   1
      390  27.882076   85.551628    13.125      527.2    -1926.3      255.1     26.9     27.6     18.5 2023  4 24  3 38 25.330  6.3   1
      391  27.900352   85.498486    12.507    -4704.6       99.0     -362.8     26.5     20.5     20.4 2023  4 24 10 10  6.800  6.7   1
      392  27.887805   85.657756    12.630    10976.3    -1291.5     -240.4     32.1     24.5     22.2 2023  4 24 14 34 18.770  6.4   1
      393  27.886137   85.535490    13.118    -1061.4    -1476.3      247.7     33.6     27.3     24.6 2023  4 24 14 37 54.430  6.0   1
      394  27.890422   85.527905    12.182    -1808.5    -1001.5     -688.1     26.7     18.5     19.5 2023  4 24 17  0 48.300  6.2   1
      395  27.939136   85.500854    14.077    -4470.6     4396.9     1206.9     95.9    105.8     73.3 2023  4 24 17 54 20.040  6.2   1
      396  27.897793   85.561410    13.998     1490.0     -184.7     1128.4     45.6     29.5     17.0 2023  4 24 18 12 36.880  6.2   1
      397  27.920335   85.498226    11.930    -4729.6     2313.5     -940.3     27.8     39.0     29.3 2023  4 24 18 15 11.240  6.5   1
      398  27.836145   85.646631    14.940     9883.2    -7016.2     2070.2     91.3     84.4     95.0 2023  4 24 19 16 48.060  5.9   1
      399  27.895793   85.538623    13.463     -752.9     -406.4      592.9     39.6     31.1     20.2 2023  4 24 19 57 49.160  5.9   1
      402  27.901990   85.534977    12.356    -1112.1      280.6     -513.9     63.4    109.8     48.1 2023  4 24 20 51 49.220  5.9   1
      403  27.932395   85.456185    12.383    -8867.9     3649.8     -487.0     38.1     42.4     41.2 2023  4 24 21 49 31.760  6.2   1
      404  27.910234   85.481999    12.312    -6327.4     1194.1     -557.5     43.1     34.4     44.6 2023  4 24 22 37 45.800  5.7   1
      405  27.862579   85.632658    12.945     8506.3    -4086.8       75.5     42.3     39.5     43.7 2023  4 24 22 40 38.360  6.9   1
      406  27.946570   85.447607    12.451    -9711.6     5220.8     -419.2     42.5     49.1     41.1 2023  4 25  1 18 13.160  6.5   1
      407  27.886827   85.553988    13.332      759.8    -1399.8      462.4     45.4     38.4     26.4 2023  4 25  1 53 57.490  6.3   1
      408  27.887427   85.657520    12.677    10953.2    -1333.5     -193.4     32.5     32.3     20.8 2023  4 25  2 11 19.390  6.7   1
      410  27.913481   85.583773    14.976     3692.0     1553.9     2105.6     30.6     41.6     24.7 2023  4 25  7 37 13.850  6.9   1
      411  27.888678   85.640894    13.953     9316.0    -1194.6     1082.8     51.8     42.4     29.1 2023  4 25 10 57 11.090  6.7   1
      412  27.887630   85.519881    12.669    -2598.4    -1310.7     -200.9     32.7     41.3     22.0 2023  4 25 13 55 34.410  6.2   1
      413  27.888354   85.518009    12.674    -2783.1    -1230.5     -196.4     26.3     25.1     18.3 2023  4 25 14 12 47.310  6.4   1
      414  27.906602   85.463778    11.708    -8121.5      791.7    -1161.5     20.5     26.3     22.2 2023  4 25 14 44 17.230  7.3   1
      415  27.934985   85.521012    13.510    -2486.4     3937.0      640.0     29.0     51.7     19.0 2023  4 25 15  8 49.280  7.1   1
      416  27.896202   85.502979    12.183    -4262.3     -361.1     -686.6     24.6     19.5     20.9 2023  4 25 15 10 39.620  6.4   1
      417  27.889589   85.516829    12.748    -2898.8    -1093.7     -122.1     26.5     30.0     18.4 2023  4 25 15 11 57.930  6.0   1
      419  27.946718   85.527157    11.484    -1881.5     5237.2    -1385.5     51.4     59.8     38.2 2023  4 25 16 32 55.150  6.3   1
      421  27.896897   85.487378    12.402    -5798.2     -284.0     -468.4     29.4     42.5     31.3 2023  4 25 17 25 35.580  6.0   1
      422  27.906478   85.458577    11.943    -8633.8      777.8     -926.5     33.9     42.3     37.9 2023  4 25 17 49 41.920  6.0   1
      423  27.904930   85.569914    13.327     2327.3      606.2      457.3     45.5     33.1     21.9 2023  4 25 18 21 39.240  5.9   1
      424  27.903505   85.465633    11.234    -7938.8      448.4    -1636.2     15.9     24.0     16.9 2023  4 25 18 26  6.120  7.1   1
      425  27.907699   85.459294    11.867    -8562.9      913.1    -1003.1     35.2     41.6     33.3 2023  4 25 18 35 13.380  5.9   1
      426  27.909772   85.504224    12.532    -4140.0     1143.0     -337.6     28.6     33.3     18.2 2023  4 25 21 10 50.040  5.9   1
      427  27.857554   85.633236    13.584     8563.4    -4643.7      713.7     42.8     40.7     43.9 2023  4 25 21 21  1.320  5.8   1
      428  27.879008   85.578516    13.427     3174.6    -2266.2      557.4     70.5     44.9     27.3 2023  4 25 21 50 35.700  5.6   1
      429  27.879993   85.573356    13.309     2666.7    -2157.2      438.9     25.9     23.1     19.9 2023  4 25 21 51 42.600  6.5   1
      430  27.902631   85.462972    11.412    -8200.7      351.5    -1457.9     32.4     30.7     27.7 2023  4 25 22 16 20.940  5.9   1
      431  27.860042   85.714478    12.822    16563.4    -4368.0      -48.3     93.2    115.1     96.3 2023  4 25 22 26  7.080  6.3   1
      432  27.881915   85.558521    13.159     1205.8    -1944.1      289.2     30.1     21.8     19.5 2023  4 25 22 55 41.520  6.0   1
      433  27.842893   85.702620    12.003    15397.3    -6268.5     -867.0     44.6     50.4     45.9 2023  4 25 23 45 41.200  6.7   1
      434  27.900696   85.584578    14.101     3771.5      137.0     1231.1     39.7     28.9     17.6 2023  4 26  0 22 24.120  6.5   1
      435  27.901119   85.584220    14.162     3736.4      183.9     1292.5     45.1     35.2     21.6 2023  4 26  0 24 17.750  6.4   1
      436  27.878560   85.577661    11.570     3090.8    -2315.8    -1299.9    114.8     80.8     66.0 2023  4 26  1 12 31.230  6.5   1
      437  27.896403   85.556274    13.732      984.6     -338.7      862.4     65.7     42.9     25.9 2023  4 26  4 16 11.430  6.1   1
      439  27.886890   85.591520     9.336     4454.8    -1392.9    -3534.4     45.2     45.0     31.2 2023  4 26  9 25 55.150  6.4   1
      440  27.884902   85.591219     9.335     4425.2    -1613.1    -3535.3     42.7     41.3     34.4 2023  4 26  9 26 28.560  6.8   1
      441  27.884585   85.623608    12.429     7614.4    -1648.4     -440.7     53.5     37.9     32.2 2023  4 26 10 24  9.200  7.2   1
      442  27.930111   85.531681    14.367    -1436.4     3396.9     1496.9     50.6     55.9     26.8 2023  4 26 12 39 37.840  6.4   1
      443  27.894694   85.510962    11.135    -3476.8     -528.1    -1734.9     32.5     26.9     31.6 2023  4 26 14 41  5.720  6.3   1
      444  27.898645   85.523820    13.214    -2210.5      -90.3      344.5     32.3     38.4     23.5 2023  4 26 15 33 17.770  5.9   1
      445  27.882192   85.553320    13.166      694.0    -1913.5      295.8     20.1     19.8     14.7 2023  4 26 16 40 57.930  6.3   1
      446  27.926697   85.564779    15.110     1821.9     3018.5     2239.7     32.8     39.0     18.0 2023  4 26 16 49 58.090  6.3   1
      447  27.894128   85.512533    11.253    -3321.6     -590.6    -1616.8     35.4     26.8     35.1 2023  4 26 17  4 16.420  6.0   1
      448  27.913259   85.456063    11.676    -8880.8     1529.3    -1193.9     24.9     34.4     27.4 2023  4 26 17 16  6.680  6.3   1
      449  27.888698   85.533927    12.910    -1215.4    -1192.5       40.0     31.9     25.8     20.6 2023  4 26 17 23 56.560  5.8   1
      450  27.897803   85.557642    12.709     1119.2     -183.5     -161.0     46.5     29.8     16.5 2023  4 26 17 47 24.520  6.1   1
      451  27.854010   85.646981    13.970     9917.1    -5036.6     1100.3     39.8     40.0     32.0 2023  4 26 18 39 50.840  7.0   1
      452  27.897131   85.558659    12.672     1219.1     -257.8     -197.8     30.8     26.6     15.7 2023  4 26 18 54 24.800  6.3   1
      453  27.888688   85.533350    12.928    -1272.8    -1193.7       57.8     27.0     28.2     22.8 2023  4 26 19 16 21.000  6.0   1
      454  27.913767   85.611475    15.161     6418.7     1585.6     2291.4     28.1     44.0     15.9 2023  4 26 19 23  6.440  6.4   1
      455  27.876227   85.711499    15.063    16268.6    -2574.6     2192.8     26.3     37.9     23.4 2023  4 26 19 25 51.240  6.6   1
      456  27.891227   85.532625    13.929    -1343.4     -912.2     1058.6     37.2     29.5     23.1 2023  4 26 19 41  4.360  6.8   1
      457  27.887349   85.517993    12.684    -2784.1    -1341.8     -186.2     39.5     33.2     21.1 2023  4 26 20 13 17.060  6.1   1
      458  27.886389   85.523625    13.058    -2229.9    -1448.3      188.5     59.8     46.6     22.4 2023  4 26 20 19 57.280  5.8   1
      459  27.886684   85.519661    12.832    -2620.3    -1415.7      -37.9     27.4     24.6     23.7 2023  4 26 20 30 24.200  6.5   1
      460  27.886652   85.518905    12.973    -2694.8    -1419.2      102.5     32.2     28.4     24.6 2023  4 26 20 36 16.960  6.1   1
      461  27.908018   85.535213    13.634    -1088.9      948.5      764.1     38.1     43.5     32.9 2023  4 26 20 40 25.600  5.9   1
      462  27.917932   85.459806    11.639    -8512.5     2047.2    -1230.7     30.5     47.0     39.9 2023  4 26 21 10 43.180  5.9   1
      463  27.877356   85.595378    14.206     4834.8    -2449.3     1336.1     35.4     41.1     22.2 2023  4 26 21 27 31.720  5.9   1
      464  27.911473   85.505949    14.162    -3970.0     1331.4     1291.6     43.2     50.1     33.0 2023  4 26 21 49 43.280  6.0   1
      465  27.900456   85.472835    11.510    -7230.1      110.5    -1359.7     24.9     23.1     14.4 2023  4 26 21 59 34.680  6.1   1
      466  27.926988   85.535490    13.514    -1061.8     3050.6      644.0     37.3     53.9     20.1 2023  4 26 22  2 51.960  6.1   1
      467  27.885307   85.629500    14.003     8194.6    -1568.3     1133.0     45.4     30.8     22.8 2023  4 26 22 33 53.220  6.3   1
      468  27.894617   85.511279    11.095    -3445.1     -536.6    -1775.0     27.6     24.4     25.6 2023  4 26 23  8 50.280  6.5   1
      469  27.890326   85.550871    13.241      452.8    -1012.2      371.1     23.0     20.9     13.9 2023  4 26 23 46 52.480  7.1   1
      470  27.890782   85.550863    13.278      452.2     -961.5      408.5     19.7     20.1     13.8 2023  4 26 23 48 28.320  6.5   1
      471  27.883639   85.554354    13.741      795.5    -1753.1      870.8     56.1     47.4     29.5 2023  4 27  3 23 45.680  6.6   1
      472  27.894519   85.573861    14.011     2716.1     -547.4     1141.1     41.2     28.9     23.4 2023  4 27  5  1  5.010  6.4   1
      473  27.911180   85.584814    14.478     3794.0     1299.0     1608.0     50.9     51.1     31.5 2023  4 27  5 32 13.890  6.1   1
      474  27.883809   85.545264    13.158      -99.2    -1734.2      288.5     26.2     18.8     14.8 2023  4 27  7 11  2.950  7.0   1
      475  27.869615   85.633179    13.897     8557.0    -3307.3     1026.8     45.7     34.7     35.7 2023  4 27  8  9 22.090  6.9   1
      476  27.919690   85.528849    13.489    -1715.4     2242.0      619.5     79.3     69.0     42.6 2023  4 27 12 40 10.750  6.2   1
      477  27.903302   85.465332    11.141    -7968.8      425.8    -1729.4     18.2     24.7     20.1 2023  4 27 14 53 47.480  6.6   1
      478  27.903436   85.464591    11.157    -8041.4      440.8    -1713.3     21.5     23.9     25.2 2023  4 27 14 55  5.110  6.8   1
      479  27.903402   85.464803    11.188    -8020.5      437.0    -1681.8     20.3     22.9     23.9 2023  4 27 14 57  3.140  6.5   1
      480  27.903206   85.464819    11.088    -8019.4      415.3    -1782.2     21.1     23.4     24.8 2023  4 27 15  0 44.620  7.0   1
      481  27.903467   85.463900    10.974    -8110.1      444.1    -1895.6     26.2     25.4     27.9 2023  4 27 15  1 25.530  6.4   1
      482  27.903855   85.477588    11.608    -6761.8      487.1    -1262.2     23.6     34.2     20.6 2023  4 27 15 57 18.600  5.9   1
      483  27.891888   85.542871    13.187     -334.9     -839.0      316.8     29.2     29.5     28.1 2023  4 27 16  4  5.580  6.0   1
      484  27.910468   85.588957    16.820     4202.1     1219.9     3949.6     82.1     56.5     25.2 2023  4 27 17  0  3.500  6.1   1
      485  27.875637   85.655859    13.883    10790.4    -2639.9     1012.9     34.5     26.6     20.8 2023  4 27 17  6 21.000  6.2   1
      486  27.890997   85.513493    12.701    -3227.3     -937.7     -169.1     44.4     37.2     32.2 2023  4 27 17 14 30.040  5.8   1
      487  27.887048   85.517253    12.713    -2857.0    -1375.2     -156.5     29.1     26.3     19.3 2023  4 27 17 34 25.920  6.3   1
      488  27.937575   85.524561    12.879    -2137.1     4224.0        8.7     39.9     51.7     23.2 2023  4 27 18  1 59.160  6.3   1
      489  27.895540   85.555876    12.915      945.2     -434.3       45.5     30.8     30.9     20.4 2023  4 27 19 11 12.060  6.1   1
      490  27.905235   85.462142    11.439    -8282.5      640.1    -1430.9     28.2     24.1     22.5 2023  4 27 19 37  2.720  6.1   1
      491  27.893854   85.526864    12.844    -1911.3     -621.2      -26.1     30.2     20.3     16.8 2023  4 27 20 34  9.720  6.3   1
      492  27.927264   85.463647    12.440    -8134.1     3081.4     -430.1     33.9     30.7     30.5 2023  4 27 21 33 57.320  6.2   1
      493  27.926552   85.463485    12.531    -8149.4     3002.5     -339.0     25.9     31.2     25.6 2023  4 27 21 34 49.720  6.1   1
      494  27.885614   85.628353    13.642     8081.4    -1534.3      772.2     44.6     31.1     22.0 2023  4 27 21 50 11.480  6.0   1
      495  27.909908   85.619417    15.429     7201.1     1158.0     2559.0     33.5     45.2     16.0 2023  4 27 21 50 32.300  6.2   1
      496  27.863247   85.645540    14.283     9774.8    -4013.0     1412.6     47.2     40.1     33.2 2023  4 27 21 50 38.340  6.0   1
      497  27.910197   85.619222    15.502     7181.6     1189.9     2632.2     32.4     45.2     16.2 2023  4 27 22  3  0.520  6.0   1
      498  27.912913   85.598389    14.122     5130.5     1491.0     1251.9     33.0     43.8     17.4 2023  4 27 22 18 48.100  6.3   1
      499  27.904704   85.530729    13.249    -1529.9      581.3      378.8     54.1     45.9     24.3 2023  4 27 22 32 45.000  6.0   1
      500  27.900425   85.544548    13.648     -169.6      107.1      778.3     42.8     29.2     28.2 2023  4 27 22 45 23.520  5.9   1
      501  27.884288   85.547795    13.352      150.0    -1681.2      482.2     27.1     27.8     16.1 2023  4 28  0 12 55.650  6.3   1
      502  27.900783   85.507096    13.069    -3856.7      146.8      198.9     35.5     39.2     22.9 2023  4 28  5 18 59.990  6.7   1
      503  27.903556   85.464103    11.926    -8090.1      454.0     -943.7     25.8     39.1     29.7 2023  4 28  7 49 20.000  7.0   1
      504  27.932133   85.557886    14.977     1143.5     3620.9     2107.1     65.6     46.9     26.5 2023  4 28 10 15 39.090  6.4   1
      505  27.903709   85.506909    13.261    -3875.5      471.0      391.0     31.1     21.5     23.8 2023  4 28 15 35  9.660  6.5   1
      506  27.915912   85.600789    15.278     5367.3     1823.4     2407.9     29.6     43.4     15.4 2023  4 28 16  9 42.610  6.8   1
      507  27.899323   85.546965    13.294       67.9      -15.1      423.9     24.3     27.9     16.4 2023  4 28 17  3  3.180  6.1   1
      508  27.887508   85.510376    12.382    -3534.2    -1324.3     -487.5     46.8     30.6     38.4 2023  4 28 17 36 45.900  5.8   1
      509  27.885638   85.627319    14.003     7980.0    -1531.5     1133.0     45.9     29.7     24.2 2023  4 28 18 37 57.680  6.2   1
      510  27.892959   85.482096    11.995    -6318.8     -720.2     -875.5     30.7     25.7     29.8 2023  4 28 18 43  9.800  6.2   1
      511  27.911129   85.459562    11.584    -8536.2     1293.3    -1285.6     26.9     27.8     21.4 2023  4 28 19 30 23.660  6.9   1
      512  27.800602   85.590780    12.804     4383.9   -10955.0      -65.9     48.6     57.3     43.6 2023  4 28 19 31 42.720  6.0   1
      513  27.917120   85.593359    15.334     4635.8     1957.3     2463.7     36.7     45.3     19.9 2023  4 28 19 40  3.000  6.0   1
      514  27.910152   85.567334    16.966     2073.4     1185.1     4095.8     34.2     19.3      8.7 2023  4 28 20 59 25.600  7.8   1
      515  27.909176   85.567928    16.913     2131.7     1076.8     4042.8     26.4     19.6      6.1 2023  4 28 21  0 39.320  6.7   1
      516  27.909094   85.567708    16.968     2110.1     1067.8     4098.0     38.0     18.3     11.9 2023  4 28 21 10 30.400  6.3   1
      517  27.916132   85.458822    11.717    -8609.1     1847.7    -1152.7     26.8     38.7     33.3 2023  4 28 21 13 18.080  6.4   1
      518  27.906342   85.552710    13.443      633.4      762.7      572.8     32.3     32.2     23.0 2023  4 28 21 23 37.920  6.3   1
      519  27.909045   85.567261    16.990     2066.5     1062.3     4120.3     51.5     33.0     13.5 2023  4 28 21 26 32.340  6.2   1
      520  27.924109   85.458716    11.724    -8619.4     2731.7    -1146.4     20.8     26.7     16.6 2023  4 28 22  8 23.480  6.1   1
      521  27.931938   85.528849    14.439    -1715.5     3599.3     1569.4     51.1     53.7     23.0 2023  4 28 22 32 34.120  6.1   1
      522  27.884308   85.609424    13.947     6217.8    -1679.0     1077.0     42.4     29.7     25.4 2023  4 29  1 52  4.570  6.6   1
      524  27.883228   85.547249    12.919       96.5    -1798.6       48.7     15.5     19.9     17.2 2023  4 29  6 14  1.290  6.3   1
      525  27.893439   85.605355    13.253     5817.4     -667.2      383.2     35.5     35.8     23.2 2023  4 29  6 53 21.600  6.7   1
      526  27.899255   85.528556    13.323    -1744.0      -22.6      453.0     32.5     37.7     31.6 2023  4 29  9 32 23.550  6.9   1
      527  27.897424   85.535360    13.692    -1074.6     -225.4      821.8     33.4     33.7     31.3 2023  4 29  9 59 47.570  6.7   1
      528  27.883929   85.545801    13.123      -46.6    -1720.8      253.4     28.2     21.1     15.6 2023  4 29 12 31 31.130  6.8   1
      529  27.900342   85.584448    14.567     3758.4       98.0     1697.4     43.4     39.6     23.6 2023  4 29 13  1 54.990  6.2   1
      530  27.890200   85.513599    12.315    -3217.1    -1026.0     -554.6     32.6     25.0     19.2 2023  4 29 13 28 26.990  7.1   1
      531  27.883816   85.545776    13.235      -49.2    -1733.5      364.7     19.5     18.6     15.1 2023  4 29 13 29 53.280  6.3   1
      532  27.883596   85.545003    13.172     -125.0    -1758.0      302.4     20.9     17.7     14.7 2023  4 29 14 59 33.090  7.5   1
      533  27.908101   85.517440    12.988    -2838.4      957.8      118.2     28.1     27.8     19.4 2023  4 29 17 26 24.440  6.8   1
      534  27.889657   85.513989    12.327    -3178.6    -1086.3     -543.3     25.5     17.4     18.9 2023  4 29 17 26 54.160  6.4   1
      535  27.889425   85.515430    12.366    -3036.6    -1112.0     -503.8     26.4     17.9     19.0 2023  4 29 17 28 40.800  6.3   1
      536  27.889821   85.514355    12.454    -3142.5    -1067.9     -415.6     33.7     21.6     17.9 2023  4 29 17 29 55.240  6.2   1
      537  27.883980   85.507707    12.297    -3797.0    -1715.3     -573.4     26.4     27.2     21.4 2023  4 29 18 15 39.400  6.4   1
      538  27.884709   85.507511    12.180    -3816.4    -1634.6     -689.8     25.6     17.1     19.0 2023  4 29 18 15 46.680  6.6   1
      539  27.849292   85.699650    12.410    15103.8    -5559.4     -460.4     46.2     51.8     45.4 2023  4 29 18 19 47.440  6.1   1
      540  27.908250   85.516154    12.663    -2965.3      974.2     -207.2     38.7     33.9     19.1 2023  4 29 18 33 18.760  5.9   1
      541  27.884147   85.571436    13.628     2477.2    -1696.7      757.6     52.3     41.0     26.7 2023  4 29 18 59 56.360  5.7   1
      542  27.884475   85.607446    12.247     6023.0    -1660.4     -623.3     78.2     60.9     44.2 2023  4 29 19  7 27.880  6.3   1
      543  27.835988   85.634204    13.690     8659.9    -7033.7      819.6     37.3     40.1     17.1 2023  4 29 20  3 51.400  5.9   1
      544  27.914891   85.580005    15.231     3321.1     1710.1     2360.8    108.2     93.6     35.4 2023  4 29 20  9 16.240  6.1   1
      545  27.897963   85.580729    13.836     3392.7     -165.7      966.0     48.7     36.4     20.7 2023  4 29 20 39  9.600  6.0   1
      546  27.905408   85.526335    13.002    -1962.6      659.2      131.9     31.8     37.5     21.3 2023  4 29 23  8 46.400  6.5   1
      547  27.888649   85.529875    12.680    -1614.6    -1197.9     -190.2     34.0     21.6     19.3 2023  4 29 23 22  1.780  7.4   1
      549  27.885765   85.602897    13.742     5575.3    -1517.7      872.4     41.6     56.2     31.3 2023  4 29 23 28 27.000  5.8   1
      550  27.936261   85.577783    12.747     3102.2     4078.4     -122.8     49.5     48.2     21.2 2023  4 30  0  3 49.420  6.6   1
      551  27.933732   85.528215    12.871    -1777.4     3798.1        1.0     47.3     49.2     23.9 2023  4 30  0  6 29.600  6.5   1
      552  27.918211   85.499780     7.557    -4577.2     2078.0    -5312.7     27.6     26.2     31.5 2023  4 30  5 18 47.380  6.2   1
      553  27.884682   85.554102    13.007      770.8    -1637.6      137.1     66.3     46.6     37.6 2023  4 30  5 25  7.790  6.3   1
      554  27.918211   85.500203     7.734    -4535.4     2078.1    -5135.6     25.3     26.3     20.9 2023  4 30  6  5  6.070  6.6   1
      555  27.893140   85.522721    12.967    -2318.4     -700.2       97.1     31.0     34.7     18.9 2023  4 30  9 31 51.680  6.5   1
      556  27.901583   85.468229    11.616    -7683.6      235.3    -1254.2     36.9     31.1     32.8 2023  4 30  9 34  7.470  6.7   1
      557  27.912628   85.591105    14.310     4414.0     1459.5     1439.7     35.9     46.0     24.5 2023  4 30 10 23 28.550  6.4   1
      558  27.879828   85.565519    13.333     1894.9    -2175.4      462.8     31.7     27.8     20.7 2023  4 30 11 41 22.140  6.4   1
      559  27.906893   85.461353    12.195    -8360.7      823.9     -674.8     28.7     33.2     34.7 2023  4 30 12 20 40.930  6.5   1
      560  27.913403   85.586621    14.999     3972.4     1545.3     2128.9     34.0     42.7     23.4 2023  4 30 14 49 27.010  6.1   1
      561  27.934263   85.545036    14.379     -121.9     3856.9     1510.2     84.5     63.3     70.8 2023  4 30 15  7  2.960  6.0   1
      562  27.924817   85.444914    11.547    -9977.6     2810.1    -1322.8     23.6     26.2     32.0 2023  4 30 15 23 38.750  6.1   1
      563  27.880296   85.566130    13.410     1954.8    -2123.6      539.6     32.0     29.4     20.0 2023  4 30 15 25 39.030  5.9   1
      564  27.907715   85.515967    12.909    -2983.5      914.9       39.7     30.2     32.8     25.5 2023  4 30 15 29 59.430  6.2   1
      565  27.925690   85.445076    11.728    -9962.1     2907.0    -1142.1     19.9     28.7     29.0 2023  4 30 15 45 50.220  6.2   1
      566  27.906138   85.507959    12.130    -3772.0      740.1     -739.9     33.7     33.3     18.0 2023  4 30 15 50 37.560  6.0   1
      567  27.895215   85.512760    15.956    -3299.2     -470.4     3086.1     28.1     31.1     17.2 2023  4 30 15 59 54.780  6.8   1
      568  27.889954   85.526180    12.648    -1978.5    -1053.4     -222.1     31.3     18.6     18.6 2023  4 30 16 55 10.170  6.0   1
      569  27.889927   85.524048    12.779    -2188.0    -1056.2      -91.3     33.0     33.7     26.0 2023  4 30 16 55 24.690  6.1   1
      570  27.887870   85.529395    12.781    -1662.1    -1284.1      -89.2     29.2     21.3     21.8 2023  4 30 17  2  6.900  6.1   1
      571  27.890133   85.548551    13.188      224.3    -1033.4      317.6     20.7     19.3     14.8 2023  4 30 17 27 14.660  6.7   1
      572  27.894859   85.505827    12.836    -3982.4     -509.8      -34.2     33.0     26.0     20.0 2023  4 30 17 27 55.080  6.3   1
      573  27.865788   85.570272    13.789     2362.8    -3731.3      919.3     43.2     47.9     25.4 2023  4 30 18 11 12.640  6.1   1
      574  27.915497   85.500944    13.600    -4462.1     1777.2      729.7     36.4     49.0     28.6 2023  4 30 18 24 12.140  6.4   1
      575  27.920591   85.518115    15.949    -2771.6     2341.8     3078.9     91.1    115.5     56.3 2023  4 30 18 29 32.160  5.7   1
      576  27.884943   85.547331    13.116      104.4    -1608.6      246.1     18.3     19.7     18.5 2023  4 30 18 31 40.420  6.0   1
      577  27.915230   85.443807    11.848   -10087.4     1747.8    -1021.7     31.2     32.0     42.1 2023  4 30 19 22 59.920  6.3   1
      578  27.894073   85.520711    12.735    -2516.3     -596.7     -135.3     33.2     22.9     20.1 2023  4 30 19 46 15.280  6.1   1
      579  27.894112   85.521086    12.707    -2479.5     -592.5     -163.3     26.7     20.1     16.1 2023  4 30 20 23  4.560  6.7   1
      580  27.925517   85.424569    11.675   -11980.8     2887.6    -1195.2     40.1     52.1     46.9 2023  4 30 21  3 44.760  6.2   1
      581  27.893909   85.467952    12.029    -7711.4     -615.0     -841.4     37.0     32.1     36.0 2023  4 30 21 19 26.400  6.1   1
      582  27.895113   85.465389    11.602    -7963.7     -481.6    -1268.4     36.9     31.4     35.8 2023  4 30 21 20 22.800  6.0   1
      583  27.923887   85.544670    16.025     -157.5     2707.2     3154.6     44.6     41.9     25.8 2023  4 30 21 22 18.080  6.2   1
      584  27.874200   85.594214    13.678     4720.2    -2799.0      807.6     26.9     27.0     23.0 2023  4 30 21 23 17.700  6.2   1
      585  27.923033   85.544214    16.208     -202.4     2612.4     3337.8     45.1     42.6     28.6 2023  4 30 21 26 43.640  5.8   1
      586  27.902289   85.466846    11.736    -7820.1      313.6    -1134.1     31.3     30.9     35.5 2023  4 30 21 36 37.400  6.0   1
      587  27.906885   85.517456    12.809    -2837.4      822.9      -61.4     34.2     36.8     20.1 2023  4 30 21 47 13.380  6.0   1
      588  27.873405   85.593604    13.585     4660.6    -2887.3      714.8     35.7     30.6     27.0 2023  4 30 21 50  9.540  6.0   1
      589  27.928733   85.421948    11.270   -12238.8     3244.2    -1600.0     39.7     51.7     48.3 2023  4 30 21 59 36.400  6.1   1
      590  27.906533   85.518612    12.895    -2722.9      784.0       24.7     31.2     35.7     16.7 2023  4 30 22  0 58.320  6.1   1
      591  27.893693   85.649634    15.291    10176.7     -638.9     2421.2     41.8     26.8     24.6 2023  4 30 22 13 28.760  6.1   1
      592  27.873328   85.593229    13.732     4623.3    -2895.7      861.5     27.9     28.1     19.6 2023  4 30 22 37 40.740  6.1   1
      593  27.844318   85.658276    13.875    11030.1    -6110.5     1004.9     39.7     45.6     40.1 2023  4 30 23 11 49.320  6.0   1
      594  27.804073   85.592708    12.794     4573.4   -10570.5      -76.2     47.9     56.6     43.8 2023  4 30 23 17  7.800  6.3   1
      595  27.872675   85.597542    13.666     5048.4    -2968.3      795.9     45.8     39.0     30.1 2023  5  1  0  7 55.590  6.4   1
      596  27.887551   85.567993    13.689     2138.6    -1319.6      818.8     39.0     26.8     21.7 2023  5  1  2 48  0.230  6.8   1
      597  27.886218   85.570435    13.912     2378.8    -1467.3     1042.0    133.9     83.0     53.3 2023  5  1  2 55  7.970  6.4   1
      599  27.921657   85.519564    11.345    -2629.3     2460.1    -1525.4     48.2     39.6     28.1 2023  5  1 12 17 14.740  6.8   1
      600  27.885840   85.543140    14.516     -308.1    -1509.2     1645.9     35.6     29.7     17.7 2023  5  1 13 23 40.160  6.9   1
      601  27.885195   85.556470    12.437     1003.7    -1580.6     -432.8     57.9     52.9     31.9 2023  5  1 13 45 16.960  6.2   1
      602  27.919529   85.501701     7.482    -4387.6     2224.1    -5387.7     25.4     23.3     20.2 2023  5  1 15  6 22.850  6.4   1
      603  27.887858   85.550114    12.365      378.4    -1285.6     -505.0     33.6     36.8     22.6 2023  5  1 15 10 30.260  6.2   1
      604  27.897072   85.562533    13.830     1600.9     -264.4      959.8     71.6     50.4     20.4 2023  5  1 15 43  0.810  6.0   1
      605  27.897021   85.554305    13.613      790.8     -270.0      742.7     49.7     40.3     25.7 2023  5  1 15 44  5.250  6.1   1
      606  27.920107   85.501912     7.456    -4367.0     2288.2    -5414.0     22.6     24.5     18.4 2023  5  1 16  7 30.590  6.4   1
      607  27.922762   85.577100    16.067     3034.9     2582.4     3196.8     51.3     41.6     21.5 2023  5  1 16 21 12.150  6.8   1
      608  27.883830   85.545671    13.170      -59.6    -1732.1      300.5     37.6     25.0     17.1 2023  5  1 16 50  4.360  6.2   1
      609  27.910465   85.496842    12.333    -4866.4     1219.7     -537.1     26.8     31.9     21.0 2023  5  1 17  4 39.800  6.1   1
      610  27.873769   85.593229    13.673     4623.3    -2846.9      802.7     29.2     26.8     23.1 2023  5  1 18 28 15.120  6.1   1
      611  27.890291   85.537191    12.910     -894.5    -1015.9       39.6     65.7     31.8     25.5 2023  5  1 18 38 40.720  6.0   1
      612  27.915019   85.452637    12.062    -9218.3     1724.3     -807.6     43.1     36.2     40.8 2023  5  1 18 47 52.160  6.0   1
      613  27.889252   85.503556    11.948    -4205.4    -1131.2     -922.3     26.9     18.9     20.3 2023  5  1 19 44  7.420  6.5   1
      614  27.898741   85.519002    12.616    -2684.8      -79.6     -254.0     27.2     25.7     15.6 2023  5  1 20 29 54.680  6.2   1
      615  27.893992   85.552376    13.592      600.8     -605.8      722.4     64.5     46.3     20.8 2023  5  1 20 30 45.440  5.9   1
      616  27.832542   85.630957    13.761     8339.9    -7415.6      890.8     38.5     32.2     19.2 2023  5  1 20 46 41.560  6.0   1
      617  27.839984   85.694409    13.197    14588.8    -6590.9      326.8     49.0     45.5     45.6 2023  5  1 20 50 38.840  6.2   1
      618  27.887738   85.568840    13.687     2222.0    -1299.0      817.2     40.1     27.2     18.4 2023  5  1 20 59 57.040  6.2   1
      619  27.887246   85.562061    13.651     1554.5    -1353.5      780.8     54.2     28.7     23.0 2023  5  1 21  3 46.880  5.9   1
      620  27.888000   85.567424    13.838     2082.4    -1269.9      967.6     46.9     30.4     23.9 2023  5  1 21  6 17.760  6.0   1
      621  27.908921   85.458228    11.769    -8668.0     1048.7    -1100.6     27.1     34.3     34.1 2023  5  1 21 41  7.600  6.0   1
      622  27.916913   85.613721    15.272     6640.2     1934.3     2401.8     29.5     44.6     17.7 2023  5  1 22 32  3.120  6.3   1
      623  27.882967   85.624984    12.378     7750.1    -1827.6     -491.5     52.9     38.0     32.2 2023  5  1 23  4 21.120  6.3   1
      624  27.917002   85.445304    12.120    -9940.0     1944.1     -750.3     30.3     29.1     42.0 2023  5  1 23 53  9.220  6.2   1
      625  27.912764   85.554085    13.419      769.2     1474.5      549.1     38.0     35.2     27.7 2023  5  2  0  0  2.530  6.6   1
      626  27.916457   85.614103     8.225     6677.2     1883.7    -4645.0    104.6     78.8     61.7 2023  5  2  2 30 30.700  5.9   1
      627  27.917324   85.444727    12.091    -9996.4     1979.7     -779.3     33.3     30.4     44.2 2023  5  2  3 55 44.200  6.6   1
      629  27.917415   85.441048    11.708   -10359.0     1989.9    -1161.9     30.4     33.1     42.2 2023  5  2  5 56 29.600  6.6   1
      630  27.911137   85.506519    12.758    -3913.9     1294.2     -112.2     31.2     32.5     26.2 2023  5  2  9 33  6.490  6.7   1
      632  27.918199   85.445500    12.466    -9920.6     2076.8     -403.6     37.5     36.8     45.1 2023  5  2 13 47 22.720  6.4   1
      633  27.894220   85.519954    12.857    -2591.4     -580.6      -12.5     31.0     37.8     17.5 2023  5  2 14 20 55.000  6.3   1
      634  27.954165   85.490519    14.304    -5487.5     6062.5     1433.7     21.8     21.9     17.8 2023  5  2 14 49 23.730  7.2   1
      635  27.851619   85.665202    14.150    11711.8    -5301.4     1279.7     43.6     39.1     30.6 2023  5  2 15  2 31.660  6.2   1
      636  27.872648   85.600090    14.247     5298.9    -2971.0     1376.7     40.3     49.1     35.6 2023  5  2 15 36 30.540  6.0   1
      637  27.893579   85.659139    14.833    11112.0     -651.6     1963.3     23.8     22.4     17.5 2023  5  2 16 45 54.850  6.1   1
      638  27.832365   85.635335    13.854     8771.5    -7435.1      984.3     28.6     28.2     19.9 2023  5  2 17  2 14.040  6.2   1
      639  27.912848   85.607064    15.330     5984.9     1483.8     2460.0     29.4     44.5     16.6 2023  5  2 17  4 56.980  7.6   1
      640  27.912569   85.607113    15.380     5989.6     1452.9     2510.0     31.9     45.7     15.7 2023  5  2 17  7 48.740  6.1   1
      641  27.832404   85.633447    13.868     8585.3    -7430.8      998.2     20.5     21.6     16.4 2023  5  2 17  9  3.820  6.1   1
      642  27.831989   85.633089    13.742     8550.2    -7476.8      871.7     23.2     25.6     20.0 2023  5  2 17 26 52.960  5.9   1
      643  27.833061   85.633846    13.869     8624.7    -7358.1      999.4     22.4     22.3     15.4 2023  5  2 17 40 37.940  6.2   1
      644  27.897906   85.507487    12.785    -3818.4     -172.1      -84.6     26.8     21.0     16.0 2023  5  2 18 18 37.040  6.4   1
      645  27.885091   85.480290    11.485    -6496.9    -1592.1    -1384.9     35.5     51.1     42.3 2023  5  2 18 38 48.440  5.8   1
      646  27.828566   85.711898    13.808    16311.7    -7856.0      938.0     65.7     67.6     65.2 2023  5  2 19 17 47.280  6.4   1
      647  27.905717   85.461930    11.152    -8303.3      693.4    -1718.5     29.5     34.4     41.7 2023  5  2 19 39 57.560  6.1   1
      648  27.902069   85.463981    11.068    -8101.6      289.3    -1801.7     22.4     23.5     20.1 2023  5  2 20 11  5.520  6.0   1
      649  27.832646   85.634326    14.028     8671.5    -7404.1     1158.2     61.9     40.3     56.8 2023  5  2 20 22  4.580  5.9   1
      650  27.916064   85.445028    11.919    -9967.3     1840.1     -951.3     30.0     28.3     41.7 2023  5  2 21  6 26.100  6.6   1
      651  27.915977   85.444214    11.925   -10047.4     1830.5     -944.7     29.4     28.8     41.7 2023  5  2 21 25  0.520  6.6   1
      652  27.923802   85.443205    11.874   -10146.1     2697.7     -995.6     25.0     29.8     35.4 2023  5  2 21 39 19.840  6.1   1
      653  27.924774   85.443587    11.887   -10108.8     2805.5     -982.5     28.6     32.9     33.9 2023  5  2 21 42  9.420  6.8   1
      654  27.908773   85.458854    11.815    -8606.2     1032.2    -1055.0     32.6     31.6     39.3 2023  5  2 23 35 25.160  6.3   1
      655  27.908771   85.459106    11.941    -8581.3     1031.9     -928.9     26.7     37.7     37.8 2023  5  2 23 40 12.880  6.3   1
      656  27.923226   85.535815    13.827    -1029.5     2633.9      956.9     63.5     72.3     33.3 2023  5  2 23 49  2.860  6.3   1
      657  27.882971   85.553133    13.506      675.7    -1827.1      636.0     34.8     24.4     20.5 2023  5  3  0 31 11.710  6.2   1
      658  27.923228   85.513208    12.228    -3255.1     2634.1     -642.3     27.1     31.7     24.0 2023  5  3  3 38 25.330  8.0   1
      659  27.923537   85.512166    12.176    -3357.4     2668.3     -693.5     26.8     33.1     24.0 2023  5  3  3 40 36.080  6.7   1
      660  27.923594   85.511914    12.283    -3382.2     2674.6     -587.4     30.9     33.0     27.9 2023  5  3  3 40 58.930  6.6   1
      661  27.883661   85.555941    13.649      951.7    -1750.8      779.1     34.1     26.2     19.8 2023  5  3  6 27  9.990  6.6   1
      662  27.906132   85.458325    11.908    -8658.2      739.4     -962.0     54.2     65.4     48.6 2023  5  3 15  3 17.390  6.4   1
      663  27.926302   85.551660    14.901      530.2     2974.8     2030.7     44.6     36.2     37.6 2023  5  3 16 32  2.810  5.9   1
      664  27.926082   85.457292    11.671    -8759.6     2950.3    -1199.1     24.3     29.0     25.2 2023  5  3 16 40 55.680  6.1   1
      665  27.901980   85.463135    11.459    -8185.0      279.4    -1411.1     18.9     29.1     21.6 2023  5  3 21  8 51.120  6.2   1
      666  27.906470   85.512419    12.779    -3333.0      777.0      -91.0     26.1     29.3     20.4 2023  5  3 21 19 52.140  6.3   1
      667  27.909810   85.486344    12.437    -5899.5     1147.2     -432.6     21.1     28.0     14.6 2023  5  3 23  5 15.680  6.5   1
      668  27.927319   85.497127    11.901    -4837.7     3087.4     -969.1     31.7     44.0     23.2 2023  5  3 23 31 30.880  6.4   1
      669  27.889219   85.532218    13.025    -1383.6    -1134.8      154.9     33.2     40.4     20.6 2023  5  4  0 18 49.830  6.3   1
      670  27.844745   85.713582    13.124    16476.6    -6063.4      254.5     51.3     47.2     49.2 2023  5  4  1  8 54.260  6.7   1
      671  27.892314   85.532161    15.858    -1389.4     -791.8     2987.9     61.4     69.2     45.6 2023  5  4  1 25 55.360  6.5   1
      672  27.871914   85.593587     9.777     4658.7    -3052.4    -3092.7    109.8     70.3     55.1 2023  5  4  1 28 41.530  6.6   1
      673  27.898737   85.469238    11.726    -7584.2      -80.1    -1143.9     24.8     32.6     30.3 2023  5  4  1 52 49.990  6.5   1
      674  27.899445   85.465771    11.569    -7925.6       -1.5    -1301.1     29.7     34.5     31.7 2023  5  4  1 55 15.570  6.6   1
      675  27.891685   85.518229    16.061    -2760.8     -861.5     3190.7     31.9     33.2     16.3 2023  5  4  3 15 42.000  7.4   1
      676  27.891730   85.517350    16.126    -2848.0     -856.6     3256.1     31.2     36.3     21.0 2023  5  4  4 16 13.170  7.2   1
      677  27.904970   85.570931    13.438     2427.2      610.9      567.8     61.3     32.8     24.8 2023  5  4  7 21  1.910  7.2   1
      679  27.920372   85.581942    15.022     3511.2     2317.6     2151.8     73.5     45.4     29.3 2023  5  4  8 53 36.150  7.2   1
      680  27.892761   85.608553    14.159     6132.1     -742.3     1288.8     41.1     32.4     29.1 2023  5  4 13 50 45.540  6.1   1
      681  27.891811   85.608374    14.323     6114.0     -847.6     1453.2     43.6     40.2     32.5 2023  5  4 14 38 43.020  6.2   1
      682  27.880306   85.554655    13.451      825.3    -2122.4      581.0     20.1     19.5     16.9 2023  5  4 14 58 30.320  6.3   1
      683  27.905202   85.601774    14.750     5463.8      636.4     1880.0     43.8     49.2     30.0 2023  5  4 15 45 25.130  6.3   1
      684  27.887506   85.501318    12.160    -4425.8    -1324.5     -709.8     30.8     30.2     26.4 2023  5  4 17 53  3.600  6.1   1
      685  27.905566   85.465479    11.442    -7954.5      676.9    -1428.4     26.5     35.2     33.8 2023  5  4 18  6 24.200  6.2   1
      687  27.902395   85.559774    13.696     1329.3      325.3      826.4     45.2     32.2     25.7 2023  5  4 18 48 15.200  6.1   1
      688  27.914207   85.612809    15.228     6550.5     1634.4     2358.0     28.2     44.4     14.2 2023  5  4 18 49 27.040  6.4   1
      689  27.913601   85.612012    14.530     6472.2     1567.1     1659.7     71.6     51.2     29.0 2023  5  4 19  4 51.680  6.0   1
      690  27.883252   85.551001    13.194      465.7    -1796.1      324.1     17.8     18.0     14.7 2023  5  4 19 23 51.880  6.7   1
      691  27.893209   85.493009    12.852    -5243.9     -692.7      -18.2     54.8     44.5     42.1 2023  5  4 19 51 17.200  5.8   1
      693  27.914602   85.612663    15.179     6536.0     1678.2     2308.7     28.4     44.5     16.2 2023  5  4 19 55  1.520  6.3   1
      694  27.905774   85.638322    15.118     9062.3      699.9     2248.4     63.3     65.5     38.8 2023  5  4 19 55 10.600  6.3   1
      695  27.898720   85.524365    13.079    -2156.5      -81.8      208.7     29.9     24.3     20.3 2023  5  4 20  8 40.040  6.1   1
      696  27.901388   85.494076    12.091    -5138.9      213.8     -778.9     30.6     39.5     25.0 2023  5  4 21 25  4.600  5.7   1
      697  27.894383   85.565894    13.377     1932.0     -562.5      507.2     26.1     24.3     16.4 2023  5  4 21 35 31.160  6.9   1
      698  27.893288   85.565332    13.521     1876.3     -683.8      651.2     27.0     24.0     15.5 2023  5  4 21 35 58.360  6.0   1
      699  27.894116   85.565153    13.454     1858.6     -592.1      583.8     25.9     23.3     16.1 2023  5  4 21 36 42.440  6.3   1
      700  27.893795   85.564608    13.478     1804.8     -627.8      608.1     29.3     24.4     16.0 2023  5  4 21 40 46.300  6.2   1
      701  27.883470   85.550179    13.169      384.4    -1771.8      298.7     45.9     24.5     22.4 2023  5  4 21 50  5.740  6.0   1
      702  27.831791   85.634367    13.718     8676.0    -7498.8      848.0     30.8     28.1     15.3 2023  5  4 21 53 32.480  5.9   1
      703  27.897044   85.593400    13.858     4639.8     -267.6      988.2     43.4     32.6     17.7 2023  5  4 21 56 56.260  6.2   1
      704  27.928699   85.520158    13.810    -2570.8     3240.2      939.8     38.8     50.5     21.0 2023  5  4 22 25  2.100  6.2   1
      705  27.895626   85.517277    13.032    -2854.4     -424.9      162.5     29.1     25.4     16.6 2023  5  4 22 27  5.240  6.2   1
      706  27.895490   85.515161    12.957    -3062.9     -439.9       86.8     27.6     22.8     17.3 2023  5  4 22 27 17.220  5.9   1
      707  27.880945   85.564176    13.420     1762.7    -2051.7      550.1     37.9     27.1     27.0 2023  5  4 23 34  6.840  6.1   1
      708  27.905007   85.488086    12.352    -5728.4      614.7     -517.8     21.6     24.5     18.2 2023  5  4 23 45 53.420  6.5   1
      709  27.901255   85.493245    12.166    -5220.5      199.1     -703.8     19.3     22.7     22.4 2023  5  5  0 28 28.020  6.7   1
      710  27.881997   85.703475    12.658    15478.7    -1935.1     -212.3     72.1     45.4     72.1 2023  5  5  2 54 24.690  6.8   1
      711  27.911513   85.570817    14.845     2416.1     1335.8     1975.3     31.0     37.7     20.9 2023  5  5  2 56 15.970  6.5   1
      712  27.895723   85.583748    13.708     3689.4     -413.9      838.2     40.0     38.3     29.3 2023  5  5  4 23 58.920  6.4   1
      713  27.903013   85.465373    11.102    -7964.8      393.9    -1767.7     20.9     24.1     25.4 2023  5  5  8 10 24.020  7.6   1
      714  27.902513   85.466471    11.179    -7856.9      338.3    -1691.1     19.3     23.1     21.3 2023  5  5  8 13 39.580  7.4   1
      715  27.902779   85.464258    10.944    -8074.4      367.9    -1925.6     29.3     28.6     25.0 2023  5  5  8 17 21.870  6.5   1
      716  27.902797   85.465291    11.015    -7972.6      369.9    -1854.6     24.0     26.2     28.3 2023  5  5  8 33 21.160  7.4   1
      717  27.884139   85.548315    13.685      201.4    -1697.6      815.2     86.8     69.4     42.6 2023  5  5 10 37 55.690  6.5   1
      718  27.903680   85.465023    11.048    -7999.0      467.9    -1821.8     21.2     23.7     24.7 2023  5  5 14  0 13.450  6.7   1
      719  27.914939   85.530111    13.463    -1590.8     1715.6      592.6     46.7     51.0     31.0 2023  5  5 14 36 55.040  6.4   1
      720  27.893252   85.538143    13.120     -800.5     -688.0      250.5     51.6     37.3     27.4 2023  5  5 15 20 58.750  6.0   1
      721  27.893612   85.540356    13.002     -582.1     -647.9      132.2     42.0     23.3     15.9 2023  5  5 15 22 47.130  6.4   1
      722  27.894092   85.539819    12.946     -635.0     -594.7       75.9     49.3     24.7     18.1 2023  5  5 15 24 48.100  6.3   1
      723  27.913411   85.462191    10.818    -8277.6     1546.3    -2052.4     22.0     28.9     18.8 2023  5  5 15 48 20.850  6.4   1
      724  27.833632   85.629468    13.838     8193.6    -7294.7      967.9     22.2     22.1     20.6 2023  5  5 16 16  6.460  6.3   1
      725  27.907098   85.655599    14.458    10763.1      846.5     1588.4     36.6     48.4     27.4 2023  5  5 16 30 31.050  6.3   1
      726  27.903278   85.466317    11.072    -7871.7      423.3    -1798.1     22.1     24.4     27.4 2023  5  5 17 27 46.840  6.3   1
      727  27.902854   85.465861    11.124    -7916.8      376.4    -1745.7     23.0     23.7     22.7 2023  5  5 17 29 45.620  6.4   1
      728  27.902136   85.465951    10.900    -7907.5      296.6    -1970.1     32.4     32.0     46.8 2023  5  5 17 30 51.160  6.3   1
      729  27.913790   85.546875    13.255       59.5     1588.2      385.5     35.8     41.7     30.3 2023  5  5 17 43 27.400  6.0   1
      730  27.914036   85.548739    13.252      243.1     1615.4      381.6     34.6     40.2     29.2 2023  5  5 17 49 36.040  6.2   1
      731  27.935494   85.545321    12.061      -94.1     3993.3     -808.9     37.1     50.8     18.7 2023  5  5 19 58  6.660  6.3   1
      733  27.935522   85.554435    11.825      803.4     3996.5    -1045.2     49.7     55.6     26.4 2023  5  5 21 12 42.440  5.7   1
      734  27.901744   85.465731    11.774    -7929.6      253.1    -1096.0     37.4     34.9     43.7 2023  5  5 21 44 21.280  6.1   1
      735  27.902083   85.465812    11.590    -7921.3      290.9    -1279.5     21.1     25.6     25.1 2023  5  5 21 44 58.800  6.3   1
      736  27.917594   85.626058    15.289     7854.1     2009.6     2418.9     37.7     47.1     22.6 2023  5  5 22 51  9.300  6.2   1
      737  27.890619   85.521403    12.585    -2448.5     -979.5     -285.3     34.3     32.4     20.2 2023  5  5 23  7 54.840  6.1   1
      738  27.932882   85.441260    11.508   -10337.2     3703.8    -1362.4     29.3     34.1     42.1 2023  5  6  1 42 21.060  6.5   1
      739  27.902207   85.612533    17.469     6523.5      304.6     4599.3     42.9     51.4     17.8 2023  5  6 10 16 40.710  7.2   1
      740  27.902586   85.612646    17.432     6534.6      346.6     4561.8     51.6     52.2     19.8 2023  5  6 10 47 28.860  6.7   1
      741  27.897909   85.557731    14.015     1128.3     -171.8     1145.2     66.5     58.9     39.9 2023  5  6 11 15 37.600  6.6   1
      742  27.902641   85.613485    17.464     6616.9      352.5     4593.6     50.4     51.1     18.9 2023  5  6 12 49 51.150  6.7   1
      743  27.898435   85.528914    13.123    -1708.6     -113.3      253.2     26.6     23.7     16.5 2023  5  6 13 22 30.170  6.8   1
      744  27.912962   85.609749    15.529     6248.9     1496.4     2659.1     35.1     45.8     27.1 2023  5  6 13 51 55.460  6.5   1
      745  27.905485   85.549951    13.712      361.8      667.8      841.5     40.6     32.9     22.0 2023  5  6 15  8  2.510  7.3   1
      746  27.902535   85.546183    14.106       -9.0      340.8     1236.3     63.8     39.1     29.8 2023  5  6 15  8 15.850  6.6   1
      747  27.873246   85.622827    14.208     7538.0    -2904.9     1338.2     48.7     34.0     31.2 2023  5  6 16 11  6.130  6.6   1
      748  27.872463   85.624211    14.151     7674.1    -2991.7     1281.2     50.9     34.4     32.5 2023  5  6 18  2 58.140  6.6   1
      749  27.947150   85.539510    11.129     -665.7     5285.1    -1741.2     52.8     53.0     33.1 2023  5  6 19 27 23.920  6.1   1
      750  27.910392   85.476115    12.075    -6907.3     1211.7     -795.5     30.3     26.0     27.4 2023  5  6 19 44 24.200  6.3   1
      751  27.893567   85.530851    12.581    -1518.6     -652.9     -289.3     28.0     28.4     14.2 2023  5  6 20 41 31.200  6.1   1
      752  27.897024   85.547957    13.754      165.6     -269.9      883.9     33.0     37.8     19.4 2023  5  6 22 26 47.920  6.2   1
      753  27.896250   85.547502    13.733      121.0     -355.6      863.0     24.7     36.7     17.2 2023  5  6 23 32 51.420  6.3   1
      754  27.884267   85.548592    13.089      228.6    -1683.5      218.9     24.8     23.1     15.1 2023  5  6 23 33 34.780  6.1   1
      755  27.884009   85.555949    13.137      952.7    -1712.2      267.2     35.5     35.2     19.3 2023  5  6 23 35 49.700  6.1   1
      757  27.902220   85.610539    17.440     6327.1      305.9     4569.9     46.8     52.1     19.6 2023  5  7  6  9 50.140  6.7   1
      758  27.911015   85.599438    16.861     5233.8     1280.6     3990.8     42.5     50.4     17.7 2023  5  7 13 33 19.730  6.4   1
      759  27.888428   85.554321    12.900      792.3    -1222.3       30.5     23.1     35.5     33.0 2023  5  7 14 28 40.370  6.1   1
      760  27.885712   85.553035    13.252      665.6    -1523.5      381.6     22.0     31.2     20.2 2023  5  7 14 34  5.690  6.0   1
      761  27.885929   85.552743    13.237      636.6    -1499.2      367.5     21.3     26.6     16.7 2023  5  7 14 36 33.740  6.1   1
      762  27.884194   85.700277    13.705    15163.4    -1691.7      835.8     46.2     36.3     41.9 2023  5  7 17 22 40.720  5.9   1
      763  27.884009   85.556201    13.670      977.8    -1712.2      800.3     40.2     31.6     17.9 2023  5  7 17 52 37.080  6.4   1
      764  27.955790   85.539966    11.517     -620.4     6242.5    -1353.0     63.9     62.5     41.0 2023  5  7 19 42 56.240  6.4   1
      765  27.896055   85.659839    15.110    11181.3     -377.3     2239.9     31.6     27.2     23.5 2023  5  7 20 40 33.080  6.1   1
      766  27.894545   85.660213    14.740    11217.7     -544.4     1869.6     18.1     24.4     13.0 2023  5  7 20 40 39.180  6.6   1
      767  27.920520   85.648258    15.209    10040.1     2333.9     2338.9     41.6     38.0     24.9 2023  5  7 21 44  8.920  6.8   1
      768  27.877144   85.585986    14.283     3910.0    -2472.7     1412.9     37.3     47.2     22.8 2023  5  7 22 37 35.520  6.1   1
      769  27.875958   85.584334    14.073     3747.8    -2604.3     1203.2     46.0     46.5     28.8 2023  5  7 23 27 15.480  6.2   1
