        1  27.896611   85.557975    13.579     1152.2     -315.6      708.7     73.7     48.0     28.8 2023  4 10 11 32 18.600  8.7   1
        2  27.889773   85.505200    11.723    -4043.9    -1073.4    -1146.6     72.4     65.6     55.4 2023  4 10 16 53 34.260  6.4   1
        3  27.908258   85.485986    12.418    -5935.5      975.1     -451.5     85.0     55.0     44.3 2023  4 10 17 27 54.220  6.1   1
        4  27.908199   85.505607    10.136    -4003.1      968.7    -2734.0     63.5     57.0     39.6 2023  4 10 19 33 16.380  5.8   1
        5  27.883990   85.545687    13.076      -57.7    -1714.1      205.8     55.0     38.3     27.6 2023  4 10 19 50 38.400  6.0   1
        6  27.905642   85.463330    11.659    -8165.5      685.1    -1210.8     41.6     65.7     51.4 2023  4 10 21 45  6.200  6.1   1
        7  27.899644   85.466447    11.658    -7859.4       20.4    -1212.4     47.5     62.1     52.7 2023  4 10 23 21 46.780  6.5   1
        8  27.937773   85.527450    12.922    -1853.0     4245.9       52.4     86.7     75.6     41.7 2023  4 10 23 22  9.720  5.8   1
        9  27.900077   85.466593    11.536    -7844.9       68.5    -1334.1     53.0     55.2     55.7 2023  4 10 23 23 29.040  5.9   1
       10  27.954000   85.490340    14.378    -5505.1     6044.1     1508.3     37.8     44.0     35.8 2023  4 11  1  3 49.940  6.7   1
       11  27.879553   85.614518    13.850     6719.6    -2205.8      979.7     83.2     55.1     51.0 2023  4 11  3  9 13.330  6.6   1
       12  27.953743   85.489242    14.222    -5613.6     6015.7     1352.2     35.7     38.9     31.7 2023  4 11  3 15 48.440  7.6   1
       13  27.953937   85.489526    14.068    -5585.4     6037.2     1197.8     26.8     19.6     23.7 2023  4 11  3 20  4.580  6.8   1
       14  27.896981   85.638306    15.814     9060.7     -274.7     2944.0     91.2     66.6     51.7 2023  4 11  7 17 13.600  6.9   1
       15  27.906224   85.486190    12.383    -5915.1      749.6     -487.0     52.4     44.2     26.4 2023  4 11  7 32 28.200  7.0   1
       16  27.923212   85.502091    11.994    -4349.2     2632.2     -875.5     70.0     49.3     47.4 2023  4 11 12 55 14.450  6.3   1
       17  27.902875   85.560563    13.956     1406.9      378.6     1085.9     71.4     35.3     33.9 2023  4 11 15 16  8.070  6.0   1
       18  27.883413   85.564339    12.968     1778.5    -1778.3       97.8     43.5     39.6     32.6 2023  4 11 17 31 50.340  6.0   1
       19  27.881374   85.563607    13.165     1706.8    -2004.1      295.5     39.8     35.7     27.3 2023  4 11 17 31 57.720  5.8   1
       20  27.881523   85.563143    13.172     1660.7    -1987.7      301.7     41.8     36.0     28.5 2023  4 11 17 32  8.540  6.0   1
       21  27.900199   85.500203    12.606    -4535.5       82.1     -264.0     34.0     34.0     31.4 2023  4 11 18 16 25.980  6.3   1
       22  27.900391   85.498511    12.782    -4702.1      103.2      -87.9     42.0     40.1     38.9 2023  4 11 18 16 33.240  6.3   1
       23  27.900033   85.502091    12.505    -4349.8       63.5     -364.7     34.1     25.2     26.8 2023  4 11 18 28  6.880  6.9   1
       24  27.901029   85.499146    12.643    -4640.1      174.1     -226.8     45.4     40.7     43.1 2023  4 11 18 45 29.760  6.2   1
       25  27.905668   85.538314    12.582     -783.5      688.2     -287.8    128.3     63.2     61.8 2023  4 11 18 48 38.120  6.0   1
       26  27.900236   85.501693    12.542    -4389.4       86.2     -328.3     44.6     27.9     29.5 2023  4 11 19 13  1.660  6.4   1
       27  27.930107   85.521981    13.713    -2391.2     3396.4      843.5     50.0     71.4     29.3 2023  4 11 19 38 40.860  5.8   1
       28  27.898521   85.554036    13.420      764.0     -104.0      550.2     55.5     35.3     25.9 2023  4 11 20 30 42.160  6.1   1
       29  27.952612   85.498364    15.032    -4715.8     5890.3     2162.5     31.7     36.2     22.6 2023  4 11 21 12 44.320  6.4   1
       30  27.924591   85.565511    13.248     1894.1     2785.0      377.9    115.6     88.1     47.8 2023  4 11 22 39 43.240  6.0   1
       31  27.912170   85.566138    14.664     1955.6     1408.6     1794.5     45.1     44.5     25.6 2023  4 11 23  9 10.720  6.9   1
       32  27.917971   85.450977    11.763    -9381.7     2051.4    -1107.0     42.6     54.8     54.4 2023  4 12  1  7 45.390  6.7   1
       33  27.906311   85.549438    13.785      311.9      759.4      914.7     43.4     41.4     32.2 2023  4 12  1 49 35.850  6.4   1
       34  27.880544   85.647144    13.773     9931.6    -2096.0      902.5     44.3     46.4     45.6 2023  4 12  5 14 27.730  6.6   1
       35  27.878756   85.610474    14.802     6321.4    -2294.2     1932.1     87.1     49.3     57.2 2023  4 12 12  5 45.330  6.5   1
       36  27.887897   85.532568    12.921    -1349.3    -1281.3       50.8     47.9     33.9     29.7 2023  4 12 14  1  3.080  6.1   1
       37  27.876211   85.576782    13.845     3004.1    -2576.3      975.3     63.5     51.6     35.8 2023  4 12 16 31 25.300  5.9   1
       38  27.886735   85.522266    12.567    -2364.1    -1410.1     -302.7     64.6     53.7     26.7 2023  4 12 16 36  1.460  5.8   1
       39  27.910012   85.536580    14.253     -953.8     1169.4     1382.7     73.3     61.0     49.0 2023  4 12 17 13 48.340  5.9   1
       40  27.910240   85.538835    14.258     -732.5     1194.8     1388.5     62.7     49.2     41.4 2023  4 12 17 57 18.400  6.0   1
       41  27.895624   85.533521    13.489    -1255.4     -425.1      618.8     42.3     38.5     25.8 2023  4 12 18 12  2.720  6.1   1
       42  27.892680   85.475578    11.740    -6960.3     -751.2    -1129.9     50.3     49.0     47.0 2023  4 12 18 35 43.000  6.1   1
       43  27.906726   85.611263    14.044     6398.7      805.3     1173.7     93.7     66.1     44.2 2023  4 12 18 36 26.600  6.2   1
       44  27.896285   85.585490    13.691     3861.2     -351.6      820.7     40.0     34.6     19.4 2023  4 12 18 41 36.840  7.7   1
       45  27.896104   85.587142    13.718     4023.5     -371.7      848.4     35.8     35.1     19.0 2023  4 12 18 45 58.800  6.3   1
       46  27.883693   85.559823    13.371     1333.8    -1747.1      500.7     85.9     40.0     30.3 2023  4 12 19 24 48.240  5.7   1
       47  27.906893   85.499504    12.375    -4604.4      823.9     -494.9     33.5     36.8     27.6 2023  4 12 20  2 25.840  6.2   1
       48  27.898287   85.559749    13.281     1326.9     -129.9      411.3     46.8     30.6     23.7 2023  4 12 20 17 30.320  6.3   1
       49  27.894373   85.660547    14.713    11251.0     -563.6     1843.3     32.2     25.9     23.3 2023  4 12 20 22 13.100  6.5   1
       50  27.891677   85.477157    11.729    -6805.0     -862.4    -1140.8     45.8     38.7     42.7 2023  4 12 21 16 24.520  6.6   1
       51  27.891870   85.476880    11.703    -6831.8     -841.0    -1166.5     49.0     46.4     43.3 2023  4 12 21 22  8.620  6.1   1
       52  27.928381   85.465796    12.259    -7922.5     3205.2     -611.4     38.7     46.8     37.1 2023  4 12 21 41 28.680  6.8   1
       53  27.930772   85.443018    12.944   -10164.3     3470.1       73.9     53.6     59.2     59.8 2023  4 12 21 46 33.340  6.3   1
       54  27.913257   85.549992    13.374      366.1     1529.0      503.9     55.2     58.2     38.1 2023  4 12 21 49 55.360  5.7   1
       55  27.911674   85.459473    11.734    -8545.0     1353.7    -1136.4     40.0     47.1     40.8 2023  4 12 22  2 13.820  6.5   1
       56  27.903733   85.464355    11.186    -8064.7      473.8    -1683.5     22.6     35.8     26.5 2023  4 12 22 33 39.040  6.5   1
       57  27.892739   85.475122    11.645    -7005.3     -744.6    -1224.6     53.8     51.0     45.6 2023  4 12 23  2 10.440  6.1   1
       58  27.908331   85.486922    12.416    -5843.1      983.3     -454.1     36.8     35.1     35.6 2023  4 12 23  4  9.980  6.1   1
       59  27.891793   85.477140    11.747    -6806.4     -849.6    -1122.6     45.0     39.1     41.7 2023  4 12 23  6 22.340  7.5   1
       60  27.957127   85.531779    11.548    -1426.2     6390.7    -1322.4     62.6     77.9     47.2 2023  4 13  0 19  6.690  6.0   1
       61  27.904032   85.512988    11.878    -3277.0      506.8     -991.8     73.4     64.1     43.0 2023  4 13  4 13 48.830  6.7   1
       62  27.874377   85.586515    13.440     3962.7    -2779.4      570.1     97.1     70.5     48.5 2023  4 13  5 40 43.590  6.3   1
       63  27.909782   85.616838    14.718     6947.1     1143.9     1848.5     47.4     55.1     24.6 2023  4 13 11 30 29.560  6.3   1
       64  27.943919   85.451009    13.131    -9377.4     4926.9      261.4     67.2     64.9     81.9 2023  4 13 11 51 25.660  6.9   1
       65  27.939176   85.575618    12.679     2888.6     4401.5     -190.5     70.7     64.2     41.5 2023  4 13 12 31 34.130  6.4   1
       66  27.895007   85.578166    13.679     3140.0     -493.3      808.8     38.3     34.0     23.1 2023  4 13 13  5 13.540  6.4   1
       67  27.944100   85.528402    11.098    -1759.5     4947.1    -1771.9     60.7     77.6     46.0 2023  4 13 13 30 17.290  6.7   1
       68  27.913765   85.561043    13.912     1454.1     1585.5     1042.1     60.9     49.9     34.2 2023  4 13 13 34 28.330  6.5   1
       70  27.939445   85.569702    12.871     2306.2     4431.3        1.2     55.0     68.0     22.6 2023  4 13 14 19  5.860  6.4   1
       71  27.939585   85.569588    12.881     2295.1     4446.7       11.2     54.8     68.1     22.2 2023  4 13 14 24  8.130  6.7   1
       72  27.894027   85.543148    13.179     -307.7     -602.0      308.9     44.4     35.8     22.0 2023  4 13 14 43 47.010  6.1   1
       73  27.939504   85.567562    12.802     2095.9     4437.8      -67.6     54.6     67.9     21.2 2023  4 13 14 50 20.320  6.3   1
       74  27.881435   85.565804    13.630     1923.5    -1997.4      760.1     36.9     36.8     35.1 2023  4 13 16 12 57.650  5.9   1
       75  27.875492   85.656128    13.794    10817.0    -2656.0      923.8     34.5     32.7     28.5 2023  4 13 21  0 51.360  6.1   1
       76  27.935689   85.542407    12.375     -380.6     4015.0     -495.3     50.1     70.8     20.0 2023  4 13 22 12 10.880  6.1   1
       77  27.903459   85.540511    13.182     -567.3      443.2      311.5     39.6     36.2     25.2 2023  4 13 22 13 20.120  6.2   1
       78  27.892851   85.520296    12.511    -2557.9     -732.3     -359.0     36.7     30.8     23.8 2023  4 13 22 23 45.100  6.0   1
       79  27.913464   85.547127    13.884       84.3     1552.1     1013.9     53.3     47.0     34.8 2023  4 13 22 33 32.120  6.0   1
       80  27.875789   85.655526    13.907    10757.5    -2622.9     1036.6     36.6     31.2     29.9 2023  4 13 23  9 25.040  6.1   1
       81  27.887268   85.494515    11.821    -5096.0    -1350.9    -1048.5     40.7     46.9     39.0 2023  4 13 23 30 46.280  6.1   1
       82  27.916972   85.568880    15.253     2225.4     1940.7     2382.6     36.8     45.3     21.5 2023  4 14  1  4 16.660  7.0   1
       83  27.917063   85.569930    15.287     2328.8     1950.9     2416.9     34.5     46.5     22.4 2023  4 14  1 17  3.610  6.3   1
       84  27.924681   85.560002    15.514     1351.4     2795.0     2644.5     66.0     56.3     41.0 2023  4 14  6 16  6.440  6.7   1
       85  27.855603   85.659904    14.011    11189.5    -4860.0     1141.2     57.1     57.7     48.6 2023  4 14 10 13 58.570  8.2   1
       86  27.904555   85.486784    12.434    -5856.6      564.8     -436.1     35.5     39.9     22.6 2023  4 14 11 40 42.620  6.5   1
       87  27.904142   85.575326    14.889     2860.1      519.1     2019.3     52.1     42.3     33.1 2023  4 14 11 45 55.780  6.7   1
       88  27.888316   85.505762    12.049    -3988.4    -1234.9     -821.1     43.4     24.1     26.7 2023  4 14 12 30 42.210  7.5   1
       89  27.888963   85.580493    13.887     3369.6    -1163.1     1017.0     58.7     43.4     27.7 2023  4 14 13 49 39.330  6.2   1
       90  27.895791   85.509253    11.063    -3644.7     -406.6    -1806.8     50.5     48.7     40.8 2023  4 14 14 19 13.150  6.1   1
       91  27.845304   85.714543    13.678    16570.7    -6001.3      807.8     81.2     55.9     79.4 2023  4 14 14 41 16.500  6.2   1
       92  27.829710   85.669010    13.943    12087.7    -7729.3     1073.5     53.3     46.0     42.2 2023  4 14 14 59 40.870  6.4   1
       93  27.829189   85.670174    13.979    12202.1    -7787.2     1109.0     55.7     49.0     44.3 2023  4 14 15  6 29.010  6.1   1
       94  27.883881   85.644279    16.657     9649.7    -1726.4     3787.3     85.7     69.2     49.7 2023  4 14 15 15 30.140  6.7   1
       95  27.891077   85.665975    15.189    11785.8     -928.8     2319.2     36.3     27.8     20.9 2023  4 14 16 19 15.160  7.1   1
       96  27.948834   85.444857    13.120    -9982.7     5471.6      250.1     73.0     62.8     83.2 2023  4 14 16 33  8.790  6.5   1
       97  27.928054   85.656291    13.591    10830.6     3168.8      721.1     89.3     85.8     56.9 2023  4 14 17  7 56.480  6.2   1
       98  27.910586   85.604443    16.853     5727.0     1233.1     3983.5     60.2     52.8     15.5 2023  4 14 17  8 24.680  6.9   1
       99  27.902848   85.531673    13.100    -1437.3      375.7      229.6     40.1     34.4     25.6 2023  4 14 17 22 16.920  6.0   1
      100  27.931053   85.451359    11.926    -9343.3     3501.2     -944.1     44.8     48.9     53.9 2023  4 14 17 45 24.600  6.1   1
      101  27.930670   85.451912    11.677    -9289.0     3458.8    -1192.0     33.1     40.3     34.7 2023  4 14 17 47 37.340  6.6   1
      102  27.930603   85.451628    11.598    -9316.6     3451.4    -1272.4     34.2     40.4     36.1 2023  4 14 17 53  8.060  6.7   1
      103  27.930589   85.451847    11.647    -9295.5     3449.8    -1222.7     35.6     40.5     36.1 2023  4 14 17 57  6.240  6.9   1
      104  27.930481   85.451392    11.662    -9339.8     3437.7    -1207.7     29.7     41.4     28.6 2023  4 14 17 58 36.600  6.6   1
      105  27.930638   85.451440    11.614    -9335.0     3455.2    -1255.7     35.2     40.9     37.3 2023  4 14 18  8  8.680  6.9   1
      106  27.930245   85.451278    11.607    -9350.9     3411.7    -1263.2     34.2     40.5     35.6 2023  4 14 18  8 42.420  6.5   1
      107  27.929340   85.528589    15.721    -1741.0     3311.4     2851.0    116.9     99.2     58.5 2023  4 14 18 34 47.560  6.2   1
      108  27.891882   85.476961    11.666    -6824.2     -839.7    -1204.2     46.3     38.4     41.3 2023  4 14 19  1 35.440  6.1   1
      109  27.931018   85.451310    12.574    -9348.1     3497.4     -295.7     67.3     67.0     73.4 2023  4 14 19 42  2.920  5.9   1
      110  27.906852   85.505387    12.555    -4025.4      819.4     -315.4     41.4     41.4     37.3 2023  4 14 19 45 34.200  6.2   1
      111  27.930560   85.451147    11.694    -9363.7     3446.6    -1175.5     31.7     40.7     34.1 2023  4 14 20 30 23.920  6.6   1
      112  27.931242   85.449414    11.937    -9534.5     3522.1     -932.9     41.6     41.8     45.3 2023  4 14 20 33  9.200  6.3   1
      113  27.880821   85.707853    14.571    15909.2    -2065.3     1701.3     55.2     40.4     52.0 2023  4 14 20 46 13.620  6.5   1
      114  27.873629   85.591121    13.855     4416.0    -2862.4      984.7     44.3     44.8     32.5 2023  4 14 21 27 13.240  5.9   1
      115  27.906614   85.499797    12.346    -4575.6      792.8     -524.4     37.7     36.4     33.2 2023  4 14 21 59 19.400  6.0   1
      116  27.884027   85.604867    13.544     5769.2    -1710.0      674.3     46.5     55.2     31.0 2023  4 14 22 43 54.000  6.2   1
      117  27.884471   85.604948    13.539     5777.5    -1660.9      668.7     47.0     55.9     26.0 2023  4 14 22 44 31.860  6.2   1
      118  27.887850   85.589087    10.586     4215.2    -1286.5    -2283.9     81.3     57.3     37.5 2023  4 14 22 51  6.840  6.3   1
      119  27.878125   85.555599    13.473      917.9    -2364.1      603.1     51.9     30.1     22.7 2023  4 14 23 20 26.020  6.1   1
      120  27.901270   85.499105    11.953    -4644.0      200.6     -917.4     66.1     53.6     64.2 2023  4 14 23 53 34.780  5.9   1
      121  27.885152   85.562915    13.496     1638.5    -1585.3      626.0     66.7     43.5     35.9 2023  4 15  0 20 21.480  6.2   1
      122  27.930951   85.452401    11.790    -9240.4     3489.8    -1080.1     36.2     46.8     48.1 2023  4 15  1 10  2.600  6.3   1
      123  27.929877   85.456372    11.972    -8850.0     3370.9     -897.5     40.2     40.3     35.2 2023  4 15  1 13  4.520  6.6   1
      124  27.901917   85.512069    12.932    -3367.8      272.4       61.6     36.1     29.4     25.6 2023  4 15  9 46  8.170  7.0   1
      125  27.901324   85.509627    12.935    -3607.5      206.7       65.3     46.9     33.0     28.9 2023  4 15  9 48 34.310  6.7   1
      126  27.904795   85.520736    13.267    -2513.8      591.3      396.6     45.4     64.5     31.6 2023  4 15 13 48 50.300  6.5   1
      127  27.912614   85.542798    13.313     -341.9     1457.9      442.8     39.7     44.4     33.6 2023  4 15 15 11 10.730  6.9   1
      128  27.907585   85.478939    11.850    -6628.8      900.4    -1019.7     39.7     40.3     29.6 2023  4 15 18 21  5.800  6.0   1
      129  27.922996   85.502799    12.146    -4280.0     2608.4     -724.0     43.6     47.3     33.0 2023  4 15 18 51 42.620  6.4   1
      130  27.884371   85.503369    11.936    -4224.4    -1672.0     -934.3     38.6     26.4     28.3 2023  4 15 18 52 24.540  6.2   1
      131  27.884127   85.502539    12.086    -4306.4    -1699.0     -784.0     42.4     29.8     34.8 2023  4 15 18 53 22.580  6.1   1
      132  27.899715   85.541927    13.676     -427.9       28.4      806.2     65.5     50.1     30.3 2023  4 15 19 13 47.200  6.1   1
      133  27.866398   85.705013    13.811    15630.5    -3663.7      940.7     97.3    115.0     93.9 2023  4 15 19 34 39.640  6.2   1
      134  27.919342   85.446655    11.272    -9806.4     2203.4    -1597.6     46.3     56.9     54.5 2023  4 15 19 58 46.240  6.2   1
      135  27.881405   85.570793    13.208     2414.6    -2000.8      338.3     52.9     44.2     30.1 2023  4 15 20  4 21.160  5.8   1
      137  27.904628   85.467456    11.799    -7759.8      572.9    -1070.8     38.9     56.7     48.7 2023  4 15 20  9 37.000  6.1   1
      138  27.905505   85.464429    11.351    -8057.8      670.0    -1519.4     31.0     45.8     33.1 2023  4 15 20 10 52.780  5.9   1
      139  27.888967   85.572021    13.442     2535.1    -1162.7      571.7     36.6     29.9     22.5 2023  4 15 20 39 40.960  6.3   1
      140  27.912441   85.579508    14.275     3272.0     1438.7     1405.1     55.4     48.9     37.5 2023  4 15 21 16 39.500  5.8   1
      142  27.908291   85.503573    13.385    -4204.2      978.6      514.9     36.0     38.4     29.8 2023  4 15 22 48  2.220  6.1   1
      143  27.916718   85.444531    11.674   -10016.1     1912.6    -1195.8     50.2     57.8     61.4 2023  4 15 23 20 28.160  6.1   1
      144  27.911912   85.661719    13.751    11365.3     1379.9      880.6     76.5     60.4     42.5 2023  4 15 23 22  1.100  6.2   1
      145  27.906604   85.453996    12.244    -9084.4      791.8     -626.0     59.1     72.1     60.0 2023  4 16  4 54  9.920  6.5   1
      147  27.885952   85.530046    12.620    -1597.9    -1496.9     -250.4     47.5     32.3     32.6 2023  4 16  5 55  6.500  6.7   1
      149  27.911924   85.585392    14.278     3850.9     1381.5     1408.1     55.3     48.7     36.8 2023  4 16 10 48 36.520  7.0   1
      150  27.889638   85.673405    13.845    12517.0    -1088.3      974.8     94.9    143.5     72.2 2023  4 16 13 20 24.710  6.7   1
      151  27.911454   85.594222    14.170     4720.8     1329.3     1299.6     49.7     50.0     27.7 2023  4 16 13 21 55.260  6.7   1
      152  27.896240   85.571248    14.099     2459.2     -356.6     1228.7     63.8     57.8     30.9 2023  4 16 13 58 33.090  6.4   1
      153  27.890784   85.523079    12.665    -2283.5     -961.3     -204.8     40.5     25.4     23.8 2023  4 16 14 54 28.690  6.0   1
      155  27.879091   85.557129    13.544     1068.6    -2257.1      673.7     56.2     32.1     29.0 2023  4 16 15 22 36.370  6.5   1
      156  27.915818   85.450049    11.345    -9473.2     1812.9    -1525.1     59.1     59.8     63.9 2023  4 16 15 46 35.650  6.2   1
      157  27.879685   85.560343    13.501     1385.5    -2191.2      630.7     75.7     52.8     50.1 2023  4 16 16  5 40.560  6.0   1
      158  27.879211   85.557593    13.530     1114.7    -2243.8      660.3     34.4     29.7     23.6 2023  4 16 16 51 34.090  6.8   1
      159  27.878571   85.558211    13.633     1175.1    -2314.9      763.2     78.9     74.1     30.2 2023  4 16 16 52  7.210  5.9   1
      160  27.835559   85.662736    12.928    11469.8    -7081.3       58.4     37.8     23.5     29.3 2023  4 16 17  3 56.540  6.8   1
      161  27.834658   85.663607    12.822    11555.3    -7181.2      -48.0     37.5     29.0     31.3 2023  4 16 17  4 50.000  6.2   1
      162  27.835280   85.662524    12.921    11448.8    -7112.2       50.9     33.3     23.0     26.7 2023  4 16 17  6 53.160  6.3   1
      163  27.834782   85.662378    12.861    11434.5    -7167.4       -8.5     40.5     31.9     33.3 2023  4 16 17  7 20.480  6.2   1
      164  27.895907   85.677246    13.322    12895.3     -393.7      452.4     95.6    140.3     73.0 2023  4 16 17 19 26.280  7.4   1
      165  27.879344   85.557414    13.506     1097.1    -2229.1      636.0     46.5     30.1     22.7 2023  4 16 17 19 32.560  7.1   1
      166  27.881525   85.545239    13.238     -102.1    -1987.5      367.9     33.3     28.1     19.0 2023  4 16 17 32 32.900  6.2   1
      167  27.879513   85.557731    13.493     1128.6    -2210.4      623.2     37.5     29.8     22.7 2023  4 16 17 51  0.880  6.4   1
      168  27.894122   85.461361    12.370    -8360.2     -591.4     -500.1     49.4     62.3     56.6 2023  4 16 17 56 22.600  6.2   1
      169  27.879189   85.557088    13.500     1064.8    -2246.2      630.0     39.9     31.6     25.1 2023  4 16 18 31 59.700  6.3   1
      170  27.877244   85.573389    13.401     2670.0    -2461.8      531.2     49.0     40.0     30.1 2023  4 16 18 35  0.100  6.2   1
      171  27.901390   85.463826    11.657    -8116.8      213.9    -1213.0     48.9     55.6     51.8 2023  4 16 18 47 13.880  6.1   1
      172  27.884766   85.657121    14.252    10914.5    -1628.3     1381.5     34.6     19.9     22.3 2023  4 16 18 51 57.520  6.6   1
      173  27.916644   85.592033    16.872     4504.8     1904.5     4002.2     71.7     75.1     46.8 2023  4 16 19  7 49.520  5.9   1
      174  27.925177   85.565316    15.167     1874.3     2850.0     2296.6     63.0     51.5     34.1 2023  4 16 19 13 41.840  5.8   1
      175  27.881285   85.545337    13.227      -92.4    -2014.1      357.4     30.4     27.0     19.1 2023  4 16 19 16 48.400  6.1   1
      176  27.887467   85.551750    13.097      539.5    -1328.9      226.8     83.6     41.7     36.5 2023  4 16 19 39 25.960  5.9   1
      177  27.879466   85.557568    13.526     1112.2    -2215.7      655.7     31.9     29.0     23.6 2023  4 16 19 55  5.860  6.9   1
      178  27.881620   85.605575    13.405     5839.3    -1976.9      535.1     52.4     65.2     48.6 2023  4 16 20 18  9.640  6.2   1
      179  27.832629   85.631112    13.848     8355.5    -7405.9      978.3     57.0     43.6     38.1 2023  4 16 20 21 39.440  6.1   1
      180  27.945093   85.494580    12.741    -5088.2     5057.0     -129.4    144.5    156.1    117.5 2023  4 16 21  8 39.680  6.6   1
      181  27.876339   85.580575    13.481     3377.6    -2562.1      610.5     44.1     42.5     29.2 2023  4 16 21 25 47.240  6.4   1
      182  27.892676   85.559863    13.390     1337.9     -751.6      520.2     35.5     31.5     20.5 2023  4 16 21 27 56.640  6.3   1
      183  27.927352   85.589372    14.956     4242.9     3091.1     2086.5    147.6    141.2     56.6 2023  4 16 21 45 28.760  5.8   1
      184  27.937142   85.535522    11.737    -1058.6     4175.9    -1132.5     48.3     71.0     40.0 2023  4 16 22  1 25.200  6.0   1
      185  27.879047   85.562345    13.315     1582.2    -2262.1      445.4     68.7     57.8     27.1 2023  4 16 22 12 42.800  5.7   1
      186  27.902360   85.540747    13.576     -543.9      321.5      706.3     53.9     38.3     29.9 2023  4 16 22 39  4.380  5.9   1
      187  27.920276   85.474382    12.065    -7076.9     2306.8     -804.9     56.6     67.5     67.3 2023  4 17  0 36 13.510  6.7   1
      188  27.887136   85.639974    13.510     9225.4    -1365.5      639.6     65.4     49.4     39.6 2023  4 17  1 18 21.120  6.4   1
      189  27.895115   85.553581    13.554      719.6     -481.3      683.8     38.3     33.7     24.4 2023  4 17  1 33 17.840  6.5   1
      190  27.850926   85.666073    13.767    11797.6    -5378.4      896.8     68.8     61.7     56.2 2023  4 17  1 43 46.420  6.5   1
      191  27.914376   85.451725    11.296    -9308.1     1653.1    -1573.5     49.5     62.3     64.8 2023  4 17  2 33 39.470  6.7   1
      192  27.921790   85.446476    12.129    -9824.0     2474.7     -740.6     40.6     48.6     53.9 2023  4 17  4 47 35.050  6.8   1
      193  27.923657   85.473942    11.759    -7120.5     2681.6    -1110.8     40.7     72.5     46.7 2023  4 17  7 50  4.550  6.5   1
      194  27.920917   85.475895    12.186    -6928.1     2377.9     -684.1     41.8     69.3     45.8 2023  4 17  7 51 12.570  6.6   1
      196  27.882045   85.617830    14.164     7045.6    -1929.7     1294.5     57.2     43.7     36.8 2023  4 17  9 35 43.380  6.6   1
      197  27.926255   85.536898    13.201     -922.9     2969.6      330.9    108.1    102.6     52.5 2023  4 17  9 50 57.550  6.7   1
      198  27.883698   85.544775    13.310     -147.2    -1746.6      439.6     32.9     29.5     21.0 2023  4 17 11 34 12.840  6.4   1
      199  27.900323   85.530924    15.791    -1511.5       95.9     2921.3     65.5     73.9     50.2 2023  4 17 12 41 34.990  6.8   1
      200  27.916441   85.570304    15.113     2366.2     1881.8     2242.6     37.6     47.4     29.6 2023  4 17 13 57 12.510  6.5   1
      201  27.906677   85.498470    12.945    -4706.4      800.0       75.3     33.6     30.6     31.8 2023  4 17 14 15 43.240  7.1   1
      202  27.917047   85.568245    15.056     2163.5     1949.1     2185.7     45.1     49.1     24.5 2023  4 17 14 24 53.370  6.2   1
      203  27.916280   85.569206    15.039     2257.4     1864.2     2169.5     37.2     44.7     23.8 2023  4 17 14 37  1.600  6.4   1
      204  27.906653   85.498405    12.991    -4712.9      797.3      120.9     41.1     35.8     31.2 2023  4 17 15  0 12.590  6.8   1
      205  27.891250   85.485295    11.894    -6003.7     -909.8     -975.5     47.3     48.1     44.2 2023  4 17 15 27 27.610  6.3   1
      206  27.889970   85.525407    12.738    -2054.5    -1051.5     -132.4     40.1     36.5     19.2 2023  4 17 15 45 38.990  6.0   1
      207  27.901886   85.647550    14.744     9971.2      268.9     1874.3     53.0     34.9     34.3 2023  4 17 16 29 17.960  6.2   1
      208  27.886275   85.559692    13.432     1321.6    -1461.0      562.3     57.5     40.9     31.8 2023  4 17 17 10  2.900  5.9   1
      209  27.883746   85.544873    13.127     -138.0    -1741.3      256.9     29.5     26.4     18.5 2023  4 17 17 20 24.400  6.8   1
      210  27.883728   85.551481    13.178      512.9    -1743.2      307.6     38.0     28.3     23.6 2023  4 17 18 19 15.400  6.1   1
      211  27.920339   85.476831    12.219    -6836.4     2313.9     -651.3     53.6     66.0     57.9 2023  4 17 18 34  2.260  6.0   1
      212  27.907161   85.489128    12.217    -5626.1      853.5     -652.7     57.7     50.8     41.0 2023  4 17 19 41  8.920  5.8   1
      213  27.883333   85.545215    13.150     -104.0    -1787.0      279.9     28.7     26.2     18.9 2023  4 17 20  9 49.560  6.7   1
      215  27.955872   85.554500    13.368      810.0     6251.6      497.8    121.1    111.6     54.9 2023  4 17 21 32 38.920  6.0   1
      216  27.901764   85.543994    13.203     -224.1      255.5      333.4     53.6     42.5     28.9 2023  4 17 21 47 33.380  6.0   1
      217  27.882601   85.551619    13.373      526.2    -1868.2      502.8     42.7     30.8     25.2 2023  4 17 21 57 28.680  5.8   1
      218  27.890739   85.562516    13.341     1599.2     -966.4      471.0     55.2     44.8     48.3 2023  4 17 22  6 50.700  5.9   1
      219  27.883602   85.545809    13.099      -46.0    -1757.1      229.0     27.9     26.7     18.5 2023  4 17 22 39 38.400  6.2   1
      220  27.898586   85.525448    13.247    -2050.7      -96.8      377.2    170.6     77.1    133.4 2023  4 17 23 20 47.800  6.0   1
      221  27.887425   85.533105    12.827    -1296.7    -1333.5      -42.9     56.9     37.8     32.4 2023  4 18  0 42 35.370  6.1   1
      222  27.902128   85.462150    11.081    -8282.1      295.8    -1788.6     34.6     36.4     28.4 2023  4 18  1  8 52.530  6.4   1
      223  27.883728   85.545150    13.165     -110.3    -1743.3      295.1     29.1     26.3     18.1 2023  4 18  1 34 29.350  7.6   1
      226  27.883879   85.544922    13.177     -132.8    -1726.6      307.1     37.9     30.3     20.7 2023  4 18 13 21 44.470  6.6   1
      227  27.883822   85.544450    12.996     -179.5    -1732.8      126.0     47.1     28.3     21.5 2023  4 18 13 31 52.540  6.6   1
      228  27.872961   85.591960    13.166     4498.3    -2936.3      296.0     37.1     44.1     41.0 2023  4 18 15 33 21.490  6.2   1
      229  27.894552   85.462630    12.289    -8234.7     -543.9     -579.9     37.6     63.7     39.0 2023  4 18 17  1 16.360  6.3   1
      230  27.896242   85.501506    12.357    -4407.8     -356.3     -513.2     34.2     28.1     25.5 2023  4 18 17 37 42.180  6.5   1
      231  27.906801   85.460449    11.569    -8449.4      813.7    -1300.7     34.6     54.6     42.8 2023  4 18 17 49 31.740  6.2   1
      232  27.907963   85.461255    11.631    -8369.6      942.4    -1238.5     39.1     54.1     36.2 2023  4 18 18  3 57.320  6.1   1
      233  27.921104   85.473161    11.881    -7197.6     2398.8     -988.9     33.1     64.9     36.8 2023  4 18 18  5 24.720  8.1   1
      234  27.921252   85.472974    11.793    -7216.0     2415.1    -1076.7     41.3     65.7     40.8 2023  4 18 18 33 59.180  6.5   1
      235  27.876249   85.577637    13.560     3088.0    -2572.1      689.7     42.8     37.7     30.0 2023  4 18 18 46 43.160  6.7   1
      236  27.885716   85.546623    13.114       34.4    -1523.1      244.4     40.3     29.3     21.4 2023  4 18 19 38 39.640  5.9   1
      237  27.884005   85.654207    13.364    10627.2    -1712.7      493.7     26.1     28.6     26.1 2023  4 18 20 20 56.800  6.1   1
      238  27.884326   85.654517    13.372    10657.8    -1676.9      502.3     25.3     18.8     20.7 2023  4 18 20 24 33.760  6.6   1
      239  27.884265   85.654622    13.368    10667.8    -1683.7      498.4     28.5     18.6     20.9 2023  4 18 20 25 56.800  6.8   1
      240  27.883555   85.656047    13.169    10808.2    -1762.4      298.7     40.1     28.7     23.4 2023  4 18 20 27 38.880  6.1   1
      241  27.895081   85.511597    10.935    -3414.4     -485.2    -1935.3     45.5     44.5     43.7 2023  4 18 21  1 21.840  5.9   1
      242  27.920520   85.539478    15.353     -669.0     2333.9     2483.0     53.1     51.6     30.9 2023  4 18 21 15 25.040  6.1   1
      243  27.895321   85.511995    15.915    -3374.4     -458.6     3045.3     34.7     43.3     26.8 2023  4 18 21 24 57.760  6.5   1
      244  27.895624   85.541626    13.834     -457.6     -425.0      964.3     70.8     56.6     35.9 2023  4 18 21 34 44.200  6.0   1
      245  27.887705   85.532438    12.751    -1361.9    -1302.5     -118.8     47.2     35.4     28.3 2023  4 18 22 15 11.540  5.8   1
      246  27.890184   85.518156    12.464    -2768.6    -1027.9     -406.4     52.0     32.7     31.3 2023  4 18 22 29 22.440  6.2   1
      247  27.890938   85.516423    12.264    -2939.3     -944.3     -606.4     40.5     30.7     31.3 2023  4 18 22 34 42.460  6.1   1
      248  27.889716   85.517594    12.449    -2823.4    -1079.7     -421.0     46.6     31.2     22.7 2023  4 18 22 34 56.860  5.7   1
      249  27.899795   85.526799    13.099    -1917.2       37.1      228.7     37.4     50.5     29.2 2023  4 18 23  6 58.440  6.4   1
      250  27.918642   85.473079    11.381    -7205.3     2125.8    -1489.4    125.5     77.6    131.7 2023  4 18 23 35 27.520  6.1   1
      251  27.890387   85.517708    12.412    -2812.2    -1005.3     -457.5     52.6     51.0     42.3 2023  4 18 23 46 23.040  6.0   1
      252  27.923891   85.503874     7.459    -4173.7     2707.6    -5410.7     28.8     34.9     30.5 2023  4 19  0 14 48.660  6.6   1
      253  27.890194   85.534237    13.505    -1185.1    -1026.7      634.9     62.1     47.8     33.6 2023  4 19  1 29 13.610  6.4   1
      254  27.904740   85.530640    13.284    -1539.3      585.3      414.5     70.2     87.2     48.0 2023  4 19  1 35 15.890  6.6   1
      255  27.886654   85.601636    13.970     5450.7    -1419.1     1099.9     54.9     49.1     30.0 2023  4 19  4 57 17.470  6.4   1
      256  27.886666   85.604102    13.837     5694.1    -1417.8      966.9     49.8     45.9     24.8 2023  4 19  4 59 54.290  6.7   1
      257  27.916459   85.524845    13.314    -2109.1     1884.0      443.6     94.9     97.2     53.5 2023  4 19  5  4 40.140  6.3   1
      258  27.927653   85.529891    12.719    -1612.4     3124.5     -150.7     45.0     67.4     27.4 2023  4 19  5  6 42.840  6.4   1
      259  27.928284   85.529622    12.405    -1639.3     3194.3     -465.0     32.0     70.6     25.5 2023  4 19  5 15 43.570  6.4   1
      260  27.926428   85.526587    12.196    -1937.5     2988.8     -673.6     59.3     74.7     29.2 2023  4 19  5 17 33.270  6.2   1
      261  27.928101   85.529264    12.369    -1674.4     3174.0     -500.7     30.3     66.2     25.0 2023  4 19  5 19 33.900  7.6   1
      262  27.915190   85.552653    15.390      627.9     1743.3     2519.6     53.7     48.8     44.2 2023  4 19 15 35  0.000  7.4   1
      263  27.922498   85.532479    14.170    -1357.7     2553.2     1299.8     58.1     79.9     30.2 2023  4 19 17 15 46.980  6.2   1
      264  27.877681   85.550708    13.561      436.9    -2413.3      691.0     56.7     43.7     29.6 2023  4 19 18  6 18.880  6.0   1
      265  27.902881   85.456494    12.998    -8839.0      379.3      129.3     45.9     66.0     54.1 2023  4 19 18  7 51.160  6.5   1
      266  27.904917   85.481193    12.190    -6407.5      604.9     -680.4     37.4     37.1     39.3 2023  4 19 18 23 38.640  6.2   1
      267  27.904173   85.482943    12.270    -6234.7      522.3     -599.7     24.9     32.4     18.9 2023  4 19 18 38 33.480  6.5   1
      268  27.904842   85.482096    12.238    -6318.4      596.5     -632.4     28.6     35.1     24.7 2023  4 19 18 39  0.320  6.1   1
      269  27.904047   85.482576    12.288    -6271.2      508.4     -582.1     26.5     33.1     16.5 2023  4 19 18 47 28.520  6.3   1
      270  27.904122   85.482503    12.250    -6278.5      516.8     -620.0     24.9     33.8     22.5 2023  4 19 18 48 40.460  6.8   1
      271  27.904038   85.483407    12.430    -6189.2      507.6     -440.1     32.1     35.1     33.0 2023  4 19 18 49 26.480  6.3   1
      272  27.904987   85.485555    12.586    -5977.6      612.7     -283.9     38.2     39.6     27.1 2023  4 19 19  5 31.760  5.8   1
      273  27.905054   85.482129    12.420    -6315.1      620.0     -450.3     63.1     41.6     36.1 2023  4 19 19  5 40.720  6.1   1
      274  27.902873   85.483285    12.495    -6201.3      378.4     -375.1     47.7     47.7     34.3 2023  4 19 19 16 43.560  6.0   1
      275  27.904553   85.482642    12.320    -6264.8      564.6     -550.3     25.8     34.5     24.2 2023  4 19 19 22 48.200  5.9   1
      276  27.904797   85.481836    12.394    -6343.8      591.5     -476.1     33.2     33.8     27.7 2023  4 19 19 28 14.240  6.0   1
      277  27.904260   85.482096    12.204    -6317.9      532.2     -665.5     31.5     34.1     35.8 2023  4 19 19 30 38.040  7.1   1
      278  27.904395   85.481445    12.350    -6382.4      547.1     -519.6     55.0     40.9     32.4 2023  4 19 19 32 47.480  6.0   1
      279  27.905021   85.482227    12.286    -6305.6      616.3     -584.3     36.0     36.6     22.8 2023  4 19 19 38  0.600  6.1   1
      280  27.903446   85.483024    12.262    -6226.6      442.0     -608.4     24.7     32.4     25.7 2023  4 19 19 39 33.660  6.0   1
      281  27.904301   85.482918    12.356    -6237.2      536.7     -513.8     29.4     34.4     30.6 2023  4 19 19 49 32.560  6.0   1
      282  27.900647   85.546436    13.674       15.7      131.8      804.1     40.8     38.9     24.5 2023  4 19 20 18 53.280  7.2   1
      283  27.904244   85.481755    12.177    -6352.3      530.4     -692.8     30.0     33.3     32.5 2023  4 19 20 24  8.160  7.4   1
      284  27.904995   85.481982    12.207    -6329.3      613.5     -663.1     43.6     41.9     23.4 2023  4 19 20 27  2.640  6.0   1
      285  27.903933   85.483577    12.286    -6172.7      495.8     -584.0     41.6     37.8     28.4 2023  4 19 20 39 34.220  6.6   1
      286  27.905621   85.479850    12.211    -6538.9      682.9     -658.6     42.9     61.4     22.6 2023  4 19 20 40 55.380  6.0   1
      287  27.935673   85.451766    14.338    -9303.0     4013.1     1468.1     86.9    117.3    111.7 2023  4 19 21 20 36.280  6.3   1
      288  27.879930   85.589307    13.696     4236.9    -2164.1      825.6     58.6     60.2     30.8 2023  4 19 21 27  2.840  5.8   1
      289  27.904085   85.482194    12.267    -6309.0      512.6     -602.5     26.4     33.1     27.9 2023  4 19 21 46 59.520  7.3   1
      290  27.904663   85.483130    12.338    -6216.4      576.7     -532.0     28.2     34.3     26.9 2023  4 19 23 42 23.720  6.3   1
      291  27.905910   85.560254    13.750     1376.3      714.9      879.6     46.3     35.8     34.9 2023  4 20  0 12 13.920  6.7   1
      292  27.886914   85.516040    12.694    -2976.8    -1390.1     -176.1     81.9     66.4     69.8 2023  4 20  0 46 30.190  6.2   1
      293  27.904230   85.483911    12.434    -6139.4      528.7     -436.2     39.3     35.3     40.9 2023  4 20  0 55 10.060  6.1   1
      294  27.904669   85.489258    12.058    -5613.1      577.5     -812.0     30.6     44.5     28.8 2023  4 20 12 56  6.770  6.5   1
      295  27.927427   85.506331     6.511    -3931.7     3099.4    -6359.1     26.1     34.2     25.7 2023  4 20 16 14 12.370  6.6   1
      296  27.875846   85.597323    13.810     5026.9    -2616.8      939.6     59.3     45.7     33.6 2023  4 20 16 27 58.010  6.2   1
      297  27.910480   85.596069    14.833     4902.3     1221.2     1962.6     48.6     52.8     25.6 2023  4 20 16 58 28.260  6.2   1
      298  27.926937   85.505729     6.463    -3991.3     3045.0    -6406.5     28.8     34.3     30.3 2023  4 20 17  5 31.360  6.3   1
      299  27.903668   85.456291    11.896    -8859.1      466.5     -974.0     52.6     57.8     49.8 2023  4 20 17 28 10.920  5.8   1
      300  27.871810   85.556177    13.243      975.5    -3064.0      373.5     65.9     47.8     28.8 2023  4 20 17 36 45.200  6.1   1
      301  27.871525   85.557576    13.223     1113.1    -3095.6      352.6     48.9     38.8     28.4 2023  4 20 17 52  8.220  6.2   1
      302  27.906850   85.481478    12.296    -6379.2      819.0     -573.7     25.2     33.0     17.6 2023  4 20 17 54 55.680  6.6   1
      303  27.893370   85.545036    13.419     -121.9     -674.7      548.8     92.3     90.4     43.1 2023  4 20 18 47 22.200  6.2   1
      304  27.907178   85.506209    12.841    -3944.4      855.3      -29.2     38.2     28.5     25.6 2023  4 20 19 24 31.720  6.0   1
      305  27.911886   85.602433    16.849     5528.7     1377.0     3978.8     60.0     52.6     19.2 2023  4 20 19 47  1.960  6.3   1
      306  27.885276   85.547005    13.061       72.4    -1571.7      190.9     56.7     40.5     26.6 2023  4 20 20  7 44.000  5.7   1
      307  27.927563   85.505851     6.488    -3979.2     3114.4    -6381.6     26.9     34.4     29.6 2023  4 20 20 22 19.460  6.0   1
      308  27.908099   85.487549    12.736    -5781.1      957.6     -134.2     41.0     49.2     34.7 2023  4 20 20 29 51.360  5.9   1
      309  27.882355   85.545744    13.120      -51.8    -1895.5      250.4     50.1     36.9     25.3 2023  4 20 20 55 43.980  5.8   1
      310  27.882621   85.546769    13.017       48.8    -1865.8      146.9     38.2     31.3     24.4 2023  4 20 20 56 17.100  5.8   1
      311  27.917112   85.649235    14.847    10136.2     1956.4     1977.4     56.8     48.8     39.3 2023  4 20 20 57  9.800  7.2   1
      312  27.913599   85.579875    14.183     3308.2     1566.8     1313.5     46.0     41.7     31.3 2023  4 20 21 16 26.320  6.6   1
      313  27.917428   85.647746    15.133     9989.6     1991.3     2263.3     51.2     47.9     33.0 2023  4 20 21 22 44.700  6.1   1
      314  27.830251   85.615308    13.730     6799.2    -7669.6      859.6    107.7     73.5     72.0 2023  4 20 21 24 47.300  6.1   1
      315  27.820675   85.682300    14.708    13397.4    -8730.7     1838.5     63.4     58.8     51.0 2023  4 20 21 35 15.120  6.2   1
      316  27.891943   85.476766    11.673    -6843.5     -832.8    -1196.9     51.6     48.1     42.3 2023  4 20 21 40 14.640  5.8   1
      317  27.903383   85.483252    12.164    -6204.6      434.8     -705.7     42.7     58.5     28.3 2023  4 21  5 35 35.850  6.5   1
      318  27.883685   85.544914    13.142     -133.6    -1748.1      272.5     29.7     26.4     18.1 2023  4 21  7 51 29.200  8.0   1
      319  27.923456   85.459147    11.405    -8576.7     2659.3    -1465.0     30.8     41.0     28.1 2023  4 21 14 19 56.400  6.8   1
      321  27.889868   85.585303    13.557     3842.4    -1062.7      686.9     49.6     52.5     28.1 2023  4 21 15 10 10.830  6.1   1
      322  27.913051   85.551204    13.874      485.6     1506.3     1004.3    134.5     76.2     88.3 2023  4 21 15 18 58.300  6.1   1
      323  27.927759   85.506689     6.520    -3897.0     3136.2    -6349.8     26.6     34.2     24.9 2023  4 21 16  9 41.940  6.4   1
      324  27.892963   85.682804    14.762    13442.3     -719.9     1892.0     93.0    114.6     72.2 2023  4 21 16 36 50.220  6.5   1
      325  27.927991   85.506470     6.514    -3918.3     3161.8    -6355.9     26.4     34.3     24.8 2023  4 21 18 39 33.960  6.1   1
      326  27.878837   85.584912    13.039     3804.6    -2285.2      168.6     42.2     42.9     33.9 2023  4 21 19  6 53.860  5.9   1
      327  27.901929   85.466040    11.301    -7899.3      273.6    -1569.0     37.7     49.7     47.5 2023  4 21 19 13 38.660  6.1   1
      328  27.896202   85.600830    13.666     5371.8     -361.0      796.5     52.8     57.1     34.0 2023  4 21 19 18 15.960  6.3   1
      329  27.884121   85.557845    13.454     1139.6    -1699.7      584.2     58.0     42.4     21.2 2023  4 21 19 46 55.000  6.2   1
      330  27.876744   85.568270    13.399     2166.0    -2517.3      529.5     59.4     54.2     30.7 2023  4 21 20 34 28.240  6.3   1
      331  27.877637   85.567342    13.343     2074.2    -2418.2      473.1     39.7     35.8     28.2 2023  4 21 20 36 25.220  6.3   1
      332  27.877500   85.567326    13.328     2072.8    -2433.4      458.4     32.8     31.1     28.0 2023  4 21 20 37 55.240  6.4   1
      333  27.877684   85.565715    13.364     1914.3    -2413.2      493.6     36.2     31.9     27.1 2023  4 21 20 39 31.680  5.8   1
      334  27.877622   85.567106    13.311     2051.0    -2419.9      440.8     30.8     30.1     27.6 2023  4 21 20 40 38.960  6.3   1
      335  27.877336   85.568962    13.543     2233.7    -2451.7      672.7     51.9     40.9     47.6 2023  4 21 21 38 25.120  5.9   1
      336  27.901123   85.466024    11.861    -7901.1      184.5    -1008.7     45.0     52.5     48.9 2023  4 21 21 42 52.740  5.9   1
      337  27.884918   85.547095    13.125       80.7    -1611.3      254.7     39.0     26.6     21.4 2023  4 21 21 50 33.120  5.9   1
      338  27.926375   85.565470    15.104     1889.8     2982.8     2233.9     41.6     47.8     25.1 2023  4 21 22 29 45.240  7.0   1
      339  27.911247   85.456755    11.893    -8812.9     1306.4     -977.4     37.4     62.1     51.8 2023  4 21 23 11 12.180  6.0   1
      340  27.911877   85.455859    12.055    -8900.8     1376.3     -815.1     44.8     57.5     43.5 2023  4 21 23 11 39.700  6.3   1
      341  27.912286   85.550374    14.442      403.6     1421.5     1571.8     80.8     63.5     52.7 2023  4 22  0 52 31.680  6.0   1
      342  27.885488   85.499414    12.025    -4613.8    -1548.3     -844.7     48.3     49.5     36.8 2023  4 22  3  3 27.330  6.7   1
      343  27.896049   85.651676    14.801    10377.4     -377.8     1931.3     36.9     34.7     24.5 2023  4 22  4 38 52.050  6.7   1
      344  27.882613   85.551180    13.164      483.2    -1866.9      294.0     30.3     28.4     19.2 2023  4 22  6 36 21.310  6.7   1
      345  27.923303   85.511051    12.383    -3467.5     2642.3     -487.2     41.5     36.4     28.7 2023  4 22  6 52 36.970  6.8   1
      346  27.924670   85.558236    15.344     1177.5     2794.0     2473.7     35.9     48.2     27.0 2023  4 22  7 54 54.000  7.3   1
      347  27.937791   85.552132    12.627      576.8     4247.8     -242.9     54.6     71.7     26.8 2023  4 22 11  2 42.190  7.0   1
      348  27.910783   85.614779     7.584     6744.0     1255.0    -5286.4    143.0    106.8     88.4 2023  4 22 15 14 49.790  6.5   1
      349  27.921965   85.470630    12.166    -7446.8     2494.1     -703.8     47.5     61.5     48.1 2023  4 22 17  1 40.600  6.0   1
      350  27.890240   85.527938    13.391    -1805.4    -1021.5      521.4     66.1     39.9     41.3 2023  4 22 18  3 21.240  6.1   1
      351  27.888180   85.588021     9.831     4110.5    -1249.9    -3039.4     56.7     51.9     37.5 2023  4 22 18 20 58.520  6.1   1
      352  27.882442   85.566235    12.414     1965.3    -1885.6     -455.5     78.7     53.8     58.1 2023  4 22 19 21 35.600  6.2   1
      353  27.897744   85.516154    12.552    -2965.2     -190.0     -318.1     53.6     44.2     23.6 2023  4 22 19 22 12.740  5.7   1
      354  27.942688   85.544474    12.484     -177.0     4790.6     -385.9     59.1     72.2     28.9 2023  4 22 19 50 41.040  6.1   1
      355  27.882536   85.561149    12.432     1464.7    -1875.5     -437.6     53.7     40.5     25.6 2023  4 22 19 52 50.220  6.2   1
      356  27.917216   85.569295    15.045     2266.5     1967.8     2174.9     78.0     53.8     31.1 2023  4 22 20 14 47.640  5.8   1
      357  27.906374   85.462036    11.436    -8293.4      766.4    -1434.4     37.7     38.4     35.8 2023  4 22 20 19 17.520  6.1   1
      358  27.938957   85.540519    12.250     -566.4     4377.2     -619.6     71.5     74.3     51.2 2023  4 22 21 20  5.040  5.9   1
      359  27.897715   85.564486    13.124     1793.4     -193.2      253.6     38.3     30.5     24.7 2023  4 22 21 49  3.400  6.7   1
      360  27.921643   85.446200    14.496    -9851.2     2458.3     1625.7    117.9     98.6    108.8 2023  4 22 22 13 34.440  6.0   1
      361  27.926243   85.553727    15.229      734.0     2968.2     2358.7     42.0     50.0     33.6 2023  4 22 22 27 40.420  6.0   1
      362  27.890765   85.520646    12.508    -2523.4     -963.4     -361.8     39.5     26.4     23.8 2023  4 22 22 33 16.000  5.8   1
      363  27.889341   85.583862    15.080     3700.7    -1121.2     2210.4     76.6     54.9     33.2 2023  4 23  4  6 13.550  6.9   1
      364  27.910057   85.544149    14.325     -209.2     1174.3     1455.3     71.4     58.3     36.3 2023  4 23  4 52  1.780  6.7   1
      365  27.929053   85.517790    13.896    -2803.6     3279.6     1025.7     40.8     69.9     28.3 2023  4 23  5 13 33.030  6.7   1
      366  27.947898   85.545402    12.511      -85.6     5368.1     -359.1     65.0     77.9     35.8 2023  4 23  5 40 16.990  6.5   1
      367  27.910624   85.504606    12.560    -4102.1     1237.3     -310.3     46.8     62.9     42.9 2023  4 23  6 10 51.330  6.6   1
      368  27.929116   85.519222    14.333    -2662.8     3286.4     1462.9     59.9     74.4     35.1 2023  4 23 11  7 46.970  7.3   1
      369  27.928178   85.520785    14.208    -2509.3     3182.7     1338.1     50.3     67.7     30.5 2023  4 23 17  0  8.840  6.4   1
      370  27.908687   85.498250    12.374    -4727.5     1022.7     -495.5     34.6     37.0     34.6 2023  4 23 17 42 41.920  6.2   1
      371  27.907762   85.498088    12.446    -4743.5      920.1     -424.5     35.6     42.0     34.4 2023  4 23 17 42 48.100  6.1   1
      372  27.928345   85.521191    14.185    -2468.9     3201.1     1314.9     37.9     68.2     26.5 2023  4 23 17 43  8.760  6.0   1
      375  27.880786   85.564453    13.072     1790.4    -2069.4      202.5     33.5     30.0     30.8 2023  4 23 20 41 44.160  5.9   1
      376  27.910824   85.485620    12.433    -5971.5     1259.3     -436.8     33.5     34.1     19.6 2023  4 23 21  0 47.680  6.9   1
      377  27.910663   85.483944    12.217    -6135.8     1241.5     -653.0     33.0     34.4     35.8 2023  4 23 21 25  1.800  6.1   1
      378  27.888082   85.523934    12.642    -2199.8    -1260.9     -228.0     41.4     32.9     22.5 2023  4 23 21 26 25.960  5.8   1
      379  27.910301   85.485213    12.626    -6010.9     1201.5     -244.1     30.1     33.9     22.0 2023  4 23 21 27 27.200  6.1   1
      380  27.924241   85.619499    15.294     7208.2     2746.3     2423.9     66.7     56.5     34.1 2023  4 23 21 56 48.700  6.6   1
      381  27.955019   85.544906    11.342     -134.4     6157.0    -1528.4     83.2     86.5     51.9 2023  4 23 22 30 16.320  6.0   1
      382  27.876170   85.590332    13.497     4338.6    -2580.9      626.6     42.0     40.1     30.1 2023  4 23 23 17 10.400  6.1   1
      384  27.891453   85.519263    12.564    -2659.3     -887.2     -305.8     41.4     33.8     28.8 2023  4 24  2  8 28.820  6.7   1
      385  27.891195   85.518758    12.555    -2708.9     -915.9     -314.8     49.0     55.9     44.6 2023  4 24  2  8 51.920  6.6   1
      386  27.894759   85.654915    14.841    10696.2     -520.8     1970.9     33.6     29.8     28.3 2023  4 24  2 45 43.730  6.7   1
      387  27.882027   85.551164    13.124      481.6    -1931.7      254.2     30.4     30.1     19.5 2023  4 24  3 18  9.070  6.2   1
      388  27.883158   85.551351    13.076      500.0    -1806.3      206.2     85.3     54.4     37.1 2023  4 24  3 22  2.730  6.5   1
      389  27.882450   85.551481    13.062      512.8    -1884.9      191.8     29.0     26.9     20.0 2023  4 24  3 35 12.680  6.6   1
      390  27.881907   85.551619    13.127      526.2    -1945.1      256.6     37.9     36.3     26.1 2023  4 24  3 38 25.330  6.3   1
      391  27.900411   85.498421    12.520    -4710.9      105.4     -350.2     41.6     31.4     29.5 2023  4 24 10 10  6.800  6.7   1
      392  27.887677   85.657707    12.621    10971.8    -1305.6     -248.5     34.3     28.3     29.3 2023  4 24 14 34 18.770  6.4   1
      393  27.886001   85.535327    13.115    -1077.4    -1491.4      245.5     51.7     39.7     34.9 2023  4 24 14 37 54.430  6.0   1
      394  27.890493   85.527840    12.162    -1814.9     -993.6     -708.3     37.7     25.4     24.7 2023  4 24 17  0 48.300  6.2   1
      395  27.939296   85.500920    14.087    -4464.2     4414.7     1216.8    160.2    175.2    121.8 2023  4 24 17 54 20.040  6.2   1
      396  27.897557   85.560758    13.991     1426.1     -210.7     1121.1     52.8     36.4     26.5 2023  4 24 18 12 36.880  6.2   1
      397  27.920467   85.498437    11.928    -4709.1     2328.1     -942.1     43.7     53.0     37.6 2023  4 24 18 15 11.240  6.5   1
      398  27.839638   85.645223    15.069     9744.5    -6629.2     2199.0    202.6    138.2    170.6 2023  4 24 19 16 48.060  5.9   1
      399  27.896002   85.538175    13.456     -797.0     -383.0      586.0     48.7     40.6     29.5 2023  4 24 19 57 49.160  5.9   1
      402  27.901211   85.535531    12.393    -1057.8      194.2     -477.1    105.8    165.4     77.6 2023  4 24 20 51 49.220  5.9   1
      403  27.932910   85.457048    12.436    -8783.1     3707.0     -433.6     44.7     48.1     42.6 2023  4 24 21 49 31.760  6.2   1
      404  27.909631   85.483016    12.456    -6227.4     1127.2     -413.7     50.4     60.6     54.3 2023  4 24 22 37 45.800  5.7   1
      405  27.862408   85.632992    12.912     8539.3    -4105.8       42.3     73.0     84.5     67.6 2023  4 24 22 40 38.360  6.9   1
      406  27.947174   85.448226    12.286    -9650.6     5287.8     -584.1     87.5    123.7     97.5 2023  4 25  1 18 13.160  6.5   1
      407  27.887077   85.554370    13.336      797.1    -1372.1      466.5     44.2     36.8     26.0 2023  4 25  1 53 57.490  6.3   1
      408  27.887278   85.657674    12.678    10968.4    -1349.9     -191.7     35.5     36.5     27.8 2023  4 25  2 11 19.390  6.7   1
      410  27.913249   85.583813    14.938     3695.4     1528.3     2067.8     54.2     50.0     37.3 2023  4 25  7 37 13.850  6.9   1
      411  27.888688   85.640129    13.958     9240.9    -1193.6     1087.9     67.1     50.2     39.4 2023  4 25 10 57 11.090  6.7   1
      412  27.888133   85.519963    12.687    -2590.5    -1255.0     -183.2     42.1     55.7     27.5 2023  4 25 13 55 34.410  6.2   1
      413  27.888511   85.517912    12.665    -2792.5    -1213.1     -205.4     37.3     34.8     26.5 2023  4 25 14 12 47.310  6.4   1
      414  27.906364   85.463688    11.710    -8130.4      765.3    -1160.2     23.0     37.4     24.7 2023  4 25 14 44 17.230  7.3   1
      415  27.934975   85.521313    13.517    -2456.6     3935.9      647.1     38.0     71.6     26.4 2023  4 25 15  8 49.280  7.1   1
      416  27.896179   85.502954    12.175    -4264.8     -363.5     -695.3     37.4     26.7     28.8 2023  4 25 15 10 39.620  6.4   1
      417  27.889669   85.516740    12.752    -2907.6    -1085.0     -117.9     46.1     43.0     22.4 2023  4 25 15 11 57.930  6.0   1
      419  27.945868   85.526709    11.499    -1925.7     5142.8    -1371.1     63.0     79.1     46.4 2023  4 25 16 32 55.150  6.3   1
      421  27.896617   85.487598    12.452    -5776.9     -315.0     -418.3     47.4     63.6     47.8 2023  4 25 17 25 35.580  6.0   1
      422  27.906228   85.458773    11.941    -8614.0      750.2     -929.2     47.7     62.3     50.1 2023  4 25 17 49 41.920  6.0   1
      423  27.904535   85.569604    13.313     2296.7      562.6      443.2     50.8     33.5     31.9 2023  4 25 18 21 39.240  5.9   1
      424  27.903652   85.465609    11.225    -7941.4      464.8    -1644.8     21.6     34.2     25.1 2023  4 25 18 26  6.120  7.1   1
      425  27.907271   85.459408    11.839    -8551.6      865.8    -1030.7     43.3     58.6     39.0 2023  4 25 18 35 13.380  5.9   1
      426  27.909648   85.504728    12.530    -4090.2     1129.1     -339.7     43.1     34.0     31.7 2023  4 25 21 10 50.040  5.9   1
      427  27.857513   85.633765    13.604     8615.3    -4648.3      733.6     71.1     90.1     61.5 2023  4 25 21 21  1.320  5.8   1
      428  27.878670   85.577238    13.413     3049.1    -2303.7      543.2     67.2     44.5     33.2 2023  4 25 21 50 35.700  5.6   1
      429  27.880153   85.572990    13.299     2630.4    -2139.5      429.5     37.3     33.1     29.2 2023  4 25 21 51 42.600  6.5   1
      430  27.902423   85.462931    11.443    -8204.8      328.6    -1426.7     36.8     38.9     37.5 2023  4 25 22 16 20.940  5.9   1
      431  27.859349   85.713110    12.842    16428.4    -4444.8      -28.1     94.3    112.7     96.1 2023  4 25 22 26  7.080  6.3   1
      432  27.882115   85.558439    13.139     1198.1    -1922.0      269.2     66.2     36.8     30.0 2023  4 25 22 55 41.520  6.0   1
      433  27.843669   85.702799    12.112    15414.9    -6182.4     -758.4     59.9     69.4     61.7 2023  4 25 23 45 41.200  6.7   1
      434  27.900433   85.584652    14.106     3778.6      107.9     1235.5     43.3     38.5     20.3 2023  4 26  0 22 24.120  6.5   1
      435  27.900598   85.584416    14.162     3755.2      126.2     1292.1     49.9     44.2     24.2 2023  4 26  0 24 17.750  6.4   1
      436  27.877557   85.581445    11.556     3462.9    -2427.1    -1314.4     80.3     58.9     46.6 2023  4 26  1 12 31.230  6.5   1
      437  27.896425   85.556608    13.734     1017.9     -336.1      864.4     76.7     47.2     30.7 2023  4 26  4 16 11.430  6.1   1
      439  27.886617   85.591431     9.348     4445.9    -1423.1    -3521.7     55.1     51.8     39.5 2023  4 26  9 25 55.150  6.4   1
      440  27.884855   85.591423     9.328     4445.6    -1618.4    -3541.6     51.0     51.3     39.3 2023  4 26  9 26 28.560  6.8   1
      441  27.884900   85.623234    12.440     7577.3    -1613.4     -429.7     72.6     47.7     44.1 2023  4 26 10 24  9.200  7.2   1
      442  27.930017   85.531388    14.408    -1465.5     3386.4     1537.5     51.9     76.6     37.0 2023  4 26 12 39 37.840  6.4   1
      443  27.894918   85.511076    11.120    -3465.2     -503.2    -1749.6     43.2     32.3     37.0 2023  4 26 14 41  5.720  6.3   1
      444  27.898661   85.523608    13.222    -2231.2      -88.4      352.5     47.0     48.1     34.1 2023  4 26 15 33 17.770  5.9   1
      445  27.882233   85.553263    13.164      688.6    -1908.9      293.9     31.4     26.6     19.3 2023  4 26 16 40 57.930  6.3   1
      446  27.926192   85.564412    15.103     1785.5     2962.6     2233.0     40.1     48.2     25.8 2023  4 26 16 49 58.090  6.3   1
      447  27.894328   85.512655    11.297    -3309.9     -568.6    -1572.9     45.3     30.5     38.0 2023  4 26 17  4 16.420  6.0   1
      448  27.913139   85.455558    11.661    -8930.6     1516.0    -1209.3     45.3     52.9     49.1 2023  4 26 17 16  6.680  6.3   1
      449  27.888495   85.534220    12.925    -1187.0    -1215.0       55.4     55.8     40.2     41.8 2023  4 26 17 23 56.560  5.8   1
      450  27.897589   85.557585    12.720     1113.5     -207.2     -149.8     53.3     35.1     27.4 2023  4 26 17 47 24.520  6.1   1
      451  27.854014   85.646639    13.979     9883.1    -5036.0     1108.9     69.7     64.1     50.3 2023  4 26 18 39 50.840  7.0   1
      452  27.896997   85.558781    12.679     1231.7     -272.9     -191.4     43.1     33.4     22.8 2023  4 26 18 54 24.800  6.3   1
      453  27.889001   85.533146    12.876    -1292.4    -1158.8        6.2     43.8     43.9     43.1 2023  4 26 19 16 21.000  6.0   1
      454  27.913731   85.611450    15.159     6416.2     1581.5     2289.1     46.6     52.7     27.8 2023  4 26 19 23  6.440  6.4   1
      455  27.876261   85.711816    15.034    16299.9    -2570.7     2164.0     55.8     45.5     53.2 2023  4 26 19 25 51.240  6.6   1
      456  27.891276   85.532397    13.902    -1366.5     -906.9     1031.9     47.1     31.4     27.5 2023  4 26 19 41  4.360  6.8   1
      457  27.887762   85.517725    12.696    -2811.0    -1296.1     -174.2     46.6     39.2     24.3 2023  4 26 20 13 17.060  6.1   1
      458  27.887126   85.522811    13.037    -2310.4    -1366.6      167.0     65.8     48.5     26.1 2023  4 26 20 19 57.280  5.8   1
      459  27.887118   85.519417    12.796    -2644.3    -1367.7      -74.5     42.8     37.6     33.5 2023  4 26 20 30 24.200  6.5   1
      460  27.887160   85.518319    12.943    -2752.4    -1363.0       73.3     59.6     48.7     31.3 2023  4 26 20 36 16.960  6.1   1
      461  27.907332   85.535628    13.710    -1048.0      872.6      839.9     68.1     63.1     51.3 2023  4 26 20 40 25.600  5.9   1
      462  27.917893   85.459920    11.678    -8500.8     2042.9    -1191.5     42.6     66.4     50.2 2023  4 26 21 10 43.180  5.9   1
      463  27.877802   85.595182    14.227     4815.8    -2400.0     1356.9     47.3     56.5     31.0 2023  4 26 21 27 31.720  5.9   1
      464  27.911013   85.506201    14.111    -3945.0     1280.4     1240.6     62.4     80.4     43.0 2023  4 26 21 49 43.280  6.0   1
      465  27.900358   85.472664    11.514    -7246.7       99.6    -1355.8     38.1     38.7     23.7 2023  4 26 21 59 34.680  6.1   1
      466  27.926430   85.534961    13.518    -1113.3     2989.0      647.7     57.9     75.7     29.2 2023  4 26 22  2 51.960  6.1   1
      467  27.885406   85.628760    14.004     8121.7    -1557.2     1133.6     60.1     34.4     32.4 2023  4 26 22 33 53.220  6.3   1
      468  27.894755   85.511336    11.100    -3439.7     -521.3    -1770.1     38.3     27.7     30.8 2023  4 26 23  8 50.280  6.5   1
      469  27.890320   85.551099    13.240      475.3    -1012.7      369.6     40.0     28.4     19.1 2023  4 26 23 46 52.480  7.1   1
      470  27.890731   85.551009    13.282      466.4     -967.3      412.1     44.9     28.5     19.9 2023  4 26 23 48 28.320  6.5   1
      471  27.883148   85.554883    13.755      847.4    -1807.6      884.5    103.2     78.4     50.3 2023  4 27  3 23 45.680  6.6   1
      472  27.894366   85.573690    13.995     2699.5     -564.3     1124.9     46.8     31.5     32.6 2023  4 27  5  1  5.010  6.4   1
      473  27.910779   85.584538    14.465     3767.1     1254.5     1595.5     78.2     60.2     49.7 2023  4 27  5 32 13.890  6.1   1
      474  27.883848   85.545190    13.154     -106.6    -1730.0      284.4     38.4     28.2     19.1 2023  4 27  7 11  2.950  7.0   1
      475  27.869743   85.631885    13.937     8429.6    -3293.0     1066.6     63.8     51.1     49.8 2023  4 27  8  9 22.090  6.9   1
      476  27.918844   85.529207    13.514    -1680.2     2148.2      644.2    108.6     88.5     60.1 2023  4 27 12 40 10.750  6.2   1
      477  27.903528   85.465218    11.115    -7979.9      451.0    -1754.9     24.1     33.8     27.5 2023  4 27 14 53 47.480  6.6   1
      478  27.903674   85.464429    11.126    -8057.4      467.2    -1744.5     28.0     34.7     33.9 2023  4 27 14 55  5.110  6.8   1
      479  27.903548   85.464722    11.161    -8029.0      453.1    -1708.7     27.3     32.8     32.0 2023  4 27 14 57  3.140  6.5   1
      480  27.903406   85.464632    11.059    -8037.6      437.3    -1811.4     26.0     33.0     32.4 2023  4 27 15  0 44.620  7.0   1
      481  27.903727   85.463582    10.917    -8140.7      473.0    -1952.6     30.4     35.7     34.4 2023  4 27 15  1 25.530  6.4   1
      482  27.903896   85.477563    11.616    -6764.9      491.6    -1254.2     43.6     58.3     33.5 2023  4 27 15 57 18.600  5.9   1
      483  27.892086   85.542822    13.165     -340.1     -817.1      295.3     55.5     37.6     25.8 2023  4 27 16  4  5.580  6.0   1
      484  27.911041   85.588330    16.841     4140.5     1283.6     3970.7     64.1     71.0     42.7 2023  4 27 17  0  3.500  6.1   1
      485  27.875714   85.655534    13.903    10758.1    -2631.4     1033.2     37.3     30.5     32.4 2023  4 27 17  6 21.000  6.2   1
      486  27.890981   85.513957    12.765    -3181.9     -939.6     -104.5     47.3     46.2     32.9 2023  4 27 17 14 30.040  5.8   1
      487  27.886995   85.517228    12.703    -2859.8    -1381.1     -166.9     37.3     37.0     21.4 2023  4 27 17 34 25.920  6.3   1
      488  27.936741   85.524561    12.881    -2136.9     4131.5       10.9     50.7     71.4     32.0 2023  4 27 18  1 59.160  6.3   1
      489  27.895347   85.555745    12.913      932.8     -455.8       43.0     38.8     39.0     24.4 2023  4 27 19 11 12.060  6.1   1
      490  27.905365   85.462142    11.406    -8282.9      654.5    -1463.8     27.6     35.7     28.4 2023  4 27 19 37  2.720  6.1   1
      491  27.893703   85.527067    12.848    -1890.6     -637.8      -22.4     39.4     27.6     22.5 2023  4 27 20 34  9.720  6.3   1
      492  27.927433   85.463135    12.405    -8184.2     3100.0     -465.2     44.1     44.4     42.0 2023  4 27 21 33 57.320  6.2   1
      493  27.926676   85.463590    12.556    -8139.2     3016.1     -314.1     37.5     45.9     34.9 2023  4 27 21 34 49.720  6.1   1
      494  27.885809   85.627799    13.642     8027.4    -1512.7      771.9     59.7     37.9     32.7 2023  4 27 21 50 11.480  6.0   1
      495  27.909768   85.619572    15.427     7216.2     1142.3     2556.8     48.6     53.8     24.5 2023  4 27 21 50 32.300  6.2   1
      496  27.863245   85.645223    14.267     9743.8    -4013.1     1397.4     87.1     68.7     61.6 2023  4 27 21 50 38.340  6.0   1
      497  27.910018   85.619442    15.506     7203.1     1170.1     2636.3     48.3     54.5     24.9 2023  4 27 22  3  0.520  6.0   1
      498  27.912836   85.598405    14.117     5132.4     1482.4     1247.2     50.8     48.7     27.0 2023  4 27 22 18 48.100  6.3   1
      499  27.904675   85.530843    13.258    -1518.7      578.2      388.1     70.4     88.3     37.1 2023  4 27 22 32 45.000  6.0   1
      500  27.900124   85.544303    13.623     -193.6       73.7      753.3     79.6     45.4     33.4 2023  4 27 22 45 23.520  5.9   1
      501  27.884436   85.547884    13.351      158.3    -1664.7      481.2     36.8     31.9     20.0 2023  4 28  0 12 55.650  6.3   1
      502  27.900682   85.506868    13.052    -3879.3      135.5      182.3     46.5     31.3     30.8 2023  4 28  5 18 59.990  6.7   1
      503  27.903308   85.464185    11.925    -8081.5      426.5     -944.5     32.3     49.7     35.1 2023  4 28  7 49 20.000  7.0   1
      504  27.931124   85.557910    15.012     1145.8     3509.1     2142.1     70.6     53.3     35.3 2023  4 28 10 15 39.090  6.4   1
      505  27.903636   85.506242    13.223    -3940.7      462.8      353.1     49.8     30.6     38.2 2023  4 28 15 35  9.660  6.5   1
      506  27.915784   85.600724    15.294     5360.6     1809.2     2424.5     47.5     52.1     21.5 2023  4 28 16  9 42.610  6.8   1
      507  27.899103   85.546965    13.299       68.0      -39.5      428.6     42.1     39.3     22.5 2023  4 28 17  3  3.180  6.1   1
      508  27.887250   85.511442    12.436    -3429.7    -1352.9     -433.8     40.8     35.1     32.5 2023  4 28 17 36 45.900  5.8   1
      509  27.885911   85.626880    14.031     7936.5    -1501.4     1160.7     59.8     29.5     32.6 2023  4 28 18 37 57.680  6.2   1
      510  27.892916   85.482373    12.037    -6291.4     -725.0     -833.1     43.9     48.5     43.3 2023  4 28 18 43  9.800  6.2   1
      511  27.910807   85.459253    11.590    -8566.6     1257.6    -1280.1     35.5     42.0     31.9 2023  4 28 19 30 23.660  6.9   1
      512  27.800975   85.590755    12.779     4381.1   -10913.9      -91.4     54.2     74.5     55.9 2023  4 28 19 31 42.720  6.0   1
      513  27.916711   85.593433    15.343     4643.1     1911.9     2473.4     50.1     57.7     34.6 2023  4 28 19 40  3.000  6.0   1
      514  27.910101   85.567204    16.975     2060.5     1179.3     4105.3     42.5     22.2     23.9 2023  4 28 20 59 25.600  7.8   1
      515  27.909125   85.568034    16.913     2142.2     1071.1     4043.0     43.3     21.8     19.0 2023  4 28 21  0 39.320  6.7   1
      516  27.909033   85.567879    16.960     2127.4     1061.0     4089.8     36.4     24.0     21.8 2023  4 28 21 10 30.400  6.3   1
      517  27.916056   85.458887    11.736    -8602.8     1839.4    -1134.1     53.8     56.3     42.6 2023  4 28 21 13 18.080  6.4   1
      518  27.905957   85.552588    13.467      622.0      720.1      597.0     61.4     54.4     30.8 2023  4 28 21 23 37.920  6.3   1
      519  27.909326   85.566870    16.979     2027.8     1093.4     4109.1     47.5     32.2     24.9 2023  4 28 21 26 32.340  6.2   1
      520  27.923973   85.458561    11.728    -8634.9     2716.5    -1141.9     34.3     50.0     29.5 2023  4 28 22  8 23.480  6.1   1
      521  27.931675   85.529012    14.441    -1699.1     3570.2     1571.2     60.5     69.2     27.3 2023  4 28 22 32 34.120  6.1   1
      522  27.884153   85.608496    13.980     6126.3    -1696.0     1110.5     55.2     44.7     33.6 2023  4 29  1 52  4.570  6.6   1
      524  27.883124   85.547396    12.933      110.6    -1810.3       62.8     43.5     44.5     37.1 2023  4 29  6 14  1.290  6.3   1
      525  27.893679   85.605143    13.230     5795.9     -640.5      360.5     54.9     56.8     36.5 2023  4 29  6 53 21.600  6.7   1
      526  27.899866   85.528638    13.400    -1736.5       45.0      529.7     73.5     79.3     48.4 2023  4 29  9 32 23.550  6.9   1
      527  27.898625   85.534977    13.784    -1111.9      -92.4      914.2     77.9     75.0     52.1 2023  4 29  9 59 47.570  6.7   1
      528  27.883917   85.546021    13.122      -24.9    -1722.4      252.1     37.4     30.4     22.9 2023  4 29 12 31 31.130  6.8   1
      529  27.900100   85.584611    14.557     3774.5       71.0     1687.3     53.3     51.0     27.2 2023  4 29 13  1 54.990  6.2   1
      530  27.890302   85.513346    12.310    -3241.8    -1014.8     -559.8     41.3     33.5     26.9 2023  4 29 13 28 26.990  7.1   1
      531  27.883805   85.545825    13.233      -44.2    -1734.8      362.8     28.1     28.4     20.0 2023  4 29 13 29 53.280  6.3   1
      532  27.883577   85.544995    13.168     -126.0    -1759.9      298.0     30.4     26.3     18.4 2023  4 29 14 59 33.090  7.5   1
      533  27.908063   85.517220    12.962    -2860.1      953.4       92.3     45.5     37.1     29.2 2023  4 29 17 26 24.440  6.8   1
      534  27.889524   85.514128    12.345    -3165.0    -1100.9     -525.2     40.8     28.4     27.2 2023  4 29 17 26 54.160  6.4   1
      535  27.889317   85.515519    12.377    -3027.6    -1123.9     -493.0     40.8     28.0     24.4 2023  4 29 17 28 40.800  6.3   1
      536  27.889754   85.514315    12.463    -3146.8    -1075.4     -407.0     36.9     27.4     20.5 2023  4 29 17 29 55.240  6.2   1
      537  27.884149   85.507861    12.323    -3781.9    -1696.7     -547.4     50.8     35.8     29.0 2023  4 29 18 15 39.400  6.4   1
      538  27.884690   85.507699    12.188    -3797.7    -1636.6     -681.9     35.9     23.3     24.6 2023  4 29 18 15 46.680  6.6   1
      539  27.849050   85.700146    12.351    15153.0    -5586.2     -519.0     64.2     71.9     62.5 2023  4 29 18 19 47.440  6.1   1
      540  27.907806   85.516691    12.666    -2912.6      925.0     -203.7     45.5     48.4     28.4 2023  4 29 18 33 18.760  5.9   1
      541  27.884237   85.572062    13.663     2539.3    -1686.9      793.2     61.8     47.7     29.9 2023  4 29 18 59 56.360  5.7   1
      542  27.883820   85.609049    12.180     6180.8    -1733.0     -689.9    102.3    113.1     51.0 2023  4 29 19  7 27.880  6.3   1
      543  27.835451   85.634603    13.671     8698.8    -7093.2      800.5     49.9     65.2     33.6 2023  4 29 20  3 51.400  5.9   1
      544  27.914830   85.580461    15.200     3365.8     1703.4     2330.0    115.1     90.3     48.6 2023  4 29 20  9 16.240  6.1   1
      545  27.897481   85.580941    13.853     3413.4     -219.2      982.7     70.4     41.7     26.1 2023  4 29 20 39  9.600  6.0   1
      546  27.905339   85.526587    13.013    -1938.4      651.6      143.1     45.3     58.3     26.7 2023  4 29 23  8 46.400  6.5   1
      547  27.888759   85.530094    12.676    -1593.1    -1185.7     -193.9     58.5     23.9     28.9 2023  4 29 23 22  1.780  7.4   1
      549  27.884613   85.602490    13.672     5534.9    -1645.2      802.5     56.1     74.6     38.4 2023  4 29 23 28 27.000  5.8   1
      550  27.936188   85.577336    12.756     3057.9     4070.3     -114.1     56.0     68.3     24.4 2023  4 30  0  3 49.420  6.6   1
      551  27.933394   85.528597    12.867    -1739.6     3760.7       -3.0     35.0     68.8     26.9 2023  4 30  0  6 29.600  6.5   1
      552  27.918250   85.499373     7.516    -4616.9     2082.2    -5353.6     29.8     34.5     40.3 2023  4 30  5 18 47.380  6.2   1
      553  27.884650   85.553451    13.006      706.3    -1641.2      136.5    111.4     75.1     55.4 2023  4 30  5 25  7.790  6.3   1
      554  27.918243   85.500065     7.741    -4549.0     2081.7    -5129.1     33.9     35.6     25.9 2023  4 30  6  5  6.070  6.6   1
      555  27.893018   85.523071    12.979    -2284.4     -713.7      109.2     43.8     39.6     21.7 2023  4 30  9 31 51.680  6.5   1
      556  27.901023   85.467773    11.634    -7728.2      173.4    -1236.4     43.9     48.8     30.9 2023  4 30  9 34  7.470  6.7   1
      557  27.912604   85.591211    14.304     4423.9     1456.8     1434.5     54.2     53.8     33.7 2023  4 30 10 23 28.550  6.4   1
      558  27.879832   85.565389    13.314     1882.1    -2174.9      443.7     36.7     34.4     31.0 2023  4 30 11 41 22.140  6.4   1
      559  27.906543   85.461182    12.201    -8376.9      785.1     -669.1     38.6     46.5     45.7 2023  4 30 12 20 40.930  6.5   1
      560  27.913505   85.586873    14.956     3997.4     1556.5     2086.0     51.0     56.4     42.2 2023  4 30 14 49 27.010  6.1   1
      561  27.934499   85.543799    14.209     -243.6     3883.1     1339.9    136.1    103.6    107.0 2023  4 30 15  7  2.960  6.0   1
      562  27.924900   85.444572    11.490   -10011.5     2819.3    -1379.9     43.9     41.9     59.6 2023  4 30 15 23 38.750  6.1   1
      563  27.880332   85.566097    13.400     1952.2    -2119.5      530.3     37.9     38.9     29.3 2023  4 30 15 25 39.030  5.9   1
      564  27.907554   85.516105    12.929    -2969.7      897.0       60.0     45.6     43.8     33.3 2023  4 30 15 29 59.430  6.2   1
      565  27.925523   85.445158    11.770    -9953.9     2888.4    -1100.2     31.4     48.9     41.0 2023  4 30 15 45 50.220  6.2   1
      566  27.906421   85.508195    12.127    -3749.0      771.5     -742.5     39.4     49.0     27.4 2023  4 30 15 50 37.560  6.0   1
      567  27.895150   85.512622    15.951    -3312.8     -477.5     3080.6     33.1     43.1     27.1 2023  4 30 15 59 54.780  6.8   1
      568  27.890029   85.525944    12.630    -2001.2    -1045.1     -240.0     49.4     26.4     24.9 2023  4 30 16 55 10.170  6.0   1
      569  27.889950   85.524308    12.765    -2162.7    -1053.8     -104.5     46.7     44.0     32.3 2023  4 30 16 55 24.690  6.1   1
      570  27.887933   85.529167    12.774    -1684.2    -1277.3      -95.9     46.8     25.5     27.7 2023  4 30 17  2  6.900  6.1   1
      571  27.890057   85.548527    13.191      222.2    -1041.9      321.5     38.6     27.3     18.3 2023  4 30 17 27 14.660  6.7   1
      572  27.894643   85.506079    12.851    -3957.1     -533.7      -18.9     37.9     34.3     25.8 2023  4 30 17 27 55.080  6.3   1
      573  27.865814   85.569979    13.755     2334.2    -3728.4      884.6     53.4     54.6     39.6 2023  4 30 18 11 12.640  6.1   1
      574  27.914638   85.501326    13.570    -4424.7     1682.2      700.5     53.8     72.0     35.8 2023  4 30 18 24 12.140  6.4   1
      575  27.919248   85.519401    15.962    -2645.0     2193.0     3092.1    174.9    188.1     92.1 2023  4 30 18 29 32.160  5.7   1
      576  27.884888   85.547347    13.126      106.1    -1614.8      255.8     28.0     28.8     22.7 2023  4 30 18 31 40.420  6.0   1
      577  27.914945   85.443823    11.863   -10086.0     1716.1    -1006.7     48.7     57.0     62.4 2023  4 30 19 22 59.920  6.3   1
      578  27.893833   85.521118    12.751    -2476.3     -623.4     -118.8     44.5     33.4     23.6 2023  4 30 19 46 15.280  6.1   1
      579  27.894055   85.521094    12.710    -2479.2     -598.9     -160.4     37.5     29.9     20.3 2023  4 30 20 23  4.560  6.7   1
      580  27.925256   85.424797    11.719   -11958.4     2858.8    -1150.9     63.0     72.9     70.0 2023  4 30 21  3 44.760  6.2   1
      581  27.893774   85.467912    12.055    -7715.2     -629.9     -815.4     52.5     54.8     51.9 2023  4 30 21 19 26.400  6.1   1
      582  27.894767   85.465837    11.620    -7919.3     -520.0    -1250.4     43.3     51.3     49.1 2023  4 30 21 20 22.800  6.0   1
      583  27.923338   85.545003    16.030     -124.9     2646.2     3159.8     63.3     56.5     39.4 2023  4 30 21 22 18.080  6.2   1
      584  27.874561   85.594059    13.722     4705.4    -2759.1      851.6     32.6     36.5     32.9 2023  4 30 21 23 17.700  6.2   1
      585  27.922658   85.544564    16.199     -168.0     2570.9     3328.9     69.7     62.0     41.6 2023  4 30 21 26 43.640  5.8   1
      586  27.902435   85.466764    11.802    -7827.9      329.7    -1067.9     48.2     47.0     53.9 2023  4 30 21 36 37.400  6.0   1
      587  27.906545   85.517741    12.796    -2809.0      785.3      -74.3     49.2     50.2     28.9 2023  4 30 21 47 13.380  6.0   1
      588  27.873521   85.593441    13.570     4644.6    -2874.3      699.7     42.7     42.6     40.0 2023  4 30 21 50  9.540  6.0   1
      589  27.929008   85.421761    11.225   -12257.2     3274.6    -1645.2     61.2     72.6     72.3 2023  4 30 21 59 36.400  6.1   1
      590  27.906175   85.518880    12.892    -2696.6      744.1       22.2     43.9     44.3     28.3 2023  4 30 22  0 58.320  6.1   1
      591  27.893939   85.649984    15.265    10211.1     -611.6     2395.1     57.7     33.6     27.9 2023  4 30 22 13 28.760  6.1   1
      592  27.873621   85.593066    13.755     4607.2    -2863.3      885.4     37.8     39.5     32.4 2023  4 30 22 37 40.740  6.1   1
      593  27.844899   85.657479    13.960    10951.4    -6046.2     1090.5     59.2     48.9     40.2 2023  4 30 23 11 49.320  6.0   1
      594  27.803770   85.593050    12.823     4607.5   -10604.1      -47.3     54.7     73.6     55.9 2023  4 30 23 17  7.800  6.3   1
      595  27.873385   85.596924    13.737     4987.5    -2889.4      867.4     77.7     58.2     36.9 2023  5  1  0  7 55.590  6.4   1
      596  27.887667   85.567090    13.685     2050.0    -1306.7      814.8     43.3     33.8     26.5 2023  5  1  2 48  0.230  6.8   1
      597  27.888039   85.566951    13.817     2036.1    -1265.5      947.0    146.6    116.4     80.8 2023  5  1  2 55  7.970  6.4   1
      599  27.921674   85.519474    11.365    -2637.8     2461.8    -1505.3     55.6     49.7     40.1 2023  5  1 12 17 14.740  6.8   1
      600  27.885663   85.543205    14.524     -302.4    -1528.9     1654.4     47.1     43.3     25.6 2023  5  1 13 23 40.160  6.9   1
      601  27.885331   85.557373    12.408     1093.0    -1565.6     -461.9     87.9     74.6     28.6 2023  5  1 13 45 16.960  6.2   1
      602  27.919600   85.501717     7.505    -4386.4     2232.1    -5365.2     32.1     36.0     30.1 2023  5  1 15  6 22.850  6.4   1
      603  27.888346   85.549935    12.393      360.3    -1231.5     -477.2     39.6     37.2     29.6 2023  5  1 15 10 30.260  6.2   1
      604  27.895721   85.563940    13.846     1739.1     -414.3      976.5    162.7    109.3     39.9 2023  5  1 15 43  0.810  6.0   1
      605  27.897060   85.553768    13.595      738.1     -265.9      724.9     64.7     62.1     34.2 2023  5  1 15 44  5.250  6.1   1
      606  27.920176   85.501831     7.475    -4375.2     2295.9    -5395.1     30.4     35.5     25.8 2023  5  1 16  7 30.590  6.4   1
      607  27.922227   85.577173    16.047     3041.7     2523.1     3176.7     45.9     51.6     25.7 2023  5  1 16 21 12.150  6.8   1
      608  27.883657   85.545882    13.178      -38.5    -1751.1      308.0     47.7     34.5     20.2 2023  5  1 16 50  4.360  6.2   1
      609  27.910264   85.496989    12.326    -4852.2     1197.4     -543.9     40.4     49.0     30.5 2023  5  1 17  4 39.800  6.1   1
      610  27.873916   85.592985    13.660     4599.8    -2830.7      789.8     40.3     44.0     31.6 2023  5  1 18 28 15.120  6.1   1
      611  27.890149   85.536287    12.889     -982.8    -1031.6       18.7     80.1     43.4     37.0 2023  5  1 18 38 40.720  6.0   1
      612  27.914880   85.452539    11.994    -9227.6     1708.9     -876.3     72.4     58.5     76.9 2023  5  1 18 47 52.160  6.0   1
      613  27.889201   85.503589    11.961    -4202.7    -1136.8     -909.2     38.1     29.1     28.1 2023  5  1 19 44  7.420  6.5   1
      614  27.898505   85.518848    12.618    -2700.0     -105.7     -252.3     39.3     32.3     23.7 2023  5  1 20 29 54.680  6.2   1
      615  27.894855   85.551261    13.597      491.1     -510.3      727.5     62.8     56.3     33.5 2023  5  1 20 30 45.440  5.9   1
      616  27.832717   85.630884    13.744     8332.4    -7396.2      874.3     40.9     37.0     29.4 2023  5  1 20 46 41.560  6.0   1
      617  27.840828   85.694629    13.127    14610.3    -6497.3      257.2     77.1     87.4     70.8 2023  5  1 20 50 38.840  6.2   1
      618  27.887874   85.568319    13.696     2170.8    -1283.7      825.6     47.5     33.8     24.3 2023  5  1 20 59 57.040  6.2   1
      619  27.887274   85.562476    13.664     1595.1    -1350.3      794.3     51.3     30.7     28.2 2023  5  1 21  3 46.880  5.9   1
      620  27.888326   85.566479    13.870     1989.3    -1233.8     1000.2     43.6     31.9     28.0 2023  5  1 21  6 17.760  6.0   1
      621  27.908750   85.458919    11.793    -8600.0     1029.6    -1077.4     61.2     99.9     58.2 2023  5  1 21 41  7.600  6.0   1
      622  27.916821   85.613818    15.293     6649.7     1924.0     2423.0     49.9     53.7     27.0 2023  5  1 22 32  3.120  6.3   1
      623  27.883116   85.624780    12.390     7730.1    -1811.2     -480.1     71.8     47.8     44.0 2023  5  1 23  4 21.120  6.3   1
      624  27.916547   85.445524    12.179    -9918.5     1893.6     -690.8     44.9     56.5     61.0 2023  5  1 23 53  9.220  6.2   1
      625  27.912669   85.554476    13.456      807.8     1463.8      585.9     45.7     39.5     33.7 2023  5  2  0  0  2.530  6.6   1
      626  27.916229   85.613420     8.243     6610.5     1858.4    -4627.3    148.1    110.7     86.3 2023  5  2  2 30 30.700  5.9   1
      627  27.916840   85.444727    12.147    -9996.4     1926.2     -723.4     47.8     56.4     63.7 2023  5  2  3 55 44.200  6.6   1
      629  27.916819   85.441032    11.741   -10360.4     1923.9    -1129.1     43.7     56.8     60.6 2023  5  2  5 56 29.600  6.6   1
      630  27.910901   85.506632    12.791    -3902.4     1267.9      -79.2     49.0     41.5     35.3 2023  5  2  9 33  6.490  6.7   1
      632  27.917369   85.444824    12.476    -9987.3     1984.6     -393.9     49.9     66.1     61.7 2023  5  2 13 47 22.720  6.4   1
      633  27.894708   85.519881    12.864    -2598.6     -526.5       -6.2     41.3     50.0     21.7 2023  5  2 14 20 55.000  6.3   1
      634  27.954224   85.490641    14.323    -5475.4     6068.8     1453.0     34.3     33.7     28.0 2023  5  2 14 49 23.730  7.2   1
      635  27.851489   85.665039    14.117    11695.2    -5315.8     1247.0     53.2     54.6     48.9 2023  5  2 15  2 31.660  6.2   1
      636  27.873610   85.599951    14.198     5285.5    -2864.4     1328.3     41.4     56.2     50.5 2023  5  2 15 36 30.540  6.0   1
      637  27.893667   85.659237    14.835    11121.7     -641.9     1965.3     34.4     26.4     26.7 2023  5  2 16 45 54.850  6.1   1
      638  27.832263   85.635539    13.855     8791.1    -7446.6      985.5     36.5     35.4     25.3 2023  5  2 17  2 14.040  6.2   1
      639  27.912760   85.606974    15.332     5976.0     1474.2     2461.6     47.0     52.5     22.8 2023  5  2 17  4 56.980  7.6   1
      640  27.912457   85.607056    15.383     5984.1     1440.4     2512.6     50.8     54.4     23.7 2023  5  2 17  7 48.740  6.1   1
      641  27.832404   85.633634    13.850     8603.4    -7431.0      979.5     42.1     38.2     31.3 2023  5  2 17  9  3.820  6.1   1
      642  27.831999   85.633228    13.746     8563.5    -7475.9      876.3     45.2     47.2     46.9 2023  5  2 17 26 52.960  5.9   1
      643  27.833089   85.633944    13.855     8633.9    -7355.0      985.1     36.3     35.0     27.6 2023  5  2 17 40 37.940  6.2   1
      644  27.897904   85.507373    12.783    -3829.5     -172.3      -87.4     38.3     25.5     25.3 2023  5  2 18 18 37.040  6.4   1
      645  27.884993   85.480436    11.454    -6482.3    -1603.0    -1416.1     50.0     71.6     65.4 2023  5  2 18 38 48.440  5.8   1
      646  27.828304   85.712915    13.702    16412.2    -7885.2      832.4    107.2     85.4    110.9 2023  5  2 19 17 47.280  6.4   1
      647  27.905387   85.462020    11.111    -8294.6      657.0    -1758.6     38.0     48.3     53.0 2023  5  2 19 39 57.560  6.1   1
      648  27.902207   85.463802    11.052    -8119.8      304.6    -1817.7     26.7     35.0     26.9 2023  5  2 20 11  5.520  6.0   1
      649  27.833478   85.633561    14.247     8596.3    -7311.9     1376.9    124.6     78.3    114.7 2023  5  2 20 22  4.580  5.9   1
      650  27.915562   85.445231    11.969    -9947.4     1784.5     -900.7     44.3     54.4     60.1 2023  5  2 21  6 26.100  6.6   1
      651  27.915535   85.444401    11.984   -10028.8     1781.5     -885.6     43.8     55.4     60.0 2023  5  2 21 25  0.520  6.6   1
      652  27.923295   85.443018    11.922   -10164.7     2641.4     -947.7     38.4     50.6     53.2 2023  5  2 21 39 19.840  6.1   1
      653  27.924038   85.443441    11.958   -10123.3     2723.7     -911.6     43.3     51.7     52.6 2023  5  2 21 42  9.420  6.8   1
      654  27.908498   85.458911    11.871    -8601.0     1001.8     -998.9     38.3     47.7     45.7 2023  5  2 23 35 25.160  6.3   1
      655  27.908407   85.459326    12.028    -8559.6      991.5     -841.5     38.0     53.2     49.3 2023  5  2 23 40 12.880  6.3   1
      656  27.921362   85.534928    13.833    -1116.4     2427.4      963.3     81.9     90.2     42.4 2023  5  2 23 49  2.860  6.3   1
      657  27.883140   85.553418    13.505      703.5    -1808.4      634.7     78.3     51.6     34.7 2023  5  3  0 31 11.710  6.2   1
      658  27.922988   85.513265    12.235    -3249.6     2607.4     -635.4     40.5     39.9     30.2 2023  5  3  3 38 25.330  8.0   1
      659  27.923136   85.512109    12.169    -3362.9     2624.0     -701.5     41.5     44.3     31.4 2023  5  3  3 40 36.080  6.7   1
      660  27.923208   85.511686    12.262    -3404.5     2631.7     -607.6     41.6     43.8     31.0 2023  5  3  3 40 58.930  6.6   1
      661  27.883783   85.556291    13.666      986.2    -1737.1      795.7     64.7     43.5     22.4 2023  5  3  6 27  9.990  6.6   1
      662  27.904317   85.459245    12.024    -8568.3      538.4     -846.3     67.5     79.1     56.2 2023  5  3 15  3 17.390  6.4   1
      663  27.926219   85.550879    14.815      453.4     2965.4     1945.0     77.7     55.1     67.4 2023  5  3 16 32  2.810  5.9   1
      664  27.925881   85.456991    11.640    -8789.2     2928.1    -1230.0     33.1     45.7     31.0 2023  5  3 16 40 55.680  6.1   1
      665  27.901829   85.463184    11.456    -8180.7      262.7    -1413.5     28.0     40.2     32.2 2023  5  3 21  8 51.120  6.2   1
      666  27.906285   85.512638    12.787    -3311.3      756.5      -83.1     43.5     42.7     30.4 2023  5  3 21 19 52.140  6.3   1
      667  27.910014   85.486597    12.445    -5875.4     1169.7     -425.2     30.9     34.5     23.4 2023  5  3 23  5 15.680  6.5   1
      668  27.927474   85.497046    11.920    -4846.1     3104.5     -950.4     47.1     62.7     31.0 2023  5  3 23 31 30.880  6.4   1
      669  27.889852   85.532202    13.017    -1385.6    -1064.6      147.1     45.5     43.5     29.1 2023  5  4  0 18 49.830  6.3   1
      670  27.844244   85.713468    13.110    16465.0    -6118.8      240.4     74.6     55.0     75.0 2023  5  4  1  8 54.260  6.7   1
      671  27.891783   85.532617    15.825    -1344.8     -850.7     2955.0     63.0     70.4     48.2 2023  5  4  1 25 55.360  6.5   1
      672  27.871769   85.593766     9.768     4676.1    -3068.4    -3101.7    103.3     67.8     54.4 2023  5  4  1 28 41.530  6.6   1
      673  27.898604   85.469450    11.743    -7563.6      -94.7    -1126.8     30.9     59.1     39.3 2023  5  4  1 52 49.990  6.5   1
      674  27.899504   85.466146    11.603    -7888.6        4.9    -1266.6     30.5     47.5     31.7 2023  5  4  1 55 15.570  6.6   1
      675  27.891508   85.518628    16.078    -2721.8     -881.0     3207.6     36.2     43.8     22.6 2023  5  4  3 15 42.000  7.4   1
      676  27.891608   85.517692    16.148    -2814.0     -870.0     3278.1     35.7     48.4     29.6 2023  5  4  4 16 13.170  7.2   1
      677  27.904903   85.569946    13.420     2330.7      603.4      549.7     75.1     43.7     33.1 2023  5  4  7 21  1.910  7.2   1
      679  27.920064   85.581014    14.973     3420.1     2283.5     2103.1     75.6     56.4     43.4 2023  5  4  8 53 36.150  7.2   1
      680  27.892601   85.608154    14.184     6092.4     -760.0     1314.5     55.0     44.9     45.4 2023  5  4 13 50 45.540  6.1   1
      681  27.891895   85.608097    14.347     6087.0     -838.3     1476.7     59.0     56.1     50.7 2023  5  4 14 38 43.020  6.2   1
      682  27.880330   85.554671    13.437      826.9    -2119.8      566.9     37.9     29.4     21.5 2023  5  4 14 58 30.320  6.3   1
      683  27.905141   85.601644    14.763     5451.1      629.7     1893.0     53.2     54.3     39.7 2023  5  4 15 45 25.130  6.3   1
      684  27.887661   85.502132    12.181    -4345.8    -1307.5     -689.3     47.6     42.8     38.9 2023  5  4 17 53  3.600  6.1   1
      685  27.905719   85.465763    11.489    -7926.1      693.7    -1380.6     35.4     50.2     46.8 2023  5  4 18  6 24.200  6.2   1
      687  27.902271   85.559513    13.661     1303.6      311.5      791.3     57.1     43.2     30.7 2023  5  4 18 48 15.200  6.1   1
      688  27.914122   85.612826    15.230     6551.9     1624.8     2360.4     46.7     53.1     23.9 2023  5  4 18 49 27.040  6.4   1
      689  27.914292   85.612394    14.613     6509.6     1643.8     1743.2    103.4     68.7     55.1 2023  5  4 19  4 51.680  6.0   1
      690  27.883258   85.551050    13.190      470.0    -1795.4      320.5     28.7     25.7     18.9 2023  5  4 19 23 51.880  6.7   1
      691  27.893490   85.492375    12.715    -5306.7     -661.4     -155.0     75.0     48.3     51.4 2023  5  4 19 51 17.200  5.8   1
      693  27.914500   85.612598    15.189     6529.7     1666.9     2318.6     47.8     55.9     24.4 2023  5  4 19 55  1.520  6.3   1
      694  27.905691   85.637964    15.178     9027.4      690.6     2307.8     55.0     65.6     37.2 2023  5  4 19 55 10.600  6.3   1
      695  27.898425   85.524552    13.106    -2138.3     -114.6      235.8     43.4     33.2     28.5 2023  5  4 20  8 40.040  6.1   1
      696  27.901166   85.494189    12.079    -5127.6      189.2     -791.2     43.8     43.0     32.1 2023  5  4 21 25  4.600  5.7   1
      697  27.894202   85.565755    13.375     1918.2     -582.6      504.8     35.9     33.7     23.4 2023  5  4 21 35 31.160  6.9   1
      698  27.892981   85.565210    13.523     1864.7     -717.8      652.7     32.8     29.1     20.6 2023  5  4 21 35 58.360  6.0   1
      699  27.893860   85.564950    13.461     1838.8     -620.6      591.2     32.5     29.9     21.8 2023  5  4 21 36 42.440  6.3   1
      700  27.893563   85.564673    13.480     1811.4     -653.3      609.8     37.4     32.3     21.3 2023  5  4 21 40 46.300  6.2   1
      701  27.883215   85.549618    13.190      329.2    -1800.0      320.1     61.9     31.5     31.3 2023  5  4 21 50  5.740  6.0   1
      702  27.832009   85.634196    13.703     8658.8    -7474.6      833.4     45.8     37.4     31.5 2023  5  4 21 53 32.480  5.9   1
      703  27.897168   85.591960    13.886     4498.0     -253.8     1015.7     58.1     46.5     22.0 2023  5  4 21 56 56.260  6.2   1
      704  27.928475   85.520020    13.819    -2584.7     3215.5      948.8     50.7     70.1     25.8 2023  5  4 22 25  2.100  6.2   1
      705  27.895337   85.517440    13.036    -2838.8     -456.8      165.6     38.7     34.8     22.7 2023  5  4 22 27  5.240  6.2   1
      706  27.895270   85.515389    12.965    -3040.7     -464.2       94.6     40.8     34.0     21.2 2023  5  4 22 27 17.220  5.9   1
      707  27.880804   85.563916    13.447     1737.1    -2067.3      577.0     57.3     44.1     41.8 2023  5  4 23 34  6.840  6.1   1
      708  27.905214   85.488110    12.353    -5726.1      637.9     -517.1     28.8     32.9     26.3 2023  5  4 23 45 53.420  6.5   1
      709  27.901400   85.493278    12.151    -5217.7      215.1     -718.6     27.6     29.9     32.0 2023  5  5  0 28 28.020  6.7   1
      710  27.882434   85.702189    12.693    15351.4    -1886.7     -176.7     87.9     66.3     86.0 2023  5  5  2 54 24.690  6.8   1
      711  27.910954   85.570858    14.844     2420.4     1273.8     1974.4     37.0     43.7     26.4 2023  5  5  2 56 15.970  6.5   1
      712  27.895882   85.584139    13.670     3727.9     -396.4      800.2     43.8     37.2     28.8 2023  5  5  4 23 58.920  6.4   1
      713  27.903261   85.465218    11.072    -7980.3      421.5    -1798.4     27.3     34.4     33.9 2023  5  5  8 10 24.020  7.6   1
      714  27.902706   85.466423    11.171    -7861.4      359.9    -1698.5     24.1     33.0     28.7 2023  5  5  8 13 39.580  7.4   1
      715  27.903400   85.464811    10.904    -8020.2      436.8    -1966.1     60.4     57.4     65.7 2023  5  5  8 17 21.870  6.5   1
      716  27.903013   85.465063    10.989    -7995.4      393.9    -1880.6     28.7     35.0     33.4 2023  5  5  8 33 21.160  7.4   1
      717  27.884465   85.547298    13.631      100.7    -1661.7      761.2    111.0     87.6     72.0 2023  5  5 10 37 55.690  6.5   1
      718  27.903864   85.464803    11.014    -8020.7      488.0    -1856.2     28.7     34.2     34.1 2023  5  5 14  0 13.450  6.7   1
      719  27.914404   85.530371    13.460    -1565.4     1656.3      590.5     74.2     73.7     41.3 2023  5  5 14 36 55.040  6.4   1
      720  27.893575   85.538102    13.097     -804.8     -652.0      227.3     59.8     54.1     31.6 2023  5  5 15 20 58.750  6.0   1
      721  27.893498   85.540356    13.002     -582.6     -660.7      132.3     47.2     28.4     20.1 2023  5  5 15 22 47.130  6.4   1
      722  27.894025   85.540666    12.964     -552.3     -602.3       93.6     55.9     29.5     20.9 2023  5  5 15 24 48.100  6.3   1
      723  27.913546   85.461857    10.818    -8310.2     1561.0    -2051.9     28.5     50.3     29.1 2023  5  5 15 48 20.850  6.4   1
      724  27.833643   85.629565    13.831     8202.6    -7293.7      960.6     36.5     34.7     29.0 2023  5  5 16 16  6.460  6.3   1
      725  27.907281   85.655550    14.484    10758.6      866.9     1613.9     48.3     45.7     27.6 2023  5  5 16 30 31.050  6.3   1
      726  27.903571   85.466113    11.020    -7891.9      455.6    -1850.3     25.9     35.7     33.0 2023  5  5 17 27 46.840  6.3   1
      727  27.903064   85.465796    11.089    -7922.9      399.5    -1781.0     30.5     33.6     30.9 2023  5  5 17 29 45.620  6.4   1
      728  27.902089   85.465861    10.796    -7916.4      291.6    -2074.4     37.1     37.8     52.6 2023  5  5 17 30 51.160  6.3   1
      729  27.913780   85.546924    13.307       63.7     1587.0      436.8     46.9     50.9     37.5 2023  5  5 17 43 27.400  6.0   1
      730  27.913953   85.548893    13.268      258.1     1606.1      398.2     41.6     47.6     36.2 2023  5  5 17 49 36.040  6.2   1
      731  27.935400   85.545020    12.080     -123.2     3983.0     -790.5     54.6     70.5     26.7 2023  5  5 19 58  6.660  6.3   1
      733  27.936082   85.554468    11.824      806.8     4058.4    -1045.5     89.6     77.1     45.0 2023  5  5 21 12 42.440  5.7   1
      734  27.901263   85.465812    11.848    -7921.7      199.9    -1021.8     40.2     45.7     47.2 2023  5  5 21 44 21.280  6.1   1
      735  27.901851   85.466081    11.620    -7894.7      265.0    -1249.6     30.0     39.6     36.1 2023  5  5 21 44 58.800  6.3   1
      736  27.917358   85.625968    15.288     7845.5     1983.7     2417.9     56.5     58.7     31.0 2023  5  5 22 51  9.300  6.2   1
      737  27.890377   85.521379    12.591    -2451.2    -1006.5     -278.7     38.7     30.6     20.6 2023  5  5 23  7 54.840  6.1   1
      738  27.932640   85.441667    11.584   -10296.9     3677.0    -1285.7     44.3     46.0     56.6 2023  5  6  1 42 21.060  6.5   1
      739  27.901772   85.612378    17.473     6508.2      256.4     4603.4     65.7     56.0     24.4 2023  5  6 10 16 40.710  7.2   1
      740  27.902445   85.612183    17.439     6489.0      331.0     4568.8     67.0     57.0     24.3 2023  5  6 10 47 28.860  6.7   1
      741  27.896611   85.556779    14.024     1034.7     -315.7     1154.4     68.2     61.0     38.8 2023  5  6 11 15 37.600  6.6   1
      742  27.902539   85.613265    17.466     6595.5      341.3     4596.3     67.0     56.6     26.4 2023  5  6 12 49 51.150  6.7   1
      743  27.898328   85.529191    13.132    -1682.0     -125.3      261.6     46.0     33.8     21.9 2023  5  6 13 22 30.170  6.8   1
      744  27.912703   85.609473    15.562     6222.1     1467.8     2691.7     50.9     54.4     25.3 2023  5  6 13 51 55.460  6.5   1
      745  27.905184   85.549585    13.705      326.5      634.4      834.6     56.7     41.9     31.0 2023  5  6 15  8  2.510  7.3   1
      746  27.902590   85.546842    14.099       56.1      347.0     1228.7     92.1     57.4     51.2 2023  5  6 15  8 15.850  6.6   1
      747  27.873313   85.621834    14.213     7440.2    -2897.4     1343.2     64.3     39.9     43.5 2023  5  6 16 11  6.130  6.6   1
      748  27.872595   85.623169    14.174     7571.3    -2977.0     1303.9     66.3     41.8     45.9 2023  5  6 18  2 58.140  6.6   1
      749  27.946499   85.539608    11.074     -656.0     5212.9    -1796.2     65.7     78.4     45.3 2023  5  6 19 27 23.920  6.1   1
      750  27.910758   85.475846    12.077    -6933.0     1252.2     -792.5     46.7     40.3     27.4 2023  5  6 19 44 24.200  6.3   1
      751  27.893665   85.530957    12.578    -1507.9     -642.0     -292.2     52.0     43.4     33.5 2023  5  6 20 41 31.200  6.1   1
      752  27.896965   85.547917    13.753      161.9     -276.4      883.3     77.5     67.1     33.2 2023  5  6 22 26 47.920  6.2   1
      753  27.896372   85.547095    13.745       81.0     -342.1      875.2     73.3     60.5     33.6 2023  5  6 23 32 51.420  6.3   1
      754  27.884212   85.548486    13.088      218.2    -1689.6      218.5     37.0     35.4     22.7 2023  5  6 23 33 34.780  6.1   1
      755  27.884076   85.555998    13.138      957.6    -1704.7      268.2     48.0     43.2     30.2 2023  5  6 23 35 49.700  6.1   1
      757  27.901872   85.610506    17.449     6323.7      267.3     4579.2     65.6     55.6     23.1 2023  5  7  6  9 50.140  6.7   1
      758  27.911157   85.599414    16.836     5231.4     1296.3     3965.7     65.4     62.6     28.8 2023  5  7 13 33 19.730  6.4   1
      759  27.888824   85.554565    12.856      816.3    -1178.4      -13.8     33.5     41.5     36.5 2023  5  7 14 28 40.370  6.1   1
      760  27.885246   85.552938    13.272      656.3    -1575.0      401.8     37.3     63.3     29.0 2023  5  7 14 34  5.690  6.0   1
      761  27.885893   85.552791    13.247      642.1    -1503.5      377.3     30.5     31.8     19.9 2023  5  7 14 36 33.740  6.1   1
      762  27.883854   85.699186    13.749    15055.6    -1729.2      879.7     98.1     55.7     87.5 2023  5  7 17 22 40.720  5.9   1
      763  27.883866   85.556470    13.662     1004.0    -1727.9      792.1     55.2     38.4     25.4 2023  5  7 17 52 37.080  6.4   1
      764  27.954604   85.540625    11.527     -556.0     6111.0    -1343.3     81.1     86.7     50.6 2023  5  7 19 42 56.240  6.4   1
      765  27.896023   85.659115    15.135    11110.0     -380.8     2264.6     54.4     39.1     42.0 2023  5  7 20 40 33.080  6.1   1
      766  27.894623   85.660246    14.738    11221.1     -535.9     1868.5     35.9     31.9     20.7 2023  5  7 20 40 39.180  6.6   1
      767  27.920479   85.647982    15.200    10012.9     2329.4     2330.5     56.0     53.5     38.0 2023  5  7 21 44  8.920  6.8   1
      768  27.877189   85.585579    14.284     3870.6    -2467.8     1413.6     42.8     47.7     35.3 2023  5  7 22 37 35.520  6.1   1
      769  27.876363   85.584115    14.061     3726.4    -2559.4     1190.6     58.2     55.8     41.1 2023  5  7 23 27 15.480  6.2   1
