        1  27.895253   85.557707    13.636     1126.1     -466.1      766.5    166.7    105.3     68.0 2023  4 10 11 32 18.600  8.7   1
        2  27.892891   85.507031    11.633    -3863.5     -727.9    -1236.5    155.3    135.6     77.1 2023  4 10 16 53 34.260  6.4   1
        3  27.909334   85.490332    12.620    -5507.0     1094.4     -249.8    154.8    122.2    116.9 2023  4 10 17 27 54.220  6.1   1
        4  27.908693   85.505778    10.219    -3986.8     1023.4    -2650.7    107.6    120.8     81.4 2023  4 10 19 33 16.380  5.8   1
        5  27.884530   85.547607    13.051      131.0    -1654.5      181.4    153.7    110.5    103.2 2023  4 10 19 50 38.400  6.0   1
        6  27.905042   85.464705    11.741    -8030.7      618.6    -1129.4     84.2    103.5     91.1 2023  4 10 21 45  6.200  6.1   1
        7  27.899400   85.466960    11.701    -7809.0       -6.5    -1168.7     88.1     90.1     94.4 2023  4 10 23 21 46.780  6.5   1
        8  27.938285   85.528271    13.017    -1771.8     4302.6      146.8    357.6    292.8    205.8 2023  4 10 23 22  9.720  5.8   1
        9  27.899884   85.468156    11.559    -7691.2       47.0    -1311.2     98.7     92.7     98.7 2023  4 10 23 23 29.040  5.9   1
       10  27.953609   85.489152    14.285    -5622.2     6000.8     1415.1    194.5    145.6    133.0 2023  4 11  1  3 49.940  6.7   1
       11  27.879749   85.612891    13.988     6559.1    -2184.3     1117.9    165.5    125.8    126.6 2023  4 11  3  9 13.330  6.6   1
       12  27.954004   85.489331    14.259    -5604.8     6044.7     1388.9    198.8    134.6    127.2 2023  4 11  3 15 48.440  7.6   1
       13  27.954063   85.488794    14.000    -5657.4     6051.2     1130.1    194.1    146.9    126.5 2023  4 11  3 20  4.580  6.8   1
       14  27.897744   85.643538    15.699     9576.5     -190.1     2829.2    163.3    109.2    112.5 2023  4 11  7 17 13.600  6.9   1
       15  27.906679   85.483496    12.229    -6180.3      800.2     -640.5    177.4    107.9    179.1 2023  4 11  7 32 28.200  7.0   1
       16  27.924109   85.499414    12.059    -4613.0     2731.7     -811.1    127.8    103.2     80.1 2023  4 11 12 55 14.450  6.3   1
       17  27.902081   85.557764    13.957     1131.3      290.6     1086.8    192.0    143.3    128.6 2023  4 11 15 16  8.070  6.0   1
       18  27.883348   85.565096    12.961     1853.4    -1785.5       90.8    130.6     77.7     70.5 2023  4 11 17 31 50.340  6.0   1
       19  27.881948   85.564388    13.116     1783.3    -1940.4      245.5    132.0     83.3     89.9 2023  4 11 17 31 57.720  5.8   1
       20  27.881954   85.564404    13.138     1784.9    -1939.9      268.2    131.4     70.2     72.6 2023  4 11 17 32  8.540  6.0   1
       21  27.900793   85.499357    12.575    -4618.6      147.9     -294.8    103.7    113.7     81.6 2023  4 11 18 16 25.980  6.3   1
       22  27.900531   85.498771    12.765    -4677.1      118.8     -105.1    103.6    102.8     86.5 2023  4 11 18 16 33.240  6.3   1
       23  27.900350   85.502132    12.561    -4345.7       98.8     -309.1    101.5    104.0     69.6 2023  4 11 18 28  6.880  6.9   1
       24  27.900751   85.500496    12.619    -4506.4      143.2     -250.7    102.6     96.7     85.2 2023  4 11 18 45 29.760  6.2   1
       25  27.906649   85.539681    12.556     -648.6      796.8     -314.1    183.8     91.9     90.1 2023  4 11 18 48 38.120  6.0   1
       26  27.899913   85.503345    12.571    -4226.4       50.2     -299.3    108.7     89.7     73.1 2023  4 11 19 13  1.660  6.4   1
       27  27.930632   85.523315    13.645    -2260.0     3454.5      774.9    176.5    124.0    116.9 2023  4 11 19 38 40.860  5.8   1
       28  27.898431   85.550749    13.414      440.9     -113.8      543.9    139.6     88.4     63.6 2023  4 11 20 30 42.160  6.1   1
       29  27.952700   85.497917    14.955    -4759.7     5900.0     2084.7    235.2    160.6    166.4 2023  4 11 21 12 44.320  6.4   1
       30  27.923142   85.563306    13.160     1676.6     2624.6      290.4    187.7     98.0     72.3 2023  4 11 22 39 43.240  6.0   1
       31  27.912193   85.566170    14.667     1959.1     1411.1     1797.2    134.8     74.8     72.9 2023  4 11 23  9 10.720  6.9   1
       32  27.916382   85.450944    11.874    -9384.6     1875.3     -996.1    102.2     93.9    108.0 2023  4 12  1  7 45.390  6.7   1
       33  27.905941   85.549316    13.822      299.3      718.3      952.1    141.1     89.8     80.8 2023  4 12  1 49 35.850  6.4   1
       34  27.880601   85.646159    13.967     9835.4    -2089.8     1096.8    222.8    206.0    156.7 2023  4 12  5 14 27.730  6.6   1
       35  27.879370   85.611060    14.754     6379.2    -2226.2     1884.2    162.9    129.3    109.8 2023  4 12 12  5 45.330  6.5   1
       36  27.887962   85.535368    12.917    -1074.0    -1274.1       46.7    128.2     86.9     63.3 2023  4 12 14  1  3.080  6.1   1
       37  27.876585   85.576432    13.882     2969.8    -2534.9     1012.2    135.7    118.7     78.8 2023  4 12 16 31 25.300  5.9   1
       38  27.886766   85.522754    12.606    -2315.4    -1406.7     -264.1    104.5    107.7     65.8 2023  4 12 16 36  1.460  5.8   1
       39  27.908464   85.537500    14.379     -863.4      997.8     1509.0    157.6    110.7     75.2 2023  4 12 17 13 48.340  5.9   1
       40  27.907835   85.541528    14.260     -467.1      928.2     1390.0    176.2    114.6     74.5 2023  4 12 17 57 18.400  6.0   1
       41  27.895296   85.534253    13.486    -1183.0     -461.4      616.3    116.2     94.7     70.2 2023  4 12 18 12  2.720  6.1   1
       42  27.892792   85.477230    11.924    -6797.4     -738.8     -945.5    110.6    105.9    102.2 2023  4 12 18 35 43.000  6.1   1
       43  27.909446   85.609505    14.056     6224.9     1106.8     1186.0    139.1    105.4     83.8 2023  4 12 18 36 26.600  6.2   1
       44  27.895984   85.584261    13.690     3740.3     -385.0      819.8    140.7     82.6     73.6 2023  4 12 18 41 36.840  7.7   1
       45  27.895697   85.587052    13.710     4014.8     -416.8      840.5    138.0     84.2     76.6 2023  4 12 18 45 58.800  6.3   1
       46  27.884263   85.558333    13.310     1187.4    -1683.9      440.5    159.3    118.1     70.5 2023  4 12 19 24 48.240  5.7   1
       47  27.906541   85.499910    12.398    -4564.7      784.9     -471.8    114.3     77.8     69.6 2023  4 12 20  2 25.840  6.2   1
       48  27.897847   85.559359    13.271     1288.5     -178.5      401.1    132.4     85.3     55.4 2023  4 12 20 17 30.320  6.3   1
       49  27.894623   85.660441    14.707    11240.1     -536.0     1837.3    151.7     84.2    123.4 2023  4 12 20 22 13.100  6.5   1
       50  27.890924   85.477409    11.743    -6780.5     -945.9    -1127.1     89.2    107.2     93.9 2023  4 12 21 16 24.520  6.6   1
       51  27.891479   85.477555    11.706    -6765.5     -884.3    -1163.5    110.4    126.1     99.2 2023  4 12 21 22  8.620  6.1   1
       52  27.928611   85.466243    12.293    -7878.0     3230.6     -576.6    101.0     98.0     93.9 2023  4 12 21 41 28.680  6.8   1
       53  27.929462   85.443953    13.010   -10072.2     3324.9      139.6    123.3    114.2    134.4 2023  4 12 21 46 33.340  6.3   1
       54  27.912134   85.552588    13.338      621.8     1404.5      467.9    132.2     99.3     61.4 2023  4 12 21 49 55.360  5.7   1
       55  27.912085   85.460425    11.756    -8451.8     1399.2    -1113.7     86.2     71.6     78.9 2023  4 12 22  2 13.820  6.5   1
       56  27.904100   85.464412    11.179    -8059.6      514.2    -1691.1     81.0     64.6     79.0 2023  4 12 22 33 39.040  6.5   1
       57  27.892883   85.477344    11.829    -6786.7     -728.7    -1041.1     93.6    113.7     78.7 2023  4 12 23  2 10.440  6.1   1
       58  27.908993   85.485946    12.309    -5939.4     1056.6     -561.2     79.2     75.6     86.4 2023  4 12 23  4  9.980  6.1   1
       59  27.891339   85.477327    11.737    -6788.2     -899.8    -1133.2     79.0     99.8     83.2 2023  4 12 23  6 22.340  7.5   1
       60  27.953290   85.532446    11.766    -1360.6     5965.4    -1103.6    155.6    121.0    121.8 2023  4 13  0 19  6.690  6.0   1
       61  27.903782   85.513843    11.909    -3192.6      479.1     -960.8    127.7    128.1    101.8 2023  4 13  4 13 48.830  6.7   1
       62  27.874349   85.588281    13.350     4136.5    -2782.6      479.7    154.0     99.9     86.7 2023  4 13  5 40 43.590  6.3   1
       63  27.909985   85.617554    14.749     7017.6     1166.5     1878.5    169.9    140.2    119.1 2023  4 13 11 30 29.560  6.3   1
       64  27.945367   85.447998    12.879    -9673.6     5087.5        9.4    144.6    116.9    156.3 2023  4 13 11 51 25.660  6.9   1
       65  27.938037   85.579793    12.769     3299.4     4275.1     -100.9    223.9    145.5    101.8 2023  4 13 12 31 34.130  6.4   1
       66  27.894977   85.578166    13.673     3139.8     -496.7      802.7    128.6     74.4     69.8 2023  4 13 13  5 13.540  6.4   1
       67  27.941213   85.528971    11.121    -1702.9     4627.1    -1748.9    121.4     92.6     86.9 2023  4 13 13 30 17.290  6.7   1
       68  27.912848   85.559424    13.959     1295.0     1483.8     1088.7    132.2     81.3     66.0 2023  4 13 13 34 28.330  6.5   1
       69  27.912929   85.706274    17.871    15751.4     1492.7     5000.7    452.7    635.7    354.0 2023  4 13 13 36 19.060  6.5   1
       70  27.939526   85.569873    12.864     2322.9     4440.1       -6.3    162.8    135.3     81.0 2023  4 13 14 19  5.860  6.4   1
       71  27.939368   85.570776    12.860     2411.7     4422.6       -9.7    155.3    133.9     81.3 2023  4 13 14 24  8.130  6.7   1
       72  27.893380   85.543677    13.187     -255.4     -673.7      317.0    134.4     70.2     51.3 2023  4 13 14 43 47.010  6.1   1
       73  27.939205   85.568530    12.793     2190.9     4404.6      -76.6    149.9    132.3     79.7 2023  4 13 14 50 20.320  6.3   1
       74  27.882249   85.566390    13.471     1980.5    -1907.0      600.7    127.9     70.9     72.5 2023  4 13 16 12 57.650  5.9   1
       75  27.875433   85.656641    13.788    10867.6    -2662.4      917.9    147.3     85.4    127.0 2023  4 13 21  0 51.360  6.1   1
       76  27.935610   85.541797    12.390     -440.7     4006.3     -479.7    121.8    103.4     59.8 2023  4 13 22 12 10.880  6.1   1
       77  27.902791   85.541211    13.203     -498.3      369.3      332.6    127.4     76.6     57.0 2023  4 13 22 13 20.120  6.2   1
       78  27.892782   85.519556    12.460    -2630.5     -739.9     -410.1    100.5     73.6     66.5 2023  4 13 22 23 45.100  6.0   1
       79  27.911851   85.547648    13.919      135.5     1373.2     1049.1    138.7     82.6     63.0 2023  4 13 22 33 32.120  6.0   1
       80  27.875539   85.656641    13.848    10867.1    -2650.8      978.5    147.3     84.1    126.1 2023  4 13 23  9 25.040  6.1   1
       81  27.887490   85.494873    11.818    -5060.9    -1326.3    -1051.9    105.2     88.7     87.1 2023  4 13 23 30 46.280  6.1   1
       82  27.916077   85.569255    15.217     2262.6     1841.6     2347.4    138.4     80.1     75.7 2023  4 14  1  4 16.660  7.0   1
       83  27.916239   85.570435    15.229     2378.9     1859.6     2358.8    137.4     87.3     74.9 2023  4 14  1 17  3.610  6.3   1
       84  27.923600   85.559676    15.476     1319.8     2675.2     2606.3    251.9    150.7    116.2 2023  4 14  6 16  6.440  6.7   1
       85  27.855430   85.658643    13.979    11065.3    -4879.2     1108.6    164.7    128.5    131.1 2023  4 14 10 13 58.570  8.2   1
       86  27.905963   85.486882    12.445    -5846.8      720.8     -425.0    106.1    117.7     84.3 2023  4 14 11 40 42.620  6.5   1
       87  27.903101   85.575138    14.888     2842.2      403.5     2017.5    142.1     76.6     67.3 2023  4 14 11 45 55.780  6.7   1
       88  27.888139   85.505802    12.040    -3984.8    -1254.4     -830.2    103.9     65.2     67.2 2023  4 14 12 30 42.210  7.5   1
       89  27.889484   85.579142    13.859     3236.0    -1105.5      988.9    181.7    125.9     75.4 2023  4 14 13 49 39.330  6.2   1
       90  27.894462   85.510181    11.077    -3553.2     -553.8    -1793.2    116.4    128.3     87.8 2023  4 14 14 19 13.150  6.1   1
       91  27.843866   85.708732    13.851    15998.7    -6160.7      980.6    214.6    116.0    198.5 2023  4 14 14 41 16.500  6.2   1
       92  27.829441   85.668880    13.910    12074.9    -7759.2     1040.4    165.0    107.9    120.5 2023  4 14 14 59 40.870  6.4   1
       93  27.829102   85.669287    14.006    12114.8    -7796.7     1136.3    172.1    123.4    134.0 2023  4 14 15  6 29.010  6.1   1
       94  27.884086   85.646777    16.568     9895.5    -1703.6     3697.5    165.5    107.9    117.0 2023  4 14 15 15 30.140  6.7   1
       95  27.891600   85.667098    15.174    11896.0     -870.9     2304.5    156.4     84.8    131.9 2023  4 14 16 19 15.160  7.1   1
       96  27.944830   85.445833    13.748    -9886.2     5027.9      878.1    195.3    187.1    215.8 2023  4 14 16 33  8.790  6.5   1
       97  27.926034   85.655941    13.677    10795.8     2944.9      807.2    152.7    123.8    119.1 2023  4 14 17  7 56.480  6.2   1
       98  27.910512   85.604574    16.844     5739.6     1225.0     3973.6    140.2     86.6     83.0 2023  4 14 17  8 24.680  6.9   1
       99  27.902087   85.532503    13.120    -1355.4      291.2      250.4    124.6     79.5     57.7 2023  4 14 17 22 16.920  6.0   1
      100  27.931632   85.450464    11.759    -9431.2     3565.3    -1110.8    104.9    102.6    113.1 2023  4 14 17 45 24.600  6.1   1
      101  27.931024   85.452108    11.649    -9269.3     3498.0    -1219.9    104.5     93.5    110.5 2023  4 14 17 47 37.340  6.6   1
      102  27.931051   85.451554    11.572    -9323.6     3501.0    -1298.0    103.6     93.8    110.9 2023  4 14 17 53  8.060  6.7   1
      103  27.930967   85.452205    11.614    -9259.6     3491.7    -1255.9    103.8     93.2    111.1 2023  4 14 17 57  6.240  6.9   1
      104  27.930601   85.451400    11.661    -9338.9     3451.1    -1208.6    105.4     96.8    113.5 2023  4 14 17 58 36.600  6.6   1
      105  27.931099   85.451782    11.597    -9301.5     3506.4    -1273.1    104.3     92.7    112.8 2023  4 14 18  8  8.680  6.9   1
      106  27.930503   85.451302    11.563    -9348.8     3440.3    -1306.6    105.5     92.4    110.6 2023  4 14 18  8 42.420  6.5   1
      107  27.925970   85.528841    15.686    -1715.7     2937.9     2815.7    151.0    129.9     70.9 2023  4 14 18 34 47.560  6.2   1
      108  27.891770   85.477262    11.664    -6794.4     -852.0    -1205.5     98.0    123.2     92.8 2023  4 14 19  1 35.440  6.1   1
      109  27.930575   85.453605    12.814    -9121.9     3448.1      -56.0    163.7    180.6    156.7 2023  4 14 19 42  2.920  5.9   1
      110  27.905155   85.506763    12.648    -3889.9      631.4     -221.9     93.0     76.2     62.1 2023  4 14 19 45 34.200  6.2   1
      111  27.930967   85.450911    11.624    -9387.1     3491.7    -1246.0    108.3     96.1    112.9 2023  4 14 20 30 23.920  6.6   1
      112  27.931866   85.447542    11.840    -9718.7     3591.4    -1030.0    114.2    100.9    118.4 2023  4 14 20 33  9.200  6.3   1
      113  27.880815   85.706828    14.691    15808.6    -2066.0     1820.8    174.6    162.3    188.7 2023  4 14 20 46 13.620  6.5   1
      114  27.873726   85.591048    13.832     4408.7    -2851.7      962.5    133.5     90.5     87.8 2023  4 14 21 27 13.240  5.9   1
      115  27.906506   85.500521    12.414    -4504.4      780.9     -456.4    126.2     87.2    111.9 2023  4 14 21 59 19.400  6.0   1
      116  27.884145   85.604696    13.515     5752.1    -1697.0      644.9    129.6     86.3     90.9 2023  4 14 22 43 54.000  6.2   1
      117  27.884220   85.604508    13.502     5733.7    -1688.8      631.8    132.5     88.2     91.2 2023  4 14 22 44 31.860  6.2   1
      118  27.887775   85.585506    10.618     3862.9    -1294.7    -2251.6    179.1    109.1    112.0 2023  4 14 22 51  6.840  6.3   1
      119  27.878137   85.555819    13.463      940.0    -2362.8      593.0    128.6     66.1     54.7 2023  4 14 23 20 26.020  6.1   1
      120  27.901434   85.502515    12.255    -4308.3      218.9     -615.2    110.6     81.6     81.5 2023  4 14 23 53 34.780  5.9   1
      121  27.885518   85.564917    13.541     1835.4    -1544.8      670.8    217.0    143.2     64.3 2023  4 15  0 20 21.480  6.2   1
      122  27.931669   85.451514    11.576    -9327.6     3569.5    -1293.9    110.5    117.6    115.2 2023  4 15  1 10  2.600  6.3   1
      123  27.930054   85.455941    11.926    -8892.4     3390.5     -944.5    103.6     96.2    106.5 2023  4 15  1 13  4.520  6.6   1
      124  27.901320   85.512101    12.929    -3364.2      206.3       59.4     88.0     80.0     61.5 2023  4 15  9 46  8.170  7.0   1
      125  27.901371   85.508618    12.920    -3707.2      211.9       49.6     97.2    100.7     78.1 2023  4 15  9 48 34.310  6.7   1
      126  27.904694   85.519775    13.288    -2608.4      580.2      418.0    122.7    119.0     93.2 2023  4 15 13 48 50.300  6.5   1
      127  27.912091   85.543327    13.328     -289.9     1400.0      458.5    130.7     78.0     54.4 2023  4 15 15 11 10.730  6.9   1
      128  27.908091   85.478141    11.745    -6707.8      956.6    -1124.8    128.7    121.8    104.9 2023  4 15 18 21  5.800  6.0   1
      129  27.923169   85.502873    12.172    -4272.4     2627.5     -697.8     88.1    114.1     62.7 2023  4 15 18 51 42.620  6.4   1
      130  27.884196   85.504281    11.945    -4134.4    -1691.4     -924.9    100.0     69.4     68.0 2023  4 15 18 52 24.540  6.2   1
      131  27.883547   85.502661    11.939    -4294.4    -1763.4     -931.1     98.2     84.6     69.8 2023  4 15 18 53 22.580  6.1   1
      132  27.898446   85.541618    13.677     -458.1     -112.2      807.1    155.5    102.1     55.3 2023  4 15 19 13 47.200  6.1   1
      133  27.866272   85.707715    13.699    15897.3    -3677.6      828.9    133.5    154.9    139.1 2023  4 15 19 34 39.640  6.2   1
      134  27.919208   85.447314    11.205    -9741.7     2188.4    -1665.0    105.6    105.3    101.9 2023  4 15 19 58 46.240  6.2   1
      135  27.881167   85.571289    13.205     2463.4    -2027.2      334.6    143.3     89.3     70.6 2023  4 15 20  4 21.160  5.8   1
      136  27.849965   85.586450     8.687     3956.4    -5484.6    -4182.5    242.4    363.9    181.7 2023  4 15 20  8 25.200  5.8   1
      137  27.902454   85.468400    11.981    -7666.7      331.8     -888.9     83.3     86.4     92.0 2023  4 15 20  9 37.000  6.1   1
      138  27.904439   85.464347    11.362    -8065.4      551.9    -1507.8    109.7    102.2    133.5 2023  4 15 20 10 52.780  5.9   1
      139  27.888690   85.572046    13.424     2537.4    -1193.4      554.3    130.3     70.7     67.4 2023  4 15 20 39 40.960  6.3   1
      140  27.911481   85.580168    14.310     3337.2     1332.2     1440.5    133.3     89.8     75.6 2023  4 15 21 16 39.500  5.8   1
      141  27.853151   85.663623    13.877    11555.9    -5131.8     1006.7    157.6    124.1    131.8 2023  4 15 22 45 12.080  5.9   1
      142  27.907658   85.503866    13.394    -4175.1      908.6      524.5     99.8     82.0     74.1 2023  4 15 22 48  2.220  6.1   1
      143  27.916300   85.445394    11.626    -9930.9     1866.3    -1244.1    140.1    145.9    111.3 2023  4 15 23 20 28.160  6.1   1
      144  27.912199   85.662508    13.653    11443.0     1411.7      782.6    143.4     98.8    124.6 2023  4 15 23 22  1.100  6.2   1
      145  27.905491   85.455070    12.251    -8978.6      668.5     -619.0    115.9    156.7    108.7 2023  4 16  4 54  9.920  6.5   1
      147  27.885706   85.531274    12.642    -1476.5    -1524.1     -228.2    123.5     74.9     58.6 2023  4 16  5 55  6.500  6.7   1
      149  27.911829   85.584823    14.205     3795.1     1370.9     1335.0    139.9     96.6     77.7 2023  4 16 10 48 36.520  7.0   1
      150  27.893335   85.674976    13.728    12671.3     -678.6      858.0    214.2     94.9    194.8 2023  4 16 13 20 24.710  6.7   1
      151  27.912632   85.594816    14.154     4779.1     1459.9     1284.0    139.8    101.2     78.7 2023  4 16 13 21 55.260  6.7   1
      152  27.897070   85.572046    14.151     2537.6     -264.7     1280.6    137.1     90.9     77.7 2023  4 16 13 58 33.090  6.4   1
      153  27.890204   85.523291    12.654    -2263.0    -1025.6     -216.2    107.8     78.4     57.3 2023  4 16 14 54 28.690  6.0   1
      154  27.934727   85.693197    18.005    14462.9     3908.3     5135.0    472.1    529.0    344.3 2023  4 16 15  0  8.900  6.6   1
      155  27.879980   85.555745    13.569      933.0    -2158.6      698.6    129.9     60.8     55.1 2023  4 16 15 22 36.370  6.5   1
      156  27.914115   85.451571    11.169    -9323.2     1624.3    -1700.8     99.7     87.1    107.5 2023  4 16 15 46 35.650  6.2   1
      157  27.881040   85.557104    13.324     1066.9    -2041.0      453.8    206.4    103.5     74.3 2023  4 16 16  5 40.560  6.0   1
      158  27.879462   85.558407    13.490     1195.1    -2216.1      619.9    127.3     58.5     58.8 2023  4 16 16 51 34.090  6.8   1
      159  27.877757   85.560213    13.643     1372.4    -2404.9      773.5    166.5    128.5     73.1 2023  4 16 16 52  7.210  5.9   1
      160  27.835313   85.662598    12.953    11456.2    -7108.6       83.4    152.9     99.9    113.9 2023  4 16 17  3 56.540  6.8   1
      161  27.834804   85.663729    12.816    11567.5    -7164.8      -53.8    156.7    102.5    117.0 2023  4 16 17  4 50.000  6.2   1
      162  27.835386   85.662533    12.897    11449.3    -7100.5       27.0    155.7    100.0    117.0 2023  4 16 17  6 53.160  6.3   1
      163  27.835142   85.662590    12.830    11455.0    -7127.5      -40.1    156.7     99.0    115.3 2023  4 16 17  7 20.480  6.2   1
      164  27.895302   85.678369    13.240    13005.3     -460.5      370.3    156.5    103.1    151.0 2023  4 16 17 19 26.280  7.4   1
      165  27.879527   85.557926    13.460     1147.4    -2208.7      589.5    129.9     61.8     56.3 2023  4 16 17 19 32.560  7.1   1
      166  27.881354   85.545182    13.248     -107.2    -2006.5      378.2    127.1     65.4     46.6 2023  4 16 17 32 32.900  6.2   1
      167  27.879574   85.558341    13.458     1188.2    -2203.5      588.1    128.1     64.2     59.7 2023  4 16 17 51  0.880  6.4   1
      168  27.893414   85.461247    12.358    -8371.3     -669.9     -512.4     90.1    111.5     86.7 2023  4 16 17 56 22.600  6.2   1
      169  27.879537   85.557552    13.448     1110.3    -2207.6      578.0    131.9     68.6     61.9 2023  4 16 18 31 59.700  6.3   1
      170  27.877504   85.574146    13.344     2744.2    -2433.0      474.2    132.8     78.2     72.9 2023  4 16 18 35  0.100  6.2   1
      171  27.899935   85.464038    11.843    -8095.9       52.7    -1027.1    110.2     88.4     99.1 2023  4 16 18 47 13.880  6.1   1
      172  27.884617   85.656730    14.214    10875.5    -1644.7     1344.4    152.3     82.4    124.9 2023  4 16 18 51 57.520  6.6   1
      173  27.914874   85.593392    16.992     4638.9     1708.3     4122.5    153.0    120.8     79.8 2023  4 16 19  7 49.520  5.9   1
      174  27.924329   85.567155    15.174     2056.1     2756.1     2303.7    173.0     96.7     99.9 2023  4 16 19 13 41.840  5.8   1
      175  27.881173   85.545272    13.215      -98.3    -2026.4      345.5    133.7     71.4     46.0 2023  4 16 19 16 48.400  6.1   1
      176  27.888236   85.553483    13.098      709.5    -1243.6      228.4    134.8    100.5     54.3 2023  4 16 19 39 25.960  5.9   1
      177  27.879783   85.558276    13.477     1182.1    -2180.5      607.3    127.6     63.1     58.5 2023  4 16 19 55  5.860  6.9   1
      178  27.880725   85.605697    13.171     5851.0    -2076.0      301.0    131.7     91.9     97.7 2023  4 16 20 18  9.640  6.2   1
      179  27.832163   85.631323    13.754     8375.9    -7457.5      884.0    168.8    109.4    109.0 2023  4 16 20 21 39.440  6.1   1
      180  27.945402   85.493978    12.733    -5147.5     5091.2     -137.1    146.1    107.7     76.2 2023  4 16 21  8 39.680  6.6   1
      181  27.876540   85.580518    13.439     3371.5    -2539.9      568.8    149.5    111.8     78.0 2023  4 16 21 25 47.240  6.4   1
      182  27.891510   85.560685    13.410     1418.7     -880.8      540.2    141.1     94.9     65.2 2023  4 16 21 27 56.640  6.3   1
      183  27.928013   85.585604    14.997     3871.8     3164.3     2127.1    283.2    206.3    104.3 2023  4 16 21 45 28.760  5.8   1
      184  27.935970   85.535295    11.630    -1080.4     4046.0    -1240.3    168.4    135.5    121.6 2023  4 16 22  1 25.200  6.0   1
      185  27.878697   85.563713    13.293     1717.2    -2300.8      422.6    132.5     81.3     65.5 2023  4 16 22 12 42.800  5.7   1
      186  27.901072   85.542708    13.648     -350.6      178.9      777.6    189.6     80.9     72.9 2023  4 16 22 39  4.380  5.9   1
      187  27.919802   85.472957    11.696    -7217.3     2254.4    -1174.2    140.7    121.2    154.6 2023  4 17  0 36 13.510  6.7   1
      188  27.887260   85.640055    13.489     9233.8    -1351.8      618.6    164.9     88.9    116.1 2023  4 17  1 18 21.120  6.4   1
      189  27.894607   85.554671    13.511      826.5     -537.7      641.5    133.0     84.0     78.4 2023  4 17  1 33 17.840  6.5   1
      190  27.850926   85.666260    13.762    11815.6    -5378.3      891.8    180.6    129.9    150.7 2023  4 17  1 43 46.420  6.5   1
      191  27.915531   85.452026    11.251    -9277.8     1781.1    -1618.5    127.0    106.8    119.3 2023  4 17  2 33 39.470  6.7   1
      192  27.920115   85.446159    12.248    -9855.9     2289.0     -622.1    151.5    121.3    118.1 2023  4 17  4 47 35.050  6.8   1
      193  27.925397   85.472738    11.609    -7239.3     2874.3    -1261.2    119.5    142.2    116.5 2023  4 17  7 50  4.550  6.5   1
      194  27.922032   85.475260    12.036    -6991.0     2501.5     -833.8    115.1    129.1    137.8 2023  4 17  7 51 12.570  6.6   1
      195  27.917631   85.473600    14.576    -7154.2     2013.8     1705.8    148.9    116.5    139.9 2023  4 17  7 57 42.520  7.0   1
      196  27.881651   85.617310    14.093     6994.5    -1973.4     1222.7    140.8    112.0    106.7 2023  4 17  9 35 43.380  6.6   1
      197  27.923037   85.540413    13.134     -576.8     2612.8      264.1    156.0    105.3     64.2 2023  4 17  9 50 57.550  6.7   1
      198  27.883689   85.545671    13.306      -59.5    -1747.5      436.5    128.2     62.3     43.8 2023  4 17 11 34 12.840  6.4   1
      199  27.900696   85.531893    15.816    -1415.6      137.0     2945.7    274.3    148.5    114.6 2023  4 17 12 41 34.990  6.8   1
      200  27.915112   85.569743    15.149     2310.7     1734.8     2279.4    142.3     89.7     76.8 2023  4 17 13 57 12.510  6.5   1
      201  27.907487   85.499634    13.068    -4591.3      889.7      198.1     75.7     77.9     71.2 2023  4 17 14 15 43.240  7.1   1
      202  27.916138   85.567611    15.093     2100.4     1848.4     2222.9    147.2     99.9     78.9 2023  4 17 14 24 53.370  6.2   1
      203  27.915430   85.569661    15.035     2302.6     1769.8     2165.4    137.6     78.6     74.2 2023  4 17 14 37  1.600  6.4   1
      204  27.907686   85.498617    13.096    -4692.0      911.7      225.6     83.3     70.6     65.1 2023  4 17 15  0 12.590  6.8   1
      205  27.890336   85.486605    11.955    -5874.4    -1010.9     -914.6     94.1    109.6     82.8 2023  4 17 15 27 27.610  6.3   1
      206  27.889518   85.524683    12.718    -2126.0    -1101.5     -152.2    108.8     82.8     68.3 2023  4 17 15 45 38.990  6.0   1
      207  27.902763   85.647266    14.794     9942.6      366.2     1924.2    150.6     83.9    112.9 2023  4 17 16 29 17.960  6.2   1
      208  27.887264   85.559098    13.465     1262.8    -1351.4      594.9    134.8     87.6     64.4 2023  4 17 17 10  2.900  5.9   1
      209  27.883667   85.545158    13.108     -110.1    -1750.1      238.5    126.7     60.4     43.0 2023  4 17 17 20 24.400  6.8   1
      210  27.883358   85.552311    13.206      594.2    -1784.2      335.9    128.2     59.0     53.1 2023  4 17 18 19 15.400  6.1   1
      211  27.920660   85.477775    12.304    -6743.1     2349.6     -566.1     96.4     90.1     89.8 2023  4 17 18 34  2.260  6.0   1
      212  27.907841   85.491650    12.428    -5377.2      928.8     -441.8    167.8    150.3    122.0 2023  4 17 19 41  8.920  5.8   1
      213  27.883055   85.545662    13.151      -60.0    -1817.9      280.8    127.1     61.8     45.8 2023  4 17 20  9 49.560  6.7   1
      214  27.898981   85.645378    12.394     9757.4      -52.9     -476.3    185.8    137.0    199.1 2023  4 17 20 19 37.580  6.2   1
      215  27.952822   85.549805    13.584      348.0     5913.5      713.9    154.0    171.6     89.3 2023  4 17 21 32 38.920  6.0   1
      216  27.900895   85.543953    13.178     -228.1      159.2      308.1    155.8     81.0     52.9 2023  4 17 21 47 33.380  6.0   1
      217  27.882001   85.551522    13.407      516.7    -1934.6      537.2    149.9     77.5     56.2 2023  4 17 21 57 28.680  5.8   1
      218  27.890863   85.561947    13.201     1543.2     -952.6      330.8    150.8     89.6     94.7 2023  4 17 22  6 50.700  5.9   1
      219  27.883175   85.546590    13.109       31.2    -1804.5      238.7    127.1     60.7     47.7 2023  4 17 22 39 38.400  6.2   1
      220  27.901587   85.509359    12.475    -3634.2      235.8     -394.7    433.6    128.5    372.9 2023  4 17 23 20 47.800  6.0   1
      221  27.887712   85.531185    12.765    -1485.4    -1301.9     -105.0    122.7     95.0     65.1 2023  4 18  0 42 35.370  6.1   1
      222  27.902726   85.461711    11.135    -8324.9      362.1    -1735.1     81.7     85.8     81.7 2023  4 18  1  8 52.530  6.4   1
      223  27.883541   85.545573    13.160      -68.9    -1764.0      290.2    127.5     62.8     45.8 2023  4 18  1 34 29.350  7.6   1
      225  27.921000   85.593766    17.199     4675.3     2387.2     4328.7    215.0    180.7     96.6 2023  4 18  9  6 56.090  6.8   1
      226  27.883913   85.544580    13.155     -166.8    -1722.7      285.5    125.4     65.3     49.2 2023  4 18 13 21 44.470  6.6   1
      227  27.883724   85.545410    12.973      -84.6    -1743.7      103.4    125.8     60.5     44.6 2023  4 18 13 31 52.540  6.6   1
      228  27.874609   85.592546    12.996     4556.5    -2753.9      126.1    133.1    101.1     96.1 2023  4 18 15 33 21.490  6.2   1
      229  27.893673   85.462988    12.312    -8199.8     -641.3     -556.5     80.8     76.7     80.2 2023  4 18 17  1 16.360  6.3   1
      230  27.896912   85.501302    12.362    -4427.9     -282.4     -507.7     80.3     82.4     53.1 2023  4 18 17 37 42.180  6.5   1
      231  27.907007   85.460522    11.495    -8442.4      836.5    -1375.3     88.8    107.8     78.3 2023  4 18 17 49 31.740  6.2   1
      232  27.908154   85.461222    11.610    -8373.4      963.7    -1260.0     79.7     81.1     72.6 2023  4 18 18  3 57.320  6.1   1
      233  27.921663   85.473153    11.912    -7198.1     2460.7     -958.4    100.5     82.8     97.5 2023  4 18 18  5 24.720  8.1   1
      234  27.922083   85.472607    11.700    -7251.8     2507.1    -1169.7    103.7     83.6    105.9 2023  4 18 18 33 59.180  6.5   1
      235  27.876310   85.578052    13.516     3129.2    -2565.3      646.2    135.5     82.7     76.3 2023  4 18 18 46 43.160  6.7   1
      236  27.885413   85.546257    13.134       -1.7    -1556.5      263.8    143.4     85.8     52.1 2023  4 18 19 38 39.640  5.9   1
      237  27.883779   85.653857    13.398    10592.7    -1737.6      527.9    142.4     78.5    122.8 2023  4 18 20 20 56.800  6.1   1
      238  27.884009   85.654810    13.325    10686.8    -1712.2      455.4    143.6     78.8    124.8 2023  4 18 20 24 33.760  6.6   1
      239  27.883978   85.655192    13.311    10724.1    -1715.5      441.5    143.8     79.1    125.1 2023  4 18 20 25 56.800  6.8   1
      240  27.882719   85.655168    13.130    10721.6    -1855.2      259.8    144.3     79.8    125.1 2023  4 18 20 27 38.880  6.1   1
      241  27.895650   85.511719    10.932    -3402.3     -422.1    -1938.3    104.2    114.8     78.1 2023  4 18 21  1 21.840  5.9   1
      242  27.920355   85.542806    15.326     -341.2     2315.8     2456.1    153.0     88.8     72.0 2023  4 18 21 15 25.040  6.1   1
      243  27.895294   85.511971    15.858    -3377.5     -461.5     2987.8    189.3    166.8    118.3 2023  4 18 21 24 57.760  6.5   1
      244  27.898228   85.541260    13.985     -493.4     -136.5     1115.3    149.8     90.9     59.2 2023  4 18 21 34 44.200  6.0   1
      245  27.887146   85.532153    12.694    -1390.5    -1364.4     -176.0    106.8    111.0     58.9 2023  4 18 22 15 11.540  5.8   1
      246  27.888694   85.520467    12.580    -2540.8    -1193.0     -290.0    139.3     92.1     72.8 2023  4 18 22 29 22.440  6.2   1
      247  27.890413   85.516667    12.220    -2915.2    -1002.4     -649.8    105.0     73.0     58.4 2023  4 18 22 34 42.460  6.1   1
      248  27.889148   85.518172    12.471    -2766.8    -1142.5     -398.8    102.7     80.3     65.4 2023  4 18 22 34 56.860  5.7   1
      249  27.898907   85.527555    13.095    -1843.0      -61.1      225.1    118.4     78.7     53.2 2023  4 18 23  6 58.440  6.4   1
      250  27.919743   85.478841    12.055    -6638.6     2247.9     -815.0    183.2    138.8    138.7 2023  4 18 23 35 27.520  6.1   1
      251  27.891892   85.518099    12.291    -2774.2     -838.5     -579.1    136.8    112.1     81.7 2023  4 18 23 46 23.040  6.0   1
      252  27.924371   85.502962     7.416    -4263.8     2760.8    -5454.0    108.6    148.6     88.5 2023  4 19  0 14 48.660  6.6   1
      253  27.889406   85.532902    13.551    -1316.3    -1114.0      680.8    169.0    126.3     98.5 2023  4 19  1 29 13.610  6.4   1
      254  27.904016   85.531787    13.412    -1426.4      505.1      541.5    155.3    149.3    125.6 2023  4 19  1 35 15.890  6.6   1
      255  27.887240   85.601766    14.020     5463.7    -1354.2     1149.7    143.9    111.5     92.8 2023  4 19  4 57 17.470  6.4   1
      256  27.886696   85.604598    13.900     5742.3    -1414.3     1029.7    137.5    101.7    101.6 2023  4 19  4 59 54.290  6.7   1
      257  27.919930   85.531152    13.434    -1488.3     2268.6      563.7    179.6    170.1     91.7 2023  4 19  5  4 40.140  6.3   1
      258  27.927142   85.530444    12.808    -1558.5     3067.8      -62.3    117.9     98.1     83.6 2023  4 19  5  6 42.840  6.4   1
      259  27.927745   85.528743    12.424    -1725.6     3134.5     -446.3    117.0    105.6     69.5 2023  4 19  5 15 43.570  6.4   1
      260  27.927258   85.525244    12.181    -2070.4     3080.7     -688.8    127.1    116.3     98.9 2023  4 19  5 17 33.270  6.2   1
      261  27.926978   85.528906    12.386    -1709.9     3049.6     -483.7    113.9     96.0     66.3 2023  4 19  5 19 33.900  7.6   1
      262  27.916097   85.553361    15.255      697.9     1843.9     2385.3    137.5     91.9     72.8 2023  4 19 15 35  0.000  7.4   1
      263  27.920034   85.532031    14.178    -1401.8     2280.0     1308.1    129.2    115.7     80.5 2023  4 19 17 15 46.980  6.2   1
      264  27.876406   85.550350    13.624      401.6    -2554.6      754.4    164.5    111.2     82.7 2023  4 19 18  6 18.880  6.0   1
      265  27.902494   85.456803    13.012    -8808.2      336.3      141.8    107.3    115.5    120.5 2023  4 19 18  7 51.160  6.5   1
      266  27.905874   85.481185    12.142    -6408.2      710.9     -727.7    110.2     96.3     95.7 2023  4 19 18 23 38.640  6.2   1
      267  27.904734   85.482568    12.223    -6271.6      584.6     -647.4     77.5     75.7     89.1 2023  4 19 18 38 33.480  6.5   1
      268  27.905713   85.481828    12.293    -6345.0      693.0     -577.2     84.7     81.9     81.0 2023  4 19 18 39  0.320  6.1   1
      269  27.904433   85.482300    12.293    -6298.5      551.2     -577.0     74.2     73.1     85.0 2023  4 19 18 47 28.520  6.3   1
      270  27.904751   85.482104    12.201    -6317.6      586.5     -668.6     79.3     74.8     89.0 2023  4 19 18 48 40.460  6.8   1
      271  27.904698   85.483708    12.535    -6159.3      580.6     -335.3     79.8     85.0     95.6 2023  4 19 18 49 26.480  6.3   1
      272  27.905528   85.485693    12.614    -5964.4      672.5     -255.8    141.2    136.8     93.0 2023  4 19 19  5 31.760  5.8   1
      273  27.905629   85.483496    12.596    -6180.6      683.8     -273.7    133.4    128.9    111.0 2023  4 19 19  5 40.720  6.1   1
      274  27.902724   85.482210    12.603    -6306.7      361.9     -267.1    167.2    182.9    119.6 2023  4 19 19 16 43.560  6.0   1
      275  27.904873   85.482389    12.369    -6289.6      599.9     -501.0    101.8     90.9     90.4 2023  4 19 19 22 48.200  5.9   1
      276  27.905768   85.481608    12.506    -6366.0      699.2     -364.2    100.7     95.2     93.6 2023  4 19 19 28 14.240  6.0   1
      277  27.905029   85.481307    12.098    -6396.1      617.3     -772.1     78.5     70.7     75.8 2023  4 19 19 30 38.040  7.1   1
      278  27.905324   85.479915    12.399    -6533.2      649.9     -470.7     95.3     82.8     91.4 2023  4 19 19 32 47.480  6.0   1
      279  27.906364   85.481396    12.311    -6387.2      765.2     -559.0    123.5     96.1     81.8 2023  4 19 19 38  0.600  6.1   1
      280  27.903689   85.482918    12.275    -6237.6      468.8     -594.7     74.2     72.6     83.2 2023  4 19 19 39 33.660  6.0   1
      281  27.905131   85.483415    12.464    -6188.3      628.5     -405.7     75.7     82.4     92.7 2023  4 19 19 49 32.560  6.0   1
      282  27.901324   85.546265    13.701       -1.2      206.8      830.7    133.9     89.4     57.5 2023  4 19 20 18 53.280  7.2   1
      283  27.904921   85.481136    12.093    -6413.0      605.3     -777.2     74.0     70.2     71.0 2023  4 19 20 24  8.160  7.4   1
      284  27.904604   85.481763    12.149    -6351.2      570.1     -720.9    114.6     96.2     82.6 2023  4 19 20 27  2.640  6.0   1
      285  27.903288   85.484245    12.287    -6107.0      424.3     -582.9     85.8     81.3     86.5 2023  4 19 20 39 34.220  6.6   1
      286  27.904655   85.479102    12.248    -6613.2      575.9     -621.7    143.2    106.7    100.0 2023  4 19 20 40 55.380  6.0   1
      287  27.934947   85.449886    14.412    -9488.2     3932.8     1542.3    196.2    191.5    206.5 2023  4 19 21 20 36.280  6.3   1
      288  27.877861   85.590186    13.629     4324.1    -2393.4      758.6    137.4    104.9     88.1 2023  4 19 21 27  2.840  5.8   1
      289  27.904728   85.481722    12.217    -6354.8      584.0     -652.8     74.2     70.1     74.3 2023  4 19 21 46 59.520  7.3   1
      290  27.905528   85.482869    12.366    -6242.0      672.5     -503.6     85.5     91.6     91.4 2023  4 19 23 42 23.720  6.3   1
      291  27.905284   85.558716    13.787     1224.8      645.5      917.2    128.6     75.4     57.1 2023  4 20  0 12 13.920  6.7   1
      292  27.889889   85.511450    12.396    -3428.2    -1060.5     -474.1    181.0    160.5    160.0 2023  4 20  0 46 30.190  6.2   1
      293  27.904663   85.484587    12.565    -6072.9      576.7     -304.8     97.4     89.8    106.8 2023  4 20  0 55 10.060  6.1   1
      294  27.904102   85.490104    12.163    -5530.3      514.6     -706.5    127.2    118.4     85.0 2023  4 20 12 56  6.770  6.5   1
      295  27.927814   85.506470     6.550    -3918.2     3142.2    -6319.6     67.6    142.5     72.9 2023  4 20 16 14 12.370  6.6   1
      296  27.877917   85.598478    13.901     5140.5    -2387.2     1031.2    159.9    112.1     93.4 2023  4 20 16 27 58.010  6.2   1
      297  27.909857   85.595874    14.806     4883.3     1152.3     1936.0    133.8     97.4     81.6 2023  4 20 16 58 28.260  6.2   1
      298  27.927366   85.505648     6.460    -3998.8     3092.7    -6410.4     67.9    143.0     78.3 2023  4 20 17  5 31.360  6.3   1
      299  27.903442   85.454598    11.804    -9025.2      441.4    -1066.2     97.5    104.4     90.7 2023  4 20 17 28 10.920  5.8   1
      300  27.871897   85.556356    13.232      992.4    -3054.2      361.9    135.6     77.7     64.0 2023  4 20 17 36 45.200  6.1   1
      301  27.871224   85.557756    13.230     1130.6    -3128.8      359.8    127.8     65.9     59.2 2023  4 20 17 52  8.220  6.2   1
      302  27.907517   85.481299    12.325    -6396.7      893.0     -545.4     90.2     78.9     82.8 2023  4 20 17 54 55.680  6.6   1
      303  27.892128   85.546745    13.369       46.7     -812.2      498.7    162.0    167.5    130.0 2023  4 20 18 47 22.200  6.2   1
      304  27.907080   85.507113    12.874    -3855.4      844.6        4.1     95.5     80.3     63.6 2023  4 20 19 24 31.720  6.0   1
      305  27.911216   85.603092    16.877     5593.5     1302.9     4006.5    141.5     88.5     84.4 2023  4 20 19 47  1.960  6.3   1
      306  27.885134   85.547941    13.054      163.9    -1587.5      183.7    133.8     79.5     54.0 2023  4 20 20  7 44.000  5.7   1
      307  27.927852   85.505811     6.527    -3983.5     3146.5    -6342.5     64.2    142.9     74.2 2023  4 20 20 22 19.460  6.0   1
      308  27.906386   85.488379    12.766    -5699.8      767.6     -103.8    133.9    150.5    133.9 2023  4 20 20 29 51.360  5.9   1
      309  27.882125   85.544051    13.138     -219.0    -1920.8      267.8    131.0     79.6     51.7 2023  4 20 20 55 43.980  5.8   1
      310  27.882719   85.546891    13.056       60.8    -1855.2      186.3    133.0     76.7     55.2 2023  4 20 20 56 17.100  5.8   1
      311  27.917582   85.648519    14.924    10065.2     2008.3     2053.9    153.1    101.8    113.3 2023  4 20 20 57  9.800  7.2   1
      312  27.912805   85.579272    14.188     3248.8     1479.0     1318.1    140.0     73.5     73.5 2023  4 20 21 16 26.320  6.6   1
      313  27.918447   85.648649    15.045    10078.1     2104.3     2175.4    147.3    109.3    112.0 2023  4 20 21 22 44.700  6.1   1
      314  27.830835   85.614030    13.749     6672.8    -7604.7      879.1    173.2    119.1     97.8 2023  4 20 21 24 47.300  6.1   1
      315  27.820024   85.684106    14.556    13575.2    -8802.9     1685.8    211.8    174.4    188.6 2023  4 20 21 35 15.120  6.2   1
      316  27.892285   85.478361    11.618    -6686.2     -794.9    -1251.8    125.7    112.7     85.0 2023  4 20 21 40 14.640  5.8   1
      317  27.904643   85.483024    12.204    -6226.7      574.5     -666.1     81.7    101.7     88.1 2023  4 21  5 35 35.850  6.5   1
      318  27.883518   85.545231    13.134     -102.6    -1766.5      263.7    126.6     60.6     43.1 2023  4 21  7 51 29.200  8.0   1
      319  27.923199   85.459310    11.405    -8561.2     2630.8    -1464.7     97.7     82.1    100.2 2023  4 21 14 19 56.400  6.8   1
      320  27.861764   85.740625    11.483    19138.2    -4177.4    -1387.3    302.9    396.4    365.9 2023  4 21 14 26 42.890  6.7   1
      321  27.890816   85.585514    13.469     3863.8     -957.9      598.6    150.3    128.1     78.0 2023  4 21 15 10 10.830  6.1   1
      322  27.912695   85.548682    13.906      236.9     1466.7     1036.5    179.2    154.6     87.2 2023  4 21 15 18 58.300  6.1   1
      323  27.928135   85.506738     6.534    -3892.2     3177.8    -6336.4     70.0    142.6     73.1 2023  4 21 16  9 41.940  6.4   1
      324  27.894212   85.681624    14.834    13326.4     -581.5     1964.2    167.3     97.4    148.4 2023  4 21 16 36 50.220  6.5   1
      325  27.928379   85.506340     6.514    -3930.7     3204.9    -6355.6     78.4    142.4     73.5 2023  4 21 18 39 33.960  6.1   1
      326  27.879441   85.585465    12.989     3858.9    -2218.2      119.0    131.8     79.0     90.2 2023  4 21 19  6 53.860  5.9   1
      327  27.899919   85.466870    11.481    -7817.0       50.9    -1389.5     89.7    101.7     94.6 2023  4 21 19 13 38.660  6.1   1
      328  27.895862   85.600985    13.642     5386.7     -398.7      771.7    134.6     91.7     85.1 2023  4 21 19 18 15.960  6.3   1
      329  27.885415   85.556812    13.434     1038.0    -1556.4      563.9    137.6     78.1     58.1 2023  4 21 19 46 55.000  6.2   1
      330  27.876058   85.569092    13.409     2246.6    -2593.2      539.0    173.1    141.6     74.3 2023  4 21 20 34 28.240  6.3   1
      331  27.877185   85.568026    13.336     2141.7    -2468.2      465.7    132.0     78.5     67.0 2023  4 21 20 36 25.220  6.3   1
      332  27.877761   85.567497    13.285     2090.0    -2404.5      414.7    128.8     70.1     66.1 2023  4 21 20 37 55.240  6.4   1
      333  27.877476   85.565820    13.333     1925.1    -2436.2      463.3    137.4     95.7     67.2 2023  4 21 20 39 31.680  5.8   1
      334  27.877799   85.567244    13.269     2065.0    -2400.3      398.8    127.2     65.0     67.4 2023  4 21 20 40 38.960  6.3   1
      335  27.879592   85.570695    13.244     2404.4    -2201.5      373.6    162.1    103.8    124.8 2023  4 21 21 38 25.120  5.9   1
      336  27.899162   85.467594    12.023    -7746.1      -32.8     -847.4     90.9     93.5     97.9 2023  4 21 21 42 52.740  5.9   1
      337  27.884696   85.547868    13.142      157.0    -1636.0      271.6    127.8     61.0     46.5 2023  4 21 21 50 33.120  5.9   1
      338  27.925157   85.565674    15.120     1910.1     2847.8     2250.4    136.6     86.2     74.1 2023  4 21 22 29 45.240  7.0   1
      339  27.909182   85.456209    12.041    -8866.5     1077.5     -829.2     91.9     98.1     98.7 2023  4 21 23 11 12.180  6.0   1
      340  27.909993   85.455054    12.122    -8980.7     1167.5     -748.4     97.0     77.6     88.1 2023  4 21 23 11 39.700  6.3   1
      341  27.911670   85.548934    14.547      262.4     1353.2     1676.9    145.2     97.5     70.0 2023  4 22  0 52 31.680  6.0   1
      342  27.884540   85.499593    12.113    -4596.4    -1653.4     -757.3     91.1    124.2     88.6 2023  4 22  3  3 27.330  6.7   1
      343  27.897245   85.651888    14.811    10398.2     -245.4     1941.0    152.4     93.0    123.7 2023  4 22  4 38 52.050  6.7   1
      344  27.882605   85.551139    13.151      479.0    -1867.6      280.9    127.5     66.4     50.4 2023  4 22  6 36 21.310  6.7   1
      345  27.922522   85.511589    12.388    -3414.1     2555.8     -482.4     97.8     89.9     71.5 2023  4 22  6 52 36.970  6.8   1
      346  27.923336   85.558472    15.394     1200.9     2645.9     2524.5    148.7     86.1     78.1 2023  4 22  7 54 54.000  7.3   1
      347  27.937970   85.550749    12.639      440.4     4267.6     -231.2    135.2    105.8     58.0 2023  4 22 11  2 42.190  7.0   1
      348  27.910305   85.614583     7.590     6725.1     1202.0    -5279.8    479.4    353.0    286.2 2023  4 22 15 14 49.790  6.5   1
      349  27.922457   85.471126    12.201    -7397.5     2548.6     -669.2    101.8     83.3    107.2 2023  4 22 17  1 40.600  6.0   1
      350  27.889109   85.529240    13.445    -1677.4    -1146.9      575.3    117.8     74.4     67.6 2023  4 22 18  3 21.240  6.1   1
      351  27.888133   85.587598     9.860     4068.7    -1255.1    -3009.6    190.2    117.4    129.4 2023  4 22 18 20 58.520  6.1   1
      352  27.881303   85.560067    12.586     1358.0    -2012.0     -284.1    214.4    121.3     83.6 2023  4 22 19 21 35.600  6.2   1
      353  27.896560   85.516536    12.510    -2927.6     -321.2     -359.6    111.6     81.1     75.6 2023  4 22 19 22 12.740  5.7   1
      354  27.942505   85.544710    12.532     -154.0     4770.3     -338.4    125.5    110.0     66.4 2023  4 22 19 50 41.040  6.1   1
      355  27.883720   85.559391    12.418     1291.9    -1744.1     -452.3    130.8     73.9     59.1 2023  4 22 19 52 50.220  6.2   1
      356  27.916724   85.567367    15.067     2076.3     1913.1     2196.7    186.6    103.9     82.6 2023  4 22 20 14 47.640  5.8   1
      357  27.906376   85.462687    11.479    -8228.8      766.6    -1391.3     81.3     94.7     86.3 2023  4 22 20 19 17.520  6.1   1
      358  27.937773   85.538810    12.143     -734.3     4245.8     -727.2    138.3    107.2     80.8 2023  4 22 21 20  5.040  5.9   1
      359  27.897605   85.564006    13.068     1745.7     -205.4      197.8    131.2     75.0     63.4 2023  4 22 21 49  3.400  6.7   1
      360  27.919543   85.446143    14.536    -9857.5     2225.8     1666.2    176.5    208.0    187.9 2023  4 22 22 13 34.440  6.0   1
      361  27.924227   85.552743    15.349      637.2     2744.8     2479.3    196.9     92.9     90.9 2023  4 22 22 27 40.420  6.0   1
      362  27.890466   85.521305    12.526    -2458.1     -996.6     -343.5    106.3     78.3     69.1 2023  4 22 22 33 16.000  5.8   1
      363  27.889412   85.582463    15.045     3563.2    -1113.2     2175.3    148.3    104.6     88.8 2023  4 23  4  6 13.550  6.9   1
      364  27.908722   85.543286    14.305     -294.4     1026.5     1435.2    163.4    104.1     68.6 2023  4 23  4 52  1.780  6.7   1
      365  27.929614   85.516968    13.888    -2884.9     3341.8     1017.9    135.7    152.5     80.1 2023  4 23  5 13 33.030  6.7   1
      366  27.946855   85.542725    12.523     -349.1     5252.3     -346.9    135.3    118.6     91.3 2023  4 23  5 40 16.990  6.5   1
      367  27.911654   85.504679    12.654    -4094.8     1351.3     -216.1    125.5    159.8     80.6 2023  4 23  6 10 51.330  6.6   1
      368  27.929020   85.519100    14.409    -2674.6     3276.0     1538.7    256.6    212.3    121.7 2023  4 23 11  7 46.970  7.3   1
      369  27.927277   85.521086    14.214    -2479.1     3082.8     1344.2    117.9     94.4     75.7 2023  4 23 17  0  8.840  6.4   1
      370  27.908818   85.498291    12.291    -4723.5     1037.0     -579.3     84.9     73.7     61.8 2023  4 23 17 42 41.920  6.2   1
      371  27.907760   85.496997    12.356    -4851.1      920.0     -514.1     71.5    107.9     65.5 2023  4 23 17 42 48.100  6.1   1
      372  27.926184   85.522111    14.252    -2378.4     2961.6     1381.6    216.0    190.2     87.0 2023  4 23 17 43  8.760  6.0   1
      373  27.847099   85.618245    13.306     7087.8    -5802.5      435.8    157.2    112.8     90.0 2023  4 23 17 54  5.840  6.2   1
      374  27.925698   85.629598    13.313     8202.6     2907.6      443.5    144.6     96.3    104.5 2023  4 23 20 28 31.320  6.2   1
      375  27.881521   85.564787    12.952     1823.0    -1987.8       82.4    126.3     71.6     69.7 2023  4 23 20 41 44.160  5.9   1
      376  27.910982   85.486100    12.420    -5924.0     1277.0     -450.5     98.3     81.5     91.2 2023  4 23 21  0 47.680  6.9   1
      377  27.910978   85.483626    12.098    -6167.4     1276.6     -772.0    116.0     95.3     88.2 2023  4 23 21 25  1.800  6.1   1
      378  27.887543   85.523853    12.602    -2207.5    -1320.5     -268.0    108.7     81.7     64.3 2023  4 23 21 26 25.960  5.8   1
      379  27.910785   85.485067    12.687    -6025.6     1255.2     -183.1     78.2     93.3     87.7 2023  4 23 21 27 27.200  6.1   1
      380  27.924046   85.619393    15.287     7198.2     2724.8     2416.9    139.2     85.8     90.4 2023  4 23 21 56 48.700  6.6   1
      381  27.952694   85.546419    11.388       14.6     5899.3    -1482.4    140.3    142.8     91.1 2023  4 23 22 30 16.320  6.0   1
      382  27.876040   85.590519    13.536     4356.7    -2595.2      666.0    134.6     90.6     84.6 2023  4 23 23 17 10.400  6.1   1
      384  27.890466   85.520785    12.668    -2509.2     -996.5     -201.5    109.2     86.3     74.8 2023  4 24  2  8 28.820  6.7   1
      385  27.889561   85.520313    12.688    -2556.3    -1096.9     -182.0    119.0    100.9     87.6 2023  4 24  2  8 51.920  6.6   1
      386  27.895481   85.655672    14.713    10771.0     -440.7     1842.6    150.1     88.4    119.2 2023  4 24  2 45 43.730  6.7   1
      387  27.882241   85.551855    13.121      549.9    -1908.1      250.6    127.3     65.9     55.7 2023  4 24  3 18  9.070  6.2   1
      388  27.882794   85.548153    13.081      184.9    -1846.7      211.0    227.6    130.1     85.0 2023  4 24  3 22  2.730  6.5   1
      389  27.882465   85.551286    13.033      493.7    -1883.2      162.7    125.0     60.8     52.7 2023  4 24  3 35 12.680  6.6   1
      390  27.880900   85.552303    13.143      593.6    -2056.6      273.1    130.5     79.2     59.6 2023  4 24  3 38 25.330  6.3   1
      391  27.900968   85.498511    12.561    -4702.3      167.3     -309.1     95.9    115.9     67.0 2023  4 24 10 10  6.800  6.7   1
      392  27.887329   85.657715    12.566    10972.5    -1344.2     -304.1    141.1     79.6    127.0 2023  4 24 14 34 18.770  6.4   1
      393  27.885573   85.534538    13.100    -1155.1    -1538.7      230.1    265.5    119.8    114.9 2023  4 24 14 37 54.430  6.0   1
      394  27.890464   85.527767    12.116    -1821.9     -996.7     -754.3    104.4     75.2     59.1 2023  4 24 17  0 48.300  6.2   1
      395  27.939292   85.502376    14.198    -4321.2     4414.2     1328.0    124.5    109.3     78.4 2023  4 24 17 54 20.040  6.2   1
      396  27.896826   85.558984    13.951     1251.4     -291.7     1081.4    167.4    127.7     57.2 2023  4 24 18 12 36.880  6.2   1
      397  27.921438   85.498836    11.928    -4669.9     2435.7     -942.4     79.5     84.0     66.2 2023  4 24 18 15 11.240  6.5   1
      398  27.848368   85.627767    15.821     8025.1    -5661.7     2950.7    207.5    192.0    136.6 2023  4 24 19 16 48.060  5.9   1
      399  27.895803   85.537646    13.363     -849.4     -405.2      492.6    136.6     93.8     69.0 2023  4 24 19 57 49.160  5.9   1
      400  27.851526   85.588859    15.464     4193.3    -5311.8     2593.6    291.6    246.4    216.0 2023  4 24 20 16 28.960  7.4   1
      401  27.904755   85.520321     3.896    -2554.7      586.9    -8973.8    410.6    405.8    380.1 2023  4 24 20 39  7.380  5.7   1
      402  27.901695   85.534058    12.582    -1202.9      247.7     -287.6    158.3    279.6    132.2 2023  4 24 20 51 49.220  5.9   1
      403  27.933606   85.457560    12.423    -8733.1     3784.0     -447.3    117.0    123.6    119.3 2023  4 24 21 49 31.760  6.2   1
      404  27.908266   85.483691    12.592    -6161.0      975.9     -277.7     82.2    110.6     78.4 2023  4 24 22 37 45.800  5.7   1
      405  27.861890   85.631689    12.853     8411.2    -4163.4      -17.1    150.3    111.2    115.6 2023  4 24 22 40 38.360  6.9   1
      406  27.940454   85.448877    11.920    -9587.4     4543.1     -950.4    135.8    221.6    157.6 2023  4 25  1 18 13.160  6.5   1
      407  27.887124   85.555713    13.318      929.2    -1367.0      448.4    129.1     66.4     60.5 2023  4 25  1 53 57.490  6.3   1
      408  27.886989   85.658659    12.634    11065.7    -1381.9     -236.0    141.1     90.6    127.7 2023  4 25  2 11 19.390  6.7   1
      409  27.959237   85.571769    13.416     2509.2     6624.4      545.6    352.2    237.7     94.0 2023  4 25  2 44 21.690  6.2   1
      410  27.911102   85.583512    14.919     3665.9     1290.3     2049.4    135.8    105.9     75.7 2023  4 25  7 37 13.850  6.9   1
      411  27.889756   85.641797    13.906     9404.8    -1075.2     1036.3    172.7    102.0    114.4 2023  4 25 10 57 11.090  6.7   1
      412  27.889136   85.520011    12.703    -2585.4    -1143.9     -167.1    107.6     82.1     60.1 2023  4 25 13 55 34.410  6.2   1
      413  27.888875   85.518042    12.641    -2779.8    -1172.8     -228.6    114.7     71.9     57.7 2023  4 25 14 12 47.310  6.4   1
      414  27.905845   85.463175    11.655    -8181.2      707.8    -1215.3     80.6     64.7     84.2 2023  4 25 14 44 17.230  7.3   1
      415  27.934865   85.521623    13.556    -2426.2     3923.7      685.6    114.1     90.4     72.7 2023  4 25 15  8 49.280  7.1   1
      416  27.895807   85.503263    12.161    -4234.8     -404.7     -709.3     97.8     68.5     66.9 2023  4 25 15 10 39.620  6.4   1
      417  27.888798   85.516610    12.795    -2920.9    -1181.4      -75.1    134.9     78.1     84.9 2023  4 25 15 11 57.930  6.0   1
      418  27.920237   85.628166    18.072     8061.9     2302.5     5202.3    163.9    120.7     96.4 2023  4 25 15 32 37.450  6.2   1
      419  27.942767   85.526457    11.503    -1950.6     4799.4    -1366.6    121.6     99.1     75.2 2023  4 25 16 32 55.150  6.3   1
      420  27.887821   85.524121     5.009    -2180.9    -1289.5    -7860.7    414.3    428.5    331.7 2023  4 25 16 33 25.110  6.1   1
      421  27.894000   85.488306    12.618    -5706.9     -605.0     -252.4    103.4    100.2     78.3 2023  4 25 17 25 35.580  6.0   1
      422  27.906305   85.459285    11.910    -8564.3      758.6     -959.9     87.4     94.8     88.9 2023  4 25 17 49 41.920  6.0   1
      423  27.904329   85.567277    13.257     2067.9      539.9      387.5    128.0     74.3     59.5 2023  4 25 18 21 39.240  5.9   1
      424  27.904024   85.465715    11.234    -7931.1      505.9    -1635.8     69.1     64.3     63.6 2023  4 25 18 26  6.120  7.1   1
      425  27.908244   85.459668    11.751    -8526.0      973.5    -1118.9     99.2    133.2     85.6 2023  4 25 18 35 13.380  5.9   1
      426  27.909418   85.505835    12.519    -3981.1     1103.5     -351.3     96.1     76.3     62.2 2023  4 25 21 10 50.040  5.9   1
      427  27.859288   85.634277    13.693     8666.0    -4451.6      823.2    180.8    125.7    120.0 2023  4 25 21 21  1.320  5.8   1
      428  27.879053   85.576432    13.389     2969.9    -2261.4      518.9    208.1    121.0    101.9 2023  4 25 21 50 35.700  5.6   1
      429  27.880404   85.573201    13.250     2651.5    -2111.7      380.1    133.5     76.9     73.3 2023  4 25 21 51 42.600  6.5   1
      430  27.902207   85.462484    11.453    -8249.5      304.6    -1416.7    112.5     79.4    101.9 2023  4 25 22 16 20.940  5.9   1
      431  27.857509   85.711361    12.863    16256.8    -4648.8       -6.5    131.8    160.5    151.5 2023  4 25 22 26  7.080  6.3   1
      432  27.882884   85.557633    13.039     1118.6    -1836.9      168.9    241.1    135.0    114.5 2023  4 25 22 55 41.520  6.0   1
      433  27.844163   85.703743    12.242    15507.5    -6127.7     -627.6    157.0    165.1    179.0 2023  4 25 23 45 41.200  6.7   1
      434  27.899668   85.585531    14.103     3864.7       23.3     1232.6    132.3     78.5     73.4 2023  4 26  0 22 24.120  6.5   1
      435  27.899190   85.584652    14.133     3778.9      -29.8     1263.4    135.5     70.1     72.7 2023  4 26  0 24 17.750  6.4   1
      436  27.874632   85.586971    11.402     4007.6    -2751.3    -1467.6    223.1    165.8    149.6 2023  4 26  1 12 31.230  6.5   1
      437  27.896729   85.558667    13.749     1219.9     -302.6      879.3    140.8     87.8     58.4 2023  4 26  4 16 11.430  6.1   1
      438  27.893642   85.496761     8.176    -4875.0     -644.5    -4693.9    151.7    146.7    123.5 2023  4 26  5 11 34.640  6.2   1
      439  27.886157   85.590617     9.356     4365.9    -1474.0    -3514.1    221.6    221.7    143.9 2023  4 26  9 25 55.150  6.4   1
      440  27.885524   85.590861     9.386     4390.4    -1544.2    -3483.9    214.6    154.6    127.8 2023  4 26  9 26 28.560  6.8   1
      441  27.885636   85.623055    12.443     7560.2    -1531.8     -427.0    175.7    141.6    120.1 2023  4 26 10 24  9.200  7.2   1
      442  27.928908   85.530151    14.482    -1586.6     3263.5     1611.8    133.2    125.4     64.8 2023  4 26 12 39 37.840  6.4   1
      443  27.895235   85.513118    11.056    -3264.4     -468.1    -1813.6     98.6    102.8     72.0 2023  4 26 14 41  5.720  6.3   1
      444  27.897880   85.523210    13.324    -2270.7     -174.9      454.1    122.6    129.1     81.5 2023  4 26 15 33 17.770  5.9   1
      445  27.882155   85.553296    13.160      691.5    -1917.6      289.9    126.5     62.2     50.9 2023  4 26 16 40 57.930  6.3   1
      446  27.925336   85.564250    15.076     1769.5     2867.7     2206.5    140.8     88.1     74.5 2023  4 26 16 49 58.090  6.3   1
      447  27.894344   85.513037    11.336    -3272.1     -566.9    -1533.6    102.6    102.5     81.1 2023  4 26 17  4 16.420  6.0   1
      448  27.912445   85.454395    11.597    -9044.9     1439.1    -1273.0    103.4    101.4    112.0 2023  4 26 17 16  6.680  6.3   1
      449  27.887303   85.535913    12.995    -1020.0    -1347.2      125.0    130.5     89.0     55.1 2023  4 26 17 23 56.560  5.8   1
      450  27.896873   85.554842    12.785      844.0     -286.5      -85.4    131.0     83.4     88.9 2023  4 26 17 47 24.520  6.1   1
      451  27.854264   85.644157    14.029     9638.9    -5008.5     1158.7    159.4    119.5    117.9 2023  4 26 18 39 50.840  7.0   1
      452  27.896926   85.558366    12.655     1190.7     -280.7     -214.9    131.1     70.9     61.9 2023  4 26 18 54 24.800  6.3   1
      453  27.889573   85.534204    12.722    -1188.3    -1095.5     -148.2    130.9     86.9     46.2 2023  4 26 19 16 21.000  6.0   1
      454  27.913702   85.611759    15.129     6447.2     1578.5     2259.0    133.7     77.4     86.2 2023  4 26 19 23  6.440  6.4   1
      455  27.876166   85.712801    14.921    16396.6    -2581.2     2050.6    164.9    164.6    140.2 2023  4 26 19 25 51.240  6.6   1
      456  27.891010   85.532552    13.848    -1351.1     -936.2      978.4    132.9     75.4     50.4 2023  4 26 19 41  4.360  6.8   1
      457  27.888645   85.517033    12.715    -2879.3    -1198.3     -155.4    103.8     75.5     68.0 2023  4 26 20 13 17.060  6.1   1
      458  27.887988   85.521484    13.059    -2440.8    -1271.1      188.6    112.6     82.9     68.5 2023  4 26 20 19 57.280  5.8   1
      459  27.888186   85.518864    12.730    -2699.0    -1249.2     -140.2    110.7     69.2     61.5 2023  4 26 20 30 24.200  6.5   1
      460  27.888611   85.517131    12.921    -2869.4    -1202.1       51.1    115.2     82.4     89.9 2023  4 26 20 36 16.960  6.1   1
      461  27.904663   85.537939    13.851     -820.1      576.6      980.6    153.5    116.8     69.2 2023  4 26 20 40 25.600  5.9   1
      462  27.918382   85.460661    11.733    -8428.3     2097.1    -1137.0     90.9     98.5     92.1 2023  4 26 21 10 43.180  5.9   1
      463  27.877016   85.595451    14.167     4842.3    -2487.2     1297.3    211.3    283.9    134.3 2023  4 26 21 27 31.720  5.9   1
      464  27.909009   85.506502    14.058    -3915.7     1058.3     1187.6    158.9     91.7     81.9 2023  4 26 21 49 43.280  6.0   1
      465  27.900144   85.472168    11.487    -7296.2       76.0    -1383.4     72.2     77.3     56.6 2023  4 26 21 59 34.680  6.1   1
      466  27.925053   85.532837    13.505    -1322.5     2836.3      634.9    170.9     90.6     66.0 2023  4 26 22  2 51.960  6.1   1
      467  27.884957   85.628792    13.948     8125.2    -1607.1     1077.6    150.6     93.2    114.1 2023  4 26 22 33 53.220  6.3   1
      468  27.894486   85.511255    11.121    -3447.7     -551.1    -1748.6    107.7     68.9     70.0 2023  4 26 23  8 50.280  6.5   1
      469  27.890342   85.552962    13.251      658.2    -1010.2      381.3    128.8     65.7     51.5 2023  4 26 23 46 52.480  7.1   1
      470  27.890653   85.552401    13.276      603.0     -975.8      406.5    127.4     59.4     47.9 2023  4 26 23 48 28.320  6.5   1
      471  27.881222   85.554590    13.822      818.9    -2020.9      951.8    237.8    155.4    131.0 2023  4 27  3 23 45.680  6.6   1
      472  27.894110   85.574666    13.944     2795.4     -592.8     1074.0    134.0     81.5     76.4 2023  4 27  5  1  5.010  6.4   1
      473  27.909796   85.584212    14.358     3735.4     1145.6     1487.7    207.9    155.0     87.3 2023  4 27  5 32 13.890  6.1   1
      474  27.884007   85.545044    13.134     -121.1    -1712.4      264.4    126.4     61.0     43.6 2023  4 27  7 11  2.950  7.0   1
      475  27.868510   85.629533    14.045     8198.0    -3429.7     1175.1    162.3    183.7    129.3 2023  4 27  8  9 22.090  6.9   1
      476  27.919851   85.530021    13.611    -1600.2     2259.9      741.1    219.0    170.3    112.7 2023  4 27 12 40 10.750  6.2   1
      477  27.903923   85.465291    11.086    -7972.7      494.6    -1783.8     72.1     66.0     63.5 2023  4 27 14 53 47.480  6.6   1
      478  27.904299   85.464095    11.039    -8090.2      536.3    -1831.1     94.6     79.7    107.9 2023  4 27 14 55  5.110  6.8   1
      479  27.903990   85.464144    11.054    -8085.7      502.0    -1815.9     88.5     72.5     98.7 2023  4 27 14 57  3.140  6.5   1
      480  27.903988   85.464209    10.984    -8079.0      501.8    -1886.4     88.5     72.5    101.5 2023  4 27 15  0 44.620  7.0   1
      481  27.904378   85.463070    10.808    -8191.6      545.2    -2062.4     87.7     73.9    103.8 2023  4 27 15  1 25.530  6.4   1
      482  27.900474   85.478418    11.615    -6680.2      112.4    -1255.2    152.6    296.9    109.5 2023  4 27 15 57 18.600  5.9   1
      483  27.891890   85.543644    13.166     -258.4     -838.8      295.6    144.2     68.1     54.7 2023  4 27 16  4  5.580  6.0   1
      484  27.911247   85.589510    16.967     4256.4     1306.4     4097.4    148.3    130.7    100.2 2023  4 27 17  0  3.500  6.1   1
      485  27.875936   85.655566    13.944    10761.2    -2606.7     1074.0    147.3     83.4    124.9 2023  4 27 17  6 21.000  6.2   1
      486  27.890377   85.513208    12.807    -3255.1    -1006.6      -62.6    101.9    101.8     93.1 2023  4 27 17 14 30.040  5.8   1
      487  27.886643   85.516740    12.691    -2907.7    -1420.2     -178.6    101.7     72.8     73.2 2023  4 27 17 34 25.920  6.3   1
      488  27.935594   85.525114    12.868    -2082.9     4004.5       -1.7    117.8     95.2     75.3 2023  4 27 18  1 59.160  6.3   1
      489  27.896586   85.556063    13.004      963.8     -318.3      134.3    146.6    113.5     97.7 2023  4 27 19 11 12.060  6.1   1
      490  27.905259   85.462248    11.406    -8272.6      642.8    -1464.2     78.1     73.2     75.2 2023  4 27 19 37  2.720  6.1   1
      491  27.893085   85.527865    12.864    -1812.5     -706.3       -6.2    113.5     72.2     51.4 2023  4 27 20 34  9.720  6.3   1
      492  27.927893   85.462134    12.314    -8282.6     3151.0     -556.2    102.1     97.5    100.8 2023  4 27 21 33 57.320  6.2   1
      493  27.927008   85.463257    12.558    -8172.3     3053.0     -312.0    103.6     99.4     99.4 2023  4 27 21 34 49.720  6.1   1
      494  27.886326   85.628117    13.646     8058.3    -1455.3      775.8    145.5    106.2    108.1 2023  4 27 21 50 11.480  6.0   1
      495  27.909705   85.619922    15.410     7250.6     1135.5     2540.0    136.1    121.9    104.1 2023  4 27 21 50 32.300  6.2   1
      496  27.864164   85.646061    14.226     9826.1    -3911.2     1356.2    148.7    105.1    117.5 2023  4 27 21 50 38.340  6.0   1
      497  27.909772   85.620337    15.492     7291.3     1142.9     2621.8    138.8     91.7     90.3 2023  4 27 22  3  0.520  6.0   1
      498  27.912811   85.598698    14.135     5161.1     1479.8     1264.7    133.1     98.7     80.8 2023  4 27 22 18 48.100  6.3   1
      499  27.903857   85.531649    13.231    -1439.9      487.5      361.0    114.4     91.9     67.5 2023  4 27 22 32 45.000  6.0   1
      500  27.898474   85.541235    13.615     -496.3     -109.2      745.5    221.3     99.8     89.8 2023  4 27 22 45 23.520  5.9   1
      501  27.884855   85.547843    13.347      154.8    -1618.4      476.8    140.3     92.4     54.5 2023  4 28  0 12 55.650  6.3   1
      502  27.901390   85.506234    13.079    -3942.3      214.0      208.8    110.7    129.4     87.7 2023  4 28  5 18 59.990  6.7   1
      503  27.902777   85.463867    11.849    -8112.7      367.7    -1020.7     92.6     80.7    101.9 2023  4 28  7 49 20.000  7.0   1
      504  27.928131   85.560083    15.158     1359.2     3177.4     2288.1    177.4    120.8     80.7 2023  4 28 10 15 39.090  6.4   1
      505  27.903426   85.503516    13.054    -4209.5      439.7      184.0    121.9     80.5     90.8 2023  4 28 15 35  9.660  6.5   1
      506  27.915558   85.601115    15.332     5398.7     1784.2     2462.5    134.2     89.8     82.6 2023  4 28 16  9 42.610  6.8   1
      507  27.898220   85.548543    13.325      223.8     -137.3      454.5    142.8     73.0     56.3 2023  4 28 17  3  3.180  6.1   1
      508  27.887211   85.512093    12.507    -3365.5    -1357.3     -363.2    115.5    107.8     82.5 2023  4 28 17 36 45.900  5.8   1
      509  27.886145   85.626953    14.050     7944.0    -1475.5     1179.7    148.2    145.7    117.7 2023  4 28 18 37 57.680  6.2   1
      510  27.892448   85.483260    12.136    -6203.8     -776.9     -734.4    127.2    103.9     92.7 2023  4 28 18 43  9.800  6.2   1
      511  27.909908   85.458496    11.480    -8641.3     1158.0    -1389.7     94.5     75.4     99.5 2023  4 28 19 30 23.660  6.9   1
      512  27.801542   85.590560    12.755     4362.2   -10851.0     -114.8    196.6    198.0    142.0 2023  4 28 19 31 42.720  6.0   1
      513  27.915684   85.593294    15.355     4628.9     1798.1     2484.6    141.5     92.2     80.3 2023  4 28 19 40  3.000  6.0   1
      514  27.909369   85.567546    17.041     2094.3     1098.2     4170.6    163.7    110.6     98.9 2023  4 28 20 59 25.600  7.8   1
      515  27.909011   85.568905    16.899     2227.8     1058.5     4028.8    155.1    107.8    104.1 2023  4 28 21  0 39.320  6.7   1
      516  27.909174   85.567757    16.892     2114.9     1076.5     4021.7    185.9    110.7    104.5 2023  4 28 21 10 30.400  6.3   1
      517  27.917371   85.457153    11.639    -8773.3     1984.9    -1230.7    126.0     89.6     91.4 2023  4 28 21 13 18.080  6.4   1
      518  27.904690   85.553052    13.478      667.7      579.6      608.5    156.1    109.3     82.0 2023  4 28 21 23 37.920  6.3   1
      519  27.909839   85.566976    16.949     2038.5     1150.4     4078.7    246.5    205.9    120.8 2023  4 28 21 26 32.340  6.2   1
      520  27.921665   85.459188    11.753    -8573.3     2461.0    -1117.3    119.6    140.4    101.6 2023  4 28 22  8 23.480  6.1   1
      521  27.930562   85.526660    14.467    -1931.0     3446.9     1597.3    139.7    139.1     95.8 2023  4 28 22 32 34.120  6.1   1
      522  27.883455   85.606494    14.073     5929.1    -1773.4     1202.9    169.8    112.4     94.2 2023  4 29  1 52  4.570  6.6   1
      523  27.900562   85.636174    16.203     8850.9      122.1     3332.9    178.0    158.3    108.2 2023  4 29  5 41 31.650  6.9   1
      524  27.883051   85.549870    13.062      354.2    -1818.3      192.2    131.7     89.1     66.8 2023  4 29  6 14  1.290  6.3   1
      525  27.894277   85.605412    13.144     5822.3     -574.3      274.0    143.7     94.4    106.6 2023  4 29  6 53 21.600  6.7   1
      526  27.901813   85.530265    13.553    -1576.1      260.9      682.6    137.0    113.1     65.9 2023  4 29  9 32 23.550  6.9   1
      527  27.900218   85.537305    13.930     -883.2       84.1     1060.5    169.6    113.8     82.8 2023  4 29  9 59 47.570  6.7   1
      528  27.883828   85.547095    13.091       81.1    -1732.1      220.6    132.8     76.0     46.0 2023  4 29 12 31 31.130  6.8   1
      529  27.901347   85.585840    14.559     3895.2      209.1     1689.3    132.9     94.9     72.0 2023  4 29 13  1 54.990  6.2   1
      530  27.889972   85.512891    12.320    -3287.0    -1051.3     -549.6    107.1     79.8     80.6 2023  4 29 13 28 26.990  7.1   1
      531  27.883565   85.546338    13.211        6.5    -1761.3      340.6    128.3     65.9     46.5 2023  4 29 13 29 53.280  6.3   1
      532  27.883486   85.545256    13.157      -99.9    -1770.1      286.9    126.8     62.9     43.5 2023  4 29 14 59 33.090  7.5   1
      533  27.907847   85.516642    12.892    -2917.5      929.6       22.4    101.8     75.0     71.6 2023  4 29 17 26 24.440  6.8   1
      534  27.888924   85.515796    12.433    -3000.8    -1167.5     -437.4    111.7     77.2     58.6 2023  4 29 17 26 54.160  6.4   1
      535  27.888806   85.516105    12.407    -2970.0    -1180.5     -463.3    106.5     76.7     59.5 2023  4 29 17 28 40.800  6.3   1
      536  27.889689   85.514225    12.445    -3155.4    -1082.6     -424.8    101.3     72.1     67.7 2023  4 29 17 29 55.240  6.2   1
      537  27.884269   85.509098    12.345    -3659.9    -1683.2     -525.0    109.1     81.3     66.3 2023  4 29 18 15 39.400  6.4   1
      538  27.884576   85.508171    12.174    -3751.5    -1649.3     -695.5    105.7     73.0     71.7 2023  4 29 18 15 46.680  6.6   1
      539  27.849223   85.702254    12.099    15360.2    -5567.1     -770.9    146.4    161.9    173.3 2023  4 29 18 19 47.440  6.1   1
      540  27.906319   85.517765    12.634    -2806.8      760.3     -236.0    101.8     89.7     71.7 2023  4 29 18 33 18.760  5.9   1
      541  27.883510   85.574438    13.667     2773.2    -1767.3      797.1    151.8    102.5     75.7 2023  4 29 18 59 56.360  5.7   1
      542  27.883704   85.610726    12.136     6346.0    -1746.0     -733.8    220.7    137.1    154.3 2023  4 29 19  7 27.880  6.3   1
      543  27.833091   85.634587    13.705     8697.5    -7354.6      835.3    168.9    111.6    110.5 2023  4 29 20  3 51.400  5.9   1
      544  27.914581   85.587410    15.003     4050.2     1675.9     2133.2    212.9    179.6     92.2 2023  4 29 20  9 16.240  6.1   1
      545  27.897689   85.582503    13.961     3567.0     -196.0     1090.5    152.1    153.4    107.5 2023  4 29 20 39  9.600  6.0   1
      546  27.905080   85.527327    13.042    -1865.2      623.0      172.2    138.4     85.2     60.5 2023  4 29 23  8 46.400  6.5   1
      547  27.889038   85.531714    12.688    -1433.3    -1154.8     -181.8    119.1     74.0     46.0 2023  4 29 23 22  1.780  7.4   1
      548  27.858211   85.512744    12.311    -3301.8    -4571.0     -558.4    199.7    157.3    154.6 2023  4 29 23 27 49.340  6.1   1
      549  27.883156   85.601571    13.623     5445.0    -1806.5      752.7    133.4    116.5     89.4 2023  4 29 23 28 27.000  5.8   1
      550  27.935691   85.577816    12.720     3105.2     4015.1     -150.2    192.6    157.1     90.7 2023  4 30  0  3 49.420  6.6   1
      551  27.932454   85.528328    12.876    -1766.2     3656.4        5.8    114.0     95.5     68.0 2023  4 30  0  6 29.600  6.5   1
      552  27.918931   85.499186     7.433    -4635.4     2157.9    -5436.7     96.6    147.8     85.7 2023  4 30  5 18 47.380  6.2   1
      553  27.888658   85.539673    12.717     -649.9    -1196.9     -152.5    236.9    162.5    163.4 2023  4 30  5 25  7.790  6.3   1
      554  27.918909   85.499455     7.777    -4609.2     2155.4    -5092.8     75.9    148.7     84.6 2023  4 30  6  5  6.070  6.6   1
      555  27.892216   85.522656    12.964    -2325.5     -802.7       94.3    112.6     71.3     69.5 2023  4 30  9 31 51.680  6.5   1
      556  27.899770   85.466854    11.618    -7819.3       34.5    -1252.1     93.4     93.9     68.1 2023  4 30  9 34  7.470  6.7   1
      557  27.912097   85.591300    14.243     4433.2     1400.5     1373.5    148.2     92.8     78.1 2023  4 30 10 23 28.550  6.4   1
      558  27.880310   85.565495    13.235     1892.6    -2122.1      365.1    131.1     84.1     69.9 2023  4 30 11 41 22.140  6.4   1
      559  27.905632   85.461011    12.191    -8394.4      684.1     -678.9     94.2     93.9     92.8 2023  4 30 12 20 40.930  6.5   1
      560  27.915721   85.588249    14.822     4132.6     1802.2     1952.2    136.9     89.4     81.6 2023  4 30 14 49 27.010  6.1   1
      561  27.935874   85.548763    14.138      245.3     4035.5     1269.3    143.7    141.7     55.1 2023  4 30 15  7  2.960  6.0   1
      562  27.925238   85.442619    11.213   -10203.6     2856.9    -1656.8    119.3    109.9    135.1 2023  4 30 15 23 38.750  6.1   1
      563  27.879026   85.566455    13.409     1987.1    -2264.3      539.4    130.4     68.0     75.4 2023  4 30 15 25 39.030  5.9   1
      564  27.906860   85.517196    12.936    -2862.3      820.3       66.8    170.2    111.7     93.0 2023  4 30 15 29 59.430  6.2   1
      565  27.924705   85.445304    11.836    -9939.2     2797.7    -1034.3    107.0    129.6    120.0 2023  4 30 15 45 50.220  6.2   1
      566  27.906862   85.509261    12.102    -3643.5      820.5     -767.8     92.6     72.6     72.2 2023  4 30 15 50 37.560  6.0   1
      567  27.894704   85.512858    15.969    -3289.6     -526.9     3099.0    187.5    162.3    119.7 2023  4 30 15 59 54.780  6.8   1
      568  27.890057   85.525659    12.579    -2029.9    -1041.8     -291.2    108.5     73.5     60.4 2023  4 30 16 55 10.170  6.0   1
      569  27.889716   85.525342    12.679    -2061.1    -1079.8     -190.9    117.9     92.0     73.6 2023  4 30 16 55 24.690  6.1   1
      570  27.887984   85.529053    12.727    -1695.2    -1271.6     -142.7    116.0     71.3     53.6 2023  4 30 17  2  6.900  6.1   1
      571  27.889823   85.549040    13.192      272.5    -1067.7      321.6    129.2     60.7     48.8 2023  4 30 17 27 14.660  6.7   1
      572  27.894045   85.506632    12.860    -3902.9     -600.1      -10.0     98.4     71.5     72.4 2023  4 30 17 27 55.080  6.3   1
      573  27.865068   85.570907    13.712     2425.8    -3811.1      841.5    157.6    155.5     79.1 2023  4 30 18 11 12.640  6.1   1
      574  27.912307   85.504622    13.656    -4100.1     1423.7      786.2    201.4    126.0    105.0 2023  4 30 18 24 12.140  6.4   1
      575  27.915924   85.530851    15.966    -1518.3     1824.7     3096.4    250.6    221.9    104.0 2023  4 30 18 29 32.160  5.7   1
      576  27.884688   85.547363    13.151      107.2    -1636.8      281.4    126.6     64.9     50.8 2023  4 30 18 31 40.420  6.0   1
      577  27.914282   85.443555    11.789   -10112.4     1642.8    -1080.6    104.6    115.8    108.0 2023  4 30 19 22 59.920  6.3   1
      578  27.893046   85.522209    12.773    -2369.7     -710.6      -97.0    109.9     74.1     54.1 2023  4 30 19 46 15.280  6.1   1
      579  27.893587   85.521517    12.717    -2437.3     -650.6     -152.8    112.3     73.2     52.3 2023  4 30 20 23  4.560  6.7   1
      580  27.925116   85.426685    11.882   -11772.1     2843.2     -987.7    145.3    137.3    169.9 2023  4 30 21  3 44.760  6.2   1
      581  27.893276   85.468075    12.116    -7699.1     -685.1     -753.8     87.5     95.1     93.8 2023  4 30 21 19 26.400  6.1   1
      582  27.894002   85.466813    11.674    -7822.9     -604.6    -1195.5    101.9     95.6     95.0 2023  4 30 21 20 22.800  6.0   1
      583  27.922249   85.545532    16.138      -72.7     2525.6     3267.7    155.4    112.5     77.5 2023  4 30 21 22 18.080  6.2   1
      584  27.875075   85.594141    13.769     4713.1    -2702.2      898.7    139.9    110.8     87.7 2023  4 30 21 23 17.700  6.2   1
      585  27.922205   85.547534    16.133      124.5     2520.6     3263.3    182.0    139.4     93.3 2023  4 30 21 26 43.640  5.8   1
      586  27.903149   85.466772    11.969    -7827.1      408.9     -900.8     78.5     88.3     91.6 2023  4 30 21 36 37.400  6.0   1
      587  27.906370   85.517936    12.818    -2789.4      765.8      -52.2    179.5    120.7    104.2 2023  4 30 21 47 13.380  6.0   1
      588  27.873480   85.593416    13.493     4641.8    -2878.8      622.6    130.9     86.4     90.6 2023  4 30 21 50  9.540  6.0   1
      589  27.929067   85.420256    11.061   -12405.1     3281.1    -1808.8    151.3    191.5    179.1 2023  4 30 21 59 36.400  6.1   1
      590  27.905141   85.520052    12.919    -2581.3      629.6       48.9    111.8     80.9     58.7 2023  4 30 22  0 58.320  6.1   1
      591  27.895186   85.651383    15.270    10348.7     -473.5     2400.2    152.9     84.4    117.5 2023  4 30 22 13 28.760  6.1   1
      592  27.874862   85.593018    13.774     4602.8    -2725.9      904.5    140.7    111.9     86.2 2023  4 30 22 37 40.740  6.1   1
      593  27.844861   85.654818    13.957    10688.9    -6050.5     1087.5    151.9    105.0    112.1 2023  4 30 23 11 49.320  6.0   1
      594  27.803227   85.593172    12.848     4619.2   -10664.1      -22.3    126.2    147.2    104.1 2023  4 30 23 17  7.800  6.3   1
      595  27.875236   85.595239    13.799     4821.2    -2684.3      928.9    196.1    124.9     94.1 2023  5  1  0  7 55.590  6.4   1
      596  27.888273   85.567261    13.684     2066.5    -1239.6      814.2    132.5     77.5     63.7 2023  5  1  2 48  0.230  6.8   1
      597  27.889473   85.562467    13.765     1594.6    -1106.6      895.1    289.2    164.9    159.4 2023  5  1  2 55  7.970  6.4   1
      598  27.870215   85.678280    14.685    12998.3    -3240.9     1815.4    190.8    103.0    143.0 2023  5  1  4 55 58.730  6.8   1
      599  27.921073   85.520646    11.395    -2523.1     2395.2    -1475.4    156.3    140.7    180.5 2023  5  1 12 17 14.740  6.8   1
      600  27.885740   85.543058    14.424     -316.6    -1520.2     1553.7    145.9    121.4    151.2 2023  5  1 13 23 40.160  6.9   1
      601  27.886525   85.558032    12.412     1158.0    -1433.2     -457.9    150.1    106.5     59.5 2023  5  1 13 45 16.960  6.2   1
      602  27.919985   85.502018     7.618    -4356.7     2274.7    -5251.8    101.8    148.1     99.7 2023  5  1 15  6 22.850  6.4   1
      603  27.888808   85.549723    12.450      339.9    -1180.2     -420.5    124.0     73.3     51.6 2023  5  1 15 10 30.260  6.2   1
      604  27.892735   85.569214    13.892     2259.0     -745.2     1022.0    186.1     92.4     65.5 2023  5  1 15 43  0.810  6.0   1
      605  27.896615   85.554289    13.589      789.2     -315.1      719.1    145.1    103.2     57.7 2023  5  1 15 44  5.250  6.1   1
      606  27.920526   85.501497     7.489    -4408.2     2334.7    -5380.7     69.1    146.5     84.0 2023  5  1 16  7 30.590  6.4   1
      607  27.920644   85.578109    15.987     3133.8     2347.7     3116.7    151.1     90.7     84.0 2023  5  1 16 21 12.150  6.8   1
      608  27.883061   85.546777    13.173       49.3    -1817.1      302.6    128.9     65.8     45.0 2023  5  1 16 50  4.360  6.2   1
      609  27.910649   85.497380    12.402    -4813.5     1240.1     -467.5     94.2    121.1     80.0 2023  5  1 17  4 39.800  6.1   1
      610  27.874095   85.592668    13.648     4568.3    -2810.7      777.8    132.4    100.0     88.6 2023  5  1 18 28 15.120  6.1   1
      611  27.889172   85.533512    12.879    -1256.3    -1140.0        9.0    176.0    108.7     69.7 2023  5  1 18 38 40.720  6.0   1
      612  27.916561   85.447567    11.580    -9717.1     1895.3    -1289.9    172.7    148.7    161.7 2023  5  1 18 47 52.160  6.0   1
      613  27.888731   85.504028    12.013    -4159.4    -1188.8     -856.6     93.7     68.5     69.3 2023  5  1 19 44  7.420  6.5   1
      614  27.897687   85.518424    12.639    -2741.7     -196.4     -231.2    105.4     74.2     70.2 2023  5  1 20 29 54.680  6.2   1
      615  27.896307   85.551383    13.655      503.0     -349.3      785.2    143.5    105.4     72.8 2023  5  1 20 30 45.440  5.9   1
      616  27.831984   85.631641    13.703     8407.3    -7477.5      833.4    170.0    112.8    111.3 2023  5  1 20 46 41.560  6.0   1
      617  27.840780   85.692310    13.052    14381.9    -6502.6      181.9    134.4    133.8    137.6 2023  5  1 20 50 38.840  6.2   1
      618  27.888287   85.566854    13.695     2026.1    -1237.9      825.5    136.7     76.1     74.5 2023  5  1 20 59 57.040  6.2   1
      619  27.887526   85.563802    13.714     1726.3    -1322.4      843.8    130.3     97.6     75.1 2023  5  1 21  3 46.880  5.9   1
      620  27.888906   85.566496    13.914     1991.2    -1169.5     1043.6    131.4     73.5     69.5 2023  5  1 21  6 17.760  6.0   1
      621  27.910738   85.459896    11.826    -8503.4     1250.0    -1043.7    119.5    148.9    106.8 2023  5  1 21 41  7.600  6.0   1
      622  27.917269   85.614933    15.325     6759.4     1973.7     2455.3    135.8     82.8     86.4 2023  5  1 22 32  3.120  6.3   1
      623  27.883488   85.625114    12.362     7763.1    -1769.9     -508.1    151.9    116.0    111.4 2023  5  1 23  4 21.120  6.3   1
      624  27.914388   85.445565    12.351    -9914.1     1654.4     -518.5    111.8    116.1    115.2 2023  5  1 23 53  9.220  6.2   1
      625  27.912915   85.553711    13.532      732.0     1491.1      662.4    128.4     83.7     59.3 2023  5  2  0  0  2.530  6.6   1
      626  27.915806   85.610929     8.277     6365.4     1811.5    -4592.9    515.1    368.6    279.1 2023  5  2  2 30 30.700  5.9   1
      627  27.914484   85.443986    12.314   -10070.0     1665.0     -555.8    111.2    128.0    113.7 2023  5  2  3 55 44.200  6.6   1
      628  27.888875   85.597738    17.096     5067.3    -1172.8     4226.1    149.2    105.7     86.4 2023  5  2  4 41 24.210  7.3   1
      629  27.915723   85.439779    11.782   -10483.7     1802.4    -1087.9    117.9    112.4    119.1 2023  5  2  5 56 29.600  6.6   1
      630  27.911015   85.507324    12.888    -3834.4     1280.6       18.0    166.9    174.2    102.1 2023  5  2  9 33  6.490  6.7   1
      631  27.900376   85.483708     9.695    -6159.9      101.6    -3175.4     88.5    110.6    104.9 2023  5  2 13 10 19.070  6.7   1
      632  27.915519   85.444409    12.613   -10028.2     1779.8     -257.4    118.2    111.3    113.7 2023  5  2 13 47 22.720  6.4   1
      633  27.895864   85.519914    12.940    -2595.1     -398.4       70.4    110.2    110.7     77.8 2023  5  2 14 20 55.000  6.3   1
      634  27.954165   85.490869    14.377    -5452.9     6062.5     1506.9    177.8    126.3    104.1 2023  5  2 14 49 23.730  7.2   1
      635  27.851316   85.666602    13.901    11849.6    -5335.1     1031.4    161.9    104.5    124.3 2023  5  2 15  2 31.660  6.2   1
      636  27.874253   85.599333    14.048     5224.4    -2793.3     1178.0    142.9     98.8     96.2 2023  5  2 15 36 30.540  6.0   1
      637  27.894409   85.659554    14.805    11152.8     -559.6     1935.4    157.4     86.3    124.7 2023  5  2 16 45 54.850  6.1   1
      638  27.831759   85.636003    13.839     8836.8    -7502.5      969.3    167.4    112.3    112.7 2023  5  2 17  2 14.040  6.2   1
      639  27.912789   85.606950    15.333     5973.6     1477.2     2462.7    135.3     96.1     85.3 2023  5  2 17  4 56.980  7.6   1
      640  27.912819   85.607381    15.387     6016.3     1480.6     2517.3    135.3     85.3     85.5 2023  5  2 17  7 48.740  6.1   1
      641  27.833258   85.634587    13.866     8697.1    -7336.3      996.0    166.9    109.8    114.4 2023  5  2 17  9  3.820  6.1   1
      642  27.833608   85.633895    13.885     8628.9    -7297.4     1015.3    167.5    115.3    115.4 2023  5  2 17 26 52.960  5.9   1
      643  27.833181   85.634277    13.831     8666.6    -7344.9      961.5    167.8    110.1    112.3 2023  5  2 17 40 37.940  6.2   1
      644  27.897530   85.506763    12.797    -3889.7     -213.7      -72.8     84.1     65.4     61.2 2023  5  2 18 18 37.040  6.4   1
      645  27.885315   85.480029    11.386    -6521.9    -1567.5    -1483.6    106.6    144.1     98.3 2023  5  2 18 38 48.440  5.8   1
      646  27.828257   85.714185    13.334    16536.7    -7890.3      464.1    193.6    191.5    198.4 2023  5  2 19 17 47.280  6.4   1
      647  27.904932   85.462915    11.143    -8206.7      606.5    -1727.4    101.9     80.1     92.7 2023  5  2 19 39 57.560  6.1   1
      648  27.902354   85.463477    11.038    -8151.6      320.9    -1831.9     74.9     69.6     72.9 2023  5  2 20 11  5.520  6.0   1
      649  27.837004   85.622974    14.890     7553.3    -6921.2     2019.9    184.5    117.3    110.6 2023  5  2 20 22  4.580  5.9   1
      650  27.913892   85.444840    12.035    -9985.5     1599.4     -834.9    105.9    103.0    108.4 2023  5  2 21  6 26.100  6.6   1
      651  27.914264   85.444621    12.146   -10007.5     1640.6     -723.6    106.1    103.1    108.8 2023  5  2 21 25  0.520  6.6   1
      652  27.921796   85.442147    11.987   -10250.4     2475.2     -883.4    108.1    111.7    114.8 2023  5  2 21 39 19.840  6.1   1
      653  27.922121   85.442114    12.013   -10253.4     2511.3     -857.4    140.3    109.5    142.5 2023  5  2 21 42  9.420  6.8   1
      654  27.908038   85.458341    11.864    -8657.0      950.8    -1005.9     93.4     77.4     95.1 2023  5  2 23 35 25.160  6.3   1
      655  27.907334   85.459806    12.184    -8512.6      872.8     -686.2     97.4    106.8     90.1 2023  5  2 23 40 12.880  6.3   1
      656  27.919173   85.533488    13.926    -1259.0     2184.8     1056.3    150.5    142.3    115.7 2023  5  2 23 49  2.860  6.3   1
      657  27.885345   85.555933    13.635      951.1    -1564.1      764.6    172.9    126.4     77.7 2023  5  3  0 31 11.710  6.2   1
      658  27.922673   85.512988    12.249    -3276.7     2572.6     -620.7    117.8    109.3     87.6 2023  5  3  3 38 25.330  8.0   1
      659  27.922445   85.512769    12.192    -3298.4     2547.2     -678.2    122.4    116.0    111.1 2023  5  3  3 40 36.080  6.7   1
      660  27.922675   85.511068    12.202    -3465.4     2572.6     -667.7    165.2    120.4    157.6 2023  5  3  3 40 58.930  6.6   1
      661  27.884420   85.555990    13.650      956.5    -1666.6      779.7    193.0    132.0     61.5 2023  5  3  6 27  9.990  6.6   1
      662  27.903123   85.460522    12.055    -8442.3      406.0     -815.0    115.1    131.1    138.1 2023  5  3 15  3 17.390  6.4   1
      663  27.925734   85.550342    14.540      400.9     2911.9     1670.2    212.4    166.6    195.6 2023  5  3 16 32  2.810  5.9   1
      664  27.924795   85.456437    11.576    -8843.9     2807.6    -1294.2    100.6    111.4    101.5 2023  5  3 16 40 55.680  6.1   1
      665  27.901487   85.464119    11.511    -8088.0      224.7    -1358.8    112.3    104.9    114.7 2023  5  3 21  8 51.120  6.2   1
      666  27.905552   85.512394    12.747    -3335.6      675.3     -123.4    100.4    114.4     73.3 2023  5  3 21 19 52.140  6.3   1
      667  27.910276   85.487638    12.499    -5772.3     1198.7     -370.8     77.6     92.3     80.6 2023  5  3 23  5 15.680  6.5   1
      668  27.927873   85.496615    11.876    -4888.3     3148.7     -994.4     96.8    115.7     69.1 2023  5  3 23 31 30.880  6.4   1
      669  27.890580   85.532422    12.969    -1363.5     -983.8       98.8    123.4     96.1     55.3 2023  5  4  0 18 49.830  6.3   1
      670  27.843980   85.713029    13.038    16422.1    -6148.1      168.0    149.0    160.3    160.9 2023  5  4  1  8 54.260  6.7   1
      671  27.891382   85.532414    15.736    -1364.4     -895.1     2866.5    232.9    132.9    107.9 2023  5  4  1 25 55.360  6.5   1
      672  27.871720   85.594360     9.707     4735.3    -3073.9    -3163.5    180.6    117.3    121.6 2023  5  4  1 28 41.530  6.6   1
      673  27.898248   85.469840    11.750    -7524.7     -134.1    -1120.0     84.1     79.5     88.6 2023  5  4  1 52 49.990  6.5   1
      674  27.899294   85.466577    11.616    -7846.7      -18.4    -1254.1     78.5     74.4     77.5 2023  5  4  1 55 15.570  6.6   1
      675  27.891380   85.519360    16.109    -2649.4     -895.4     3239.3    209.7    171.6    121.1 2023  5  4  3 15 42.000  7.4   1
      676  27.889956   85.518311    16.289    -2753.4    -1053.1     3419.1    199.6    188.8    138.9 2023  5  4  4 16 13.170  7.2   1
      677  27.904812   85.568490    13.406     2187.4      593.3      536.5    176.2    103.1     71.5 2023  5  4  7 21  1.910  7.2   1
      678  27.804336   85.589299    10.776     4237.9   -10541.4    -2093.5    221.8    195.9    142.3 2023  5  4  7 37 28.160  6.8   1
      679  27.919246   85.581217    14.817     3439.8     2192.8     1946.7    161.6    132.6     77.3 2023  5  4  8 53 36.150  7.2   1
      680  27.893384   85.610921    14.211     6365.0     -673.2     1341.2    173.4    233.8    118.7 2023  5  4 13 50 45.540  6.1   1
      681  27.893695   85.612931    14.493     6562.9     -638.8     1623.3    186.5    169.4    104.1 2023  5  4 14 38 43.020  6.2   1
      682  27.880339   85.555339    13.405      893.0    -2119.0      534.6    129.7     69.3     60.4 2023  5  4 14 58 30.320  6.3   1
      683  27.905206   85.602197    14.866     5505.9      636.8     1995.7    134.8     81.3     81.1 2023  5  4 15 45 25.130  6.3   1
      684  27.888094   85.504167    12.199    -4145.4    -1259.5     -671.4    103.5     70.3     76.5 2023  5  4 17 53  3.600  6.1   1
      685  27.907369   85.466659    11.626    -7837.7      876.6    -1244.1     97.1     77.3     89.8 2023  5  4 18  6 24.200  6.2   1
      687  27.902600   85.559432    13.608     1295.5      348.2      738.5    141.8     96.9     64.7 2023  5  4 18 48 15.200  6.1   1
      688  27.914140   85.613452    15.209     6614.0     1626.9     2339.0    133.9     75.9     87.3 2023  5  4 18 49 27.040  6.4   1
      689  27.919088   85.604443    14.942     5726.6     2175.3     2072.3    500.1    238.8    139.5 2023  5  4 19  4 51.680  6.0   1
      690  27.883234   85.551554    13.172      520.2    -1798.1      301.9    126.9     59.4     48.7 2023  5  4 19 23 51.880  6.7   1
      691  27.892767   85.491325    12.517    -5409.8     -741.5     -352.8    106.1    156.0     90.5 2023  5  4 19 51 17.200  5.8   1
      692  27.840656   85.638883    17.036     9120.0    -6516.5     4165.6    572.7    478.9    333.0 2023  5  4 19 51 56.640  7.7   1
      693  27.914115   85.612410    15.246     6510.8     1624.2     2376.5    135.8     93.7     89.1 2023  5  4 19 55  1.520  6.3   1
      694  27.906049   85.638558    15.149     9085.7      730.3     2279.4    145.4    114.3    105.5 2023  5  4 19 55 10.600  6.3   1
      695  27.897345   85.526147    13.181    -1981.4     -234.2      311.3    183.4     90.6     84.8 2023  5  4 20  8 40.040  6.1   1
      696  27.900616   85.495158    12.143    -5032.3      128.2     -726.6    173.9    253.0    227.3 2023  5  4 21 25  4.600  5.7   1
      697  27.893809   85.566113    13.361     1953.2     -626.0      490.9    127.0     66.1     61.6 2023  5  4 21 35 31.160  6.9   1
      698  27.892456   85.565291    13.519     1872.9     -776.0      648.9    129.1     76.1     63.0 2023  5  4 21 35 58.360  6.0   1
      699  27.893235   85.564966    13.462     1840.4     -689.8      592.5    128.7     85.0     60.4 2023  5  4 21 36 42.440  6.3   1
      700  27.893058   85.565487    13.502     1891.8     -709.3      631.7    128.6     73.5     61.6 2023  5  4 21 40 46.300  6.2   1
      701  27.882619   85.548413    13.225      210.9    -1866.2      354.7    134.2     66.6     59.4 2023  5  4 21 50  5.740  6.0   1
      702  27.832701   85.631063    13.714     8350.5    -7398.1      844.4    169.9    110.9    110.7 2023  5  4 21 53 32.480  5.9   1
      703  27.897213   85.590194    13.900     4323.9     -248.9     1030.0    132.7     74.3     77.6 2023  5  4 21 56 56.260  6.2   1
      704  27.927342   85.518856    13.813    -2698.9     3090.0      943.2    114.1     95.5     71.2 2023  5  4 22 25  2.100  6.2   1
      705  27.893842   85.516821    13.055    -2899.8     -622.5      184.6    125.5     79.7     64.0 2023  5  4 22 27  5.240  6.2   1
      706  27.894885   85.516130    12.966    -2968.0     -506.9       95.9    121.8     68.9     66.8 2023  5  4 22 27 17.220  5.9   1
      707  27.879810   85.564136    13.553     1758.6    -2177.5      682.8    164.5    112.4     73.0 2023  5  4 23 34  6.840  6.1   1
      708  27.905758   85.489014    12.444    -5637.5      698.1     -426.2     87.2     82.0     88.2 2023  5  4 23 45 53.420  6.5   1
      709  27.902085   85.493424    12.127    -5203.3      291.0     -742.8     74.0     80.4     75.9 2023  5  5  0 28 28.020  6.7   1
      710  27.881803   85.700252    13.024    15160.7    -1956.5      154.2    277.5    211.9    269.4 2023  5  5  2 54 24.690  6.8   1
      711  27.909894   85.570020    14.837     2337.8     1156.5     1967.4    145.6     85.3     68.4 2023  5  5  2 56 15.970  6.5   1
      712  27.895772   85.584652    13.624     3778.3     -408.6      754.4    131.1     83.5     76.9 2023  5  5  4 23 58.920  6.4   1
      713  27.903886   85.464738    10.987    -8027.5      490.5    -1882.5     93.1     75.5    109.1 2023  5  5  8 10 24.020  7.6   1
      714  27.903304   85.466211    11.157    -7881.9      426.1    -1713.3     76.5     68.3     77.1 2023  5  5  8 13 39.580  7.4   1
      715  27.904588   85.468669    10.861    -7640.2      568.3    -2008.6    120.7    107.8     98.6 2023  5  5  8 17 21.870  6.5   1
      716  27.903678   85.464551    10.966    -8045.7      467.6    -1903.5     93.9     70.1    109.5 2023  5  5  8 33 21.160  7.4   1
      717  27.886705   85.541659    13.113     -454.6    -1413.4      243.1    401.4    466.9    423.2 2023  5  5 10 37 55.690  6.5   1
      718  27.904563   85.463940    10.913    -8105.4      565.6    -1956.8     87.9     78.2    102.2 2023  5  5 14  0 13.450  6.7   1
      719  27.915759   85.530379    13.523    -1564.7     1806.5      652.6    136.0    143.9     69.3 2023  5  5 14 36 55.040  6.4   1
      720  27.893032   85.537313    13.095     -881.8     -712.2      224.7    123.7    122.9     68.0 2023  5  5 15 20 58.750  6.0   1
      721  27.892963   85.540584    13.023     -560.0     -720.0      153.3    130.2     69.1     51.4 2023  5  5 15 22 47.130  6.4   1
      722  27.893563   85.541764    12.970     -444.3     -653.3       99.6    133.6     75.9     49.7 2023  5  5 15 24 48.100  6.3   1
      723  27.913202   85.461613    10.827    -8334.8     1523.1    -2043.2     79.2     78.8     99.2 2023  5  5 15 48 20.850  6.4   1
      724  27.833531   85.629419    13.801     8188.4    -7305.9      930.8    168.3    110.3    108.4 2023  5  5 16 16  6.460  6.3   1
      725  27.907585   85.655876    14.479    10790.2      900.4     1609.2    146.8     88.1    117.1 2023  5  5 16 30 31.050  6.3   1
      726  27.904462   85.465723    10.950    -7930.3      554.5    -1920.3     75.3     67.2     78.0 2023  5  5 17 27 46.840  6.3   1
      727  27.903695   85.465715    10.999    -7930.8      469.4    -1871.5     79.0     66.5     76.4 2023  5  5 17 29 45.620  6.4   1
      728  27.902763   85.465161    10.498    -7985.5      366.1    -2371.5    131.3     85.6    167.4 2023  5  5 17 30 51.160  6.3   1
      729  27.912268   85.547070    13.407       78.2     1419.6      536.9    143.2     92.1     68.2 2023  5  5 17 43 27.400  6.0   1
      730  27.914128   85.549186    13.360      286.6     1625.7      490.5    128.3     90.5     60.4 2023  5  5 17 49 36.040  6.2   1
      731  27.935518   85.544279    12.120     -195.9     3996.1     -750.0    113.8    100.8     53.2 2023  5  5 19 58  6.660  6.3   1
      732  27.878296   85.715405    11.462    16653.2    -2345.2    -1408.4    229.6    258.3    244.7 2023  5  5 21 10 43.900  6.5   1
      733  27.937105   85.558105    11.801     1164.4     4171.9    -1068.5    173.7    152.1     72.7 2023  5  5 21 12 42.440  5.7   1
      734  27.900529   85.465226    11.809    -7979.2      118.5    -1061.1     88.2     73.4     71.5 2023  5  5 21 44 21.280  6.1   1
      735  27.900798   85.466683    11.681    -7835.9      148.3    -1189.1     78.5     80.6     75.8 2023  5  5 21 44 58.800  6.3   1
      736  27.917328   85.627417    15.284     7988.1     1980.3     2414.3    143.9     97.4     92.9 2023  5  5 22 51  9.300  6.2   1
      737  27.890289   85.521248    12.592    -2464.2    -1016.1     -277.6    104.7     87.5     69.3 2023  5  5 23  7 54.840  6.1   1
      738  27.930863   85.442887    11.713   -10177.5     3480.3    -1157.0    124.4    108.3    138.4 2023  5  6  1 42 21.060  6.5   1
      739  27.900578   85.611890    17.492     6459.9      124.1     4621.6    145.0     98.2     83.6 2023  5  6 10 16 40.710  7.2   1
      740  27.901947   85.612467    17.445     6517.0      275.8     4575.1    144.7    109.4     84.0 2023  5  6 10 47 28.860  6.7   1
      741  27.895872   85.556291    13.963      986.1     -397.6     1093.4    286.8    246.7    138.2 2023  5  6 11 15 37.600  6.6   1
      742  27.902307   85.614030    17.454     6671.2      315.6     4584.1    146.0    108.5     84.7 2023  5  6 12 49 51.150  6.7   1
      743  27.897565   85.530444    13.164    -1558.4     -209.9      293.9    125.7     95.7     62.7 2023  5  6 13 22 30.170  6.8   1
      744  27.912738   85.610083    15.590     6282.2     1471.6     2720.4    138.2     87.9     84.3 2023  5  6 13 51 55.460  6.5   1
      745  27.905149   85.547860    13.681      156.3      630.6      811.3    141.8     95.0     53.2 2023  5  6 15  8  2.510  7.3   1
      746  27.903052   85.548234    13.941      192.9      398.2     1071.1    200.7    161.6    176.1 2023  5  6 15  8 15.850  6.6   1
      747  27.873183   85.620500    14.180     7308.5    -2911.8     1310.4    198.6    149.5    123.1 2023  5  6 16 11  6.130  6.6   1
      748  27.872597   85.618433    14.333     7104.9    -2976.6     1462.8    247.5    175.2    139.9 2023  5  6 18  2 58.140  6.6   1
      749  27.944132   85.538770    10.974     -738.5     4950.5    -1895.6    131.5    129.1     79.8 2023  5  6 19 27 23.920  6.1   1
      750  27.912935   85.474390    12.052    -7077.0     1493.5     -817.9    150.5     85.5    164.9 2023  5  6 19 44 24.200  6.3   1
      751  27.895253   85.529102    12.534    -1690.8     -466.0     -335.7    157.2    116.0    102.9 2023  5  6 20 41 31.200  6.1   1
      752  27.897430   85.547990    13.722      169.2     -224.7      852.4    134.4    109.5     70.1 2023  5  6 22 26 47.920  6.2   1
      753  27.897854   85.541960    13.698     -424.3     -177.9      827.6    133.5    119.0     62.4 2023  5  6 23 32 51.420  6.3   1
      754  27.883317   85.549235    13.077      291.9    -1788.8      207.0    130.1     68.3     49.2 2023  5  6 23 33 34.780  6.1   1
      755  27.883887   85.556535    13.116     1010.1    -1725.6      246.0    132.5     81.7     61.8 2023  5  6 23 35 49.700  6.1   1
      756  27.857576   85.594808    13.402     4779.7    -4641.3      532.1    182.8    144.8    104.1 2023  5  7  1 10 17.140  6.4   1
      757  27.901119   85.610563    17.444     6329.3      183.9     4573.9    146.7    106.9     83.8 2023  5  7  6  9 50.140  6.7   1
      758  27.911965   85.600765    16.741     5364.2     1385.8     3871.4    146.8    110.1     83.6 2023  5  7 13 33 19.730  6.4   1
      759  27.888906   85.555526    12.784      910.7    -1169.5      -85.8    128.5     81.2     68.5 2023  5  7 14 28 40.370  6.1   1
      760  27.882902   85.553491    13.309      710.8    -1834.7      439.0    128.4     79.0     65.0 2023  5  7 14 34  5.690  6.0   1
      761  27.885453   85.553304    13.282      692.3    -1552.0      412.2    132.2    122.9     77.5 2023  5  7 14 36 33.740  6.1   1
      762  27.880518   85.690853    13.955    14236.0    -2098.9     1085.7    121.5    126.9    150.2 2023  5  7 17 22 40.720  5.9   1
      763  27.884100   85.557113    13.634     1067.3    -1702.0      764.3    187.6    105.8     65.8 2023  5  7 17 52 37.080  6.4   1
      764  27.952419   85.542424    11.487     -379.2     5868.9    -1383.2    154.2    132.2     68.6 2023  5  7 19 42 56.240  6.4   1
      765  27.896714   85.656030    15.200    10805.9     -304.1     2329.8    159.7     89.2    126.2 2023  5  7 20 40 33.080  6.1   1
      766  27.895880   85.660734    14.716    11268.9     -396.5     1846.4    149.0     87.0    124.9 2023  5  7 20 40 39.180  6.6   1
      767  27.920616   85.648503    15.154    10064.1     2344.6     2284.2    148.9    115.6    112.6 2023  5  7 21 44  8.920  6.8   1
      768  27.876440   85.585482    14.355     3860.7    -2550.9     1485.5    135.5    155.9     90.5 2023  5  7 22 37 35.520  6.1   1
      769  27.875254   85.583797    14.082     3695.0    -2682.2     1211.8    145.2    104.0     90.7 2023  5  7 23 27 15.480  6.2   1
