72.6100 16.2870 5.8265e+04
90.7600 11.6044 3.3682e+04
162.8400 10.8748 4.0952e+04
317.4400 10.3201 9.5466e+04
332.5200 15.2375 1.4698e+05
334.4100 10.8501 1.2620e+05
464.6200 11.3667 1.0078e+05
647.7400 11.8795 1.0767e+05
656.8800 10.2150 1.2541e+05
658.3200 15.4233 7.2273e+04
659.8100 10.5974 7.2213e+04
1448.1901 11.3209 9.0728e+04
1628.4301 13.2384 2.1032e+05
1640.0401 13.8431 5.3902e+05
1845.3701 15.7885 1.1141e+05
1949.0401 10.4160 7.5839e+04
1971.5201 11.2967 1.3080e+05
1975.9601 11.2696 1.0904e+05
1981.5401 25.2770 2.4084e+06
1982.2101 13.6858 1.8893e+06
2012.8301 25.1345 1.9227e+06
2014.4801 19.8656 1.9227e+06
2016.2701 14.3661 1.8389e+06
2018.5301 11.6951 1.8239e+06
2020.5101 13.7586 1.7943e+06
2030.5401 18.6848 1.1328e+06
2032.4801 18.6833 1.1328e+06
2044.5001 24.6567 2.0420e+07
2045.1601 24.7592 2.0420e+07
2063.7801 18.0302 2.4508e+06
2089.4001 17.8801 3.1964e+06
2090.3101 24.3081 3.5126e+06
2092.1601 14.7886 3.5126e+06
2094.5101 11.1807 3.5126e+06
2097.5401 12.1566 2.7849e+06
2107.3501 11.8762 1.4591e+06
2109.6201 19.4296 1.5547e+06
2112.3201 14.2249 1.5859e+06
2114.5601 15.3533 1.2286e+06
2128.5901 23.7617 5.9959e+05
2133.6301 12.3162 1.9063e+06
2135.4301 22.3529 1.9231e+06
2137.6901 14.7243 1.7248e+06
2139.2801 11.4758 2.7656e+06
2142.4701 16.4934 3.3209e+06
2145.1101 13.7349 3.7758e+06
2148.1701 15.1125 3.8605e+06
2151.6901 15.3246 3.8605e+06
2157.1701 19.6766 3.8634e+06
2172.6601 24.8318 1.9089e+06
2178.8901 24.1339 3.1119e+06
2192.4201 15.6355 7.5120e+05
2196.6001 15.1353 5.2030e+06
2200.5501 25.9894 5.2030e+06
2239.9501 10.2510 1.1259e+06
2240.7301 14.4632 1.1332e+06
2297.6601 23.6488 8.4415e+05
2304.2601 11.4412 4.4459e+05
2314.6801 12.1216 2.1320e+05
2324.9301 15.3918 2.0340e+06
2325.8801 25.5852 2.0340e+06
2336.1201 20.8525 9.6737e+05
2347.1201 20.0670 1.0860e+06
2352.0001 24.7813 1.6975e+06
2353.7301 15.8357 1.6975e+06
2366.4101 25.2031 1.5717e+06
2381.9201 24.4159 1.2782e+06
2385.1801 18.2577 9.7551e+05
2398.3901 19.5844 7.4386e+05
2403.9901 25.1941 2.4596e+06
2406.3901 14.6430 2.2063e+06
2416.9501 24.9941 2.7006e+06
2422.3201 22.2421 3.2176e+06
2426.7701 18.8504 3.0200e+06
2432.4201 20.7663 2.7378e+06
2438.7401 20.2911 2.6286e+06
2442.7401 18.5775 2.4580e+06
2446.1901 17.2696 2.3441e+06
2450.0101 19.2623 2.2791e+06
2464.3902 24.8976 1.7918e+06
2473.5202 19.1377 1.3568e+06
2477.6702 17.2084 1.6942e+06
2480.2002 10.0165 1.5350e+06
2491.1702 10.2433 4.7490e+05
2497.5202 25.0435 2.4896e+06
2500.9602 19.9353 2.4896e+06
2510.5202 23.2066 1.4196e+06
2512.8602 10.9905 8.4699e+05
2524.1302 20.4533 1.8750e+06
2529.3202 22.4573 2.5137e+06
2535.7602 19.9088 2.5695e+06
2541.5502 19.4759 1.7707e+06
2563.0302 14.5144 1.4578e+06
2563.7602 19.1628 1.4256e+06
2581.2502 15.6320 5.9851e+05
2582.7002 20.4588 1.0774e+06
2604.7702 25.4324 3.2073e+06
2609.2102 18.4866 3.2073e+06
2625.9802 22.4860 3.0614e+05
2631.7502 21.1655 3.5503e+06
2634.8502 15.0615 3.9262e+06
2637.8202 14.2962 3.9723e+06
2641.5602 16.3243 3.8089e+06
2645.1502 12.1344 3.2053e+06
2651.6402 17.8900 2.6326e+06
2655.4102 17.4766 2.6153e+06
2667.6902 24.1678 5.6707e+05
2674.8702 22.8977 1.3886e+06
2678.0302 15.1676 1.2913e+06
2694.5502 14.6393 7.2153e+05
2696.2202 23.9550 7.2153e+05
2702.3002 14.9344 1.0814e+06
2707.0502 20.6317 1.6289e+06
2709.4802 12.3135 1.1469e+06
2716.3002 21.4855 1.1542e+06
2728.0002 22.8757 1.5332e+06
2761.0702 24.0399 1.3364e+06
2765.4902 16.8918 1.3230e+06
2773.4302 25.5085 1.1729e+06
2777.9702 17.9907 1.7899e+06
2785.9202 19.0378 2.3115e+06
2789.1702 23.0474 2.3876e+06
2800.9602 19.4749 1.6089e+06
2821.5902 12.1032 1.1220e+05
2830.0702 26.7870 1.7611e+06
2834.8602 17.5649 1.2784e+06
2839.5202 20.9247 1.1124e+06
2846.6902 17.5015 1.3157e+06
2850.5102 22.7414 1.2046e+06
2865.9802 23.2771 5.9085e+05
2872.2402 23.0229 8.2160e+05
2883.5502 24.9420 1.2531e+06
2890.3002 19.4151 1.1942e+06
2896.5002 23.5127 1.6006e+06
2903.3002 11.0063 1.4800e+06
2906.3302 22.5849 1.3180e+06
2911.3002 20.1739 1.4744e+06
2919.7602 23.0496 1.3808e+06
2936.0302 25.1513 9.4609e+05
2942.5902 21.2350 1.3474e+06
2946.2102 12.4927 9.4359e+05
2951.8502 23.0122 1.6937e+06
2958.7902 22.9708 1.4374e+06
2971.2902 26.1357 1.4041e+06
2976.3302 16.8648 9.6361e+05
2995.9602 10.6229 2.9995e+05
2997.3102 12.3400 2.9995e+05
3004.7602 18.1299 5.4248e+05
3010.2902 12.2780 4.5257e+05
3021.0802 24.2989 1.4418e+06
3045.1502 24.7814 1.8134e+06
3047.0402 13.4530 1.6976e+06
3052.4802 22.1523 2.4145e+06
3055.8702 18.8620 2.4060e+06
3060.2002 13.5849 1.1741e+06
3064.4802 19.5387 1.6781e+06
3071.7302 15.6711 1.2292e+06
3074.7102 18.6698 1.0537e+06
3078.9902 20.1837 1.1813e+06
3084.7302 22.3113 2.1641e+06
3090.0302 19.4197 1.9062e+06
3095.5102 18.0034 1.5196e+06
3099.4202 17.1264 1.3506e+06
3102.6902 11.8503 1.1308e+06
3106.9702 19.0747 1.3557e+06
3114.5902 23.0107 1.3567e+06
3162.5002 23.4681 1.3617e+06
3169.9302 23.1705 1.6309e+06
3175.5302 23.3821 1.4108e+06
3185.5402 22.5126 1.4518e+06
3189.6402 22.2785 1.4181e+06
3195.0102 18.5475 1.5284e+06
3203.0502 21.4668 1.5904e+06
3206.8702 13.4911 6.8821e+05
3216.3602 23.8710 8.7042e+05
3221.7902 20.4727 1.4494e+06
3251.1602 10.9661 1.3294e+06
3255.4402 24.1499 1.3294e+06
3260.7902 19.7672 1.2814e+06
3262.9102 18.2005 1.2814e+06
3276.4902 22.9217 1.3404e+06
3278.9402 11.2428 1.0013e+06
3295.5902 26.5474 1.1565e+06
3302.2802 13.0269 2.2260e+06
3306.4502 23.1448 2.2260e+06
3318.5202 18.0631 1.2051e+06
3324.6902 23.8057 1.4322e+06
3331.9702 17.6630 1.7336e+06
3336.0802 14.1595 1.4582e+06
3348.0402 13.6458 1.4464e+06
3352.0002 16.8528 1.4464e+06
3358.0802 18.0066 2.2066e+06
3361.2902 13.7766 1.9785e+06
3366.2002 18.7250 2.4541e+06
3369.9702 15.2707 2.1654e+06
3375.3102 11.7031 1.0469e+06
3382.3602 24.4176 1.1050e+06
3395.6402 21.8030 7.8473e+05
3402.0202 22.2745 1.4458e+06
3409.0802 22.5891 1.7267e+06
3416.3802 22.5299 1.5530e+06
3420.6002 11.5629 1.4048e+06
3425.0102 20.1350 1.0035e+06
3432.3302 23.6771 1.6715e+06
3453.6602 26.1131 1.6940e+06
3457.6202 17.0048 1.2556e+06
3465.0302 17.4499 1.1724e+06
3471.0702 22.6573 2.2393e+06
3480.3202 20.1606 1.2469e+06
3486.2802 22.8952 1.7862e+06
3492.6602 20.0510 1.3400e+06
3495.4202 12.1031 9.4844e+05
3500.2702 19.0345 1.3877e+06
3506.0902 15.4595 1.4403e+06
3541.9902 24.4935 1.9597e+06
3548.6202 19.7884 1.2164e+06
3558.9302 22.5096 1.1467e+06
3573.7202 21.1323 1.0721e+06
3586.3402 10.9974 6.7987e+05
3587.0902 10.0472 1.3623e+06
3587.7902 16.7945 1.3623e+06
3606.5202 24.3196 1.5209e+06
3612.6202 18.5043 1.2667e+06
3615.3402 19.4531 1.3096e+06
3617.2402 14.3275 1.3096e+06
3630.7202 25.7314 1.2978e+06
3633.6202 16.7277 1.4460e+06
3637.4402 18.7376 1.3905e+06
3645.7102 22.4197 1.2475e+06
3648.3002 17.6601 1.1505e+06
3656.9702 24.4326 1.5634e+06
3659.8002 14.3140 8.2471e+05
3666.9602 20.5471 9.9228e+05
3670.2702 16.3759 9.9228e+05
3677.3302 19.4633 1.3203e+06
3683.5002 24.4355 1.5543e+06
3692.4602 24.6180 1.8113e+06
3706.3302 25.5612 1.6321e+06
3709.2902 15.3859 1.2796e+06
3716.1902 18.8039 1.2567e+06
3719.3102 10.6247 6.2769e+05
3730.8902 25.1971 1.9374e+06
3734.0102 13.4030 1.8420e+06
3735.7402 10.1091 1.7995e+06
3785.0202 21.3389 1.1272e+06
3793.7602 22.2213 1.4041e+06
3802.6502 23.0008 1.7477e+06
3807.0502 14.4767 1.5077e+06
3807.8402 18.7106 1.2320e+06
3820.0102 19.3870 1.9060e+06
3824.6502 20.6719 2.2676e+06
3831.2902 22.3761 2.2945e+06
3836.4602 14.5474 1.4814e+06
3842.9202 20.8046 2.0438e+06
3847.8402 20.1983 2.3285e+06
3853.9902 22.3523 1.6494e+06
3857.5302 17.1614 1.6091e+06
3866.8502 19.1118 1.0200e+06
3875.5302 17.1077 8.2319e+05
3884.9802 23.2643 1.3686e+06
3910.5902 26.5913 1.6493e+06
3919.3502 23.4283 1.7109e+06
3925.6602 19.5404 2.4534e+06
3931.4702 13.9059 2.0948e+06
3934.4502 15.2127 1.9488e+06
3952.8802 18.1138 9.0745e+06
3953.4402 23.3500 9.0745e+06
3954.0002 17.4984 3.0305e+06
3984.7502 11.9162 1.3553e+05
4348.7903 12.4004 1.0055e+05
4447.4403 13.7647 6.7977e+04
4630.9303 10.0119 1.7744e+05
4643.3503 12.0367 2.8255e+05
4670.0703 13.4614 8.4349e+04
4681.1503 14.2832 7.0245e+05
4685.1203 11.8644 6.3403e+05
4698.9803 13.5267 4.6153e+05
4702.4503 10.1414 5.1908e+05
4703.0003 14.3695 4.7798e+05
4703.6203 14.9432 2.7901e+05
4772.2503 11.5975 5.0311e+04
4790.0603 13.4032 5.0611e+04
4800.3903 13.9323 1.8897e+05
4812.4903 14.7737 6.7949e+04
4820.7103 10.6483 1.1405e+05
4882.1603 10.3364 1.2529e+05
4911.0403 16.6794 1.7154e+05
4924.4303 13.1487 1.4317e+05
4941.3903 23.6491 2.8266e+05
4953.4003 19.1857 2.2555e+05
4963.0103 14.2777 1.4470e+05
4973.3903 10.2646 3.0021e+05
4976.0603 12.6032 2.0662e+05
4982.3303 20.4262 5.5193e+06
4982.8803 22.7499 5.2123e+06
5024.9003 17.1129 2.2410e+05
5031.0803 26.0680 2.0333e+06
5036.0503 21.1689 2.5860e+06
5041.5103 19.2839 2.9674e+06
5045.0503 14.6574 2.9674e+06
5049.9303 18.9077 3.0679e+06
5055.1603 15.2198 1.6999e+06
5058.5303 16.3925 1.5631e+06
5071.3303 23.6503 2.5334e+06
5073.5003 14.6483 2.4656e+06
5080.2303 20.9512 2.5555e+06
5091.4303 23.9340 1.4589e+06
5097.4303 20.2793 1.7463e+06
5106.1003 25.9790 2.5421e+06
5110.4503 17.4447 2.5584e+06
5114.7203 17.8308 2.7486e+06
5118.2903 15.8488 2.7231e+06
5122.0303 11.0946 1.6823e+06
5140.1303 26.3596 2.2722e+06
5144.3603 19.6197 2.2002e+06
5161.2903 26.4611 1.7460e+06
5165.1903 20.2135 2.0673e+06
5169.2803 16.4597 1.9564e+06
5173.0903 18.5585 1.6189e+06
5183.2603 22.6641 1.3917e+06
5186.2403 11.4675 8.8131e+05
5199.6303 23.8002 9.5081e+05
5215.8803 25.6509 1.0683e+06
5218.3703 12.2790 6.9339e+05
5224.7503 22.1626 1.4134e+06
5231.8503 21.5784 1.4325e+06
5255.5903 26.3796 1.7884e+06
5257.9203 13.0400 1.7142e+06
5280.0303 20.9242 4.8450e+05
5290.0103 23.3223 1.3090e+06
5302.5203 25.1712 1.9050e+06
5305.6803 17.1113 2.1330e+06
5309.8803 19.0106 2.0286e+06
5314.8003 19.4670 1.9228e+06
5321.3403 16.8882 1.4601e+06
5323.2603 15.3119 1.7375e+06
5325.7003 15.3774 1.7375e+06
5331.0603 15.8166 1.8891e+06
5334.6403 15.5305 1.8689e+06
5340.0103 12.5829 1.7371e+06
5341.5603 11.5879 1.6663e+06
5352.6303 11.2637 2.5965e+06
5353.7003 17.8869 2.6442e+06
5356.8103 16.6126 2.2122e+06
5370.5403 18.8465 1.2961e+06
5371.2503 11.7263 1.2961e+06
5372.9703 13.7352 1.2961e+06
5377.3403 19.8674 2.1504e+06
5380.2503 15.1876 2.0199e+06
5385.3303 11.9880 1.4342e+06
5417.8503 19.4724 3.3725e+05
5426.1103 10.7136 4.9662e+05
5430.1603 12.4094 1.8408e+06
5434.0303 20.7544 1.9980e+06
5436.3403 18.0484 1.8301e+06
5449.8603 25.8019 1.3652e+06
5452.7703 19.0664 1.2464e+06
5459.3303 18.4991 1.0265e+06
5465.6603 20.5199 1.3041e+06
5468.1303 18.5435 1.0155e+06
5472.5603 17.6336 1.3017e+06
5477.5003 19.9278 1.2908e+06
5482.3803 20.5200 1.3331e+06
5488.3703 20.6381 1.2423e+06
5491.2103 16.0179 1.4152e+06
5495.1803 11.4770 1.1158e+06
5499.8003 20.6007 1.4248e+06
5504.9603 20.6059 1.1817e+06
5509.3903 13.6510 9.0353e+05
5514.8703 12.9363 3.6665e+05
5533.8103 24.1517 1.6660e+06
5536.6103 10.7868 1.6529e+06
5538.6103 16.5873 1.3910e+06
5540.4203 13.4299 1.4957e+06
5546.1003 13.1994 1.5481e+06
5547.7203 12.6000 1.6215e+06
5552.3803 12.3330 1.3084e+06
5554.1703 10.1659 1.2569e+06
5568.9603 18.7130 1.3320e+06
5570.4803 11.9001 1.3233e+06
5573.9903 13.0449 1.2305e+06
5580.5203 10.3892 7.2393e+05
5587.3403 13.9903 1.3694e+06
5589.7503 18.3145 1.3154e+06
5591.2003 13.4920 9.6893e+05
5600.3003 12.6747 1.2696e+06
5603.9703 21.4562 1.3956e+06
5607.2203 17.1663 1.7616e+06
5612.0603 14.5979 1.4627e+06
5613.7703 12.5686 1.4627e+06
5628.6903 15.8609 1.5574e+06
5631.8303 23.5705 1.5860e+06
5635.0003 18.8225 1.4576e+06
5641.7203 18.7309 7.7459e+05
5648.3903 20.8454 1.4931e+06
5651.5403 14.3169 1.2758e+06
5658.4203 21.2097 1.5002e+06
5662.6803 21.7269 1.8030e+06
5667.7503 13.8046 1.0685e+06
5673.3103 17.8074 1.1329e+06
5677.5403 13.0386 5.7572e+05
5689.2303 24.8492 1.3190e+06
5696.5803 22.7401 1.6057e+06
5700.4903 17.9896 1.4886e+06
5704.7403 16.1490 1.5036e+06
5708.6503 11.4787 8.2639e+05
5715.2003 18.4349 1.2530e+06
5724.1103 12.3529 7.7522e+05
5730.1503 21.4254 1.5255e+06
5732.5503 16.2259 1.5255e+06
5748.0504 25.6798 2.2036e+06
5751.6104 21.8706 2.0794e+06
5756.5604 17.2127 1.6005e+06
5774.3604 25.3463 2.3709e+06
5779.0104 16.3418 1.8580e+06
5793.2304 17.9028 9.4727e+05
5823.9404 18.8778 3.9655e+05
5838.0004 26.8334 2.1746e+06
5841.8804 16.3002 1.6220e+06
5848.4104 20.3350 1.6509e+06
5857.6404 21.4245 9.0183e+05
5870.7804 23.9498 1.6019e+06
5875.4704 17.5175 1.4014e+06
5880.9804 16.1625 9.8561e+05
5888.0904 21.1145 1.5084e+06
5890.9704 13.6975 1.0278e+06
5896.9904 11.1443 6.6472e+05
5919.2604 19.2739 6.4764e+05
5938.1004 25.5635 2.5512e+06
5942.1404 20.6134 2.2412e+06
5946.0204 15.9429 2.1188e+06
5951.4404 19.6392 2.2960e+06
5955.8304 16.1589 1.8738e+06
5968.3604 19.9507 9.1711e+05
5974.2704 22.8541 1.8248e+06
5978.3604 19.6771 1.7059e+06
5989.8404 24.0961 1.7424e+06
5994.9004 13.4619 1.1920e+06
6017.8504 25.8307 1.9395e+06
6021.2204 12.4151 1.5057e+06
6036.3404 24.2097 1.5499e+06
6041.7904 22.2452 2.4101e+06
6044.7804 13.8355 2.1481e+06
6054.5404 23.3834 1.5075e+06
6061.4304 17.9977 1.9659e+06
6065.2004 14.6728 1.8595e+06
6069.7904 16.9850 1.6688e+06
6072.5504 10.0711 1.3572e+06
6084.3304 18.3546 1.7086e+06
6087.7704 16.0600 1.4327e+06
6091.8004 14.3638 1.3423e+06
6095.4404 10.3429 9.5203e+05
6111.7504 24.1857 1.2998e+06
6120.1804 11.2945 2.0531e+06
6120.5404 19.4312 1.9784e+06
6123.6704 16.4633 2.0821e+06
6127.0404 10.5733 1.7540e+06
6132.1304 17.7083 2.3592e+06
6145.2404 25.9351 2.0064e+06
6148.2304 15.0401 1.7473e+06
6163.6504 24.3169 1.8026e+06
6167.9304 17.1061 1.3405e+06
6174.7704 14.4251 1.4843e+06
6185.8304 25.7710 1.6454e+06
6190.1104 17.9737 1.4644e+06
6194.3004 17.0330 1.7622e+06
6197.9704 15.1757 1.5627e+06
6218.0804 23.2429 1.2476e+06
6218.9004 10.8128 1.0795e+06
6231.0904 13.0327 5.3544e+05
6238.7704 21.1714 1.3461e+06
6245.3904 17.2004 2.5052e+06
6249.5204 17.7061 2.5052e+06
6255.4604 17.5580 2.7680e+06
6257.9404 12.2461 2.7680e+06
6278.3304 19.6023 1.9334e+06
6280.2904 20.9803 2.0986e+06
6282.7604 15.5566 1.9728e+06
6294.1504 24.7138 2.2068e+06
6297.2104 16.5183 2.2954e+06
6300.2104 15.6878 2.2954e+06
6303.0104 10.3690 2.0074e+06
6307.6804 14.3931 2.7477e+06
6309.9704 12.0462 2.6657e+06
6313.7204 11.3363 1.8379e+06
6326.5404 18.4318 7.7808e+05
6331.4704 19.1580 2.4542e+05
6344.8104 21.4757 3.7872e+05
6349.7904 24.5040 1.3411e+06
6351.8904 15.7906 1.5092e+06
6354.3504 13.9267 1.5092e+06
6356.9904 12.0102 1.3418e+06
6367.8704 17.0595 2.2604e+06
6370.7604 16.8712 2.4308e+06
6374.4604 16.5864 2.4308e+06
6380.5704 21.8796 3.0373e+06
6384.6604 19.4697 3.0373e+06
6388.6204 13.1728 2.2662e+06
6402.3004 24.9129 2.5409e+06
6406.2004 12.6250 1.9858e+06
6409.6304 18.8405 1.6745e+06
6423.3104 23.4849 1.1435e+06
6425.9104 15.4850 1.0828e+06
6436.2104 24.1497 1.1749e+06
6438.6904 14.7387 1.1778e+06
6441.5204 14.1646 1.4307e+06
6444.6504 18.2434 1.6537e+06
6447.4904 15.8152 1.6537e+06
6452.2704 15.5674 2.3460e+06
6455.4304 16.3282 2.3460e+06
6458.7704 14.0037 2.3642e+06
6462.3004 17.3645 2.3642e+06
6474.8404 24.1470 1.9771e+06
6477.5204 11.1160 2.4477e+06
6480.4504 19.2638 2.4477e+06
6482.8504 11.2778 1.8747e+06
6486.2704 18.8223 1.5709e+06
6500.4704 24.9219 2.8217e+06
6504.0004 20.3345 2.8217e+06
6516.6804 24.2526 1.2099e+06
6518.9004 12.1002 1.1349e+06
6520.2404 10.7881 1.0557e+06
6529.9204 24.0927 1.8736e+06
6534.0704 17.4012 1.6875e+06
6536.7304 14.3787 1.5564e+06
6539.9204 13.5248 1.1897e+06
6544.9104 17.9545 1.5844e+06
6547.6504 10.8143 1.2895e+06
6549.6804 11.9024 1.2088e+06
6566.6204 25.5676 2.3377e+06
6569.1604 16.0108 2.3817e+06
6573.3204 18.8112 2.3619e+06
6577.2404 15.2335 2.5554e+06
6581.2304 16.2188 2.6541e+06
6584.6304 15.7213 2.5522e+06
6606.5004 23.3916 3.1221e+06
6610.6804 18.0084 3.2029e+06
6614.4304 17.0324 3.0009e+06
6619.0604 16.0775 3.0105e+06
6640.1104 17.8165 2.3913e+06
6648.0404 19.1241 3.1761e+06
6652.6804 14.5118 3.0417e+06
6657.9404 20.4886 3.0448e+06
6661.6104 15.0844 2.4445e+06
6664.7604 11.3428 2.3777e+06
6667.1704 16.2825 2.3777e+06
6675.3104 20.2250 2.5384e+06
6680.0304 17.8781 2.0440e+06
6683.6104 14.5906 2.1304e+06
6687.4304 13.1748 2.8464e+06
6691.3904 17.8777 2.8464e+06
6697.9804 10.9909 2.1556e+06
6702.7104 12.8207 2.4335e+06
6719.1404 24.9227 3.3580e+06
6720.7404 11.9164 3.3580e+06
6723.4004 13.1888 3.8105e+06
6726.1304 12.7681 3.8105e+06
6729.4104 13.4541 2.2439e+06
6732.8304 16.9973 2.1604e+06
6737.2504 16.4948 2.2461e+06
6739.9004 14.5277 2.2461e+06
6747.4604 18.2593 1.4144e+06
6749.8504 17.2284 1.4225e+06
6752.1804 14.6157 1.4555e+06
6756.0304 14.0326 1.2442e+06
6797.5804 12.6246 2.5782e+05
6825.4004 24.6312 1.3494e+06
6830.1004 23.8867 1.6525e+06
6832.9404 17.8385 1.6296e+06
6836.1604 16.6990 1.6188e+06
6840.1304 16.5791 1.4791e+06
6845.7404 19.6162 1.4611e+06
6848.1804 10.8098 1.7388e+06
6850.9404 18.5421 1.8412e+06
6853.7404 15.6251 1.8634e+06
6856.6004 11.8219 1.3389e+06
6868.2504 24.9941 1.6348e+06
6871.3604 19.5770 1.6987e+06
6874.3304 14.2557 1.4909e+06
6878.9404 15.4249 1.5227e+06
6882.7704 12.5832 1.4662e+06
6893.1904 11.9396 4.1445e+05
6899.0104 25.0853 2.5821e+06
6901.2104 12.3454 2.2172e+06
6906.8504 13.8503 1.7366e+06
6935.1504 18.7509 1.0718e+06
6939.0504 13.0658 9.8198e+05
6948.6604 18.5500 1.1158e+06
6955.0704 16.7178 1.4550e+06
6972.2404 15.5673 2.3853e+06
6987.0204 10.8796 2.4769e+06
6998.8004 13.7383 3.1032e+06
7002.6904 10.2041 2.7801e+06
7012.6904 12.0042 1.7148e+06
7036.6804 24.1982 2.3690e+06
7040.7204 14.8818 2.1668e+06
7048.4704 19.6110 2.3258e+06
7056.2804 21.5272 2.2634e+06
7075.1204 11.5698 2.3783e+06
7079.7004 15.3111 2.0994e+06
7085.7404 16.2723 1.5656e+06
7091.6304 18.0704 1.4342e+06
7109.0704 23.7067 1.2497e+06
7113.4104 15.7500 8.6157e+05
7127.5604 25.4484 1.6934e+06
7133.6204 18.5088 1.2156e+06
7138.3704 19.0025 2.6103e+06
7147.6604 23.0469 1.5113e+06
7152.2604 20.2089 1.3371e+06
7157.2204 18.0615 1.5500e+06
7161.5304 18.5070 1.6261e+06
7164.3104 13.2102 1.4655e+06
7167.1604 15.4451 1.3523e+06
7189.8004 24.6130 1.8575e+06
7193.3804 19.2487 2.2759e+06
7197.4604 17.3531 2.2502e+06
7202.3004 19.2159 1.9572e+06
7207.5604 17.8683 2.3827e+06
7211.6304 18.8727 2.3827e+06
7216.2104 19.0569 2.0030e+06
7222.1904 11.3339 1.4302e+06
7227.8004 22.5841 1.6547e+06
7231.6704 18.6802 1.4819e+06
7237.9404 17.9561 1.3483e+06
7262.3104 24.0918 2.0375e+06
7265.2504 19.6007 2.4188e+06
7269.1604 12.6043 2.3813e+06
7274.3404 14.6744 9.4396e+05
7291.1204 14.3258 1.7345e+06
7291.7204 18.5090 1.7345e+06
7309.5604 11.8212 1.3212e+06
7320.8404 15.4860 1.1295e+06
7330.2604 22.2533 1.9297e+06
7334.7404 13.7087 1.9246e+06
7338.6504 18.1027 2.1540e+06
7342.8104 18.2708 2.2779e+06
7346.7804 16.8780 2.2648e+06
7354.8404 23.7269 2.3709e+06
7381.7105 20.7717 2.0812e+06
7390.1205 12.7847 1.5269e+06
7423.1605 19.4677 2.0724e+06
7426.9505 16.6246 1.9953e+06
7446.0005 10.5546 1.7574e+06
7449.7805 21.3623 1.7574e+06
7475.9505 24.0009 2.2102e+06
7479.9105 13.6894 1.1697e+06
7491.3905 26.0914 2.4908e+06
7496.5305 14.1877 1.0578e+06
7501.4005 18.0913 1.8370e+06
7505.4905 16.7952 1.4280e+06
7543.2405 19.6855 1.6326e+06
7545.3405 25.1971 2.2988e+06
7548.7405 19.9674 2.5040e+06
7551.5305 17.8793 2.7685e+06
7554.4405 15.3665 2.7788e+06
7557.2605 15.3686 2.6524e+06
7561.7505 10.5556 1.9137e+06
7576.7905 10.6345 1.2458e+06
7579.4905 22.0211 1.1909e+06
7584.4005 18.9514 1.4401e+06
7609.8005 25.3576 2.1115e+06
7616.1105 21.6408 2.5461e+06
7622.6105 21.4550 1.6281e+06
7626.5105 17.6098 1.6876e+06
7630.0905 15.9105 1.8216e+06
7633.3405 15.3682 1.7938e+06
7638.8905 12.1155 1.5723e+06
7644.3705 13.7681 1.0749e+06
7648.7105 21.5977 1.5859e+06
7654.3205 17.8633 1.4526e+06
7659.8905 21.9065 1.4511e+06
7663.1905 17.9035 1.4337e+06
7684.1905 24.8696 1.2378e+06
7713.7805 18.5569 1.3419e+06
7722.0005 18.5839 1.4481e+06
7727.5405 10.5559 1.2456e+06
7731.9505 12.7115 5.1043e+05
7739.8905 11.9887 6.5468e+06
7741.5405 23.1805 7.0729e+06
7745.0605 20.2553 3.1484e+06
7772.8805 24.7400 2.6518e+06
7776.6405 14.5462 2.6546e+06
7779.9205 16.0190 2.5580e+06
7785.4205 20.9787 1.7872e+06
7795.0005 19.0404 1.4764e+06
7799.7905 17.6670 1.4423e+06
7830.9705 21.9223 1.6153e+06
7838.0205 22.1305 1.4985e+06
7845.9205 22.1055 1.7387e+06
7850.7405 18.4329 1.4436e+06
7856.2505 20.4167 1.6403e+06
7862.6405 14.4599 7.2807e+05
7872.3805 25.3210 1.7927e+06
7877.5505 20.7979 2.3665e+06
7882.9305 17.0808 1.4864e+06
7887.2405 15.4677 2.1523e+06
7889.6305 10.4019 2.0051e+06
7910.3105 24.5585 1.9870e+06
7915.9905 18.6580 1.2646e+06
7926.0805 20.1269 1.7937e+06
7932.0805 17.0834 1.5873e+06
7936.8405 19.5655 1.6004e+06
7940.2005 15.7233 1.8137e+06
7943.9605 16.8861 1.8156e+06
7946.3605 11.4325 1.5414e+06
7961.1805 22.1061 1.6326e+06
7972.4205 19.4095 1.8853e+06
7973.2305 23.9446 1.8853e+06
7978.1105 16.6666 1.6417e+06
7982.8805 12.6627 1.6164e+06
7987.5905 17.1598 2.1339e+06
7991.6905 15.3991 2.1228e+06
8029.9305 18.8502 1.2342e+05
8050.7605 16.2076 3.6146e+05
8066.8205 26.7151 1.9826e+06
8069.7005 17.7332 1.9077e+06
8082.1305 21.7948 1.2009e+06
8084.4605 13.1251 1.1579e+06
8090.9905 21.2103 1.0723e+06
8103.8405 12.4137 1.0514e+05
8119.1305 19.5782 1.2819e+06
8122.1505 15.2502 9.3042e+05
8126.9305 15.9202 1.2811e+06
8146.6305 24.8119 1.6496e+06
8158.1105 23.7301 1.1171e+06
8161.7305 16.0382 6.3020e+05
8166.0805 18.2132 1.1315e+06
8176.2105 19.1175 1.5641e+06
8191.4905 25.3428 1.5040e+06
8199.9405 18.3909 1.5945e+06
8202.2205 12.6032 1.5496e+06
8204.4505 12.8151 1.8173e+06
8206.7705 13.4521 1.8173e+06
8217.9605 18.7593 5.8014e+05
8226.0205 17.5044 1.0365e+06
8227.9905 10.6565 1.0365e+06
8229.0605 10.4881 1.0821e+06
8231.3505 10.2581 9.8217e+05
8244.3505 18.2513 1.5602e+06
8249.0205 13.7382 2.1445e+06
8251.5805 15.2865 2.1445e+06
8259.8405 13.6359 2.2799e+06
8263.6205 10.9557 1.9260e+06
8265.4705 12.9272 1.2922e+06
8274.4305 20.1210 1.9848e+06
8279.4005 17.4528 2.5010e+06
8286.8005 10.9881 3.1631e+05
8297.3605 21.5544 3.2333e+06
8297.8805 18.8766 3.2333e+06
8300.0605 11.1674 2.8406e+06
8309.8305 14.1303 3.0468e+06
8312.5105 13.5954 2.0147e+06
8320.9705 10.7388 2.5633e+06
8321.9505 13.2371 2.5621e+06
8325.3905 15.6877 2.4971e+06
8328.2405 12.9349 1.9659e+06
8331.5505 17.9468 1.3603e+06
8353.7505 17.6245 2.5585e+06
8356.0705 12.7620 2.6418e+06
8357.2905 21.5997 2.6418e+06
8359.9305 12.7891 2.8552e+06
8362.3305 12.3499 2.8422e+06
8377.8205 11.5769 1.1341e+06
8379.6905 17.1911 6.9347e+05
8381.7205 11.3336 4.0211e+05
8392.6405 16.3535 6.2531e+05
8399.5505 25.1723 2.9719e+06
8404.1305 17.3744 2.2678e+06
8408.0305 17.5022 2.0912e+06
8422.3705 24.3558 3.1356e+06
8424.9805 15.7684 3.1251e+06
8433.8605 16.7170 1.6543e+06
8439.7305 11.2947 9.7081e+05
8452.8005 22.4203 1.7549e+06
8462.9405 17.5099 2.5820e+06
8466.9505 21.8310 2.6479e+06
8469.1705 13.6853 2.1144e+06
8474.7705 19.2652 1.8466e+06
8492.0505 26.1979 2.0326e+06
8494.3705 10.5302 2.5497e+06
8497.1805 17.4713 2.5497e+06
8518.8705 25.5531 2.7931e+06
8521.8105 13.9359 1.6649e+06
8534.5205 22.7012 3.1030e+06
8538.0405 16.5650 3.1030e+06
8543.6205 18.8951 2.8851e+06
8547.2805 14.8162 2.6007e+06
8550.4305 15.1870 2.6007e+06
8554.8705 14.1572 3.0992e+06
8558.6505 16.2496 3.0992e+06
8562.0905 11.2837 2.5857e+06
8569.3005 14.7268 2.8470e+06
8596.7105 19.0380 6.4338e+05
8603.1705 25.0585 1.6295e+06
8607.5305 19.6698 1.5954e+06
8615.9505 22.7827 2.1561e+06
8618.8005 10.9809 2.1561e+06
8625.0305 21.9919 2.7687e+06
8628.3805 17.2991 2.7098e+06
8632.0405 14.0815 2.6597e+06
8641.6305 20.7390 1.5390e+06
8664.8105 26.3383 1.5180e+06
8677.1505 25.1586 1.5860e+06
8681.2205 17.3737 1.4199e+06
8690.4405 21.4207 1.3673e+06
8695.7805 16.4182 9.4404e+05
8701.7705 20.5947 1.5122e+06
8704.8105 14.9681 1.2972e+06
8714.4905 20.9483 2.4774e+06
8717.4505 17.2647 2.4774e+06
8720.1205 17.9042 1.3425e+06
8726.3805 20.3613 1.7367e+06
8733.9605 19.0155 2.4436e+06
8736.4005 21.4851 2.4436e+06
8742.2205 16.6061 1.5652e+06
8748.5205 22.4639 2.3555e+06
8753.7705 20.5467 2.2832e+06
8774.6405 26.4640 1.5204e+06
8779.8005 21.9901 2.2712e+06
8784.5705 16.7662 2.1190e+06
8789.0305 16.6098 1.7349e+06
8793.7705 19.1950 1.9198e+06
8798.5305 18.7950 1.6434e+06
8802.4605 15.5919 1.5851e+06
8805.4805 11.7429 1.4904e+06
8809.4605 13.2025 1.2999e+06
8811.8705 13.5066 1.2127e+06
8823.8405 24.3495 1.2876e+06
8832.5905 25.2199 2.4891e+06
8837.4205 19.5763 2.4353e+06
8847.7005 14.9677 7.6188e+05
8858.9705 24.7658 1.6271e+06
8863.2905 18.6383 1.5736e+06
8870.0305 20.9237 2.2312e+06
8873.9505 17.1903 2.2312e+06
8879.0905 19.8619 2.3417e+06
8901.4305 23.7607 1.5019e+06
8909.5005 21.1058 1.7297e+06
8916.7605 21.6245 1.9662e+06
8921.2105 20.1809 2.0104e+06
8925.0705 11.2703 9.1645e+05
8930.9805 10.4065 1.3167e+06
8936.0105 24.1886 1.9024e+06
8951.3705 25.0790 1.9571e+06
8955.5905 20.6362 2.3815e+06
8959.6105 19.4361 2.3815e+06
8964.7205 15.2524 1.0961e+06
8980.0305 12.5691 1.5270e+05
8992.5005 25.7794 1.3520e+06
9004.4705 26.0935 2.0825e+06
9010.8705 22.2502 1.8352e+06
9016.5206 22.1453 2.4286e+06
9023.8406 21.4279 2.5799e+06
9027.2206 14.2711 2.2557e+06
9032.0306 18.2183 2.4951e+06
9036.4206 16.1741 2.0311e+06
9040.0606 10.3232 1.3115e+06
9055.1106 19.3258 2.6593e+06
9058.4706 15.2002 1.8386e+06
9061.1806 15.1652 1.7480e+06
9066.0706 16.0074 1.4296e+06
9077.8306 22.5668 2.9124e+06
9081.3806 19.6964 2.9124e+06
9085.4106 10.3311 1.8863e+06
9090.2406 12.4590 9.2872e+05
9096.7906 24.1126 1.6506e+06
9099.9806 17.8341 1.8394e+06
9103.6906 15.5846 1.7720e+06
9113.7206 21.8491 2.0048e+06
9117.3306 12.5751 2.1444e+06
9121.4006 16.6064 2.0763e+06
9132.7906 10.8944 1.6858e+05
9142.0306 25.5027 1.9366e+06
9144.8606 19.0963 2.0069e+06
9159.1906 24.0400 1.9333e+06
9162.2406 18.2373 2.3537e+06
9165.3406 16.0951 2.3537e+06
9169.6506 17.9126 2.6730e+06
9197.6606 14.8465 1.0454e+06
9198.3606 16.0155 1.0454e+06
9198.9706 14.3092 5.6046e+05
9199.5306 18.1443 5.0913e+05
9231.1006 16.5250 1.6362e+05
9333.5206 16.7116 1.7400e+05
9395.2606 16.0645 1.0324e+05
9437.1106 12.0989 1.3395e+06
9438.3706 19.8585 3.3158e+06
9438.9006 14.4729 3.3158e+06
9441.6306 16.0810 1.4239e+06
9488.8606 14.3727 2.5146e+05
9493.9706 10.4677 1.5125e+06
9494.5306 17.3668 1.5125e+06
9495.7006 10.7521 5.0489e+06
9499.1206 12.0229 1.3225e+06
9512.2606 12.8651 1.9327e+05
9512.8606 14.8351 2.0894e+05
9516.9706 20.0997 6.5309e+07
9518.5306 26.6936 6.5309e+07
9561.5506 13.6094 7.4864e+05
9572.6306 23.7481 2.4336e+06
9575.1006 17.6077 2.4085e+06
9578.6006 16.4893 2.2660e+06
9582.0806 14.3782 1.9766e+06
9585.8506 11.8515 1.6573e+06
9589.0906 11.5037 1.6573e+06
9593.4906 12.1507 1.3153e+06
9607.5006 22.7912 2.3209e+06
9610.8506 16.4718 2.0381e+06
9615.3406 14.5235 1.2669e+06
9620.8106 18.0812 2.0981e+06
9623.6806 17.1188 2.0873e+06
9641.4906 25.1933 2.9360e+06
9644.1306 21.1349 2.9360e+06
9646.7906 14.8117 2.5970e+06
9649.5406 16.2354 2.5737e+06
9653.4006 14.2198 1.4444e+06
9665.4006 24.5173 2.5036e+06
9668.7006 10.6913 2.1498e+06
9671.4906 14.8217 2.2851e+06
9674.6006 16.4067 2.3247e+06
9678.0106 15.3515 2.0306e+06
9696.8506 23.9528 2.6078e+06
9704.9006 19.8356 2.7184e+06
9708.5906 14.8815 2.1237e+06
9720.1906 16.7179 1.9214e+06
9734.0206 19.7121 3.2055e+06
9737.5706 16.8709 3.2055e+06
9747.4606 14.1133 1.7276e+06
9753.9706 17.7603 2.4986e+06
9757.8906 19.8596 2.7774e+06
9761.2106 15.5082 2.7774e+06
9764.7606 13.3123 1.8215e+06
9768.1606 10.6877 1.3017e+06
9772.0206 18.7270 1.4102e+06
9782.6506 22.5965 2.3296e+06
9785.7206 19.1719 1.7490e+06
9790.6406 15.1708 2.3535e+06
9793.7006 13.3041 1.5372e+06
9803.9006 24.5859 2.5896e+06
9807.7106 17.9628 2.4794e+06
9813.9406 17.2601 2.2614e+06
9817.7206 16.3720 1.5758e+06
9822.3606 10.5226 1.1782e+06
9833.1006 24.9595 1.9540e+06
9840.1506 21.2812 2.4109e+06
9843.5006 19.7831 2.4109e+06
9850.2306 20.3866 2.0742e+06
9853.9406 16.2449 1.9336e+06
9857.6406 10.9366 1.4616e+06
9867.7706 23.5365 2.4066e+06
9870.8806 17.2522 2.3451e+06
9879.8406 23.5603 1.6986e+06
9885.4806 19.4931 2.3132e+06
9888.4606 16.0715 1.7856e+06
9907.6306 21.9119 1.4421e+06
9908.3006 11.0049 1.4421e+06
9915.7206 21.7334 3.3287e+06
9916.5106 12.1757 3.0016e+06
9924.8306 13.8083 3.1220e+06
9928.2606 21.5017 2.9862e+06
9929.2206 13.2109 2.9397e+06
9939.5706 23.6252 1.3055e+06
9953.3106 24.1025 2.1754e+06
9957.0006 20.2247 2.0505e+06
9960.6406 18.5131 2.0133e+06
9967.9406 18.7781 1.6796e+06
9982.5306 25.2017 1.5504e+06
9987.1306 19.0602 1.4663e+06
9993.8506 22.2183 1.7747e+06
10002.5506 23.8561 1.8188e+06
10005.9406 17.4932 2.3921e+06
10010.0406 16.7121 2.2587e+06
10018.0306 21.2065 1.8019e+06
10022.4306 10.7312 1.0330e+06
10035.6506 25.9036 1.4712e+06
10042.6506 19.5946 1.7818e+06
10052.6106 22.5655 1.5947e+06
10056.0406 20.8516 1.5559e+06
10064.8906 22.1082 1.4651e+06
10077.5706 12.7329 3.3509e+05
10086.1906 26.8734 1.7408e+06
10089.8106 18.8290 1.7109e+06
10093.1306 18.2765 1.5060e+06
10098.6706 18.7441 1.6204e+06
10108.7206 23.3406 1.5189e+06
10113.3306 18.7779 2.1494e+06
10118.6306 21.3185 2.1080e+06
10124.6906 20.4964 1.9614e+06
10133.4606 21.7486 2.1356e+06
10138.5406 18.2571 1.3264e+06
10144.0206 21.3640 1.9238e+06
10147.5206 16.3930 1.8634e+06
10150.6806 10.1195 1.0108e+06
10158.7506 23.9978 1.6601e+06
10162.0506 17.2774 1.4941e+06
10166.9206 14.0507 1.3657e+06
10189.7606 13.3224 1.2439e+06
10190.8806 15.2028 1.2439e+06
10207.8606 21.6051 1.1870e+06
10214.9106 21.9058 1.2740e+06
10225.1306 23.5827 1.3917e+06
10231.8206 16.7171 1.0962e+06
10243.6706 21.4151 1.4251e+06
10245.7606 20.7636 1.3003e+06
10255.4506 20.7211 1.0953e+06
10260.8106 18.7031 9.7882e+05
10267.6806 15.4441 1.2430e+06
10268.9006 13.4498 1.2430e+06
10271.4106 15.6307 1.2430e+06
10278.9006 20.6452 1.1987e+06
10283.8806 17.4344 1.2378e+06
10284.4106 14.2280 1.2325e+06
10331.3206 15.2476 9.0783e+05
10336.5906 15.3962 1.3159e+06
10341.1706 11.2258 1.3103e+06
10347.7506 16.3704 1.0077e+06
10354.7006 20.3852 1.3248e+06
10359.1506 13.8503 1.2403e+06
10365.8406 18.1845 1.8028e+06
10376.5106 18.2392 1.2986e+06
10382.4206 14.0489 1.3007e+06
10384.3906 12.9289 1.3007e+06
10386.0206 11.1898 1.2263e+06
10392.5206 15.6638 1.5829e+06
10397.2006 15.8830 1.1669e+06
10406.6806 18.4213 1.1426e+06
10416.6406 12.9919 1.0311e+06
10419.8606 16.2910 4.6018e+06
10421.2606 12.7250 4.6018e+06
10422.5806 17.7637 4.3409e+06
10423.7106 11.4511 3.3867e+06
10434.9806 17.8430 1.8732e+06
10437.2206 15.2241 1.8041e+06
10439.9206 14.1370 1.7767e+06
10443.3606 14.2767 1.5790e+06
10446.5206 13.1343 1.3213e+06
10454.4106 18.4343 1.4209e+06
10461.1806 20.5294 1.8993e+06
10464.1206 17.1083 1.5576e+06
10467.5706 15.1957 1.1927e+06
10475.4006 15.1375 1.9761e+06
10477.3306 17.4223 1.9923e+06
10479.7106 14.1514 2.7559e+06
10482.5406 15.7283 2.7347e+06
10486.0806 13.3196 2.5015e+06
10492.4606 12.7142 2.7434e+06
10503.1406 19.3570 1.9230e+06
10511.0106 21.3681 1.2648e+06
10515.8906 20.2715 1.9231e+06
10520.7006 18.1074 1.4132e+06
10524.8106 10.7274 1.5103e+06
10527.6106 11.3537 1.7000e+06
10528.3406 10.2306 1.7000e+06
10529.0706 10.1037 1.2086e+06
10550.0706 17.0532 2.1235e+06
10550.8006 11.3024 2.1235e+06
10565.0906 13.1068 2.2631e+06
10567.4206 11.9620 2.5337e+06
10571.4606 12.0285 2.4666e+06
10592.4506 15.1940 1.5414e+06
10597.2006 16.5436 3.0795e+06
10647.8306 11.4107 1.7465e+06
10660.4307 10.1759 2.8542e+06
10663.0007 10.8982 2.3760e+06
10670.8807 17.5939 2.0604e+06
10694.7607 23.2315 1.7427e+06
10701.4107 21.3028 1.7223e+06
10704.9907 18.5555 1.6728e+06
10715.2307 16.8119 1.5710e+06
10719.3907 14.0625 1.5395e+06
10723.0507 14.8540 1.2781e+06
10727.4407 19.8053 1.3644e+06
10731.3607 17.1367 1.6063e+06
10734.7807 10.6442 1.4490e+06
10739.0007 12.8134 1.0179e+06
10747.2607 22.6661 2.3494e+06
10749.8507 12.7530 2.1534e+06
10758.2907 17.6359 1.9119e+06
10759.6007 13.7004 1.9119e+06
10769.7407 18.4960 1.7980e+06
10793.5407 16.7737 8.1252e+05
10802.9907 25.2164 1.3819e+06
10812.0507 25.3522 1.9420e+06
10814.8807 11.2507 1.2734e+06
10828.2107 26.7933 1.9995e+06
10835.0807 21.1172 1.8954e+06
10841.2907 20.1145 1.8549e+06
10844.2707 16.9026 1.6473e+06
10852.9407 24.2488 1.8345e+06
10856.1107 17.6380 2.1968e+06
10859.3807 16.0485 2.1615e+06
10862.9707 16.8055 1.8696e+06
10873.2007 10.1883 1.2806e+05
10918.8807 11.3803 1.5180e+05
10982.0807 14.3155 1.3233e+06
10986.3907 26.2153 1.8203e+06
10989.1107 14.0567 1.8083e+06
10991.6707 16.0192 2.2618e+06
10994.8607 15.3608 2.2866e+06
10998.1607 14.9757 2.2519e+06
11001.5407 12.9143 1.9906e+06
11008.4107 10.6568 2.0117e+06
11010.8707 13.2028 1.8779e+06
11021.9507 23.4466 2.0776e+06
11026.7807 19.1808 2.0913e+06
11062.0107 26.8538 2.0895e+06
11067.2307 21.1072 2.1870e+06
11089.9307 24.3497 1.0377e+06
11092.0807 15.6577 7.2146e+05
11097.2007 19.3410 2.0618e+06
11100.3007 18.9121 2.0668e+06
11104.3807 14.3062 1.8634e+06
11107.1407 16.1679 1.8415e+06
11124.6907 19.3536 1.4631e+06
11132.7107 10.6567 1.8044e+06
11138.8607 14.6926 2.0467e+06
11144.3507 20.5550 1.8641e+06
11150.2407 21.2482 1.8386e+06
11153.7407 15.6058 1.5813e+06
11159.4807 10.8516 2.7315e+06
11161.9707 16.4679 1.9715e+06
11163.4107 12.7485 2.4798e+06
11170.7907 16.9756 1.1521e+06
11186.9607 25.3546 1.4842e+06
11191.4807 19.9268 1.2496e+06
11204.6707 24.6796 1.7308e+06
11208.2007 18.0752 2.2064e+06
11211.2007 16.5633 2.0385e+06
11216.0107 21.3457 2.0532e+06
11219.9107 13.4633 1.7724e+06
11223.8107 12.6412 2.4061e+06
11227.4507 18.8536 2.1745e+06
11232.0707 12.8132 2.0534e+06
11236.0707 20.7134 2.0534e+06
11241.4507 20.1914 1.9158e+06
11246.1607 18.9251 1.5419e+06
11253.1407 20.1111 1.8510e+06
11256.7007 16.0030 2.3464e+06
11260.2107 17.4910 2.1216e+06
11264.6607 16.1205 2.7658e+06
11268.6007 16.1391 1.9280e+06
11274.8207 22.3927 1.8875e+06
11278.6507 11.8354 1.5375e+06
11358.5207 13.5664 2.7525e+05
11389.7907 24.4386 1.3475e+06
11406.4607 10.7516 1.3337e+06
11407.9207 20.8992 1.4264e+06
11410.7307 15.7237 1.2490e+06
11414.4807 13.8260 7.8523e+05
11427.0007 18.1430 1.8502e+06
11432.7207 19.8977 1.9253e+06
11440.4807 13.0069 1.2741e+06
11454.4707 11.3520 1.7261e+06
11457.1607 11.6323 1.6823e+06
11459.6907 10.9868 1.3513e+06
11495.7307 10.4277 1.1304e+06
11498.4107 21.8943 1.3514e+06
11501.5907 16.7811 1.4115e+06
11504.9407 16.8985 1.5155e+06
11508.5007 15.0612 1.5644e+06
11512.3507 14.5937 1.6595e+06
11515.5007 15.3826 1.4324e+06
11519.1807 14.7966 1.4608e+06
11532.6207 13.1393 1.5255e+06
11535.1807 12.6723 1.6458e+06
11537.7807 10.0986 1.0575e+06
11542.7507 12.5525 1.7441e+06
11549.3107 16.7649 1.2259e+06
11563.1907 22.5831 5.4932e+06
11563.9707 24.8405 5.4932e+06
11608.7107 11.6824 1.1600e+06
11626.3807 14.0177 1.2478e+06
11626.9807 10.8324 1.2478e+06
11670.7807 16.5250 6.0703e+05
11680.6407 10.2398 4.8358e+05
11687.1107 15.2516 9.9311e+05
11698.2407 10.0451 1.0396e+06
11718.3707 17.7259 1.1625e+06
11726.2807 11.9692 6.8549e+05
11748.4107 12.2368 1.3302e+06
11752.7307 12.1289 2.5025e+06
11753.4207 18.6072 2.5025e+06
11754.0707 22.4508 2.4355e+06
11767.0407 13.1494 4.9319e+06
11768.2307 24.9404 4.9319e+06
11788.4807 17.0939 2.2529e+06
11792.5107 16.9180 1.6056e+06
11810.6607 16.5796 1.6270e+06
11820.4207 16.5017 2.2307e+06
11823.5007 13.3023 2.4012e+06
11827.6107 14.9335 2.0871e+06
11834.2407 22.3495 1.2986e+06
11836.9207 16.0042 1.3719e+06
11838.9207 14.7855 1.3323e+06
11841.3907 13.0281 1.4931e+06
11844.4607 13.2563 1.1511e+06
11852.8207 16.8061 2.5878e+06
11857.6207 19.8933 2.8969e+06
11860.8907 14.8862 2.1513e+06
11875.5607 21.6085 1.5276e+06
11878.4507 15.4574 1.5129e+06
11882.5007 11.1899 1.7030e+06
11886.4507 10.1358 1.7030e+06
11889.6307 10.4794 1.4860e+06
11895.4007 10.9151 1.1348e+06
11905.9907 12.4780 9.6729e+05
11907.8907 19.0329 1.6774e+06
11921.5307 14.7276 1.2251e+06
11926.7707 10.3702 1.4937e+06
11936.2607 11.5894 1.2641e+06
11938.1707 17.2479 1.4502e+06
11950.5707 13.1584 3.1653e+06
11954.1807 10.2006 3.0826e+06
11973.1607 14.5813 2.2956e+06
11975.7507 12.8291 2.3374e+06
11978.7007 16.5829 2.2389e+06
11988.8707 13.2584 1.1847e+06
11999.6107 18.2424 1.1305e+07
12001.9107 10.5666 1.1305e+07
12003.3107 24.9600 1.1305e+07
12024.8507 19.5375 1.9584e+06
12032.3107 17.3844 1.2032e+06
12034.8407 17.2465 1.5034e+06
12037.0807 17.6444 1.6428e+06
12040.3107 11.2125 1.6384e+06
12043.5707 12.9352 1.0716e+06
12100.9307 22.8390 8.5717e+06
12124.4807 19.2518 1.5529e+06
12131.8407 19.0215 1.2728e+06
12134.3607 19.6231 1.5108e+06
12142.5307 19.9967 7.7603e+06
12143.1607 23.2435 5.0455e+06
12161.2407 15.0441 1.5429e+06
12164.4507 12.3579 1.1212e+06
12172.3607 12.1581 1.4248e+06
12176.8107 17.3710 1.2828e+06
12182.5407 19.1180 8.7707e+05
12194.7107 23.4125 2.1808e+06
12202.7307 12.8661 1.4744e+06
12207.3407 19.7611 1.6380e+06
12224.9607 21.3060 1.2613e+06
12227.6407 15.4939 1.0804e+06
12275.9307 10.1601 2.0402e+05
12313.8508 12.8238 2.5248e+05
12314.5408 20.6882 2.5248e+05
12333.9708 11.9106 3.4742e+05
12343.6008 17.2218 1.6462e+06
12349.1108 24.0241 3.6224e+07
12349.7608 26.8497 3.6224e+07
12387.6508 24.8678 1.4411e+06
12394.8008 19.2267 1.1004e+06
12398.4208 10.5149 1.0210e+06
12405.0808 24.3975 1.8341e+06
12409.4708 19.7050 1.9565e+06
12414.5008 19.7869 2.1232e+06
12417.9308 17.1372 1.9333e+06
12422.1508 16.8121 1.9865e+06
12426.2308 13.3498 9.7584e+05
12437.0108 22.7785 1.6230e+06
12440.3308 17.3965 1.6094e+06
12442.9508 13.1986 1.4415e+06
12456.1808 18.0380 1.2007e+06
12459.0808 14.2106 1.2188e+06
12463.4008 11.7235 1.4270e+06
12479.0508 21.5388 2.2278e+06
12482.2308 16.5726 2.3096e+06
12486.1608 18.5873 2.2590e+06
12492.5608 10.1844 2.4980e+06
12495.2108 14.9016 2.4980e+06
12509.0908 24.0436 1.7801e+06
12512.3508 15.8033 1.4041e+06
12521.2908 20.2825 1.3722e+06
12527.6808 13.6270 1.5809e+06
12530.8108 15.6847 1.4458e+06
12537.4108 18.5969 9.0977e+05
12543.6008 23.2517 1.3244e+06
12548.9908 18.7604 1.0254e+06
12559.2208 19.5697 1.4728e+06
12562.6308 15.6960 1.1516e+06
12571.2108 19.8755 1.7443e+06
12574.6808 16.9456 1.7156e+06
12584.2808 25.7165 1.0425e+07
12584.8108 16.1467 4.7906e+06
12598.4608 15.8289 1.9307e+06
12604.5508 14.8920 1.9205e+06
12605.4708 10.5363 9.6364e+05
12614.1008 18.7395 2.8857e+06
12615.8608 13.9311 3.0921e+06
12618.4708 16.4240 3.0037e+06
12637.9908 23.5881 1.8870e+06
12642.5308 18.4119 1.6966e+06
12647.0208 12.9102 1.8025e+06
12649.8608 11.5521 1.8994e+06
12655.1308 11.9171 1.0881e+07
12657.1508 24.4872 1.0881e+07
12676.0808 18.5986 1.2882e+06
12683.5608 25.1212 9.3545e+06
12685.5208 22.0472 9.3545e+06
12725.6608 19.8534 6.9641e+05
12731.7508 21.2148 1.0431e+06
12736.0408 12.5802 8.9287e+05
12742.5508 14.1480 7.0201e+05
12748.0008 23.1487 1.4662e+06
12754.7308 18.5602 4.8338e+06
12756.4208 14.8820 2.8587e+06
12769.2008 24.7589 2.9423e+06
12779.6708 10.3330 1.7878e+06
12789.8508 20.8745 2.3388e+06
12793.8808 10.7592 1.5273e+06
12804.1008 16.7565 2.5204e+06
12808.0408 17.9054 2.1999e+06
12811.2608 15.4843 2.1996e+06
12821.6308 20.7000 2.2054e+06
12824.6708 11.8214 1.9757e+06
12830.6908 13.7979 2.0169e+06
12834.8308 18.4607 1.9093e+06
12840.5208 20.8113 2.1141e+06
12847.4508 16.2855 1.8610e+06
12853.8808 24.5758 1.8185e+06
12858.4108 17.5893 2.0676e+06
12864.5908 18.9611 1.7837e+06
12870.8708 20.2583 1.7592e+06
12883.2208 23.1953 1.5960e+06
12886.4708 16.6541 1.3693e+06
12894.4008 21.4892 1.4670e+06
12915.7908 25.7094 2.3975e+06
12920.5408 17.5360 1.9324e+06
12927.8108 10.9743 1.2215e+06
12936.6708 13.7708 1.0228e+06
12951.3608 21.0402 7.9811e+05
12954.2608 18.4560 1.0078e+06
12957.4608 18.5979 9.7209e+05
12961.7408 17.9319 6.3242e+05
12969.4708 24.8260 1.4301e+06
12971.6408 11.3210 1.2913e+06
12985.0908 23.6085 1.8218e+06
12988.9308 12.8430 5.9445e+05
12995.0808 20.7301 7.8716e+05
13003.9108 22.6553 9.5936e+05
13007.1108 11.6246 5.1843e+05
13014.8908 19.7476 1.1673e+06
13023.5808 14.8963 5.7526e+05
13029.6108 23.7825 1.9934e+06
13032.8108 16.7378 1.7322e+06
13035.9708 16.6084 1.5605e+06
13039.4808 12.6049 1.3164e+06
13052.2708 24.4840 2.7632e+06
13055.5108 16.1598 2.7632e+06
13060.5308 15.2677 1.6842e+06
13069.5408 10.7122 1.5790e+06
13078.5408 16.5472 1.1181e+06
13081.9808 13.1567 1.0577e+06
13087.9108 16.2557 1.1220e+06
13097.9308 14.1742 1.0370e+06
13102.7208 18.6073 1.1443e+06
13109.4508 20.4237 7.3331e+05
13115.3808 22.1955 7.3894e+05
13124.0008 24.4280 1.7523e+06
13132.7308 15.2393 1.4992e+06
13142.3008 19.6956 1.0846e+06
13149.6208 20.3493 2.3948e+06
13155.2208 14.6429 1.0510e+06
13165.3808 21.0035 9.3269e+05
13167.3708 10.6790 4.8023e+05
13173.4508 22.8353 1.4163e+06
13176.4208 17.6839 1.3602e+06
13181.4708 18.5498 1.3228e+06
13189.2808 22.0739 1.1472e+06
13192.2208 10.0868 1.3632e+06
13195.4608 18.5540 1.2823e+06
13199.9508 18.7393 1.3426e+06
13203.1508 13.5086 1.1869e+06
13209.0108 19.0596 1.1527e+06
13212.6408 15.6550 7.5873e+05
13220.1508 23.6159 1.4074e+06
13224.2008 18.1991 1.3761e+06
13232.3908 21.9301 1.0442e+06
13242.6708 25.7638 1.9777e+06
13247.2908 13.6002 1.4475e+06
13250.9008 13.0770 1.5359e+06
13254.7308 19.8809 1.4100e+06
13259.1308 11.7249 1.8481e+06
13262.5608 19.3026 1.5277e+06
13267.7408 14.6043 1.1754e+06
13274.0408 13.1502 1.0505e+06
13297.6308 18.7967 1.4049e+06
13302.7308 19.5390 1.1181e+06
13310.2908 20.0691 1.9047e+06
13313.1808 15.7684 1.8801e+06
13323.2308 22.9877 1.1901e+06
13329.8908 10.1585 1.0621e+06
13345.0408 13.0885 7.6551e+05
13357.4108 12.8685 1.3210e+06
13372.4108 11.3300 2.5381e+05
13376.8008 10.6619 3.4800e+05
13377.8308 17.1238 1.4616e+05
13394.6708 24.8141 1.4461e+06
13401.4408 21.2525 1.3803e+06
13406.7008 15.7240 1.1957e+06
13413.8508 20.5497 1.5723e+06
13417.5608 11.6821 1.0253e+06
13435.2608 16.9110 1.2973e+06
13445.9708 23.4575 1.1810e+06
13450.3708 17.2963 1.4789e+06
13456.9108 18.5398 1.0112e+06
13465.6408 18.0472 1.2442e+06
13474.0808 20.4541 8.3875e+05
13480.0808 14.7671 9.4568e+05
13483.0908 12.2017 1.3600e+06
13485.4608 22.5460 1.3600e+06
13497.0308 21.8050 1.4344e+06
13507.1708 24.2154 1.3029e+06
13512.5408 22.5728 1.4368e+06
13514.2408 13.4723 1.2229e+06
13536.5808 17.5390 6.2939e+05
13566.7108 21.6679 2.7243e+07
13567.3308 26.0035 2.7066e+07
13595.5108 11.2604 1.3900e+06
13597.8208 11.5386 1.3900e+06
13607.2408 24.6959 1.7686e+06
13609.2308 15.8893 1.6619e+06
13611.8808 12.2392 2.3131e+06
13614.1708 13.0134 2.3131e+06
13615.8608 17.0253 2.3131e+06
13621.3608 20.2582 1.3024e+06
13628.1908 23.4748 1.4469e+06
13640.2208 12.8027 5.6146e+05
13646.5208 26.7385 3.2982e+06
13658.2008 23.5716 1.4514e+06
13665.5408 22.1449 2.0518e+06
13672.2108 22.6247 1.1231e+06
13677.4208 19.3417 1.7009e+06
13679.5908 11.9479 1.1819e+06
13689.2508 24.2882 7.9380e+05
13696.6108 22.6072 1.7945e+06
13700.6708 18.3615 1.3232e+06
13703.7908 17.8095 1.1669e+06
13706.9508 15.1436 5.9346e+05
13711.7108 21.1252 2.2514e+06
13713.8408 13.6109 2.0214e+06
13716.0508 12.2525 2.0222e+06
13717.4508 10.7348 1.8480e+06
13726.4508 14.3294 1.2304e+06
13735.2508 15.7312 4.6102e+06
13736.2008 17.9119 4.6102e+06
13751.7408 23.6998 1.3808e+06
13755.2908 18.6532 1.7707e+06
13759.1208 17.1079 1.6776e+06
13769.4908 24.2707 1.4505e+06
13772.1208 10.2760 1.1412e+06
13778.2208 19.8417 1.4365e+06
13783.1208 15.7254 1.2613e+06
13787.1808 16.8375 1.4748e+06
13790.3608 18.2360 1.3977e+06
13794.8808 19.2339 1.7641e+06
13799.4708 16.7359 1.7635e+06
13802.7908 13.4634 1.5615e+06
13809.3208 17.8136 1.9134e+06
13812.3108 18.0886 1.9134e+06
13818.1908 13.5746 1.0151e+06
13828.1808 25.0629 1.6042e+06
13983.4309 13.6836 3.9517e+05
13997.4509 13.5601 4.8437e+05
13998.4909 17.0641 4.8437e+05
13999.7109 13.4182 3.3297e+05
14017.4209 26.7829 1.8383e+06
14026.3409 16.9691 1.4522e+06
14029.6609 14.9291 1.3103e+06
14032.9209 15.1511 1.3308e+06
14036.1209 11.3929 1.1425e+06
14043.7809 20.4948 1.1877e+06
14046.6509 18.0391 1.1423e+06
14058.5909 10.6216 1.1401e+05
14066.2509 26.3151 1.2809e+06
14071.8909 19.1553 1.5872e+06
14075.3009 18.4823 1.5563e+06
14079.7809 18.9437 1.3068e+06
14088.3209 23.7374 1.7104e+06
14094.6109 15.5889 6.4667e+06
14096.0509 17.0062 6.4667e+06
14096.6709 21.2512 6.1822e+06
14175.2909 11.2899 1.1789e+06
14177.7409 19.7447 1.1789e+06
14186.3109 18.4636 8.8461e+05
14188.8009 11.3923 6.0024e+05
14192.8509 14.9246 8.7835e+05
14198.0209 16.0985 8.8657e+05
14206.1509 10.9559 2.4185e+05
14217.2909 25.6005 1.1567e+06
14226.4009 23.0661 1.4131e+06
14241.9509 25.2816 1.0746e+06
14248.1709 19.8499 9.6738e+05
14253.8809 16.4306 8.8630e+05
14258.3209 24.4040 1.3200e+06
14280.5909 15.2108 1.2860e+06
14299.1809 25.2368 1.6222e+06
14309.5209 24.3139 1.0139e+06
14315.8009 23.3943 1.6308e+06
14319.4009 16.4168 1.3427e+06
14323.8509 16.0156 1.0477e+06
14333.2609 21.8585 1.5833e+06
14335.7809 15.0480 1.5046e+06
14343.6409 14.2087 4.8784e+05
14353.7909 12.9433 1.5629e+06
14354.3109 10.3985 1.5629e+06
14354.9609 11.4184 1.5629e+06
14355.5109 16.5050 1.5126e+06
14365.7209 17.6502 1.6005e+06
14370.8809 14.5310 1.3763e+06
14380.6709 12.9018 3.6172e+05
14385.8409 24.0726 2.2384e+06
14390.4709 17.3822 2.1807e+06
14395.7509 17.8922 2.1681e+06
14403.6609 15.4927 1.7888e+06
14407.5209 22.9072 1.7888e+06
14411.9109 13.2343 1.6486e+06
14417.3009 20.0983 1.7159e+06
14422.9209 20.8574 1.9930e+06
14428.0809 15.7812 2.4104e+06
14432.0309 20.1867 2.4164e+06
14435.2009 15.1166 2.5156e+06
14438.4809 13.9869 2.5156e+06
14442.5209 14.3535 2.2813e+06
14454.2609 25.3981 2.0237e+06
14457.7509 16.7576 2.1446e+06
14460.5409 15.9390 2.4471e+06
14462.8609 15.0361 2.5412e+06
14466.0709 15.4914 2.5412e+06
14471.0209 17.3394 2.8271e+06
14474.9609 12.1997 1.8726e+06
14479.0509 14.0365 2.2971e+06
14483.2109 16.7451 1.4772e+06
14486.5009 13.4304 2.3404e+06
14488.7909 10.1430 2.3404e+06
14492.0809 10.5631 1.5655e+06
14509.1709 10.4543 2.0554e+05
14515.4509 14.4037 3.1719e+05
14515.9009 10.9078 2.8569e+05
14522.4709 17.6832 2.7321e+06
14525.6309 15.4037 1.2410e+06
14534.1509 15.0627 6.9263e+05
14544.5109 25.2666 5.1482e+07
14545.0709 27.0377 5.1482e+07
14572.2909 24.9317 1.6826e+07
14582.9409 23.5409 4.1907e+07
14584.2209 12.3815 4.1907e+07
14587.4909 10.9088 3.6221e+07
14602.8109 12.2111 2.6037e+06
14609.8809 20.9660 2.2456e+06
14614.8609 18.0177 1.3698e+06
14623.3209 21.8838 9.7698e+05
14635.6809 10.9808 1.4001e+06
14639.7609 25.1269 1.4001e+06
14649.4409 25.7403 2.1450e+06
14652.0309 17.9650 1.9539e+06
14657.7409 20.9317 1.6749e+06
14662.4209 21.9163 1.7213e+06
14665.6409 15.6296 1.5827e+06
14677.0209 21.7321 1.7008e+06
14680.7509 15.1072 9.5731e+05
14699.2309 19.4620 1.7838e+06
14704.2709 14.8763 1.2444e+06
14708.3909 17.5283 1.7463e+06
14711.1209 15.0702 1.3149e+06
14714.7809 12.0365 8.8917e+05
14728.2109 24.4075 1.7757e+06
14740.7809 24.7387 1.9549e+06
14755.3809 24.3617 1.4831e+06
14768.9109 26.5074 2.0393e+06
14775.9609 22.6322 2.3530e+06
14779.9309 18.5315 2.1916e+06
14784.8709 18.4999 1.8621e+06
14789.8609 18.6023 1.8782e+06
14796.3709 19.8898 1.8780e+06
14800.3409 13.2298 1.0771e+06
14817.7309 15.2205 3.3194e+05
14824.8509 17.6515 1.5967e+06
14834.0309 23.7765 1.4832e+06
14838.8709 24.3253 2.0035e+06
14850.3809 17.1182 1.0235e+06
14857.4309 24.2766 1.4848e+06
14864.1509 24.4017 1.8328e+06
14868.0709 11.6199 1.1260e+06
14879.3009 25.5273 1.6361e+06
14887.8909 23.5020 1.9963e+06
14891.4909 17.7209 1.7598e+06
14895.0609 11.8875 1.0862e+06
14919.8609 16.1081 1.8605e+06
14921.7709 18.7880 1.6077e+06
14926.5009 18.1580 1.2858e+06
14931.5409 18.2659 1.5649e+06
14935.9709 19.1233 1.6688e+06
14940.6809 18.0798 1.5845e+06
14955.0709 26.2287 2.1070e+06
14958.7709 18.1560 2.3403e+06
14962.8809 18.4087 2.2592e+06
14969.2709 19.9837 2.1896e+06
14973.5409 16.4448 1.5001e+06
14983.5209 19.1571 1.5431e+06
14991.6809 24.0076 1.8073e+06
14997.5509 21.3183 1.7379e+06
15001.2509 16.7276 1.4172e+06
15011.9009 19.0727 1.1230e+06
15047.8409 17.4596 1.5912e+05
15072.5709 13.6508 1.4816e+05
15088.1709 18.1566 1.6886e+05
15096.3409 10.2727 1.1525e+05
15133.4409 15.6367 9.6746e+05
15133.6909 21.0325 9.6746e+05
15140.0009 10.0522 1.8468e+06
15143.7109 25.7601 1.8134e+06
15152.1309 18.7826 8.9177e+05
15161.0009 22.8616 2.3459e+06
15168.9909 13.5399 1.9245e+06
15172.9109 12.2440 1.4926e+06
15196.0109 10.4607 1.7077e+06
15219.5709 14.5628 1.5785e+06
15228.0109 20.4910 1.4332e+06
15242.0109 21.6588 4.7395e+05
15251.6709 24.7980 2.0518e+06
15261.5609 21.2532 2.2815e+06
15273.3109 12.0297 1.6103e+06
15273.6509 13.2527 1.6103e+06
15280.4609 21.7653 1.3447e+06
15285.7009 19.3632 2.0393e+06
15290.8009 19.4619 2.2678e+06
15294.4609 14.2599 1.6490e+06
15300.3909 16.4275 1.3976e+06
15308.1309 24.5829 1.9166e+06
15315.2609 21.8387 1.6968e+06
15328.2209 25.1804 1.1490e+06
15335.4509 10.4836 1.6694e+06
15338.1509 22.4218 1.6694e+06
15343.7609 15.9774 1.1923e+06
15352.1809 10.7923 3.3717e+05
15376.1609 15.9330 1.2710e+06
15385.1709 16.4760 9.3060e+05
15393.2109 12.9532 1.3079e+06
15401.0509 13.6734 1.2706e+06
15404.2409 15.9642 1.1978e+06
15411.2709 14.4495 8.5383e+05
15415.2809 10.9348 5.1998e+05
15427.5109 19.7824 1.4956e+06
15431.8009 15.4116 1.3797e+06
15434.8009 16.2716 1.3170e+06
15441.8609 20.5220 1.4896e+06
15447.4309 20.2155 1.9943e+06
15451.3809 21.3681 1.7570e+06
15457.4209 13.0153 5.9331e+05
15469.6609 10.5192 1.6945e+06
15484.7509 13.3927 1.3404e+06
15491.7609 11.7740 1.5225e+06
15500.9109 16.2189 1.6439e+06
15508.5309 20.8966 1.1759e+06
15514.4309 21.9225 1.4608e+06
15520.3109 20.0428 2.1504e+06
15522.8809 10.3595 1.5901e+06
15532.3209 20.4906 2.1976e+06
15535.4809 17.9705 2.1976e+06
15546.3709 23.8740 1.6814e+06
15556.5009 17.3451 7.9119e+05
15563.4309 20.5139 2.7013e+06
15573.3310 23.4413 1.6451e+06
15584.5210 13.6217 9.9331e+05
15587.4110 12.4321 4.3239e+06
15589.3310 12.0091 4.3239e+06
15600.7910 15.1329 1.4008e+06
15604.5810 14.0437 1.1196e+06
15606.8310 11.6025 1.6167e+06
15610.3210 11.3626 1.5549e+06
15615.9510 16.8967 9.5779e+05
15622.8710 15.5500 6.8749e+05
15635.1710 23.7395 1.2156e+06
15641.7610 10.9754 8.5905e+05
15644.2710 10.7195 8.3191e+05
15666.3810 20.1053 7.5785e+05
15674.0110 13.2069 1.7051e+06
15674.5310 10.7796 1.3875e+06
15680.4810 23.1171 2.7922e+06
15717.0010 10.4146 1.0616e+06
15735.7710 23.7302 1.3780e+06
15740.2710 14.7900 3.1751e+06
15743.1810 10.9915 2.2553e+06
15750.0910 13.7884 1.2420e+06
15760.4910 19.6442 9.7345e+05
15766.3510 15.3248 1.2091e+06
15770.3110 19.4900 1.1566e+06
15774.0510 10.1085 9.5239e+05
15778.2410 16.8730 9.3342e+05
15782.9310 22.6463 1.8329e+06
15787.4810 11.6416 1.0838e+06
15797.9710 24.7430 1.8244e+06
15801.8710 19.6357 1.8020e+06
15810.6110 21.1458 1.6899e+06
15820.7010 13.2384 8.1638e+05
15827.0710 21.0190 1.3889e+06
15832.8410 19.6914 1.4635e+06
15844.2810 21.9365 1.6421e+06
15847.4110 15.8749 1.6425e+06
15851.3410 17.8021 1.5983e+06
15865.0110 23.8881 1.7335e+06
15877.2510 20.8748 1.3368e+06
15885.0310 19.9444 1.2579e+06
15887.3210 10.0212 1.0123e+06
15898.2310 10.7579 1.8657e+06
15898.7810 10.2173 1.8657e+06
15911.6210 10.8428 4.8352e+05
15963.5010 19.9332 2.0651e+06
15967.1410 18.2007 2.0410e+06
15971.6010 18.9369 2.2850e+06
15977.1310 18.6435 2.1819e+06
15981.1910 16.5050 1.9922e+06
15986.8310 20.7008 1.8944e+06
15995.9810 24.5306 2.1899e+06
15999.9910 13.5847 1.9505e+06
16004.9810 12.9255 1.4806e+06
16023.6410 19.0607 5.0903e+05
16028.5010 23.5661 1.6286e+06
16031.6710 12.5854 1.3646e+06
16036.9110 14.6394 1.2209e+06
16057.4310 10.2465 1.4797e+06
16059.9210 11.4588 1.4797e+06
16061.0310 22.5413 1.4177e+06
16080.7510 17.0124 2.0406e+06
16084.4110 22.3233 2.0406e+06
16100.0810 25.8721 1.8595e+06
16103.3810 17.0537 1.8595e+06
16108.5510 18.7357 1.5229e+06
16111.8610 17.0790 1.5287e+06
16115.4210 12.2910 1.1420e+06
16129.1410 22.5556 1.4802e+06
16133.0310 12.7360 6.3390e+05
16137.6910 23.4643 1.8985e+06
16143.4410 22.2256 2.2397e+06
16148.6910 16.6342 2.7813e+06
16151.9810 14.2020 2.4615e+06
16155.5810 12.8180 2.0951e+06
16159.3310 11.2022 1.9325e+06
16163.1110 16.9372 1.8172e+06
16167.4310 11.0498 6.5464e+06
16170.5210 25.4743 6.5464e+06
16171.0310 16.8379 5.3987e+06
16197.5710 10.4655 2.8457e+05
16199.6110 12.0821 1.8784e+06
16202.9010 20.1675 1.8784e+06
16212.3710 12.1134 3.4571e+05
16216.6210 25.1652 1.7611e+06
16227.9810 23.1778 1.6259e+06
16228.6110 21.5448 1.2461e+06
16249.7210 18.5001 9.1176e+05
16267.7710 14.8972 6.3479e+05
16278.1210 25.3368 2.5651e+06
16281.8410 18.8930 2.1761e+06
16285.5010 15.6149 2.4998e+06
16287.9910 10.4821 2.0695e+06
16294.0810 15.1046 2.0867e+06
16296.9210 15.4948 2.0867e+06
16297.8110 11.5237 1.9058e+06
16302.1310 16.3030 2.8385e+06
16305.8310 15.0312 2.8385e+06
16309.8210 15.8121 2.1441e+06
16315.4210 18.4473 2.5797e+06
16325.9810 24.7357 2.3038e+06
16329.6610 18.3481 2.3845e+06
16333.7610 17.6971 2.3824e+06
16373.8410 19.2881 1.4666e+06
16377.7810 23.7311 1.4458e+06
16384.6510 23.3622 1.5918e+06
16389.9810 22.0731 1.6999e+06
16394.6410 19.6567 1.9931e+06
16399.5910 16.0453 1.3872e+06
16404.8710 13.8459 1.1822e+06
16408.3210 20.1884 1.1316e+06
16415.7810 19.7248 1.0923e+06
16419.0110 12.6950 8.0332e+05
16426.4510 19.5517 1.1071e+06
16429.6010 12.1590 1.2438e+06
16431.5210 16.9898 1.2438e+06
16441.8210 10.9615 1.2495e+06
16442.5310 15.5197 1.2495e+06
16447.5710 10.2590 1.1521e+06
16452.0210 14.7199 1.7106e+06
16463.1710 12.0365 3.4601e+05
16467.1710 22.7864 2.3044e+06
16471.1510 16.5863 2.1876e+06
16475.8810 18.5131 2.3729e+06
16479.3610 14.0119 1.6897e+06
16483.0710 12.2033 1.2708e+06
16498.9510 23.4419 1.7252e+06
16503.3710 20.0812 1.9763e+06
16511.7810 15.4921 2.8844e+06
16514.4910 23.4489 2.8844e+06
16525.0910 23.4251 2.2595e+06
16529.5810 18.2719 2.1228e+06
16534.1310 15.4925 1.7424e+06
16540.1310 18.8673 1.5013e+06
16551.0110 11.1116 1.0644e+06
16557.1010 17.2923 1.5199e+06
16562.2910 20.2776 2.1657e+06
16566.3110 14.8239 1.8651e+06
16570.0210 13.7918 1.6678e+06
16585.1210 23.3445 1.5562e+06
16588.7310 12.6688 7.7119e+05
16641.7810 23.3074 9.5193e+05
16652.0910 23.5399 1.3993e+06
16658.4410 21.6155 1.1498e+06
16664.9810 13.3257 5.6127e+05
16670.4410 21.4775 8.7246e+05
16695.4910 12.1644 1.8401e+05
16717.1710 25.6176 1.7104e+06
16721.9210 18.9659 1.8480e+06
16724.4810 13.3836 1.5917e+06
16746.1610 12.4646 3.4518e+05
16756.0210 10.1808 2.0389e+05
16766.4810 26.1754 1.3477e+06
16774.6710 23.7716 1.7923e+06
16778.7710 18.5814 1.6191e+06
16784.0810 17.2234 1.4224e+06
16787.6810 12.5967 7.7575e+05
16809.0610 12.4649 3.3239e+05
16826.8710 11.0391 3.8596e+05
16846.7410 21.9736 2.3466e+06
16850.1810 21.6562 2.3466e+06
16858.5410 19.4508 1.4089e+06
16863.4410 19.0181 1.8034e+06
16867.4210 16.6889 1.5500e+06
16888.0010 14.0128 4.0410e+05
16923.9710 10.8110 4.6642e+05
16959.4110 12.4170 2.9846e+05
16960.0510 12.5085 2.9846e+05
16970.2010 22.9707 9.9932e+05
16975.2810 20.9111 1.5758e+06
16979.6710 20.4674 1.5289e+06
16988.8610 23.6978 1.3844e+06
16998.4610 11.6838 1.8245e+05
17012.5910 17.5927 3.2146e+05
17013.6410 16.1381 2.7173e+05
17027.0510 10.0844 5.7880e+05
17039.1310 25.0209 1.8321e+06
17048.9410 22.1410 1.7141e+06
17052.2310 10.1635 1.2554e+06
17065.7110 25.3191 1.9526e+06
17070.6310 13.8770 2.3188e+06
17074.6910 15.2078 1.9977e+06
17084.4110 23.5280 2.3850e+06
17088.4110 17.7860 2.0028e+06
17098.8710 19.9734 2.0232e+06
17104.4010 20.8604 2.0613e+06
17109.0310 19.6368 2.0780e+06
17114.4210 14.7912 1.4381e+06
17118.7810 15.9563 1.3524e+06
17125.0810 22.2137 2.1370e+06
17132.5810 19.6523 1.2570e+06
17138.8410 20.5544 1.4803e+06
17146.1210 22.5936 1.3352e+06
17151.6710 19.2696 2.1223e+06
17157.2810 21.0950 1.5091e+06
17164.8510 18.3729 1.7414e+06
17166.3910 13.0171 1.7106e+06
17185.8210 26.3926 1.8221e+06
17190.7310 10.9332 1.5356e+06
17196.2810 21.8832 1.8670e+06
17208.0111 24.0186 1.4220e+06
17215.2611 22.5904 1.7038e+06
17218.6411 13.3995 1.3799e+06
17223.8011 20.9543 1.4099e+06
17230.8111 19.7612 1.2438e+06
17238.2211 24.0218 1.3425e+06
17241.4211 12.6049 1.0208e+06
17266.6111 12.4127 6.4671e+04
17351.0111 15.6534 2.0890e+05
17374.6211 11.7456 6.1291e+04
17392.0911 20.1334 3.0595e+05
17400.3311 12.5578 1.1735e+05
17417.4711 14.5512 1.2900e+05
17425.3811 10.5172 1.0106e+05
17432.6811 12.4378 3.8085e+05
17441.5411 14.0421 2.8953e+05
17442.7311 10.3864 2.8953e+05
17450.7511 26.3327 1.3969e+06
17458.2311 17.3955 1.7259e+06
17461.8811 13.0712 1.8290e+06
17465.5111 12.4760 2.0893e+06
17468.2311 15.5760 1.6599e+06
17475.3911 11.5403 6.4515e+05
17494.5511 24.6752 1.1133e+06
17501.7311 17.6282 1.1385e+06
17509.5711 18.9718 1.2763e+06
17523.3211 24.4378 8.2598e+05
17552.8011 19.0019 6.9938e+05
17558.5611 13.4833 3.7131e+05
17560.4611 10.0173 3.7131e+05
17568.7811 10.9754 1.4107e+05
17582.5411 10.2412 3.2607e+05
17584.5511 14.6737 3.9469e+05
17589.9111 10.1546 4.4543e+05
17594.0311 12.5626 7.4728e+05
17594.9911 14.2197 7.4728e+05
17601.7911 14.9472 7.1975e+05
17605.1611 10.4063 1.4090e+06
17608.5811 19.3946 1.4090e+06
17625.5611 14.6361 4.8736e+05
17629.1811 16.1395 1.2877e+06
17630.7311 15.3245 1.2877e+06
17632.2011 18.4734 1.2877e+06
17640.9111 14.3476 1.1344e+06
17642.3711 14.3816 8.1568e+05
17651.8111 16.7882 6.4935e+05
17657.3511 10.0249 1.3416e+06
17666.2811 10.8933 1.6237e+06
17679.1811 23.5161 1.9960e+06
17682.7411 18.0845 1.8815e+06
17686.4911 11.8863 1.4174e+06
17689.7011 10.3970 9.9425e+05
17697.9911 18.1686 1.4947e+06
17703.7111 17.6360 1.9472e+06
17707.6311 15.4262 1.7237e+06
17722.8211 21.3825 1.2644e+06
17733.3511 24.0162 1.6716e+06
17738.6711 21.1695 1.6706e+06
17744.6911 19.1818 1.8920e+06
17749.8511 17.2888 2.5000e+06
17758.9811 19.7144 1.6245e+06
17763.0611 17.6112 1.3888e+06
17772.2111 12.5834 1.7203e+06
17774.6811 17.5204 1.7510e+06
17777.1611 14.1934 1.4317e+06
17792.2911 25.5824 1.6734e+06
17798.4311 19.0298 1.5309e+06
17802.5911 16.8397 1.4580e+06
17805.7211 16.6203 1.4353e+06
17819.8811 26.0282 2.4014e+06
17821.2411 10.0200 1.6130e+06
17828.1911 13.9210 7.8691e+05
17834.2711 21.9543 1.4671e+06
17837.9711 15.9529 1.3501e+06
17844.7911 20.4437 1.8611e+06
17848.5611 18.8214 1.3793e+06
17857.3211 22.2993 2.0792e+06
17859.2811 17.8142 1.6371e+06
17866.8811 15.9842 1.5717e+06
17870.1511 13.7459 1.6933e+06
17874.0311 15.5415 1.5698e+06
17883.1611 15.1928 2.4784e+06
17886.3111 23.2690 2.4784e+06
17891.0611 18.0168 2.6978e+06
17914.7011 24.9627 1.4414e+06
17916.4411 19.5511 1.4414e+06
17918.4711 12.3053 1.4200e+06
17928.6611 21.7276 2.0073e+06
17930.6611 13.8760 1.6559e+06
17935.7111 20.4389 2.2536e+06
17940.5611 17.5169 1.4269e+06
17954.2811 24.3754 1.4356e+06
17960.0911 20.5474 1.3764e+06
17965.9611 16.9356 7.2362e+05
17971.7211 22.3813 1.8107e+06
17978.0111 17.2981 3.2929e+06
17980.6011 16.3036 3.2263e+06
17994.1911 10.7451 1.1453e+06
17996.1411 17.5916 1.1453e+06
18023.2411 20.7249 1.1922e+06
18026.1511 22.7605 1.3035e+06
18029.1211 20.5324 1.1590e+06
18062.4211 26.5806 1.6282e+06
18065.4311 17.5277 1.6162e+06
18068.3511 12.6901 1.8158e+06
18071.8311 17.6725 1.5937e+06
18075.3511 10.1937 1.5346e+06
18079.0911 16.9820 1.4786e+06
18100.3211 25.8830 2.0964e+06
18104.1811 19.0994 1.8583e+06
18108.3011 16.9012 1.6271e+06
18111.9111 10.6693 8.6298e+05
18120.9711 23.9199 2.6656e+06
18124.1811 17.1622 2.6981e+06
18127.6311 14.1290 2.6394e+06
18131.0011 11.3796 2.1534e+06
18138.5611 19.9829 2.3716e+06
18141.0711 17.3086 2.3410e+06
18144.2211 15.4537 1.5734e+06
18148.5211 17.4543 2.2094e+06
18157.4611 20.1064 1.6703e+06
18162.8711 20.9269 1.7971e+06
18168.6411 18.8801 1.5960e+06
18181.3611 23.2678 1.9411e+06
18185.4311 20.0945 1.3315e+06
18192.5511 11.7947 6.9353e+05
18198.0311 17.7378 2.3716e+06
18202.0811 16.5960 2.4883e+06
18205.5311 16.0670 2.4883e+06
18208.5011 11.3582 1.7300e+06
18212.0411 13.3028 1.6452e+06
18215.2811 13.7776 1.4612e+06
18218.4011 14.3022 1.6943e+06
18221.7911 15.4608 1.6040e+06
18226.9711 22.1428 1.8003e+06
18231.6811 17.8576 1.4903e+06
18232.0311 13.3905 1.4903e+06
18238.3811 18.8566 1.6295e+06
18241.7311 13.2374 1.5951e+06
18245.1011 12.7653 1.3712e+06
18255.6611 19.4153 1.0194e+06
18259.0411 15.7095 1.9954e+06
18262.0611 21.5914 1.9636e+06
18278.7611 11.0127 8.0015e+05
18281.5211 21.3563 6.5985e+05
18289.8011 20.1204 7.3409e+05
18311.1811 20.1096 2.7409e+06
18357.5611 14.7853 1.0826e+06
18366.4811 14.6732 7.1046e+05
18424.7011 11.3529 1.7871e+06
18470.1711 10.0641 2.1519e+05
18506.4411 10.7899 2.1903e+05
18525.4911 13.4328 2.7046e+05
18526.8311 13.4900 2.3837e+05
18600.7111 19.2598 9.2540e+06
18601.3711 24.6361 9.0879e+06
18630.6711 10.7034 3.2262e+05
18631.5011 12.4371 1.8833e+05
18671.9411 15.2771 1.1492e+05
18679.2111 16.8209 3.9218e+06
18680.6311 19.9272 3.9218e+06
18696.6111 18.1551 1.2133e+06
18703.0511 22.3569 1.2745e+06
18706.0411 12.7070 1.0617e+06
18713.9011 10.7728 1.6977e+06
18717.0511 17.2081 1.4915e+06
18719.5211 15.9505 1.0161e+06
18740.8511 10.2392 1.1906e+05
18745.9511 22.9260 1.9458e+06
18749.1511 18.8509 1.6825e+06
18754.0811 15.4138 1.1052e+06
18777.0711 13.9476 6.6854e+05
18782.8511 21.7436 1.2986e+06
18789.0711 19.7256 1.2939e+06
18809.7711 22.8554 1.6772e+06
18815.3411 20.9489 2.2247e+06
18819.6411 19.1492 2.1384e+06
18823.5111 18.8387 1.9666e+06
18827.8011 18.5440 2.3307e+06
18836.9011 21.3632 1.0493e+06
18842.5412 23.1764 2.1048e+06
18854.1112 15.3627 9.0843e+05
18856.9512 22.1892 9.0539e+05
18862.6512 17.9276 2.0864e+06
18864.6712 14.1933 2.0991e+06
18866.5312 14.9667 2.0015e+06
18870.3312 13.0134 2.1796e+06
18875.7612 15.1089 1.6860e+06
18880.0512 11.9778 1.2464e+06
18892.4812 26.1430 2.3419e+06
18899.3412 22.5125 2.1771e+06
18964.7312 14.7370 6.7488e+05
18982.0612 24.5893 1.7388e+06
18987.7312 22.4690 2.0293e+06
19002.1912 21.5116 1.6352e+06
19006.1212 18.1064 1.4326e+06
19020.8912 12.0377 2.1560e+06
19022.3412 10.4434 4.6869e+06
19024.9212 24.6518 4.6869e+06
19025.6012 13.3842 4.5792e+06
19033.1012 12.8123 1.2785e+06
19044.1912 21.2189 1.8536e+06
19050.5812 23.1522 2.1826e+06
19056.1212 21.2918 2.0311e+06
19060.0212 16.9511 1.4758e+06
19065.9512 21.0631 1.3314e+06
19077.5712 24.7793 1.8109e+06
19081.4612 20.3099 1.6392e+06
19085.0212 13.2078 1.3961e+06
19090.6112 17.4393 1.7779e+06
19093.5212 17.3724 1.7209e+06
19110.5212 21.6575 1.7576e+06
19114.6212 14.7101 1.8699e+06
19118.1212 11.0188 1.7222e+06
19119.9012 13.1205 1.7857e+06
19123.0012 11.3284 1.6653e+06
19153.8712 22.4820 1.3556e+06
19166.9512 23.3960 2.0103e+06
19170.6712 18.3806 1.6533e+06
19176.2012 18.1262 1.6977e+06
19180.3912 14.6127 1.4127e+06
19194.8812 26.3618 1.6448e+06
19204.4312 13.9461 1.7130e+06
19204.7612 16.7263 1.7130e+06
19206.4212 14.1593 1.7130e+06
19208.0012 15.9666 1.6207e+06
19210.9412 14.4964 1.5698e+06
19213.7112 10.1492 1.5090e+06
19224.2612 15.8410 1.2502e+06
19226.2012 21.9144 1.2454e+06
19227.6912 14.8830 8.3803e+05
19232.2812 12.9629 1.5414e+06
19238.1312 10.5657 4.1841e+05
19244.2012 24.4965 2.2652e+06
19246.7312 12.6396 1.8084e+06
19248.9412 10.2647 1.0289e+06
19269.7512 26.7120 1.8867e+06
19280.5412 26.0161 1.7631e+06
19289.3512 25.1837 1.6833e+06
19295.5912 19.7127 2.0374e+06
19304.6112 24.0154 2.1758e+06
19308.0512 17.4856 1.7121e+06
19317.2912 24.9331 1.6400e+06
19322.5812 19.6391 1.9404e+06
19329.1412 20.3549 2.5182e+06
19333.2712 14.8523 2.1486e+06
19336.4912 14.4822 1.7254e+06
19341.2512 10.4728 1.2652e+06
19346.6012 22.2734 1.9428e+06
19348.9112 14.5792 1.5823e+06
19356.2312 12.6074 4.4374e+05
19387.8712 14.2550 3.6020e+05
19388.9012 22.6883 3.6020e+05
19394.7512 24.5709 4.6645e+06
19406.4412 11.0222 4.0523e+05
19416.1512 10.7447 1.1716e+06
19439.6412 13.4690 9.6859e+05
19450.5512 18.3969 4.3138e+06
19454.2412 17.7684 3.9127e+06
19462.3712 18.0084 2.2501e+06
19464.5412 17.6257 2.5568e+06
19467.1412 14.9653 2.5568e+06
19475.4412 20.2406 2.0908e+06
19483.3312 21.1367 2.2531e+06
19487.2312 18.0839 2.0172e+06
19493.4812 16.2392 1.5580e+06
19497.9412 18.1366 2.1788e+06
19504.9712 14.4075 2.0138e+06
19509.3612 20.7310 2.0138e+06
19515.0012 14.7704 2.1879e+06
19518.9712 20.5910 2.5507e+06
19521.6712 14.7372 2.5504e+06
19528.3612 20.8105 9.2978e+05
19538.7612 23.7805 1.8822e+06
19542.3412 21.4554 1.8698e+06
19555.1312 24.7504 1.9406e+06
19557.7912 15.4334 1.4771e+06
19564.4812 19.2769 2.1785e+06
19568.3312 15.8155 1.6368e+06
19574.0412 20.8180 1.4732e+06
19580.2912 16.9526 1.1477e+06
19586.9112 24.7531 1.6100e+06
19591.5712 22.1349 2.3247e+06
19596.8012 16.9374 1.8696e+06
19600.0412 13.0397 1.4029e+06
19605.5512 20.5334 1.2093e+06
19611.1812 22.2261 1.5202e+06
19615.2012 15.1745 1.4639e+06
19623.4412 21.8642 2.0020e+06
19625.2812 14.9891 1.9639e+06
19632.5912 18.0986 9.3481e+05
19637.5512 23.2841 1.5876e+06
19730.6812 11.8090 2.4541e+05
19740.3412 25.8374 1.1473e+07
19740.8912 17.8462 1.0044e+07
19755.6312 21.1749 4.7482e+06
19774.3012 16.0189 3.7827e+06
19776.0812 15.7678 4.3747e+06
19780.3812 17.5502 3.9190e+06
19780.9512 16.3023 3.7244e+06
19807.4612 14.1028 7.2188e+04
19838.7912 11.6490 9.5037e+04
19890.8712 11.2422 6.1778e+04
19896.1112 16.9552 3.0667e+05
19909.1512 19.0091 3.0875e+05
19956.4512 11.3961 2.2909e+05
19990.4712 18.9606 1.9153e+06
20004.4212 18.5956 3.9772e+05
20020.4312 12.2980 1.6486e+05
20039.2112 14.5392 1.9477e+05
20051.7712 13.7229 3.6907e+05
20059.6312 13.8265 5.0575e+06
20060.2812 25.1182 5.0575e+06
20060.7412 12.6623 2.9193e+06
20104.8912 21.3202 3.6428e+05
20123.8212 19.8409 2.7773e+05
20124.3212 10.4445 2.0649e+05
20161.2512 17.0438 1.0705e+05
20183.7412 13.7772 2.2859e+05
20286.5112 12.5351 1.8579e+05
20290.5512 10.1998 3.4851e+05
20292.9512 11.0333 8.4666e+05
20294.8312 12.5345 8.4666e+05
20334.1612 16.8386 5.2499e+05
20366.4312 24.8372 1.4502e+06
20378.0012 20.1033 2.0107e+06
20378.8012 17.2027 2.2544e+06
20382.9812 11.1198 2.2544e+06
20386.7612 10.5435 2.7825e+06
20389.4212 13.0448 2.1087e+06
20391.5312 10.6999 2.1087e+06
20399.9412 15.3703 2.4161e+06
20404.4212 16.0965 1.7454e+06
20413.7312 21.0006 1.9212e+06
20419.1312 13.4399 2.6499e+06
20421.9612 12.3243 2.5906e+06
20425.7012 17.5145 2.5576e+06
20440.4412 24.2973 1.6201e+06
20450.7912 23.3247 2.5064e+06
20454.4012 16.3900 2.2988e+06
20464.2812 22.5144 2.3628e+06
20466.4912 10.7935 1.6187e+06
20473.1512 11.7645 1.7204e+06
20477.2012 20.2992 1.6584e+06
20481.8413 15.2041 2.1456e+06
20490.5813 16.0623 1.8435e+06
20492.3413 15.6010 1.7430e+06
20496.4113 17.1249 1.6118e+06
20502.8913 21.9379 1.3484e+06
20511.2413 21.5349 1.5814e+06
20516.8113 19.0478 9.5537e+05
20522.4013 21.5970 1.7055e+06
20527.8413 15.0363 1.0821e+06
20532.6113 18.3093 1.9027e+06
20534.9413 14.7161 1.6198e+06
20543.8513 19.9137 1.6740e+06
20550.0913 20.4844 1.2711e+06
20555.0813 18.1538 1.7173e+06
20575.3513 20.4512 1.4431e+06
20578.1513 11.3524 1.4431e+06
20583.1013 19.9002 9.8129e+05
20588.4513 16.8322 1.7774e+06
20596.0613 19.9706 2.0561e+06
20603.0913 21.5635 2.0027e+06
20610.3113 19.9798 9.4231e+05
20628.6813 25.9278 1.7838e+06
20636.3013 18.7325 1.9440e+06
20642.4513 18.8596 2.0056e+06
20648.6913 19.8697 1.9889e+06
20655.4613 15.2529 1.7874e+06
20669.6213 13.7337 2.7878e+05
20681.7313 16.8286 1.5043e+06
20694.7813 11.2996 1.7181e+06
20700.6413 13.2835 2.1114e+06
20711.4713 12.0865 1.6895e+06
20722.3513 16.3383 1.4096e+06
20754.1613 17.4469 8.4376e+06
20754.6813 11.6321 7.0811e+06
20785.1813 18.4764 4.6196e+06
20944.9913 15.5031 1.3000e+05
21140.5913 10.0732 1.8188e+05
21212.9813 10.2813 2.6801e+05
21274.2913 19.0585 8.2481e+04
21311.2013 13.6174 2.9332e+05
21329.7513 11.2876 1.4568e+05
21341.4513 12.5890 2.8587e+05
21341.8513 10.1198 1.9410e+05
21416.0313 13.6208 2.4639e+05
21435.6013 20.7720 3.6927e+05
21451.7713 11.6458 1.4928e+05
21461.5413 14.4079 3.6230e+05
21462.5713 10.3800 3.6230e+05
21523.2113 22.2302 3.8033e+05
21538.8413 10.8271 1.4047e+05
21578.5313 11.6144 2.9887e+05
21597.1713 11.0605 1.9111e+05
21602.8513 12.8351 1.7873e+05
21630.0013 18.4368 2.4844e+05
21673.1113 15.8483 9.6389e+04
21708.3813 23.2319 2.5436e+05
21767.8313 13.4670 1.0021e+05
21783.0913 11.3129 2.7929e+05
21783.9913 15.2607 2.7279e+05
21804.4113 16.6606 2.8283e+05
21820.5813 19.0322 1.8281e+05
21830.1413 18.1444 5.4232e+05
21842.1313 12.3264 1.3232e+05
21848.8813 10.1665 1.7241e+05
21855.8213 18.8198 3.3183e+05
21879.4413 16.3436 4.0085e+05
21896.1413 14.9113 2.7444e+05
21931.4113 10.6579 8.8364e+04
22142.9814 12.6161 1.6070e+05
22144.2214 14.8841 1.4558e+05
22158.2214 10.4148 7.6568e+04
22170.1814 13.9104 2.5183e+05
22233.9114 16.3706 2.3263e+05
22269.1614 13.9523 1.5712e+05
22269.9414 10.2737 1.5712e+05
22271.0914 10.8281 2.1848e+05
22407.4414 16.5700 1.2014e+05
22429.0014 11.7827 1.2682e+05
22471.0014 11.7370 1.1486e+05
22485.8014 10.0321 4.8416e+04
22500.9814 13.6962 1.6759e+05
22502.2114 11.5620 1.1836e+05
22512.5214 14.7254 1.1548e+05
22536.2114 14.1922 2.3899e+05
22537.6814 10.4935 2.3899e+05
22538.4314 14.2999 1.6212e+05
22561.2714 13.6793 1.5588e+05
22603.0414 10.9784 9.7505e+04
22607.7714 13.7649 3.0583e+05
22697.6814 10.2999 1.1022e+05
22709.2314 16.8587 3.0426e+05
22710.7914 12.6596 2.3921e+05
22713.6114 12.0510 1.6643e+05
22771.9814 11.7080 1.2848e+05
22873.6314 13.8429 4.7915e+05
22928.9314 12.9678 6.8921e+04
22964.1914 11.6438 8.8108e+04
22980.6114 12.1655 1.1310e+05
22992.5614 10.6950 1.9956e+05
22994.5514 16.9528 1.4776e+05
23030.1114 14.7696 6.6035e+04
23081.6814 13.1460 3.0604e+04
23098.7914 11.7277 1.0194e+05
23102.6814 13.6881 7.2886e+04
23129.0114 14.8442 1.6043e+05
23136.9814 12.5034 2.4216e+05
23169.1914 15.8311 1.4596e+05
23185.3314 10.3571 4.8071e+04
23191.7014 11.3352 3.7235e+05
23198.0114 17.7367 6.2808e+04
23239.6814 16.9394 4.9928e+04
23269.2014 11.7345 9.3914e+04
23328.7214 10.3469 5.5366e+04
23509.5814 10.8243 3.8666e+04
23890.9415 15.6775 3.5099e+05
23915.0415 10.8768 1.1505e+05
23953.1915 12.5716 1.6555e+05
24039.9115 13.7484 7.0943e+04
24045.3015 10.1233 1.9262e+05
24083.6715 13.1124 6.0900e+04
24567.8315 10.9492 4.0959e+05
24568.9315 10.2113 3.1074e+05
24596.9215 10.8993 6.7600e+04
24604.6915 13.1795 2.4604e+05
24608.6615 18.4957 8.7562e+05
24610.7815 15.2060 6.9042e+05
24625.8915 10.3099 7.5996e+04
24682.3515 10.3715 2.5216e+05
24687.6315 11.1582 2.1829e+05
24709.6615 12.1637 1.5551e+05
24722.6915 17.7131 1.5328e+05
24745.7815 12.4030 2.2534e+05
24787.5015 13.1541 2.5908e+05
24788.0615 18.0210 2.2084e+05
24797.1515 16.5976 1.0277e+05
24809.4115 19.2018 5.0157e+05
24813.3015 17.9982 1.4112e+06
24814.5315 16.5026 8.5533e+05
24825.3715 15.1900 1.5977e+05
24838.5915 10.3031 3.6452e+07
24841.2915 25.3675 3.6452e+07
24842.1815 24.4668 3.6452e+07
24863.3515 23.0903 1.6812e+07
24887.6215 13.3252 6.0423e+05
24904.4215 13.4688 8.5117e+04
24920.3715 11.7462 4.4394e+05
24936.2015 18.0415 6.2346e+05
24951.8915 14.6273 3.4080e+05
24981.4115 17.4954 2.3356e+05
24994.2815 20.0600 4.0565e+05
24998.6615 24.2274 3.6535e+06
25034.1015 10.2507 1.3702e+06
25037.4415 18.9921 2.0222e+06
25038.1815 10.1582 2.0222e+06
25038.7015 13.0893 1.6946e+06
25044.1615 10.3538 1.1276e+06
25060.1815 10.3981 3.4955e+05
25077.3415 12.3761 8.1193e+04
25082.5215 10.1396 1.1472e+05
25097.0715 16.8425 2.1659e+05
25105.6315 10.0565 2.2660e+05
25109.0215 14.4119 2.0808e+05
25124.0815 14.4596 1.8344e+05
25140.0615 21.2548 1.8807e+05
25146.6815 14.7814 4.0911e+05
25187.2715 13.2372 8.9129e+04
25213.3415 11.0474 7.3766e+04
25219.4415 10.8776 1.3446e+05
25224.8415 22.1332 3.2428e+06
25225.6415 14.2195 3.0677e+06
25261.4515 16.1441 1.5814e+05
25301.2415 13.0932 2.4649e+05
25315.1715 13.0889 7.5429e+05
25315.4415 14.7663 6.7978e+05
25348.8615 11.9871 4.7399e+05
25361.7115 13.0672 3.9195e+05
25371.6915 11.3218 4.6113e+05
25388.1415 13.9634 1.6306e+06
25392.3415 25.5338 1.8144e+06
25394.8015 16.7311 1.7648e+06
25399.9516 18.5507 2.1870e+06
25407.6416 18.4063 2.4801e+06
25410.8016 20.3053 2.4801e+06
25416.9116 20.7504 2.6705e+06
25419.1916 16.2933 2.6183e+06
25423.5816 17.6387 2.4524e+06
25429.3916 20.3542 2.8087e+06
25437.3016 21.8164 2.1139e+06
25446.2916 23.8457 2.2757e+06
25448.6616 14.8525 2.1681e+06
25454.3916 18.0581 1.1941e+06
25456.5416 16.1958 1.1941e+06
25473.2416 26.3158 1.3940e+06
25476.4516 16.3220 1.5135e+06
25478.2816 14.1475 1.4809e+06
25493.8216 25.3382 8.9832e+06
25495.3016 21.4514 8.9832e+06
25521.4316 10.4593 2.4736e+06
25522.5616 18.8861 2.4736e+06
25524.4616 21.0629 2.5773e+06
25527.8016 14.6983 2.1336e+06
25530.3216 10.8723 1.8131e+06
25539.6716 24.0478 1.4247e+06
25546.6016 24.1348 2.5796e+06
25550.9716 20.2079 2.1630e+06
25554.3116 11.6470 1.8860e+06
25559.8316 14.7316 1.8677e+06
25566.2816 20.3336 1.9846e+06
25569.6316 22.3351 1.9846e+06
25579.5616 21.9237 1.5044e+06
25585.5216 22.7109 2.1046e+06
25588.0616 13.9332 1.5967e+06
25598.0716 19.9627 1.4658e+06
25605.3916 18.2577 1.6677e+06
25612.1016 20.7671 1.3837e+06
25617.9716 21.1027 1.1566e+06
25627.2616 12.1907 2.8841e+05
25630.2516 16.2471 2.5682e+05
25636.6916 22.9304 2.0792e+06
25638.6716 19.2152 2.0792e+06
25661.5516 26.3641 2.3207e+06
25665.6716 17.9401 1.2958e+06
25671.0816 23.5747 2.4044e+06
25674.5416 15.7949 1.9976e+06
25685.2116 25.1868 1.6319e+06
25690.0816 19.6513 2.0386e+06
25693.7216 12.5502 1.7744e+06
25702.3716 22.7193 2.3697e+06
25706.4216 18.6631 2.1799e+06
25718.3816 20.6564 1.3722e+06
25723.8916 16.4996 2.3368e+06
25734.2516 16.0927 5.8211e+05
25736.3416 14.9470 2.0535e+06
25739.1116 10.5962 1.2996e+06
25751.7516 11.3400 4.3883e+05
25753.4816 17.7317 2.1196e+05
25757.7916 25.9451 2.8251e+06
25760.1916 12.9287 2.3175e+06
25765.2716 21.3993 1.3744e+06
25770.1516 19.3877 1.5115e+06
25775.4416 18.8078 1.6126e+06
25777.6716 14.5557 1.3781e+06
25787.9916 24.2078 2.2905e+06
25793.0116 21.7114 2.7932e+06
25798.2416 20.6362 2.6368e+06
25805.2916 22.7356 2.3959e+06
25811.1616 21.3525 2.7589e+06
25814.8216 17.5323 2.4432e+06
25827.3416 25.8834 1.5255e+06
25833.6016 15.2306 1.0964e+06
25841.2016 25.0647 1.9194e+06
25848.5316 23.5041 2.8195e+06
25852.4616 20.2251 2.9481e+06
25855.8416 20.0163 2.6504e+06
25866.2916 22.0923 2.0804e+06
25870.6616 19.0782 2.0567e+06
25874.1316 17.1070 1.7822e+06
25878.3216 19.6126 2.3895e+06
25882.4216 15.6197 1.7251e+06
25889.4916 13.7616 5.8295e+05
25905.7116 15.4089 3.4536e+05
25906.3516 13.4106 2.7210e+05
25917.1516 26.4137 2.0131e+06
25920.3416 18.5578 2.0999e+06
25924.0716 17.1901 1.8457e+06
25932.6616 24.3983 2.7869e+06
25936.2916 16.2091 2.6087e+06
25947.4016 26.0667 1.5023e+06
25950.1016 10.9802 1.0978e+06
25955.8416 22.9129 1.6392e+06
25970.0716 20.2351 5.5303e+05
25989.6916 23.6139 2.4059e+06
26001.2316 19.9257 1.1839e+06
26006.0116 17.2721 1.6603e+06
26020.7916 15.6301 5.8853e+05
26037.9816 26.4033 1.9659e+06
26043.6416 22.5776 2.2277e+06
26057.4916 26.5510 3.7765e+06
26060.7316 11.2826 1.8644e+06
26069.2216 20.9112 1.9120e+06
26073.3416 19.7023 1.7227e+06
26077.8216 12.2298 1.6189e+06
26086.9516 23.5846 2.0384e+06
26090.6216 18.9488 1.8505e+06
26095.3016 23.3636 3.0701e+06
26096.1216 12.3160 1.8794e+06
26101.5416 14.7461 1.4381e+06
26106.0416 12.0636 1.2184e+06
26113.5116 22.4302 2.9353e+06
26114.7616 11.9183 2.9353e+06
26117.6416 12.9518 1.4604e+06
26135.1616 12.9460 6.9435e+05
26170.7016 22.3110 8.2177e+05
26182.2016 25.4795 1.7880e+06
26185.4516 10.1016 1.2774e+06
26197.4316 19.6751 1.0925e+06
26201.8516 22.6337 9.6846e+05
26208.5216 12.0577 2.5245e+06
26212.7016 23.5030 2.4866e+06
26214.3816 14.6894 1.4101e+06
26219.4516 13.7390 1.5456e+06
26223.3916 16.2471 1.4833e+06
26231.3916 23.0064 1.6718e+06
26232.7616 12.6986 1.5051e+06
26238.7916 16.0763 2.0226e+06
26242.4716 12.0543 1.9202e+06
26247.3816 22.6812 1.7296e+06
26278.3716 11.4050 1.0935e+06
26282.4016 24.8316 1.0935e+06
26289.7416 15.1102 6.4128e+05
26294.9416 22.8538 1.7050e+06
26297.2616 15.7221 1.7050e+06
26301.7416 13.3840 1.7579e+06
26304.5716 17.0473 1.4250e+06
26328.7216 20.9606 1.1921e+06
26331.1816 12.0084 9.3510e+05
26345.7116 20.2498 2.6710e+06
26349.6116 11.8303 2.4720e+06
26354.7616 14.8146 2.8521e+06
26362.5016 20.4465 5.0878e+06
26368.8416 10.1988 2.1981e+06
26380.7816 13.0021 2.1161e+06
26381.8516 12.9850 2.0527e+06
26390.4316 20.3275 2.0695e+06
26394.2216 12.2304 1.7394e+06
26396.5816 12.0944 1.1534e+06
26420.7316 22.4925 1.7103e+06
26424.5916 21.8204 1.5397e+06
26430.4216 21.9100 2.2366e+06
26434.6516 16.3787 2.0937e+06
26440.8116 18.9434 1.5951e+06
26443.4516 10.1416 1.1022e+06
26450.0916 10.8185 1.2501e+06
26500.9816 12.4007 1.7226e+06
26539.7716 12.6712 1.3719e+06
26544.2116 11.5574 1.5015e+06
26548.3216 17.3776 1.4466e+06
26553.6816 10.5296 1.3737e+06
26556.6416 16.2660 1.2440e+06
26574.6816 14.2937 1.9634e+06
26578.8116 17.5657 1.8163e+06
26587.1716 19.8445 2.0085e+06
26615.5216 15.9787 1.5004e+06
26636.1216 22.9503 1.6534e+06
26646.1116 25.8770 2.0733e+06
26650.3616 19.2978 2.0322e+06
26653.9216 16.6882 1.2282e+06
26663.4316 24.2397 1.5383e+06
26699.8116 27.0116 1.6886e+06
26703.3716 15.1932 1.8606e+06
26707.0416 18.9884 1.7243e+06
26711.0816 16.4082 1.2633e+06
26716.6916 19.4356 1.3026e+06
26721.8716 15.3263 8.7451e+05
26731.7816 26.3988 1.8119e+06
26735.1616 18.3905 1.9415e+06
26738.3516 16.6043 1.6216e+06
26747.5916 24.8753 1.9401e+06
26750.1316 16.4995 1.7364e+06
26754.3916 16.6174 1.9039e+06
26763.8116 22.7701 2.1727e+06
26767.5016 13.7509 2.0432e+06
26775.1816 25.2170 2.2065e+06
26783.4316 24.0703 1.9321e+06
26787.6416 18.3640 1.5485e+06
26795.7216 22.0674 1.4936e+06
26867.2816 20.0094 4.6520e+05
26877.1516 17.7374 3.6742e+05
26881.3016 10.8164 4.7994e+05
26908.8316 11.9819 4.8013e+05
26909.6016 15.8849 3.4847e+05
26956.4516 11.8013 2.1603e+05
26990.6616 10.7818 3.3111e+05
27017.2816 17.2903 2.1255e+05
27033.1216 19.3839 8.3192e+05
27039.7917 26.3182 1.3735e+06
27045.2317 20.4085 8.9737e+05
27050.5417 22.6567 1.9420e+06
27053.9217 16.9534 1.4588e+06
27056.9017 12.9428 1.2740e+06
27067.0817 25.2364 1.8868e+06
27074.2117 22.0680 1.8088e+06
27085.8917 24.2234 1.6334e+06
27089.0917 10.5122 1.6386e+06
27092.0717 14.1769 1.5802e+06
27104.3417 20.5983 1.4439e+06
27113.5817 23.7921 1.4451e+06
27125.7417 22.0438 1.3302e+06
27128.7017 11.0293 1.1293e+06
27132.0417 11.5576 9.0033e+05
27139.3817 23.7537 1.8857e+06
27143.0817 17.8673 1.8259e+06
27153.9017 20.2414 1.3347e+06
27173.7117 24.4976 1.8713e+06
27180.9417 20.1764 1.4691e+06
27195.7617 25.2655 1.7364e+06
27223.9917 23.4839 7.2176e+05
27231.7517 24.7505 1.3371e+06
27234.3117 15.4247 1.1107e+06
27240.4517 21.4848 1.4529e+06
27245.3617 17.4827 1.1770e+06
27254.1817 23.2251 1.6687e+06
27257.3217 11.3877 6.1576e+05
27264.2617 17.5871 1.0652e+06
27270.5917 24.5547 1.5407e+06
27279.4917 19.1467 1.0129e+06
27286.3017 23.1228 1.0922e+06
27291.9617 22.3263 1.8129e+06
27295.8317 18.5215 1.6724e+06
27299.6317 16.3433 1.5830e+06
27305.2317 13.0263 9.0880e+05
27311.9217 21.9229 1.2137e+06
27318.7917 16.7350 1.0598e+06
27323.2617 22.6181 1.4399e+06
27326.4817 10.4350 6.4689e+05
27335.8817 18.9483 2.3510e+06
27339.2117 19.2188 2.3510e+06
27344.5217 16.9412 3.0814e+06
27347.8217 10.0269 2.6537e+06
27355.7117 13.2459 2.8194e+06
27357.1217 10.4574 2.8194e+06
27370.6117 14.0746 1.0892e+06
27378.3117 24.2647 1.1075e+06
27388.0217 23.9670 2.5122e+06
27391.1717 16.2423 2.4824e+06
27393.5817 14.5281 2.1578e+06
27398.8317 19.1788 2.0102e+06
27403.5617 18.8223 1.5411e+06
27409.7017 16.8684 2.1681e+06
27412.5417 20.2715 2.1469e+06
27418.4217 15.6385 2.6619e+06
27441.8917 26.0312 1.4065e+06
27448.7617 22.7246 2.5953e+06
27453.5817 14.6109 1.4385e+06
27468.7517 24.8562 7.0203e+05
27474.0217 19.0027 1.6191e+06
27486.6417 24.2926 1.3102e+06
27511.0317 20.4325 1.4467e+06
27515.2217 18.9578 1.1942e+06
27526.3017 23.7048 1.7812e+06
27540.0217 17.7014 2.9137e+05
27550.4417 12.4910 1.5274e+05
27552.0317 11.3277 1.4857e+05
27554.7217 10.2669 1.1486e+05
27568.7317 26.5482 1.8269e+06
27572.1217 14.9835 1.2251e+06
27592.5517 11.5078 1.5428e+05
27602.8317 23.3987 1.2993e+06
27621.7017 13.9242 1.3588e+05
27626.9817 14.0443 1.8972e+05
27628.1817 12.7490 1.8972e+05
27630.4617 12.5127 1.8381e+05
27632.9717 10.3841 1.9220e+05
27634.3417 10.5463 1.3218e+06
27638.1117 22.4583 1.3218e+06
27664.6317 26.3544 1.5449e+06
27669.2517 17.7989 1.4915e+06
27680.6117 22.8632 1.8268e+06
27692.3517 23.6173 1.8525e+06
27694.8817 10.6083 1.2922e+06
27701.9317 12.9903 8.0362e+05
27706.9617 12.8664 5.3915e+05
27711.5617 21.2809 1.5520e+06
27714.8317 15.9132 1.4543e+06
27726.6617 25.5700 1.9377e+06
27731.3617 18.0078 1.8056e+06
27736.7917 20.0179 2.0596e+06
27740.9017 16.4319 1.9334e+06
27744.1417 13.5524 1.4815e+06
27781.2417 25.8941 1.8144e+06
27785.9717 19.0390 1.9335e+06
27789.5417 12.1767 1.2458e+06
27802.8317 21.2904 1.6185e+06
27807.4817 16.6681 1.5115e+06
27811.9217 14.9917 1.5900e+06
27815.2717 16.5955 1.5695e+06
27819.1217 13.7705 1.3281e+06
27831.0517 25.9984 2.4083e+06
27845.1617 24.5238 1.8728e+06
27849.2617 18.3428 1.5833e+06
27853.8317 18.0622 1.0977e+06
27872.9617 24.1272 1.9419e+06
27875.7017 14.5571 1.4379e+06
28056.8517 13.7506 3.3941e+06
28057.5717 10.4089 3.3941e+06
28059.0417 26.0099 3.3941e+06
28059.6817 16.7196 2.3962e+06
28070.9217 24.7499 2.2558e+07
28071.6817 16.2831 9.8497e+06
28699.9918 12.7446 6.8119e+04
28714.1918 10.0976 3.1522e+04
28788.9718 11.3494 6.4527e+04
28809.2818 12.2923 6.4478e+04
28916.7218 12.3814 5.4401e+04
28938.2118 10.6598 1.1088e+05
29091.1418 13.8391 2.0784e+04
29165.6418 10.3886 3.1672e+04
29319.8718 13.1192 2.9692e+04
29412.8518 10.1530 2.5728e+04
29463.0218 14.0166 6.2565e+04
29529.9418 12.1367 9.6346e+05
29534.2618 21.8325 9.6346e+05
29544.0518 26.6557 1.0457e+06
29547.6718 13.2296 7.7721e+05
29553.8718 24.9861 1.5380e+06
29563.8518 13.9714 1.2606e+06
29566.3018 20.9458 1.2105e+06
29569.1018 14.7496 1.1229e+06
29579.2118 23.3708 2.2763e+06
29584.1018 20.6072 2.3065e+06
29593.4618 16.3645 8.3653e+05
29602.7418 12.4924 2.8791e+06
29603.4518 22.2116 2.8791e+06
29606.0518 20.4704 2.9553e+06
29609.3818 15.4333 2.6376e+06
29613.8418 15.5021 2.1632e+06
29628.3018 25.8329 2.4174e+06
29633.1818 20.0021 2.7404e+06
29638.0018 20.0909 4.2709e+06
29641.9618 22.8306 3.9472e+06
29663.9318 25.0601 3.0514e+06
29667.9618 15.3822 9.7979e+05
29674.6918 22.2131 2.0792e+06
29679.1118 21.5238 2.8228e+06
29690.4618 19.0145 1.8713e+06
29717.5118 16.9587 1.6971e+05
29723.4118 15.5538 2.4026e+06
29723.8518 24.7003 2.6520e+06
29728.2218 17.9620 2.7641e+06
29737.9918 17.1044 1.9266e+06
29742.1518 23.8011 1.8653e+06
29748.2618 15.7249 1.2593e+06
29752.5018 14.7301 1.8790e+06
29764.6018 25.4903 1.3131e+06
29777.0318 14.9985 3.1428e+05
29789.2518 22.3529 1.2495e+06
29797.6918 12.7252 4.6841e+05
29806.1318 26.2275 1.2852e+06
29813.6818 24.3473 1.4018e+06
29817.7618 19.3771 1.3535e+06
29822.5818 20.5552 1.4768e+06
29828.4018 19.7396 1.5546e+06
29834.9318 20.8394 1.5309e+06
29838.9318 18.8350 1.5294e+06
29844.2718 20.4674 1.1447e+06
29851.5218 22.4825 1.3342e+06
29869.8918 26.6196 2.3048e+06
29872.7518 18.1982 2.1389e+06
29877.1518 20.9351 2.0081e+06
29881.5418 14.9781 2.0551e+06
29887.8118 11.1603 1.0356e+06
29894.9118 25.8190 2.3614e+06
29900.9318 21.1219 2.3937e+06
29906.2918 20.9488 2.7205e+06
29910.8318 18.5482 2.5565e+06
29914.2018 18.4917 2.5961e+06
29917.9218 16.3671 2.5214e+06
29923.8918 17.6737 2.8549e+06
29927.8718 15.6060 2.6355e+06
29932.7418 18.7395 2.4760e+06
29938.1518 13.8785 2.7595e+06
29940.6518 20.2323 2.6574e+06
29949.0818 23.0500 2.9704e+06
29958.6518 24.5620 1.4508e+06
29963.3018 21.3066 1.3670e+06
29967.8318 19.7016 1.6675e+06
29971.5818 18.4143 1.6449e+06
29976.2518 18.6798 1.5300e+06
29981.8118 20.0830 1.9365e+06
29990.5718 13.6176 7.7427e+05
29993.7318 13.8879 7.7427e+05
30006.1818 25.3547 1.5664e+06
30009.2118 20.8494 1.5232e+06
30019.1718 25.6413 1.8058e+06
30023.2618 18.8085 1.8058e+06
30028.0418 17.2756 1.7704e+06
30064.3018 25.8829 1.1663e+06
30067.6318 17.0299 1.1663e+06
30081.0818 25.4687 1.4538e+06
30083.9218 16.2494 1.1426e+06
30089.2218 23.4353 1.8613e+06
30093.1018 19.0601 1.8613e+06
30109.4618 10.9055 3.0636e+05
30115.4418 23.5125 2.1250e+06
30119.6218 20.2543 2.0083e+06
30123.1218 15.8259 1.4531e+06
30134.5918 25.1162 1.2779e+06
30146.3418 23.1904 2.4321e+06
30149.3418 21.9701 2.3264e+06
30160.1918 21.7455 2.5493e+06
30164.0818 17.2835 2.5281e+06
30167.5618 16.3799 1.8083e+06
30177.3318 18.0345 2.4993e+06
30180.6718 16.4162 2.6441e+06
30184.3918 13.5768 2.4756e+06
30194.5618 20.8631 2.0073e+06
30229.9018 19.1215 2.2681e+06
30237.7218 22.2802 2.4095e+06
30243.0318 19.1504 2.1240e+06
30252.7518 18.6527 2.2744e+06
30257.1718 16.4763 2.1188e+06
30262.0118 17.6166 2.6586e+06
30267.5018 17.9747 1.9599e+06
30293.9818 14.0988 1.7514e+06
30294.4818 12.8809 1.7514e+06
30295.4818 11.4182 1.7514e+06
30297.8318 11.9441 2.2555e+06
30300.6018 13.3196 2.4011e+06
30304.2118 10.8245 2.3519e+06
30307.6218 14.5497 1.8387e+06
30321.5319 20.4814 1.8096e+06
30361.0819 17.5067 2.8906e+05
30366.5719 10.7333 5.0361e+05
30381.5619 18.2464 2.3032e+06
30391.8319 23.7436 2.4820e+06
30399.0919 22.7697 2.5366e+06
30406.8219 23.4404 2.7953e+06
30422.0219 25.0555 3.2294e+06
30433.8519 21.9792 3.5000e+06
30474.3319 11.2645 1.0422e+06
30483.1519 23.2477 2.7057e+06
30489.0819 18.2054 3.3703e+06
30496.1319 18.0131 3.1940e+06
30501.0119 18.7313 2.9355e+06
30515.3919 19.4814 2.0425e+06
30519.0219 15.5866 1.9109e+06
30527.8319 10.5165 1.1744e+06
30554.5019 25.6624 2.6051e+06
30558.6919 18.0101 2.4164e+06
30563.7219 17.6932 1.9048e+06
30572.2719 21.2635 2.0073e+06
30575.9619 14.7164 1.2912e+06
30597.8619 26.5438 2.6696e+06
30604.8619 22.4577 2.5146e+06
30611.6119 22.3029 1.7535e+06
30623.6119 26.2358 2.2812e+06
30631.2919 22.5405 1.9952e+06
30636.9719 20.4399 2.2690e+06
30641.5919 16.9272 1.8964e+06
30648.2219 14.9748 1.1339e+06
30662.6219 22.1925 2.7237e+06
30666.5319 15.8679 2.4637e+06
30672.7519 20.4839 2.0229e+06
30702.4719 26.1161 1.4794e+06
30707.0319 19.0272 1.6750e+06
30727.0119 17.4428 2.1760e+06
30740.8319 25.7283 2.5280e+06
30745.4019 18.3041 2.5645e+06
30749.5919 15.7520 2.2503e+06
30757.8219 17.1945 2.2829e+06
30761.1019 17.8260 2.1538e+06
30765.4419 14.6982 1.7022e+06
30789.1619 24.3932 2.1274e+06
30792.6219 17.1038 1.8563e+06
30798.0719 21.5292 2.2547e+06
30806.2619 21.7869 2.6115e+06
30810.4619 18.9387 2.4098e+06
30819.5619 21.1379 2.3349e+06
30824.3919 19.8510 2.1395e+06
30829.2519 17.0983 2.1488e+06
30833.0819 16.5667 1.2986e+06
30841.1319 23.1266 1.5971e+06
30847.0519 16.4379 1.1500e+06
30858.6119 12.0146 2.7885e+05
30863.2219 15.1501 2.6771e+05
30874.5219 12.9294 9.4998e+05
30890.5119 13.3154 2.1473e+05
30914.7119 25.9103 2.4687e+06
30920.2019 19.2937 1.9702e+06
30926.7719 16.7795 1.0750e+06
30931.6319 21.4353 2.0161e+06
30940.2519 22.4858 1.9569e+06
30947.0019 20.5400 1.9014e+06
30957.3719 22.8635 2.4283e+06
30962.6419 23.0308 2.1575e+06
30966.6919 16.6498 1.8908e+06
30973.5319 21.8459 1.9333e+06
30977.7919 13.2966 1.3417e+06
31006.8719 12.1098 1.1559e+05
31007.9519 11.7822 1.1559e+05
31010.6319 13.1376 9.6890e+04
31019.0519 11.2673 1.4852e+05
31029.7419 20.4665 7.8054e+05
31033.2719 14.9656 7.0715e+05
31044.3819 11.6971 1.5075e+05
31060.4419 17.6478 4.2830e+05
31085.3519 19.6633 8.6261e+05
31090.7719 10.8490 3.9175e+05
31125.1919 12.8580 1.6535e+05
31146.4619 16.8967 2.2063e+05
31157.8019 12.2924 2.1410e+05
31159.4319 10.0414 2.2063e+05
31162.1619 10.1793 2.2876e+05
31165.4219 11.4916 2.2963e+05
31179.1719 10.1604 2.3124e+05
31197.4819 16.8537 2.2032e+05
31255.6619 10.5913 2.7435e+05
31257.9019 15.8125 6.3474e+05
31269.7519 12.3330 3.5454e+05
31286.1019 17.7346 2.4697e+05
31288.8219 10.8502 2.5017e+05
31304.4319 10.5974 3.7444e+05
31323.8419 12.8528 1.3380e+06
31350.2219 11.1275 5.9713e+05
31374.0919 13.3545 3.7759e+05
31374.8519 10.7795 3.1526e+05
31404.1219 17.8090 3.0975e+05
31413.6319 13.2996 3.2659e+05
31429.8819 24.1290 1.1425e+06
31444.6519 25.5125 1.5163e+06
31449.2019 12.2207 9.6211e+05
31455.8119 23.3448 2.1243e+06
31458.1919 10.5269 1.6335e+06
31465.7519 20.0226 2.1288e+06
31469.3819 13.6181 1.7782e+06
31476.3019 21.0970 1.9960e+06
31488.6819 26.0056 2.0515e+06
31493.6319 18.5780 2.1323e+06
31501.7419 24.1597 1.7988e+06
31505.7119 19.8227 1.5773e+06
31510.3519 16.2889 1.2196e+06
31517.5319 23.1319 1.7191e+06
31525.0119 14.7367 1.0942e+06
31533.5819 25.3319 2.0485e+06
31539.4219 20.5213 1.4923e+06
31546.5419 22.9985 2.0254e+06
31550.5419 18.4472 1.7616e+06
31572.2219 11.4771 5.8106e+05
31583.0419 23.6200 1.7527e+06
31592.4219 19.6207 1.1828e+06
31596.4219 19.1199 9.6911e+05
31602.7019 14.6416 7.5708e+05
31612.7319 24.7661 1.0327e+06
31617.4219 16.0931 1.1238e+06
31623.4119 24.4373 2.1523e+06
31628.1119 16.1824 1.2893e+06
31636.3719 24.1817 1.8166e+06
31639.0119 10.2262 9.6926e+05
31644.2019 18.6372 1.6632e+06
31653.1819 15.2112 8.5245e+05
31661.2619 23.8792 1.4435e+06
31665.2119 16.0404 9.9216e+05
31675.7419 24.6950 1.0696e+06
31680.6319 15.2881 1.0642e+06
31689.8119 25.4296 1.3923e+06
31693.9919 18.2588 1.2342e+06
31697.4219 17.3155 1.3159e+06
31701.0919 14.8790 1.1411e+06
31709.1419 22.7105 9.0561e+05
31714.1219 20.5818 2.0035e+06
31717.6119 17.3706 1.6544e+06
31724.4219 21.9038 1.5427e+06
31737.2719 24.4293 1.7739e+06
31746.9019 23.6138 2.3687e+06
31751.7419 20.1642 2.5170e+06
31753.5619 22.4133 2.0507e+06
31758.5119 10.6687 2.2880e+06
31763.6719 17.1569 2.5838e+06
31768.7519 19.9262 1.8049e+06
31776.2519 11.9493 8.1146e+05
31784.6719 22.3727 2.2136e+06
31787.3719 17.3362 2.1671e+06
31792.4419 17.6720 1.9546e+06
31794.7819 13.3769 2.2253e+06
31797.4119 15.2477 2.1571e+06
31801.0619 13.6472 2.7812e+06
31804.6519 12.1085 2.6456e+06
31812.4719 20.6143 1.9348e+06
31817.8319 12.4421 2.5238e+06
31821.7919 18.0719 1.3931e+06
31826.9019 19.3961 2.2594e+06
31831.0619 14.7393 1.2167e+06
31839.5319 26.7302 6.4009e+06
31848.1619 10.2787 1.7442e+06
31857.2619 24.0191 1.6266e+06
31867.1219 18.7898 2.5164e+06
31870.2819 21.0991 2.4696e+06
31873.5619 16.8818 2.2738e+06
31882.5219 19.0756 2.0467e+06
31886.7219 13.3442 1.8607e+06
31894.9919 20.5487 1.5341e+06
31900.0819 17.9042 1.8236e+06
31906.1919 21.0142 1.6477e+06
31918.5219 10.1432 3.9621e+05
31924.8019 12.2749 4.7790e+05
31932.6519 25.3644 2.2203e+06
31940.9819 20.0416 1.6306e+06
31946.2619 14.9972 1.5590e+06
31956.7020 20.1295 1.9911e+06
31957.2020 11.6523 1.5505e+06
31963.1420 16.9117 1.7634e+06
31967.7020 17.2044 1.5006e+06
31973.6520 19.7668 1.8472e+06
31979.6620 19.8038 1.1641e+06
31984.8020 13.5711 4.4264e+06
31994.0520 18.7241 1.1743e+06
31998.5720 18.5340 1.6608e+06
32008.3820 24.2133 2.1747e+06
32013.5820 21.9664 1.2050e+06
32025.8220 25.3900 6.6103e+06
32026.3720 23.3713 6.6103e+06
32053.1620 22.4584 1.0861e+06
32058.0520 11.7613 7.3912e+05
32062.9220 23.3043 1.3147e+06
32072.4420 10.4212 7.0150e+05
32114.0420 14.0477 3.9890e+05
32141.9620 26.6601 4.4548e+06
32158.4720 16.1803 5.0521e+05
32163.4320 23.4470 1.6244e+06
32180.0420 12.3561 3.8369e+06
32181.4720 11.3368 3.8369e+06
32182.7120 24.9065 3.8369e+06
32194.7920 10.1045 1.0731e+06
32204.6120 19.4744 1.9243e+06
32207.4520 15.7130 1.9483e+06
32213.7220 15.2572 1.6358e+06
32221.3720 20.6173 2.0248e+06
32226.7520 22.0510 2.2103e+06
32241.1520 21.8048 9.3808e+05
32247.5220 23.7453 1.3485e+06
32251.9220 18.8415 1.4099e+06
32264.2120 26.1908 1.4300e+06
32272.8820 18.5813 1.0626e+06
32278.1720 20.0004 1.4301e+06
32282.9720 19.7999 1.6129e+06
32284.7220 17.0711 1.3541e+06
32291.4120 18.9580 2.0550e+06
32296.5820 23.5641 3.6734e+06
32299.5620 13.5034 3.2972e+06
32320.2820 18.6137 1.5383e+06
32325.9220 25.4847 1.7378e+06
32329.0520 19.8164 1.7160e+06
32334.4520 16.5743 2.1368e+06
32335.9320 11.3424 1.3665e+06
32340.5520 13.8169 1.5041e+06
32346.4620 20.4429 2.0255e+06
32348.8920 14.3475 1.7751e+06
32356.1620 16.3398 1.0212e+06
32365.9220 15.1188 2.7131e+06
32366.6420 19.9339 2.7131e+06
32370.0120 11.3272 1.4359e+06
32378.6920 21.8170 1.8421e+06
32383.0320 24.2743 1.9407e+06
32386.1720 17.0059 1.7270e+06
32396.4020 21.6149 7.0201e+05
32403.0320 19.8900 2.5156e+06
32404.1920 19.2369 2.5156e+06
32409.9820 11.2100 2.6372e+06
32413.6020 16.6317 2.3146e+06
32419.0120 20.5242 1.9458e+06
32423.8120 18.6181 1.5489e+06
32428.2520 18.9367 2.2057e+06
32433.8720 19.3504 2.6394e+06
32437.2120 15.3576 2.6530e+06
32438.7220 16.9723 2.3139e+06
32442.1120 14.0691 1.8881e+06
32445.2620 16.0696 1.9306e+06
32455.3620 24.8965 1.8313e+06
32458.4520 16.1542 1.1263e+06
32464.3820 19.5017 2.1648e+06
32466.9320 18.4497 1.5714e+06
32490.0220 13.2460 2.0381e+05
32495.9820 25.5836 1.8303e+06
32501.5720 16.9996 1.6284e+06
32506.7820 19.8079 1.3631e+06
32515.2620 20.8717 1.9045e+06
32519.7020 19.3964 2.3669e+06
32538.8520 15.0336 1.6461e+05
32544.7520 26.3551 2.4042e+06
32547.5320 17.6692 2.1721e+06
32550.8620 16.9849 1.7792e+06
32556.1420 16.8133 1.9741e+06
32559.7220 12.2340 1.8788e+06
32585.5620 18.0973 1.2613e+06
32590.1720 26.5299 1.4173e+06
32594.3720 11.3754 2.4474e+05
32599.5920 24.4523 2.1920e+06
32603.2120 18.4302 1.9034e+06
32611.5620 21.0907 2.3081e+06
32614.6320 12.3815 2.4355e+06
32616.4520 17.3927 2.6224e+06
32620.7820 10.5914 3.0128e+06
32622.5920 16.5679 1.8041e+06
32624.2320 12.9760 2.7596e+06
32629.6020 10.5830 2.6742e+06
32648.4320 24.6928 1.4211e+06
32650.9420 14.1458 1.8560e+06
32653.0420 13.6381 1.9364e+06
32655.9520 19.2672 1.7076e+06
32658.4120 12.4875 1.3199e+06
32660.9020 10.7356 1.2301e+06
32684.5020 24.1134 1.9034e+06
32687.0920 12.7374 1.9845e+06
32689.0820 14.0841 2.2718e+06
32692.3520 14.3975 2.5753e+06
32703.3420 24.2705 1.5767e+06
32708.2020 10.6151 1.3387e+06
32719.4120 25.1395 1.9778e+06
32722.7720 17.5864 1.3168e+06
32731.0420 21.7131 1.7238e+06
32733.9520 12.8918 1.0989e+06
32743.5220 25.2458 2.0638e+06
32747.7320 19.6263 1.7654e+06
32752.6720 19.2917 2.1229e+06
32761.2120 23.7836 2.0842e+06
32765.5020 16.1330 1.3816e+06
32770.5420 13.6482 8.0633e+05
32790.0320 26.4527 1.8514e+06
32794.3820 21.3920 1.8028e+06
32800.8220 21.4878 1.9128e+06
32819.2020 11.8967 1.8565e+05
32831.3320 26.0498 1.9253e+06
32836.7720 14.8070 8.4440e+05
32883.9920 10.5557 3.3206e+05
32914.5720 25.4964 2.1519e+06
32917.8620 16.1047 1.8182e+06
32930.1220 25.2282 1.8420e+06
32935.6820 19.8905 1.3697e+06
32940.1920 18.9761 2.6220e+06
32944.2920 16.5862 2.2516e+06
32948.3620 13.9054 1.2254e+06
32963.8120 26.0216 2.6604e+06
32967.8320 17.9982 1.7607e+06
32970.8020 14.0776 1.4294e+06
32984.7520 21.8934 1.7343e+06
32991.2120 20.2658 1.8625e+06
32996.4420 17.4234 1.7937e+06
33000.2120 10.9337 8.8820e+05
33015.4420 23.4106 2.0486e+06
33017.4720 15.2205 1.9038e+06
33024.6120 21.6006 1.6281e+06
33030.7620 20.4334 1.2960e+06
33042.4620 23.4481 1.7830e+06
33052.0220 24.6742 4.0283e+06
33075.7020 23.4406 1.9224e+06
33077.8520 21.7289 1.9224e+06
33101.4020 23.7852 6.6402e+05
33107.2820 22.8759 1.2401e+06
33112.9320 18.7548 1.1624e+06
33117.3820 17.7426 1.1336e+06
33123.6920 10.7937 5.2476e+05
33143.2120 23.7241 8.8848e+05
33146.1320 12.6744 5.1989e+05
33152.9220 18.4448 2.1835e+06
33155.5320 22.4076 2.2391e+06
33162.8120 15.4767 1.6087e+06
33166.7220 19.3241 1.4996e+06
33172.0020 17.6552 1.2773e+06
33177.6920 11.2931 9.9404e+05
33183.8920 20.0715 1.0411e+06
33188.9620 22.7263 1.8887e+06
33192.5120 10.2814 1.1308e+06
33198.3720 23.2203 2.7105e+06
33201.8320 10.9061 1.5579e+06
33208.1920 21.8994 9.4695e+05
33212.9920 21.1883 1.6604e+06
33218.2120 12.9426 2.4992e+06
33220.1320 10.4625 1.4886e+06
33225.1520 13.7872 9.3710e+05
33235.0020 17.3853 2.9928e+05
33246.8220 12.0311 4.0439e+05
33269.8720 20.1083 1.3138e+06
33270.3620 10.9161 1.3138e+06
33271.0320 17.2604 1.3138e+06
33274.1720 11.7774 7.2272e+05
33280.0520 21.0920 1.7762e+06
33282.7820 12.6096 1.5256e+06
33289.4120 10.4569 1.2634e+06
33292.3820 14.2087 1.2601e+06
33296.0820 12.7900 1.1828e+06
33299.3020 10.1567 3.1875e+05
33308.3320 11.9634 7.0772e+05
33314.5220 10.1155 1.3831e+06
33323.7620 18.1102 1.3311e+06
33332.5620 11.4410 2.6809e+05
33343.6120 17.8366 4.5565e+05
33367.4120 10.5241 9.9708e+05
33367.9620 18.6973 9.9708e+05
33381.2820 10.1916 3.5674e+05
33383.2820 14.6203 7.9284e+05
33385.8920 17.0119 7.8421e+05
33393.1520 23.4026 2.9335e+06
33397.7720 17.5834 3.3459e+06
33401.1720 16.5579 3.3459e+06
33411.5220 21.7746 2.0623e+06
33413.7820 13.4067 2.1333e+06
33432.3720 10.9632 2.1361e+05
33454.2020 17.5925 1.4793e+05
33460.1520 13.1848 2.8718e+05
33470.8320 12.3319 1.2257e+05
33486.9520 17.1611 3.7798e+05
33515.8320 23.0473 1.6223e+06
33524.1820 22.3164 2.0426e+06
33530.8220 21.8928 2.5365e+06
33541.6120 13.1615 2.8086e+06
33544.7120 25.3396 2.8086e+06
33550.2320 22.0489 2.9465e+06
33556.7120 21.4756 2.9305e+06
33565.2720 23.9521 1.8119e+06
33571.3820 22.4559 1.7816e+06
33575.3220 18.1755 1.9701e+06
33579.4220 16.9134 1.5641e+06
33585.6020 18.5989 2.3201e+06
33588.9821 16.3175 2.0457e+06
33601.8221 10.7369 1.6582e+05
33607.0821 25.1729 1.4510e+06
33616.4521 11.3944 2.3162e+06
33618.0721 22.5972 2.3162e+06
33624.3221 20.3336 1.5205e+06
33629.6821 15.7354 1.3088e+06
33636.7121 19.2520 3.0488e+06
33640.8721 18.5781 3.1349e+06
33644.6921 16.8001 2.4851e+06
33649.0321 18.5194 1.9772e+06
33664.0721 19.6744 1.3350e+06
33666.4121 13.9583 1.2966e+06
33682.2921 22.5415 1.4585e+06
33685.3121 18.1872 1.8943e+06
33689.1221 15.7861 1.7318e+06
33694.2721 17.4380 1.5482e+06
33699.4421 19.7512 1.5604e+06
33707.9021 19.0115 2.1229e+06
33710.0921 13.7281 2.0651e+06
33723.8121 22.7601 1.6991e+06
33730.5421 20.2740 2.3909e+06
33735.1421 14.2474 2.3258e+06
33739.4821 12.1254 1.7536e+06
33764.7821 25.3998 2.4839e+06
33768.4221 18.4501 2.7310e+06
33771.8921 14.9572 2.9033e+06
33774.8721 14.2074 2.9033e+06
33778.1821 13.5876 2.3795e+06
33797.5221 26.4242 2.4838e+06
33801.4521 12.4412 1.6151e+06
33806.2921 18.9848 1.2707e+06
33814.8721 22.7882 3.4025e+06
33817.9221 13.3793 2.4266e+06
33823.5221 22.1846 3.1952e+06
33833.5121 11.7029 2.8783e+06
33836.5021 18.5708 3.0451e+06
33839.2321 14.8562 3.1027e+06
33842.5121 13.9872 2.6686e+06
33847.0921 17.6148 2.7172e+06
33854.3621 18.2936 2.2340e+06
33861.0221 26.8052 6.2315e+06
33882.1721 22.3167 1.5714e+06
33885.8521 12.5749 1.4893e+06
33888.7921 13.0000 1.4197e+06
33892.6821 13.5059 1.3851e+06
33896.1921 14.4189 1.2993e+06
33899.7821 16.5430 1.0083e+06
33905.2421 20.3280 1.4761e+06
33908.6621 13.2879 1.4710e+06
33911.2221 12.0990 1.1112e+06
33915.6421 15.4540 1.8633e+06
33919.2021 12.7080 1.7973e+06
33923.2521 14.1486 1.6135e+06
33927.8621 19.0342 1.6435e+06
33931.1621 16.6737 1.3416e+06
33940.4821 21.3930 2.4207e+06
33972.2221 14.9659 9.7143e+05
33976.0121 23.7204 9.7143e+05
33999.1121 15.0705 4.0992e+05
34007.7221 12.1689 1.3007e+05
34013.9321 21.2470 8.0505e+05
34078.1821 14.6505 1.1035e+06
34078.7521 17.1746 9.6514e+05
34090.3821 14.3006 5.2439e+05
34091.2621 15.6776 5.1710e+05
34176.9621 11.1096 1.1994e+05
34226.1221 11.1749 1.2608e+05
34227.4121 12.3798 1.5388e+05
34232.5021 17.6401 1.3314e+06
34250.9621 10.2210 1.6800e+05
34257.0421 23.2782 3.1759e+06
34273.3721 14.6888 1.7185e+05
34274.2021 10.1735 3.3331e+05
34277.7021 14.3097 2.2766e+05
34287.2121 18.1476 2.9967e+05
34294.0621 14.6201 1.8224e+05
34315.9221 25.5096 7.5904e+05
34355.6121 14.6794 6.1333e+04
34363.2321 11.2399 8.6859e+04
34382.8521 10.3146 7.4606e+04
34393.9221 12.3045 1.5378e+05
34413.1621 12.4467 4.5215e+05
34482.7621 17.9086 1.0447e+05
34503.1521 18.0075 1.6753e+05
34568.8221 14.2409 1.0188e+06
34593.3521 10.2932 2.4802e+05
34622.5821 10.5554 6.8332e+04
34735.3121 16.7389 1.2394e+06
34753.5721 17.3932 2.6454e+05
34758.4721 13.1082 9.7813e+05
34761.9421 14.4733 2.1221e+06
34765.6621 20.0604 2.3720e+06
34768.7921 17.7857 2.3720e+06
34779.1221 13.9340 6.9358e+05
34790.3221 17.5021 1.7052e+06
34793.7821 25.7268 1.9287e+06
34797.2021 15.0074 1.7969e+06
34800.4521 11.7591 1.5590e+06
34805.5821 20.4827 1.5922e+06
34811.9721 15.6957 1.3881e+06
34815.3221 12.8960 2.2785e+06
34818.7721 21.8204 2.2785e+06
34823.3521 18.2315 1.7815e+06
34829.8221 22.4002 1.4276e+06
34836.1421 22.1202 1.5022e+06
34848.5921 24.7971 1.6643e+06
34856.4921 22.4330 1.5776e+06
34859.3021 10.6599 1.6008e+06
34863.1321 15.7867 1.5150e+06
34873.8021 23.3609 2.2333e+06
34877.9721 21.2648 2.3707e+06
34882.2421 18.6619 2.3242e+06
34885.9821 17.5041 2.0540e+06
34890.2121 14.5453 1.8303e+06
34900.8421 11.3073 3.4236e+06
34901.2721 25.1883 3.4236e+06
34913.4421 17.2372 1.4076e+06
34917.0321 13.4141 1.3051e+06
34923.3721 21.3465 1.7057e+06
34928.3021 17.0462 1.0210e+06
34932.8121 24.2769 3.4167e+06
34938.6021 10.8679 1.3536e+06
34947.4121 16.1140 1.8213e+06
34951.9521 15.0127 1.4482e+06
34958.6921 18.6555 1.2094e+06
34984.2521 25.2627 1.8086e+06
35001.4921 25.5584 1.5225e+06
35007.1421 21.9798 1.3099e+06
35013.0521 12.9311 1.0694e+06
35024.5021 25.8999 1.4806e+06
35029.9321 16.9258 1.7336e+06
35041.6521 21.2442 1.6094e+06
35042.8021 13.5754 1.4082e+06
35048.1321 19.3791 1.7360e+06
35051.7921 16.6295 1.5262e+06
35060.8321 11.7122 4.8510e+05
35067.9321 25.6445 1.5403e+06
35073.2821 20.6271 1.7007e+06
35077.7021 12.8362 9.9710e+05
35084.1721 22.9583 1.5403e+06
35088.7021 13.5948 2.0352e+06
35092.1921 10.3061 2.0308e+06
35094.8921 15.8279 1.7135e+06
35101.9021 20.3841 1.6805e+06
35106.2221 15.9708 1.3317e+06
35111.1121 17.6481 1.1898e+06
35121.5021 21.9189 6.6638e+05
35133.8421 22.7231 1.4807e+06
35137.2121 15.5796 1.2594e+06
35143.6721 21.0843 1.6754e+06
35147.7521 16.0831 1.3823e+06
35152.5021 12.0328 9.0234e+05
35173.1821 23.8331 1.3325e+06
35180.1121 22.5699 1.4966e+06
35187.8521 12.9670 5.0529e+05
35195.5021 23.4553 1.7198e+06
35204.8121 13.2904 3.2058e+05
35218.0121 25.7853 2.0261e+06
35226.5122 21.9425 1.9171e+06
35231.0522 13.7398 1.1785e+06
35234.2322 10.5181 8.0500e+05
35247.6822 16.7218 1.6269e+06
35251.8022 19.2462 1.5222e+06
35264.2022 14.0456 1.4609e+06
35265.4122 19.1258 1.4609e+06
35274.3522 24.2587 2.0886e+06
35278.4722 12.0720 2.0076e+06
35282.0322 17.2062 1.6345e+06
35288.7622 23.8741 2.1280e+06
35294.2522 17.5826 2.7574e+06
35296.6622 21.2742 2.7574e+06
35317.9922 16.9756 1.4685e+06
35319.8422 24.4452 1.4685e+06
35325.2922 14.4176 9.9936e+05
35335.1822 18.8763 2.4459e+06
35336.8722 21.4043 2.3292e+06
35342.3322 19.9732 2.2041e+06
35354.0622 23.9524 2.6035e+06
35359.0222 19.8263 2.5203e+06
35365.4922 20.3865 2.3462e+06
35370.0022 17.8698 2.6660e+06
35373.8522 16.5144 2.4498e+06
35377.4022 17.1643 2.3237e+06
35381.5522 17.8773 2.0359e+06
35385.4522 16.9278 6.2396e+06
35386.4522 22.3655 6.2396e+06
35398.6422 15.1055 9.2686e+05
35408.1022 11.5848 5.6489e+05
35416.3322 14.0238 1.7727e+06
35417.9322 17.7466 1.7393e+06
35428.3222 25.0865 1.8025e+06
35435.7722 23.6724 1.8280e+06
35441.6622 21.0063 3.7351e+06
35444.0422 19.2161 3.7351e+06
35444.6122 16.8772 3.7093e+06
35453.2922 13.4629 9.6925e+06
35456.6922 25.2820 9.6925e+06
35478.4822 21.3500 1.7923e+06
35484.7622 22.5881 1.5643e+06
35490.3122 22.5303 2.1442e+06
35495.0622 15.7383 1.6871e+06
35499.8822 14.2308 2.4413e+06
35503.9822 16.4039 2.4206e+06
35507.7722 18.2014 2.2230e+06
35513.9622 15.2271 1.6636e+06
35520.0322 15.2294 1.0218e+06
35527.1922 11.5460 1.3195e+06
35550.0022 10.9437 1.7925e+05
35630.3422 22.0465 9.3637e+05
35695.7222 13.0208 3.5800e+05
35754.9022 12.0566 1.4511e+07
35756.5622 23.8016 1.4511e+07
35757.2822 24.5986 1.5431e+07
35761.8422 10.2099 6.6016e+06
35787.9222 13.5436 1.7443e+05
35916.4322 10.1180 5.3685e+04
35944.8922 10.4040 1.0466e+05
36013.9722 11.2327 4.1877e+05
36023.6522 23.2233 1.4743e+06
36029.8722 23.4650 1.9527e+06
36034.9522 20.3181 1.5386e+06
36040.3022 18.1828 1.2858e+06
36057.1522 21.4935 1.4113e+06
36076.0722 23.9210 9.6218e+05
36090.4322 10.5684 1.0177e+06
36094.7422 15.1493 1.1041e+06
36111.4722 12.3295 1.5130e+06
36122.0722 11.8927 1.5169e+06
36125.9122 10.9335 9.6619e+05
36146.5122 19.2203 1.4897e+06
36149.9522 13.3281 1.3910e+06
36154.0222 10.5031 1.2714e+06
36170.8222 22.0728 1.2596e+06
36175.2322 19.2919 1.4820e+06
36177.1922 10.9137 1.3393e+06
36195.4822 12.6919 6.8361e+05
36204.9222 11.4865 4.0672e+05
36216.8222 25.6922 1.9413e+06
36220.9322 20.4866 1.9413e+06
36225.7022 20.6112 1.7417e+06
36241.0522 22.6656 1.8160e+06
36249.3922 24.3049 1.9691e+06
36253.1822 13.4991 1.6418e+06
36255.6622 14.1506 1.5725e+06
36277.5122 25.2076 1.5965e+06
36282.0922 17.5162 1.4649e+06
36287.8722 17.1631 1.1338e+06
36312.5822 25.2222 1.7316e+06
36316.3622 16.0511 1.5390e+06
36326.9022 11.4735 8.0400e+05
36329.5122 12.7716 7.2749e+05
36333.2122 11.7606 5.5257e+05
36347.0622 14.0478 1.0464e+05
36396.2122 11.0648 1.9883e+05
36414.0522 15.2875 6.8440e+05
36423.9022 24.9074 1.7853e+06
36427.7522 15.1596 1.1290e+06
36438.9822 24.0382 2.1445e+06
36442.1822 16.8350 2.1727e+06
36444.6222 11.4310 2.1727e+06
36454.5922 25.3447 2.1947e+06
36458.5322 17.8066 2.0940e+06
36461.6222 11.1935 1.8171e+06
36477.0822 23.6264 9.9134e+05
36485.6222 20.8945 1.0815e+06
36495.3422 25.8750 2.0459e+06
36502.3322 21.0690 1.5885e+06
36509.3022 24.7838 2.3843e+06
36526.0722 12.3519 8.8645e+05
36534.2622 20.5220 1.5255e+06
36538.5222 20.2296 1.5006e+06
36546.5322 18.0928 1.0866e+06
36553.2922 21.1311 1.9674e+06
36556.6822 11.9372 1.4363e+06
36564.6422 15.5644 8.4377e+05
36570.2422 16.2903 1.2071e+06
36587.8522 24.7688 2.0405e+06
36592.5822 13.6218 1.2443e+06
36597.7322 20.4832 7.0694e+05
36603.8322 20.7811 1.2461e+06
36609.6122 15.8513 1.7730e+06
36612.8422 15.2830 1.6002e+06
36619.4422 20.2037 1.2397e+06
36636.1922 10.4483 1.4837e+05
36640.7422 13.9958 1.2552e+06
36641.1122 19.7917 1.2552e+06
36661.4122 18.5719 6.2821e+05
36669.2822 16.6771 7.1617e+05
36671.2722 12.1408 6.2981e+05
36678.2022 20.6207 9.1676e+05
36684.2122 20.0437 9.1001e+05
36696.4022 24.8186 1.6507e+06
36703.8322 13.8499 1.0541e+06
36721.0022 24.3837 2.7586e+06
36729.0422 22.4395 3.4698e+06
36738.0722 13.9162 1.4475e+06
36752.3922 20.1273 2.3013e+06
36755.9922 21.3249 1.7343e+06
36763.8722 11.4634 7.4917e+05
36774.0622 23.4696 1.3733e+06
36791.9722 25.1404 1.6345e+06
36796.3822 24.4383 2.2325e+06
36807.3222 19.8419 1.8417e+06
36811.3822 15.0590 1.3210e+06
36825.3422 23.7423 1.9158e+06
36830.7422 19.6744 2.4989e+06
36833.1322 20.6646 2.3091e+06
36844.3522 24.1060 1.8936e+06
36907.6223 13.9661 1.2962e+05
36947.6223 23.6190 8.9702e+05
36999.4723 10.1963 2.5232e+06
37002.2623 23.4927 2.5232e+06
37022.0423 22.6354 1.4775e+06
37064.7623 26.8266 2.5957e+06
37069.5323 23.2892 2.4751e+06
37092.9123 16.8753 6.7317e+05
37097.5723 19.9125 9.4841e+05
37139.2523 12.6919 1.5411e+05
37148.5323 10.9453 1.4035e+06
37151.4723 11.1065 8.3904e+05
37156.5723 10.4737 3.4979e+05
37170.0723 10.9601 1.3919e+05
37242.9123 18.7945 2.6554e+05
37367.7623 11.9545 8.0324e+04
37451.0423 10.3918 7.9808e+04
37494.8323 13.1850 8.2569e+05
37517.9223 15.8281 1.7008e+05
37552.6223 11.4731 2.4464e+05
37598.3723 10.5908 1.2127e+05
37630.6423 15.6774 3.5370e+05
37677.2923 10.7693 1.6650e+05
37685.6223 25.8408 1.3145e+06
37722.5123 11.6688 4.8903e+05
37737.8823 16.4469 2.1352e+06
37739.6623 10.6056 1.6583e+06
37751.6223 23.6951 2.3320e+06
37779.5823 26.3070 1.9919e+06
37782.5123 16.8331 1.7617e+06
37785.5223 13.9710 1.5322e+06
37804.9423 18.3729 1.6203e+06
37807.9023 20.6821 1.6203e+06
37813.8423 20.3568 1.7658e+06
37818.5323 18.9236 1.9455e+06
37823.9323 18.0737 1.6691e+06
37847.2823 26.2060 1.9265e+06
37851.8323 18.1121 1.7774e+06
37857.4823 18.2179 1.9505e+06
37862.0523 18.0507 2.0953e+06
37883.7923 12.3263 3.8673e+05
37897.5823 10.0075 1.2450e+06
37899.6523 23.8602 1.3608e+06
37902.5423 14.7260 9.8094e+05
37922.7323 12.6017 1.0555e+06
37925.9023 22.1641 1.0555e+06
37942.2123 11.3449 3.5519e+05
37948.5323 25.7248 1.6472e+06
37961.2023 16.4710 2.5540e+05
37966.7123 24.6675 1.4583e+06
37968.8123 13.9268 1.4325e+06
37970.5823 14.7228 1.2826e+06
37973.8423 10.2322 1.2674e+06
37975.2523 11.3943 1.2674e+06
37976.7023 12.1904 1.2229e+06
37987.5323 11.3015 1.0371e+06
37990.1223 13.0872 8.2669e+05
37992.6923 13.6364 9.3771e+05
37994.9223 12.8546 8.5495e+05
37997.1223 13.6897 9.4769e+05
37999.2423 11.4266 7.3549e+05
38001.2823 10.7007 6.8953e+05
38003.3123 11.1614 1.4122e+06
38005.2923 13.4614 1.3687e+06
38008.1523 14.4721 1.1232e+06
38010.9223 12.3401 1.0585e+06
38015.5123 14.6857 5.4985e+05
38017.6723 10.6816 1.2938e+06
38019.8923 15.5974 1.2938e+06
38021.0123 13.9750 1.1463e+06
38030.3223 11.5519 7.4352e+05
38035.8223 18.8298 1.1472e+06
38040.0323 14.6046 9.5888e+05
38046.0823 11.3281 9.1556e+05
38057.7223 12.3390 9.7966e+05
38067.0423 20.0674 1.2607e+06
38069.2323 14.1687 1.3066e+06
38070.9623 13.4438 1.0477e+06
38072.9523 11.7442 1.1925e+06
38083.9923 14.0704 3.3054e+06
38086.7623 14.1203 3.2405e+06
38094.1223 15.3473 1.9202e+06
38096.7323 18.6460 1.7330e+06
38098.6623 10.2891 1.6935e+06
38100.9023 12.4610 1.4112e+06
38105.1623 14.4569 1.3293e+06
38108.1423 10.5714 1.4776e+06
38109.5423 10.6853 1.4608e+06
38110.9123 10.4491 1.4506e+06
38129.4323 12.1422 2.0171e+06
38130.8923 20.6675 2.1368e+06
38135.1323 14.4092 2.0660e+06
38140.4623 19.0800 2.6509e+06
38164.0023 22.6118 1.3722e+06
38165.8823 14.4322 1.3409e+06
38167.5623 10.1937 1.3184e+06
38170.7523 10.5848 1.3531e+06
38172.6223 12.1497 1.2999e+06
38180.4923 11.5911 1.3417e+06
38194.4523 12.2610 5.2824e+05
38198.4423 13.8626 2.9377e+05
38207.6223 11.6424 4.5583e+05
38210.2523 13.6269 6.1776e+05
38214.3823 16.5021 1.2343e+06
38215.0023 16.8980 1.1977e+06
38224.7823 10.7128 1.3158e+06
38247.4723 10.9613 2.3192e+05
38259.1923 19.8195 1.2150e+06
38265.4123 14.6566 1.1673e+06
38270.9423 11.2631 6.3386e+05
38283.3923 13.8424 1.5573e+06
38284.7223 14.4099 1.3372e+06
38290.8223 13.3276 9.9969e+05
38291.8723 12.3130 7.7838e+05
38296.5023 12.7763 1.4361e+06
38298.7523 11.1965 8.2953e+05
38300.9323 12.7649 1.7930e+06
38303.0723 10.1878 1.7930e+06
38311.9523 12.9943 1.6087e+06
38315.9923 10.9441 9.3186e+05
38318.3723 12.5684 8.5373e+05
38320.2823 10.0054 7.3941e+05
38324.1123 13.1186 6.5343e+05
38326.0423 13.6235 6.6781e+05
38329.4523 13.3047 6.5644e+05
38331.6423 14.2399 6.5490e+05
38333.9223 11.5694 1.7754e+06
38336.2523 14.1215 1.7754e+06
38346.0723 17.1975 1.0282e+06
38348.2723 10.3090 8.6634e+05
38350.2723 10.2145 8.7081e+05
38352.3923 12.3228 2.1062e+06
38354.6423 15.2042 1.9134e+06
38362.6023 15.4641 1.3311e+06
38368.6323 22.1241 1.4277e+06
38378.7123 15.3955 1.5458e+06
38382.7923 25.4291 1.5458e+06
38390.0823 11.1704 3.9118e+05
38396.3323 16.2896 1.1672e+06
38398.4723 15.2002 1.1826e+06
38399.7123 13.1843 1.3870e+06
38403.3923 12.5327 1.2567e+06
38409.3323 19.5877 1.5129e+06
38420.8223 17.5365 2.1282e+06
38426.5523 11.9844 1.1745e+06
38437.7623 10.5500 1.7631e+06
38439.8923 11.1716 1.7631e+06
38440.8823 17.3727 1.7167e+06
38445.3723 12.2941 2.0090e+06
38450.9523 11.7043 2.7220e+06
38454.1823 11.6799 2.7220e+06
38458.3123 14.9591 2.2905e+06
38465.6623 25.1030 1.9707e+06
38474.6123 24.1911 1.1372e+06
38482.4723 14.7953 1.5661e+06
38488.6023 10.2456 1.2653e+06
38491.1823 13.8693 1.0033e+06
38502.4924 22.0847 1.3173e+06
38511.2224 19.0038 1.8208e+06
38513.1424 10.7721 1.8208e+06
38513.8024 16.9743 1.4807e+06
38518.3124 13.1154 1.4311e+06
38523.6624 18.3120 2.8540e+06
38527.0824 15.0093 2.8385e+06
38530.7324 15.1445 2.4641e+06
38541.3824 20.2660 1.3599e+06
38549.8324 13.1525 1.7534e+06
38551.9424 17.0734 1.7534e+06
38558.6924 10.6759 1.1327e+06
38560.7024 10.4851 1.2400e+06
38562.8024 12.5720 1.9200e+06
38568.5624 12.1706 2.1906e+06
38589.8224 10.8778 1.7326e+06
38591.5424 15.3507 1.5626e+06
38597.9324 12.1436 1.7633e+06
38605.4224 26.3647 2.8228e+07
38630.9624 15.0272 1.5035e+06
38639.3524 11.0866 5.5182e+05
38643.9424 11.6315 5.8436e+05
38646.1524 11.0100 4.0373e+05
38667.6824 10.9039 3.2777e+05
38672.5224 14.4877 4.9700e+05
38688.6824 10.1714 1.0099e+05
38694.3324 14.9415 6.2093e+05
38715.9924 12.6945 3.2616e+05
38721.3424 12.6736 6.0909e+05
38723.3624 12.7476 6.2827e+05
38742.2524 12.0517 9.5306e+05
38746.7224 10.3317 5.8841e+06
38749.3324 24.5565 2.0909e+07
38751.9524 18.4141 1.8936e+07
38792.1324 19.9837 1.0997e+06
38794.3224 14.6795 9.8751e+05
38796.6624 11.3670 9.0475e+05
38803.7224 11.4198 7.0987e+05
38807.4524 11.6565 5.5959e+05
38812.1824 11.6555 6.0913e+05
38814.4324 10.1086 5.6120e+05
38820.0724 11.0445 5.9433e+05
38823.0924 10.0314 1.1728e+06
38826.0724 17.5006 9.9719e+05
38841.5224 11.6327 8.4948e+05
38849.7624 11.6226 9.5950e+05
38854.5424 21.9246 9.4415e+05
38859.9124 10.8781 8.5635e+05
38866.2624 19.2850 1.4718e+06
38868.7024 20.7637 1.2388e+06
38877.6424 10.9495 4.0075e+05
38881.8424 16.2427 4.7463e+05
38898.1924 10.1464 1.4010e+05
38910.4924 23.5810 1.2462e+06
38915.3824 10.2644 7.3910e+05
38922.5124 23.5787 5.5209e+05
38931.1224 22.9265 1.6160e+06
38935.0924 17.3334 1.4504e+06
38938.0824 13.2770 4.4121e+06
38940.4924 21.3011 4.4121e+06
38955.4124 19.1324 2.6757e+06
38958.0424 17.6725 1.5824e+06
38962.5524 18.8016 1.6892e+06
38966.3124 12.2532 1.9462e+06
38969.3424 17.8031 1.8687e+06
38972.6124 12.3109 1.2599e+06
38982.2624 18.2649 1.0218e+06
38987.5124 23.1594 1.6795e+06
38992.3724 19.6227 1.3475e+06
39011.6824 26.0812 1.1451e+06
39021.9124 24.5409 9.9700e+05
39041.5324 11.5397 1.8181e+06
39043.8524 25.8350 1.8181e+06
39053.0224 20.0746 1.4190e+06
39060.7224 16.9428 6.7827e+05
39064.8224 18.1473 5.8168e+05
39069.6524 19.2788 7.1812e+05
39075.8024 15.2381 5.7531e+05
39088.2324 23.6015 8.4385e+05
39096.1124 19.2205 1.3201e+06
39105.9324 17.3827 9.5483e+05
39107.1024 19.2009 9.5483e+05
39112.7324 17.4209 1.3356e+06
39115.7024 15.7421 2.0812e+06
39119.1224 21.2615 2.0812e+06
39126.2324 21.8611 1.5291e+06
39130.3424 10.3337 1.1356e+06
39139.5224 24.4577 1.5699e+06
39145.9024 23.3095 1.3111e+06
39155.7024 21.4852 8.9399e+05
39159.8824 14.4612 6.7630e+05
39166.4524 18.4847 1.1233e+06
39168.9724 17.3547 1.1134e+06
39178.8924 23.2478 1.5051e+06
39183.7324 19.1281 1.9349e+06
39185.3024 10.4362 1.7763e+06
39189.2624 18.1656 1.8915e+06
39192.9524 18.4708 1.7316e+06
39209.4324 24.0783 9.6682e+05
39214.8124 23.4804 1.6821e+06
39223.3624 20.4747 1.4961e+06
39231.4724 24.4450 1.3917e+06
39239.1524 24.1892 1.8759e+06
39242.5424 10.9557 1.0070e+06
39248.9224 23.7309 1.9010e+06
39258.6024 23.0596 8.5222e+05
39265.7124 21.5019 1.2835e+06
39268.2324 14.4299 1.0649e+06
39285.7524 22.2132 9.1208e+05
39292.6824 17.9268 1.5136e+06
39296.0724 10.6580 9.6226e+05
39303.5124 15.4227 1.1045e+06
39307.2024 19.1662 1.0915e+06
39328.6824 22.0484 1.0463e+06
39346.4424 24.5961 9.3162e+05
39356.0624 19.6478 9.7959e+05
39358.7724 17.2015 7.9682e+05
39424.6624 17.0323 8.6590e+04
39490.0424 10.2386 8.9763e+04
39526.3924 23.6813 1.5147e+06
39533.5224 17.7913 1.3799e+06
39535.6524 18.9450 1.1804e+06
39538.3024 12.6200 9.4714e+05
39543.7324 19.6771 1.4336e+06
39551.0424 19.5673 1.1734e+06
39558.5824 11.3220 3.8228e+05
39563.9924 23.1390 1.3641e+06
39569.9524 16.2684 7.7472e+05
39576.1024 17.2603 1.1071e+06
39582.4624 22.1137 1.2568e+06
39585.2824 10.3194 6.6233e+05
39591.1424 21.1252 1.1213e+06
39594.0324 10.2252 1.0988e+06
39625.7124 12.4435 4.2780e+05
39635.5324 11.6033 8.3552e+05
39646.3624 24.8420 1.6768e+06
39654.6924 17.3978 8.3388e+05
39666.7024 21.0462 7.7903e+05
39671.9324 23.4577 1.2508e+06
39675.4824 11.6321 1.0042e+06
39678.2124 13.6615 1.0883e+06
39681.2524 18.1416 9.5612e+05
39684.1724 12.0563 6.9121e+05
39691.0124 15.1628 8.9320e+05
39696.6224 20.1245 1.6559e+06
39698.4324 17.9385 1.6559e+06
39700.8224 15.1611 1.3484e+06
39713.2324 13.4703 9.7327e+05
39715.3924 13.9213 1.0448e+06
39724.1024 17.4654 1.0242e+06
39734.1624 14.4539 9.9118e+05
39735.3124 11.7736 9.3404e+05
39745.8324 20.2895 1.2982e+06
39746.8524 11.9017 1.2648e+06
39759.6024 24.4765 1.0601e+06
39766.4324 21.7480 1.1403e+06
39768.3724 16.7618 1.0013e+06
39773.3124 19.6657 1.4724e+06
39778.9224 21.7722 1.2528e+06
39786.4824 19.8903 1.6474e+06
39788.9824 10.4327 1.5886e+06
39790.7024 17.6768 1.4586e+06
39792.4624 11.2430 1.1603e+06
39799.5324 20.4812 1.6427e+06
39806.0924 20.5081 1.3073e+06
39814.0324 20.9117 1.0776e+06
39822.7024 11.0199 1.9190e+06
39826.1924 24.1665 1.9190e+06
39844.0024 13.4287 4.7175e+05
39845.7324 12.7379 4.7175e+05
39925.5624 15.5120 7.9583e+05
39929.2424 18.6786 1.1631e+06
39999.7524 10.6219 1.3315e+05
40037.5324 10.2715 1.4184e+05
40062.4124 10.0113 1.3412e+05
40071.1924 25.4577 2.3124e+06
40072.0624 10.8288 1.2545e+06
40085.1424 24.9489 1.6967e+06
40093.5424 23.4758 1.5945e+06
40101.2224 22.7451 1.3144e+06
40108.8924 19.2847 1.2128e+06
40114.0124 19.2854 2.2651e+06
40117.4324 11.5012 2.2300e+06
40221.1825 13.3534 3.1244e+05
40323.1225 14.1657 1.8746e+05
40337.0625 11.4675 5.6188e+04
40387.3525 20.4956 1.0896e+06
40390.0925 14.2843 8.2828e+05
40407.9725 17.1845 1.1076e+06
40422.3325 13.5916 1.1192e+06
40425.4425 19.1176 1.0900e+06
40438.7925 16.3595 1.0386e+06
40441.1625 12.3870 7.1562e+05
40447.7925 22.8588 1.3218e+06
40458.4125 23.8494 1.5978e+06
40464.5525 21.6131 1.0658e+06
40470.6825 17.3863 1.2055e+06
40492.8325 14.3951 5.8186e+05
40560.8125 15.2216 8.6894e+05
40563.3825 19.4627 1.0873e+06
40565.1625 11.6487 1.0699e+06
40567.5625 10.9866 1.0329e+06
40570.2025 12.9529 8.7068e+05
40573.1725 15.1482 7.2838e+05
40630.6225 10.6433 1.0180e+06
40634.7425 14.7997 6.8550e+05
40734.9125 12.6577 1.1674e+05
40741.6425 17.8242 2.6093e+05
40758.0625 10.2107 7.8483e+04
40805.3325 13.3311 1.3070e+05
40839.1425 10.9642 9.1266e+04
40887.7625 18.2626 3.1145e+05
41101.6725 17.1194 1.7737e+05
41160.8925 11.0909 1.3786e+05
41207.2925 11.4425 1.4771e+05
41234.8025 13.8237 9.3743e+05
41313.2125 19.1602 2.7242e+05
41318.8325 13.4376 1.5634e+05
41325.5225 15.7864 4.4636e+05
41333.7725 13.8940 7.5867e+05
41334.9825 12.6825 5.9357e+05
41368.4025 13.2033 1.4954e+05
41397.4725 11.4471 1.7740e+05
41400.4725 10.6326 1.4110e+05
41408.8325 13.9646 1.1926e+05
41426.1625 10.4532 1.2626e+06
41426.7625 19.9225 1.2626e+06
41427.1225 17.7367 4.0617e+06
41430.6725 10.1301 4.0617e+06
41431.1225 19.1163 1.3017e+06
41450.1125 19.0866 1.1509e+06
41468.9925 18.2757 2.9625e+05
41502.1325 10.5200 1.9731e+05
41525.0525 15.2224 2.2109e+05
41533.3925 14.7172 2.0292e+05
41545.0125 11.1225 1.5012e+05
41639.9225 10.0532 4.7138e+04
41650.5525 12.0529 1.4126e+05
41729.5025 12.4524 2.2535e+06
41732.4125 12.2876 2.2535e+06
41733.4525 20.1849 1.8548e+06
41747.4125 13.8454 1.6012e+06
41757.5325 19.9547 1.3318e+06
41786.5926 18.1478 1.3106e+06
41791.6126 13.7640 8.8640e+05
41798.0026 21.8887 2.0314e+06
41801.5426 18.2314 7.4516e+05
41816.0526 24.6690 1.9011e+06
41822.3326 15.4382 1.1052e+06
41827.3826 14.0901 1.1044e+06
41831.4926 17.2937 1.1810e+06
41835.7826 14.9966 1.0113e+06
41847.2126 15.2443 5.4095e+05
41878.7126 10.6199 3.4304e+05
41901.4026 25.2407 2.1488e+06
41922.0726 23.2216 1.1061e+06
41942.5126 18.5970 7.0100e+05
41948.1826 20.8832 1.2082e+06
41968.0426 25.9285 1.0563e+06
41972.6426 21.0444 1.6684e+06
41978.8526 22.5007 2.0009e+06
41984.9826 21.1483 1.3844e+06
41988.9326 15.6088 1.0071e+06
41998.2626 22.9123 1.5004e+06
42001.3026 13.7321 1.2870e+06
42004.7926 11.5864 6.2635e+05
42013.5826 23.2739 7.4723e+05
42027.7626 23.9519 2.4600e+06
42031.1526 15.3619 1.2831e+06
42039.0326 16.8848 1.2717e+06
42042.2026 18.0420 1.1589e+06
42047.6826 16.9700 1.0051e+06
42057.6826 22.7440 8.6605e+05
42096.9026 17.0820 1.6542e+06
42101.7126 17.4096 9.5414e+05
42112.6026 21.9674 1.1991e+06
42122.8826 23.9323 1.0397e+06
42131.3126 24.1174 1.5915e+06
42134.8826 14.7099 9.0555e+05
42139.4326 14.9661 1.1925e+06
42145.2926 15.7777 5.0758e+05
42152.6526 22.6529 8.9426e+05
42159.7926 17.0779 2.2232e+06
42160.5526 14.3975 2.2108e+06
42170.0726 19.0690 1.4565e+06
42173.9926 17.1117 1.8570e+06
42174.7526 13.1352 1.8344e+06
42179.8926 12.2526 1.5094e+06
42182.7426 14.9719 1.3407e+06
42190.5526 22.5700 1.6791e+06
42201.2126 15.4380 2.2241e+06
42211.0226 22.4752 2.2911e+06
42244.0526 25.9721 1.0451e+06
42253.0326 11.8722 5.3995e+05
42258.2526 17.4323 9.1681e+05
42261.8126 13.3720 9.2997e+05
42269.7526 13.2759 1.3480e+06
42273.6026 12.3194 1.2807e+06
42288.8626 22.4778 1.2887e+06
42291.6726 13.0009 1.4700e+06
42294.1726 20.2710 1.6020e+06
42296.1926 10.5223 1.3360e+06
42298.4026 15.5538 1.3455e+06
42304.5626 14.4063 1.4729e+06
42306.2126 11.8174 1.3641e+06
42308.2526 10.2008 8.6020e+05
42314.6826 21.6551 3.1477e+06
42315.4226 11.2507 2.9932e+06
42318.9926 13.0236 2.2782e+06
42324.1626 18.5652 2.4569e+06
42328.0826 12.1497 2.0103e+06
42335.1026 22.0595 3.9501e+06
42344.4426 21.6125 2.7326e+06
42354.5026 20.1788 1.5694e+06
42357.7426 11.9865 4.3402e+06
42359.2626 10.6025 4.3402e+06
42360.5526 18.8070 4.3402e+06
42378.5726 14.3100 9.7346e+05
42380.2526 17.7154 9.8407e+05
42381.6926 14.8442 9.4380e+05
42384.3126 10.0889 9.5864e+05
42387.3126 11.1063 7.2619e+05
42403.5226 24.7932 2.4503e+06
42409.3126 17.7493 1.1657e+06
42412.3126 13.9177 9.9836e+05
42421.5726 12.3262 3.1692e+06
42425.1526 24.8396 3.1692e+06
42442.4226 22.5804 3.5078e+06
42457.8326 17.7008 1.8589e+06
42460.5726 17.0256 1.8589e+06
42460.8826 12.4385 1.8589e+06
42466.6126 11.0387 1.3711e+06
42468.3326 13.4006 1.2663e+06
42470.5726 10.3816 8.0899e+05
42478.1126 10.4825 6.9089e+05
42495.8726 21.3647 8.1028e+05
42498.8026 15.6103 6.8151e+05
42506.9226 23.5900 1.6993e+06
42519.2326 21.3781 1.6959e+06
42525.7026 20.3499 1.2439e+06
42535.6526 12.2433 2.1420e+05
42541.7726 21.0117 1.1912e+06
42549.4426 21.7753 2.0789e+06
42552.1826 11.8923 1.8157e+06
42554.8726 10.0839 1.1488e+06
42567.3626 14.0852 1.4954e+06
42570.6126 14.5377 1.4954e+06
42575.6126 18.6514 1.9315e+06
42579.0626 14.2747 7.9579e+05
42588.5026 22.8993 2.6274e+06
42591.1426 11.4720 1.7139e+06
42596.1526 15.6751 1.4099e+06
42602.6426 20.7418 1.8576e+06
42611.3826 23.9577 2.8824e+06
42616.1126 12.8900 1.4781e+06
42627.4726 23.3692 2.0705e+06
42633.5226 21.3220 2.6646e+06
42640.9926 16.0878 2.2093e+06
42644.4926 13.6431 1.1580e+06
42647.8726 10.2900 1.1847e+06
42675.1126 25.4477 1.2752e+06
42685.4026 23.9698 1.1300e+06
42686.8126 11.3866 9.4076e+05
42698.7126 19.2005 1.4156e+06
42702.4626 19.8993 1.4603e+06
42705.6526 13.5278 1.1973e+06
42717.3826 21.1446 1.5452e+06
42724.1726 22.5000 1.2400e+06
42731.2326 20.3053 1.7696e+06
42743.7126 17.9379 1.2758e+06
42747.7726 16.4413 1.1784e+06
42752.6526 12.6237 8.9408e+05
42763.1726 25.1047 1.1342e+06
42771.8526 24.5341 2.1857e+06
42775.6026 14.5045 1.6037e+06
42782.9626 20.6219 1.1610e+06
42788.3326 23.6823 1.6372e+06
42795.5226 23.7454 1.2979e+06
42835.5726 25.1995 1.8126e+06
42840.8226 20.9883 1.7897e+06
42850.9126 23.3764 1.0661e+06
42858.7426 22.2919 1.2990e+06
42864.8526 21.1843 1.4704e+06
42871.3426 15.7465 6.8801e+05
42874.0326 11.7998 6.5782e+05
42879.1326 23.4257 1.2102e+06
42893.2026 20.4801 1.1484e+06
42896.5226 12.6136 1.1205e+06
42904.5326 12.7917 7.7021e+05
42917.2826 23.5787 1.0795e+06
42928.8226 24.5224 1.0916e+06
42934.2626 19.0542 1.5892e+06
42937.0626 18.0969 1.5892e+06
42947.0326 10.9741 3.7236e+05
42957.6226 17.8571 1.7426e+06
42962.2326 16.0944 2.8036e+06
42964.6726 10.6373 2.3272e+06
42972.0926 12.1214 1.8670e+06
42977.3826 10.1775 6.2879e+06
42980.0026 25.3971 6.2879e+06
42996.2426 13.6459 1.1468e+06
43001.3426 14.3379 1.1930e+06
43006.8226 16.0111 9.7737e+05
43014.3426 15.4649 1.0186e+06
43023.6526 15.5732 8.6779e+05
43029.3526 18.4440 3.0587e+06
43030.2726 10.8865 1.2875e+06
43062.9726 25.3079 5.3615e+06
43075.9226 13.6548 1.2801e+06
43080.6726 14.1783 1.2601e+06
43088.7426 12.0585 1.5455e+06
43090.2926 10.2700 1.0955e+06
43090.8626 15.6678 1.0292e+06
43098.3626 10.7033 9.9011e+05
43103.4926 21.6937 3.6045e+06
43129.9226 17.7693 1.2097e+06
43134.5526 17.2698 1.2313e+06
43146.9526 12.4936 1.3631e+06
43150.2626 16.8166 1.2226e+06
43158.9826 18.0518 1.4942e+06
43165.4126 17.8502 1.5114e+06
43188.6826 13.0646 1.1664e+06
43205.2626 16.7324 1.7443e+06
43206.5026 13.5244 1.7443e+06
43209.3126 13.7739 1.6105e+06
43221.2826 16.9564 1.3915e+06
43226.4126 12.3199 1.8198e+06
43232.1426 16.7312 1.6297e+06
43237.7626 20.3603 1.2532e+06
43242.6026 11.3406 8.1950e+05
43249.9026 18.2957 3.4686e+06
43252.5426 23.0934 3.4686e+06
43267.0826 11.6871 1.1421e+06
43290.7426 13.3743 8.1194e+04
43309.3926 11.5420 7.7528e+04
43333.9426 15.5417 1.0508e+06
43336.3326 14.8937 7.2769e+05
43340.7426 21.3624 1.5077e+06
43364.1226 17.7919 9.5931e+04
43416.9526 21.2526 5.9618e+06
43418.0827 20.2456 5.9618e+06
43515.8727 16.1804 2.0399e+05
43579.4527 21.3861 9.5021e+05
43589.8327 19.3921 4.6297e+05
43617.6827 23.7406 4.7232e+05
43624.5827 16.2304 1.2823e+06
43633.2027 16.7029 5.4262e+05
43634.0527 10.7065 2.7136e+05
43664.0027 17.7491 4.6074e+05
43665.1227 16.1331 4.3827e+05
43680.0527 19.0244 4.6805e+05
43682.3327 10.5413 4.0615e+05
43697.6227 14.5855 1.4735e+05
43698.7727 12.0686 9.4444e+04
43714.3427 10.7921 1.0823e+06
43715.0627 15.7170 1.0823e+06
43715.7527 10.3628 1.0823e+06
43790.9427 13.2558 3.2915e+05
43801.4227 25.8746 1.7415e+06
43806.5627 14.6830 9.2402e+05
43826.4027 13.7146 1.8358e+05
43831.6827 13.1675 1.6785e+06
43832.4127 23.1061 1.6785e+06
43833.1927 14.4030 9.5523e+05
43998.9627 11.3939 9.5155e+04
44090.2727 14.3906 9.8699e+04
44133.4127 16.9094 1.0416e+05
44225.7527 12.2871 5.6599e+04
44241.0327 12.5214 7.4250e+04
44340.5727 19.8874 4.8855e+05
44428.0427 10.1854 3.3306e+05
44611.1227 21.5774 1.2682e+06
44615.4027 18.4982 1.2987e+06
44619.8927 17.2626 1.0605e+06
44626.3227 17.8895 9.1214e+05
44630.5327 14.7851 1.0785e+06
44634.2327 13.6939 1.0588e+06
44636.6527 12.9405 1.0372e+06
44642.6127 12.3834 1.0487e+06
44645.4027 10.8018 5.5764e+05
44650.6827 15.1412 6.8701e+05
44658.0927 18.2735 1.1352e+06
44661.4027 13.7471 6.0112e+05
44669.6727 17.9256 9.6933e+05
44671.0227 10.9879 9.1752e+05
44673.7727 11.0729 1.0252e+06
44675.7027 12.4189 9.6466e+05
44684.2727 21.3981 1.0379e+06
44686.7327 12.9419 1.1775e+06
44690.6327 10.3880 1.4537e+06
44692.9727 12.9410 1.6558e+06
44696.7427 12.6421 1.6120e+06
44701.2427 10.6949 1.4539e+06
44705.2327 14.3815 1.2977e+06
44710.2027 11.4128 1.5054e+06
44717.1027 11.1954 1.6506e+06
44721.6127 10.9965 1.5282e+06
44726.3927 14.8910 1.3979e+06
44731.7727 14.5953 1.2063e+06
44741.8327 15.5357 1.5257e+06
44754.2127 12.7797 1.5797e+06
44757.4327 11.3238 1.1509e+06
44773.9627 12.9036 1.0093e+06
44787.3027 12.2638 2.0683e+06
44789.2227 15.3968 1.9806e+06
44818.9727 22.6102 1.0853e+06
44823.8827 15.7606 7.7259e+05
44831.4927 20.6703 1.1977e+06
44834.2727 11.4304 8.8466e+05
44841.1127 15.4531 6.9248e+05
44846.6327 16.2470 6.0946e+05
44851.2527 10.9926 9.7606e+05
44852.5327 14.1096 8.6582e+05
44856.3127 12.7582 7.8193e+05
44868.4627 18.2526 1.0636e+06
44871.6027 14.9326 6.8045e+05
44876.4827 12.2430 1.2087e+06
44883.2027 10.8653 8.8316e+05
44886.1327 11.5239 6.2776e+05
44891.2427 15.6728 9.9761e+05
44893.3427 10.0807 7.8220e+05
44901.1627 13.5007 5.1351e+05
44906.0727 14.7848 7.0799e+05
44916.7527 20.4738 8.6512e+05
44921.1127 16.3799 7.5681e+05
44935.1327 13.0816 1.2195e+06
44951.1727 11.0974 8.4192e+05
44965.8927 12.0644 6.1582e+05
44973.5927 17.4823 2.0291e+06
44990.6827 13.3165 9.1810e+05
44997.9327 13.4702 1.0654e+06
44999.9327 10.7886 9.1406e+05
45006.1627 12.8800 3.4830e+05
45012.6427 12.3295 8.0574e+05
45017.4427 18.8124 1.3992e+06
45028.9327 16.6841 9.0218e+05
45031.6727 12.3715 8.9433e+05
45034.0527 10.6514 7.0894e+05
45039.2127 19.7321 1.8873e+06
45042.4427 13.5521 1.5504e+06
45055.3527 18.7054 1.5422e+06
45057.5828 17.9609 1.6654e+06
45061.0328 12.7041 1.7478e+06
45063.9528 10.7892 9.9675e+05
45068.4928 14.0805 1.9495e+06
45072.0428 12.2637 1.6303e+06
45076.6928 15.5806 2.1182e+06
45081.1628 14.1072 2.2289e+06
45085.6828 14.3344 2.1622e+06
45090.4628 13.8145 2.1049e+06
45096.0128 14.4110 2.0103e+06
45100.3328 14.6713 1.8834e+06
45105.5228 13.8454 1.2256e+06
45106.0328 18.9584 1.1030e+06
45126.2628 18.1945 1.3249e+06
45128.6528 11.0615 1.3047e+06
45134.5628 16.0012 1.7720e+06
45141.6028 11.0240 1.1211e+06
45143.5628 10.2686 8.8405e+05
45154.1728 14.8848 1.5929e+06
45159.2228 14.8010 1.5868e+06
45167.5128 11.5331 7.1488e+05
45172.7228 13.5486 1.7723e+06
45182.4428 18.9560 1.0238e+06
45188.2428 15.9954 8.5213e+05
45197.6128 11.1171 9.1859e+05
45202.6228 18.3012 9.3280e+05
45208.2628 14.2069 7.6992e+05
45225.0328 11.4110 6.1479e+05
45233.4628 21.0713 1.0773e+06
45239.8028 17.0174 1.2113e+06
45247.1628 18.4825 7.1977e+05
45253.3228 20.5239 9.3650e+05
45270.9628 17.8182 8.6878e+05
45292.9428 19.8451 1.1597e+06
45296.6128 19.1873 1.0740e+06
45299.7628 13.8070 8.1504e+05
45307.1128 20.1425 8.0140e+05
45355.4828 13.8510 1.4568e+06
45357.0228 13.7273 1.4612e+06
45358.7328 13.1342 1.2470e+06
45360.6328 10.6844 9.9931e+05
45366.0028 11.0260 1.0553e+06
45368.4228 14.4029 1.0553e+06
45369.4828 14.1177 6.8705e+05
45384.9828 20.7127 1.1891e+06
45391.8728 10.8072 1.9910e+06
45392.8328 17.2303 1.9304e+06
45413.2028 14.9933 2.2602e+05
45421.5728 19.9495 1.0318e+06
45428.4828 17.5925 7.0051e+05
45439.4428 19.8129 7.6756e+05
45465.7928 10.6018 2.6144e+05
45468.7028 10.4632 2.8221e+05
45488.7928 18.3162 1.0277e+06
45500.8228 15.7915 8.7366e+05
45507.0628 17.1744 9.3125e+05
45512.8828 18.9661 6.3794e+05
45520.8228 17.7240 9.8695e+05
45555.3328 10.6314 4.9969e+05
45557.5128 11.0278 4.5445e+05
45564.9928 10.7348 1.0072e+06
45568.6228 20.8209 8.6960e+05
45577.1628 19.5605 6.7466e+05
45582.6828 21.3015 1.1099e+06
45587.3028 14.3665 6.4913e+05
45593.3928 15.7826 9.0696e+05
45597.7728 10.2240 3.1690e+05
45648.7728 15.3775 1.2187e+05
45667.9028 22.6694 5.1800e+05
45670.7728 22.9481 5.1833e+05
45676.5628 18.2620 9.8115e+05
45691.4628 21.1272 1.1964e+06
45695.4728 11.7466 6.0968e+05
45716.2628 22.8142 8.6980e+05
45722.1028 19.9537 9.0119e+05
45726.5328 19.2319 7.8845e+05
45731.0128 14.2808 7.1640e+05
45741.0928 19.4833 8.7576e+05
45746.8528 16.8831 6.0048e+05
45752.0528 18.9228 9.6569e+05
45767.3228 10.7356 8.5583e+04
45781.1228 18.8506 3.9254e+05
45784.1228 17.6587 3.6501e+05
45793.3128 22.1369 1.1217e+06
45801.9528 19.2402 4.3598e+05
45813.0528 20.2574 9.4506e+05
45818.4128 18.9011 8.7100e+05
45824.0228 20.8120 1.3463e+06
45831.4228 20.9825 1.3403e+06
45840.0828 22.3734 1.2613e+06
45857.2528 14.7348 2.1730e+05
45875.3528 12.9841 7.1167e+04
45882.4328 12.0070 2.2841e+05
45886.3028 11.5007 3.0592e+05
45889.8228 11.7821 2.5215e+05
45896.1528 11.2696 1.8939e+05
45902.5328 10.7291 1.2974e+06
45905.9928 20.7764 1.2624e+06
45910.0228 15.5530 1.0573e+06
45913.6128 12.6635 9.7659e+05
45916.9728 10.4465 6.1352e+05
46014.5828 10.6511 2.5116e+05
46028.1228 11.7800 2.8126e+05
46036.4328 18.9178 6.6370e+05
46041.6528 15.7478 1.1295e+06
46046.3728 11.8705 7.8712e+05
46051.2928 17.1370 9.4106e+05
46062.9928 11.0151 1.2434e+05
46075.9328 21.2628 9.7831e+05
46117.8128 17.4713 1.9303e+05
46124.5528 23.0458 1.1785e+06
46130.5728 10.7812 2.1300e+05
46137.2528 13.4995 4.6363e+05
46146.0128 11.0663 1.1827e+06
46149.3628 20.3057 8.8436e+05
46187.9428 11.8433 4.4732e+05
46188.4028 12.5391 4.4732e+05
46210.7428 20.8223 1.2265e+06
46216.4928 15.4135 1.0397e+06
46240.0028 17.3909 3.1305e+05
46245.6828 22.7206 1.1332e+06
46260.3228 10.6587 2.2973e+05
46267.2228 18.8785 1.0121e+06
46275.4728 20.0765 9.9594e+05
46305.9828 11.5472 3.0094e+05
46306.6628 17.8206 2.5413e+05
46309.5328 12.7764 2.2540e+05
46323.2328 23.6373 3.5902e+05
46329.0928 16.2281 2.5094e+05
46338.1828 16.1439 2.3329e+05
46346.8428 17.7855 2.2297e+05
46355.4328 23.5141 9.9281e+05
46389.6028 19.0784 2.5051e+05
46394.2228 11.2987 1.3159e+05
46403.6828 16.6268 6.9687e+05
46408.0228 23.1881 7.1489e+05
46412.3528 15.4794 4.8351e+05
46422.7628 19.9455 1.0300e+06
46427.5028 19.0140 1.1175e+06
46431.5228 15.2811 8.3597e+05
46436.7528 16.7870 6.6809e+05
46440.7628 14.3569 4.3471e+05
46448.4728 20.9126 1.1180e+06
46452.3628 16.4375 1.1204e+06
46456.2728 12.9034 1.0885e+06
46476.3128 11.2992 1.7582e+05
46478.0828 11.7207 1.5189e+05
46488.4728 10.9710 2.1949e+05
46496.1828 15.3172 9.3328e+05
46499.3828 23.1171 9.3328e+05
46507.0428 19.7510 9.1826e+05
46518.1428 17.6639 7.0574e+05
46529.7828 18.8047 5.4688e+05
46535.7028 14.6195 3.0510e+05
46549.1128 23.4466 4.7808e+05
46569.3628 13.4554 4.5256e+05
46572.2728 16.8256 8.8608e+05
46580.7528 19.7753 6.9436e+05
46688.9628 11.3385 3.7093e+04
46709.8429 10.1296 1.0636e+05
46731.2229 18.5625 1.4349e+05
46823.8829 12.3341 6.2737e+04
46871.8629 13.8910 8.1730e+05
47236.6529 17.6569 5.6021e+05
47244.3229 21.8286 5.5481e+06
47245.4329 13.1966 3.6088e+06
47408.5329 12.0132 1.0606e+05
47415.0629 11.1294 2.5507e+05
47437.5729 16.8561 2.0376e+05
47472.5229 19.4080 1.7832e+05
47480.6729 13.4287 3.5490e+05
47484.8629 20.0752 6.7138e+05
47535.9229 10.9331 8.2950e+04
48008.8729 11.7218 7.4301e+04
48332.3129 11.4360 1.2778e+05
48373.0630 16.7099 2.2015e+05
48638.4730 10.1514 7.0471e+04
48654.1930 10.5094 4.2812e+04
48667.4930 17.3830 5.9975e+04
48742.4830 15.8542 2.1968e+05
49290.3530 14.4437 9.5866e+04
49313.1930 10.4166 9.0554e+04
49373.2030 11.8445 9.7985e+04
49389.0530 11.1062 1.3031e+05
49390.2030 12.9089 6.7421e+04
50063.5131 12.1634 4.6698e+04
50115.1131 10.9394 7.5409e+04
50363.7131 11.9538 4.8894e+04
50497.3231 10.5023 5.7174e+04
50739.3531 12.1466 8.1255e+05
50740.6831 16.0032 7.1765e+05
50783.5531 10.6231 3.2718e+04
50914.7031 10.2407 4.6528e+04
50928.9431 10.8934 3.0304e+04
50993.6731 10.9326 6.7707e+04
50994.1231 10.9500 4.8145e+04
51008.5431 18.0349 4.9843e+04
51033.8831 15.8066 6.9224e+04
51052.1431 18.0429 7.9099e+04
51054.3731 13.2192 8.6803e+04
51087.9231 22.6407 8.4525e+04
51133.6231 12.0464 4.1561e+04
51157.0231 11.1996 2.7669e+04
51166.0531 11.3518 2.7330e+04
51243.1331 18.2396 7.2513e+04
51360.3231 10.0442 2.2229e+04
51406.3131 11.3484 5.5258e+04
51407.0431 11.1208 5.3094e+04
51481.9731 13.9776 6.1370e+04
51523.6231 11.2763 4.1445e+04
51558.2631 14.9314 5.5590e+04
51585.2231 10.1867 5.0551e+04
51595.7331 11.1563 6.0877e+04
51607.4031 14.9317 9.4290e+04
51611.5232 13.0265 7.9089e+04
51647.4932 14.4032 6.5507e+04
51697.0932 10.6535 5.1966e+04
51726.0932 14.8712 1.3613e+05
51728.8932 12.2132 1.4366e+05
52064.1032 10.2924 5.9014e+04
52083.7732 13.1386 5.2674e+04
52246.2032 12.9036 7.3864e+04
52257.9832 16.6785 9.0977e+04
52298.2432 12.1964 4.5536e+04
52386.4032 10.4360 3.8420e+04
52386.8832 14.0709 3.2323e+04
52470.8232 18.7534 6.5791e+04
52519.2432 15.7912 3.5638e+04
52532.5532 11.4136 5.3701e+04
52948.5832 12.2987 4.3776e+04
53227.2332 11.1927 1.7973e+04
53254.8633 10.6570 2.9821e+04
53256.5533 10.1491 2.8844e+04
53375.8033 10.6663 1.2544e+04
53500.5133 11.9059 2.0911e+04
53519.8033 11.5805 2.2238e+04
53521.0233 10.4528 2.1692e+04
53535.1533 12.3409 4.6697e+04
53536.4133 10.1229 4.6697e+04
53578.9733 11.0247 2.8681e+04
53589.9933 10.3241 3.8507e+04
53781.0233 10.0153 7.1295e+04
53818.8433 16.1035 8.6795e+04
53841.4633 10.5819 2.4777e+04
53854.0333 11.1215 2.8223e+04
53866.3133 14.0746 3.0800e+04
53908.1233 14.3925 3.1460e+04
53934.9633 16.0380 4.1578e+04
53952.1433 16.0043 8.6733e+04
53977.3433 12.3550 4.3391e+04
53991.5333 10.3685 3.9032e+04
54011.0633 12.7582 6.2798e+04
54130.5533 15.1403 3.3417e+04
54181.7433 16.6633 1.6258e+04
54214.6633 14.3053 4.0101e+04
54225.5033 10.2662 5.0905e+04
54280.5833 10.2294 2.2959e+04
54315.6733 12.9647 2.1586e+04
54354.5233 14.9478 3.4529e+04
54567.9933 11.9575 1.8792e+04
54871.7633 22.9746 6.9702e+06
54872.3333 20.9516 6.9702e+06
54901.9334 13.1554 1.8231e+05
54971.4834 10.2571 1.2637e+04
55123.4234 11.1510 4.3980e+04
55149.8334 10.6890 4.9542e+04
55150.2834 11.2920 4.6436e+04
55177.2634 14.4182 2.6934e+04
55195.6934 11.3358 2.2382e+04
55276.7134 13.7011 4.9264e+04
55310.7134 15.8607 2.9972e+04
55327.4934 12.1300 2.6285e+04
55347.3434 16.7355 8.2564e+04
55366.7534 12.9776 3.4730e+04
55371.2134 13.2132 5.0177e+04
55416.8234 10.0592 7.0333e+04
55430.0534 14.7544 5.9153e+04
55491.6834 13.7400 8.8790e+04
55585.7034 12.3511 6.5423e+05
56036.4234 10.2259 4.1873e+04
56083.7834 13.3601 1.0780e+05
56096.2234 12.8008 7.4968e+04
56107.2834 11.4090 2.8798e+04
56746.4835 13.9326 2.7590e+04
56814.4735 15.0344 2.5683e+04
57219.3335 11.1955 2.3266e+04
57251.7635 10.0117 2.8720e+04
57488.0735 10.0916 1.5509e+04
58166.6036 11.9914 1.9329e+04
58354.7536 11.6746 2.2253e+04
58394.0336 12.1706 8.1745e+04
58432.2536 15.7653 4.0106e+04
58444.6236 15.2191 9.0596e+04
58528.0536 10.3281 1.2969e+04
58679.1336 12.0440 1.3676e+04
58709.0136 11.0340 1.9176e+04
58770.7036 10.5838 5.7593e+04
58771.3936 19.7374 5.7478e+04
58825.2936 13.6452 2.6905e+04
58841.9436 15.7625 3.7583e+04
59004.4436 14.6696 4.9007e+04
59031.2636 10.0704 2.6290e+04
59032.7136 11.2044 2.5444e+04
59064.9536 13.4612 3.1207e+04
59068.5436 10.5035 1.7259e+04
59156.9136 11.3401 3.3446e+04
59189.8236 10.4522 1.6569e+04
59381.4436 10.7501 2.1529e+04
59382.6336 11.8022 1.7954e+04
59428.5036 12.7143 2.3586e+04
59663.6736 10.9130 1.1486e+04
59997.1837 11.9029 1.8854e+04
60053.0737 10.7041 1.1326e+04
60133.3237 13.4812 1.5820e+04
60294.6837 13.7433 1.2229e+04
60355.6537 10.7265 2.1539e+04
60546.6037 15.4386 2.5245e+04
60552.9537 11.1270 2.4569e+04
60626.2837 13.9191 1.5133e+04
60856.0037 14.9969 1.2440e+04
61178.8737 10.8829 1.4654e+04
61205.8237 12.6983 1.8389e+04
61457.2238 11.5237 4.7287e+04
61474.9138 13.5767 3.6767e+04
61508.8838 11.3211 1.4303e+04
61542.4738 11.2015 1.4525e+04
62188.0338 10.0826 3.1220e+04
62317.7438 13.0187 1.4153e+04
62617.4838 10.7956 1.5776e+04
62795.8538 16.6732 4.5760e+04
62833.1738 11.4008 2.7203e+04
62835.0738 11.0208 3.0038e+04
62840.4238 13.2254 3.3962e+04
62847.1538 12.2390 5.2874e+04
62861.8438 13.3800 7.8330e+04
62876.7638 17.2566 1.2701e+05
63738.6339 10.0480 2.5186e+04
63757.6039 15.7747 2.0672e+04
64359.4839 21.7513 3.6210e+04
64538.5039 10.1229 7.2468e+03
64590.7439 11.5600 4.3503e+04
64593.1039 10.1788 3.7215e+04
64878.8340 11.6432 1.0612e+04
65322.7440 11.8381 2.0862e+04
66464.0841 10.9235 1.8225e+04
66464.5141 10.2161 1.6124e+04
66604.9741 17.4005 2.5165e+04
68325.5242 14.3920 4.1398e+04
68629.6242 10.3503 9.6056e+03
68751.4442 10.2403 9.4058e+03
68763.8342 10.1088 1.5704e+04
68796.2342 10.1293 1.1301e+04
68920.4742 11.3601 1.6784e+04
68927.0942 13.2754 3.6205e+04
69262.1442 17.1033 1.6987e+04
69696.8143 10.4837 1.4578e+04
69984.7543 10.1164 2.5198e+04
70268.5143 14.5052 3.3656e+04
70332.3143 11.3827 2.5909e+04
70341.4643 12.2656 2.6688e+04
70600.8143 12.7567 1.1855e+04
70818.9443 10.1392 2.9542e+04
70960.9343 10.1949 1.6244e+04
70999.4743 10.8883 3.3834e+04
71002.8743 11.9601 3.2259e+04
71133.0043 12.0432 2.0161e+04
71616.9744 11.2376 4.1021e+04
71641.7844 10.1289 2.3005e+04
71790.4244 12.1285 2.2123e+04
71818.5144 13.5549 1.6349e+04
71902.3844 11.1729 1.8693e+04
71960.9744 10.2943 1.0384e+04
72244.2544 10.1449 7.2988e+03
72250.9144 12.8865 2.0520e+04
72336.5744 10.0835 3.3790e+04
72577.2344 20.5056 8.5399e+04
72589.9444 16.4807 3.2331e+04
72646.0844 11.2478 1.5355e+04
72685.7844 14.7207 1.6693e+04
72700.7644 11.3644 2.6508e+04
72752.8944 13.2614 2.9844e+04
73126.1445 17.6248 4.2773e+04
73137.3345 12.1486 8.6426e+04
73280.9945 11.9594 6.1774e+04
73297.3245 13.7068 3.7093e+04
73392.6345 11.2563 1.5098e+04
73559.0745 10.0780 1.1210e+04
74444.8745 12.2963 2.1834e+04
74805.6846 13.8924 2.1090e+04
74924.0246 12.6588 1.0918e+04
76080.0046 22.2095 7.0296e+04
76254.9847 10.8666 9.7968e+03
77652.8447 10.2470 1.8567e+04
77702.9747 14.9690 1.2767e+04
77816.9647 10.5384 2.6945e+04
77836.8348 17.4778 3.4859e+04
77912.9648 13.8637 1.5490e+04
78252.2548 17.5297 6.8710e+04
78254.6348 14.5448 6.8710e+04
79562.1249 12.0635 1.6658e+04
80010.7549 13.0097 4.9236e+04
80056.2249 14.5501 7.1756e+04
80983.7749 14.2817 2.4318e+04
80999.7349 10.4097 2.5541e+04
81024.7949 10.3589 3.3736e+04
81026.5649 13.3662 3.1647e+04
81078.8349 18.6774 2.2610e+04
81132.6250 10.8381 2.8247e+04
81209.9050 11.3130 2.2214e+04
81239.8850 11.3228 1.1249e+04
81346.8950 10.8764 2.1949e+04
81373.1750 10.0203 7.1870e+04
82644.9850 10.3200 3.6466e+04
82679.9850 11.1700 3.6875e+04
82723.2650 10.8110 4.2310e+04
82812.8251 17.2134 3.5160e+04
82836.9151 10.5371 1.5010e+04
82887.4551 10.4885 2.5100e+04
82891.9451 12.0147 2.8716e+04
82993.5851 11.0442 1.1894e+04
83046.0151 10.1872 1.7021e+04
83265.7451 13.3567 4.7621e+04
83463.3251 15.4572 5.4373e+04
83624.2051 10.4988 4.9929e+04
83696.9451 14.1964 4.1497e+04
83746.5751 11.9109 3.4839e+04
83754.1951 11.1159 2.4772e+04
83774.4951 15.0882 5.2784e+04
83835.3851 12.0537 5.5949e+04
83853.2751 15.6737 3.7165e+04
83859.7451 13.8996 5.0363e+04
83872.2151 12.8668 1.2111e+05
83924.4151 13.5478 3.7531e+04
83933.8651 13.1969 5.4283e+04
84014.1451 13.6165 4.2166e+04
84042.9851 10.6311 5.9673e+04
84218.7951 11.0188 4.5705e+04
84334.7051 14.9584 4.4136e+04
84986.8452 13.0432 6.4298e+04
85012.4052 13.6351 5.6184e+04
85052.1052 10.4470 3.8091e+04
85075.3252 10.9484 7.4336e+04
85238.0952 14.0418 5.7457e+04
85420.5952 10.5809 8.3009e+04
85421.6652 11.8116 6.8894e+04
85471.6052 10.4569 5.2219e+04
85589.1652 10.1864 2.7534e+06
85814.0152 11.2885 9.6775e+04
85824.0552 17.3813 1.2618e+05
85982.1052 11.0779 5.5395e+04
86201.5853 10.0118 1.6439e+04
