        1  27.892898   85.469564     7.934    -5730.0     -873.3    -4576.6    105.8     90.2    145.3 2023  4 10 11 32 18.620  8.8   1
        2  27.904875   85.462524    11.873    -6423.1      454.0     -637.5    197.6    248.0    163.8 2023  4 10 14 12 29.930  6.3   1
        3  27.916459   85.489535    11.943    -3764.0     1737.8     -567.5    104.4     97.3     90.1 2023  4 10 17 27 54.200  6.1   1
        4  27.886733   85.530924    12.897      310.6    -1556.4      386.4     99.1     95.1     45.9 2023  4 10 19 50 38.000  6.1   1
        5  27.932292   85.503101    14.254    -2427.8     3492.4     1743.3    176.5     90.0    106.9 2023  4 10 19 58 21.080  6.2   1
        6  27.959318   85.476204    14.774    -5075.1     6487.4     2263.2    169.1    146.9    120.0 2023  4 10 20  5 25.720  6.3   1
        7  27.872333   85.584489    13.830     5585.2    -3152.1     1319.2    186.1    175.3     62.4 2023  4 10 22  6 43.320  5.8   1
        8  27.876147   85.555770    13.922     2757.4    -2729.4     1411.4    201.8    151.7     51.5 2023  4 10 22 34 49.500  5.9   1
        9  27.938997   85.514738    12.059    -1282.2     4235.5     -451.8    224.8    117.9    142.4 2023  4 10 23 22  9.540  5.9   1
       10  27.903927   85.470947    11.740    -5593.7      349.0     -770.6    189.8    171.6    134.3 2023  4 10 23 23 29.000  6.0   1
       11  27.959163   85.462663    13.354    -6407.6     6470.2      843.4    167.5    220.9    140.5 2023  4 11  1  3 49.830  6.7   1
       12  27.890631   85.522892    11.961     -480.2    -1124.3     -549.6    118.0    103.3     87.1 2023  4 11  2 20 47.920  6.2   1
       13  27.884629   85.552498    14.700     2435.1    -1789.4     2188.6    266.8     96.9    113.0 2023  4 11  3  9 13.450  6.5   1
       14  27.877659   85.606291    15.576     7731.8    -2561.9     3064.8    164.4    109.3     81.7 2023  4 11  6  0  3.760  6.7   1
       15  27.901385   85.617049    17.009     8790.0       67.4     4498.4    210.3    111.7     80.8 2023  4 11  7 17 13.530  6.7   1
       16  27.928170   85.487183     9.950    -3995.4     3035.7    -2561.2     91.9    100.0     94.2 2023  4 11 12 31  5.990  6.3   1
       17  27.924876   85.473617     9.969    -5330.6     2670.5    -2541.5     83.0    103.2     91.6 2023  4 11 12 55 14.380  6.3   1
       18  27.902462   85.544377    13.422     1635.4      186.7      911.3    155.2     81.4     62.9 2023  4 11 15 16  7.990  5.8   1
       19  27.886528   85.516227    11.590    -1136.2    -1579.0     -921.4    152.4     73.8    122.2 2023  4 11 17 31 50.160  6.0   1
       20  27.887990   85.528540    12.174       76.5    -1417.0     -337.2    137.4    103.6     95.9 2023  4 11 17 31 57.600  6.0   1
       21  27.886477   85.532495    12.449      465.3    -1584.8      -61.9    124.4    102.8     95.6 2023  4 11 17 32  8.400  6.2   1
       22  27.904435   85.471370    10.571    -5552.1      405.4    -1940.0     82.6    136.1     81.8 2023  4 11 18 16 33.160  6.2   1
       23  27.904924   85.498771    11.394    -2854.4      459.6    -1116.9    120.3    118.7     90.8 2023  4 11 18 48 37.960  5.9   1
       24  27.928841   85.502962    12.826    -2442.1     3109.9      315.5    238.9    142.7    115.7 2023  4 11 19 38 40.800  5.8   1
       25  27.900800   85.527059    12.698      -69.7        2.4      186.6     97.7     97.8     58.7 2023  4 11 20 30 42.160  6.1   1
       26  27.927214   85.537549    12.341      963.0     2929.6     -169.5    195.0    115.9     85.4 2023  4 11 22 39 43.300  5.9   1
       27  27.915131   85.525521    13.976     -220.7     1590.6     1465.5    174.5    139.1    106.0 2023  4 11 23  9 10.720  7.1   1
       28  27.921464   85.430745     9.340    -9551.1     2292.4    -3171.3     58.7    105.2     91.8 2023  4 12  1  7 45.370  6.6   1
       29  27.863157   85.638778    17.636    10931.5    -4168.9     5125.1    206.6    169.5    122.7 2023  4 12  1 15 21.170  6.1   1
       30  27.908720   85.515812    12.854    -1177.0      880.1      343.5    116.9    160.8    112.8 2023  4 12  1 49 35.690  6.3   1
       31  27.882251   85.632471    14.437    10309.0    -2053.0     1926.0    132.5     74.0     76.8 2023  4 12  5 14 27.720  6.3   1
       32  27.881445   85.585685    15.542     5702.8    -2142.3     3030.6    164.4    122.3     67.5 2023  4 12 12  5 45.330  6.3   1
       33  27.889410   85.505794    11.676    -2163.3    -1259.6     -834.6    103.1     92.5    100.1 2023  4 12 16 36  1.350  6.0   1
       34  27.911420   85.512199    13.946    -1532.3     1179.4     1434.7    129.2    169.3     72.0 2023  4 12 17 13 48.160  6.0   1
       35  27.908307   85.512956    13.989    -1458.1      834.5     1478.3    126.4    137.3     66.2 2023  4 12 17 57 18.280  6.1   1
       36  27.896279   85.518335    13.028     -929.0     -498.5      516.9    144.7    182.1    115.3 2023  4 12 18 12  2.600  6.0   1
       37  27.887469   85.483577    12.538    -4350.9    -1474.8       26.7    114.2    160.9    124.1 2023  4 12 18 35 42.860  6.0   1
       38  27.912878   85.575594    14.392     4708.8     1340.9     1881.5    182.2    156.1     63.8 2023  4 12 18 36 26.600  6.1   1
       39  27.898643   85.555216    13.602     2702.6     -236.5     1091.3    164.9     90.2     54.6 2023  4 12 18 41 36.900  7.6   1
       40  27.898820   85.560441    13.774     3216.8     -216.9     1262.7    132.5     93.6     58.0 2023  4 12 18 45 58.760  6.3   1
       41  27.906224   85.486377    11.840    -4074.5      603.5     -671.1    107.7    177.3     97.9 2023  4 12 20  2 25.800  6.2   1
       42  27.901459   85.530216    12.437      241.3       75.5      -73.8     85.6    104.2     63.6 2023  4 12 20 17 30.280  6.0   1
       43  27.898621   85.621623    16.503     9240.3     -238.9     3992.1    177.1    160.0     57.0 2023  4 12 20 22 13.040  6.6   1
       44  27.893711   85.458952     9.874    -6775.4     -783.1    -2636.5     51.9     84.1     56.1 2023  4 12 21 16 24.520  6.6   1
       45  27.887319   85.483757    12.485    -4332.9    -1491.5      -26.2    113.6    133.6    119.4 2023  4 12 21 22  8.580  5.8   1
       46  27.933643   85.439518     8.359    -8687.1     3642.0    -4152.0     49.0     75.0     88.8 2023  4 12 21 41 28.680  6.9   1
       47  27.932117   85.431641    12.613    -9462.5     3472.9      101.6     86.1    131.8     80.5 2023  4 12 21 46 33.260  6.2   1
       48  27.914707   85.530518    12.686      271.1     1543.7      175.0    115.0    123.0     68.8 2023  4 12 21 49 55.280  5.7   1
       49  27.916996   85.441406     9.477    -8501.4     1797.4    -3033.5     75.1     75.6     85.7 2023  4 12 22  2 13.840  6.5   1
       50  27.909778   85.450049     9.506    -7651.3      997.5    -3005.3     87.9    106.6    103.8 2023  4 12 22 33 39.000  6.3   1
       51  27.888826   85.479036    11.990    -4798.1    -1324.3     -521.1    108.1    112.6    115.9 2023  4 12 23  2 10.360  5.9   1
       52  27.909574   85.479932    12.012    -4709.3      974.9     -498.7     76.4    120.5     69.7 2023  4 12 23  4  9.880  6.0   1
       53  27.893502   85.459497     9.978    -6721.2     -806.3    -2533.0     46.0     88.4     44.0 2023  4 12 23  6 22.340  7.5   1
       54  27.885553   85.520630    10.845     -702.4    -1687.1    -1665.8     91.9    111.8     84.6 2023  4 12 23 28 10.000  5.8   1
       55  27.954997   85.511955    10.771    -1556.4     6008.5    -1739.6    101.5    112.9     79.8 2023  4 13  0 19  6.560  6.2   1
       56  27.906075   85.478532     8.480    -4847.2      587.2    -4030.9    121.0     83.3    117.5 2023  4 13  4 13 48.700  6.4   1
       57  27.872282   85.568758    13.946     4036.1    -3157.7     1434.6    264.9    187.5    101.4 2023  4 13  5 40 43.430  6.2   1
       58  27.894275   85.568335    15.065     3994.2     -720.6     2553.9    209.5     98.1     62.7 2023  4 13 11 30 29.430  6.0   1
       59  27.947030   85.416691     7.987   -10933.5     5125.6    -4523.6     63.0    128.4    120.8 2023  4 13 11 51 25.590  7.0   1
       60  27.924841   85.440690    14.814    -8571.8     2666.8     2303.2    110.7    204.9     98.6 2023  4 13 12 21  3.840  6.3   1
       61  27.938833   85.545109    12.100     1706.8     4217.3     -410.5    106.0    112.6     61.0 2023  4 13 12 31 34.260  6.2   1
       62  27.897742   85.548381    13.369     2029.2     -336.4      858.2    144.8     90.7     63.2 2023  4 13 13  5 13.560  6.2   1
       63  27.941980   85.504053     9.583    -2334.6     4566.0    -2927.6    102.9    105.5     70.8 2023  4 13 13 30 17.190  6.7   1
       64  27.914840   85.534383    13.684      651.0     1558.3     1172.7    134.4    129.5     62.8 2023  4 13 13 34 28.120  6.4   1
       65  27.896311   85.695068    20.293    16471.6     -494.9     7782.4    104.0    157.4     77.3 2023  4 13 13 35 37.180  6.6   1
       66  27.899449   85.696297    20.181    16592.0     -147.3     7670.4    131.4    228.7     96.6 2023  4 13 13 36 19.030  6.5   1
       67  27.902846   85.704801    19.674    17429.1      229.4     7163.5    109.2    214.6     79.6 2023  4 13 13 42 12.820  6.4   1
       68  27.941954   85.544718    12.243     1668.2     4563.2     -267.9    111.2    107.2     66.2 2023  4 13 14 19  5.740  6.6   1
       69  27.942035   85.543254    12.192     1524.4     4572.1     -319.0    109.6    111.8     69.5 2023  4 13 14 24  8.130  6.7   1
       70  27.893866   85.518620    12.591     -900.5     -765.9       80.0     75.0    152.2     65.9 2023  4 13 14 43 46.890  6.1   1
       71  27.942118   85.546509    12.249     1845.2     4581.4     -261.9    123.2     70.3     60.2 2023  4 13 14 50 20.290  6.6   1
       72  27.939431   85.549813    12.142     2170.0     4283.5     -368.5    231.3    128.2     78.2 2023  4 13 14 56  8.300  5.9   1
       73  27.917601   85.564632    15.434     3629.1     1864.4     2923.0    131.3    114.1     64.1 2023  4 13 18 27 17.840  5.9   1
       74  27.859806   85.678996    16.155    14891.7    -4540.3     3644.1    111.3    174.2     90.7 2023  4 13 20 13 51.360  6.1   1
       75  27.876162   85.631315    15.490    10195.7    -2727.9     2979.1    118.7     91.5     49.3 2023  4 13 21  0 51.320  6.1   1
       76  27.939429   85.518465    11.287     -915.8     4283.2    -1223.8     80.5     74.9     47.3 2023  4 13 22 12 10.800  6.0   1
       77  27.903306   85.516829    12.506    -1076.8      280.3       -4.8     86.2    124.4     93.4 2023  4 13 22 13 20.020  6.2   1
       78  27.914840   85.520890    13.192     -677.1     1558.5      680.8     72.2    118.0     59.9 2023  4 13 22 33 32.000  6.1   1
       79  27.929877   85.511312    13.791    -1619.7     3224.7     1280.3     90.2    134.1     73.1 2023  4 13 23  4 46.040  5.8   1
       80  27.876276   85.639803    15.344    11031.1    -2715.1     2833.1    168.1    104.7     78.1 2023  4 13 23  9 24.920  6.0   1
       81  27.883179   85.491545    11.788    -3566.6    -1950.2     -722.9     80.2    151.0     90.1 2023  4 13 23 30 46.280  6.1   1
       82  27.920072   85.453280    11.392    -7332.5     2138.2    -1119.2     83.5    121.2     82.4 2023  4 13 23 33 10.000  5.9   1
       83  27.918258   85.540861    15.135     1288.8     1937.1     2624.0     85.8    100.0     47.7 2023  4 14  1  4 16.650  7.0   1
       84  27.918553   85.540023    15.167     1206.1     1969.8     2655.7     84.8     86.5     45.3 2023  4 14  1 17  3.610  6.3   1
       85  27.928625   85.526742    14.899     -100.9     3086.1     2388.2    151.9    121.7     80.6 2023  4 14  6 16  6.400  6.7   1
       86  27.890517   85.680493    15.995    15037.0    -1137.1     3483.7    122.6    250.3     98.9 2023  4 14  9 21  6.750  6.7   1
       87  27.854785   85.627376    15.957     9808.7    -5096.8     3446.3    115.0    125.2     73.0 2023  4 14 10 13 58.560  8.0   1
       88  27.906706   85.483211    12.514    -4386.2      656.9        2.6     75.9    141.9     68.6 2023  4 14 11 40 42.680  6.3   1
       89  27.905998   85.547282    14.788     1920.9      578.6     2277.4    189.1    128.1     69.4 2023  4 14 11 45 55.780  6.6   1
       90  27.895209   85.470296     8.667    -5658.4     -617.2    -3843.8    103.3    152.0    126.0 2023  4 14 12 30 42.240  7.4   1
       91  27.889288   85.559098    13.916     3084.7    -1273.2     1405.3    175.0     88.6     49.7 2023  4 14 13 49 39.320  6.1   1
       92  27.894057   85.500838    10.576    -2650.9     -744.7    -1934.9    113.6     91.5    113.5 2023  4 14 14 19 13.040  5.7   1
       93  27.837388   85.683268    16.384    15314.1    -7024.6     3872.9    103.5    166.4    103.2 2023  4 14 14 41 16.570  6.1   1
       94  27.837842   85.700488    15.157    17010.0    -6974.4     2645.7    127.6    248.1    124.9 2023  4 14 14 42 53.270  6.1   1
       95  27.827946   85.647721    15.945    11813.6    -8070.9     3433.6    152.2    161.3    100.6 2023  4 14 15  6 29.010  6.2   1
       96  27.884660   85.609757    18.561     8073.1    -1786.2     6050.1    252.0    224.0    103.7 2023  4 14 15 15 30.180  6.7   1
       97  27.898008   85.572827    13.542     4436.4     -306.7     1031.2    204.0     83.6     71.9 2023  4 14 15 48 52.170  5.8   1
       98  27.894167   85.634725    17.527    10530.2     -732.6     5015.8    144.8    209.2     70.5 2023  4 14 16 19 15.180  6.9   1
       99  27.949473   85.409277    10.723   -11662.8     5396.4    -1787.8    109.8    219.6    136.8 2023  4 14 16 33  8.610  6.4   1
      100  27.931980   85.629590    14.731    10023.5     3457.9     2220.1    161.4    264.4     79.6 2023  4 14 17  7 56.360  5.8   1
      101  27.911412   85.570052    17.846     4162.5     1178.5     5335.4    185.8    205.2     51.5 2023  4 14 17  8 24.660  6.9   1
      102  27.904319   85.509993    12.122    -1749.5      392.4     -389.5    111.8    141.1    100.4 2023  4 14 17 22 16.880  5.8   1
      103  27.935323   85.434660     9.790    -9164.9     3828.4    -2721.3     83.4     79.7    103.2 2023  4 14 17 45 24.500  6.2   1
      104  27.929883   85.454867    13.736    -7176.4     3225.4     1224.6    133.6    153.8    124.3 2023  4 14 17 46 30.200  5.9   1
      105  27.933883   85.428524     8.276    -9769.2     3668.6    -4235.2     45.8     57.5     86.1 2023  4 14 17 47 37.260  6.6   1
      106  27.934143   85.429443     8.423    -9678.8     3697.5    -4087.9     43.0     61.1     63.6 2023  4 14 17 53  8.000  6.7   1
      107  27.934235   85.429842     8.424    -9639.4     3707.6    -4086.6     49.0     62.3     78.8 2023  4 14 17 57  6.180  6.9   1
      108  27.934450   85.428385     8.072    -9782.6     3731.6    -4438.7     43.6     58.6     67.6 2023  4 14 17 58 36.580  6.5   1
      109  27.932200   85.449561    12.402    -7698.8     3482.2     -109.0    116.7    143.4    135.6 2023  4 14 18  3  4.080  5.9   1
      110  27.931311   85.448690    12.493    -7784.3     3383.6      -17.9     97.2    142.8     89.8 2023  4 14 18  3 28.920  6.0   1
      111  27.934269   85.427710     8.033    -9849.0     3711.5    -4477.9     40.3     55.9     63.1 2023  4 14 18  8  8.600  6.9   1
      112  27.933889   85.427865     8.164    -9833.8     3669.4    -4346.8     45.3     55.1     82.4 2023  4 14 18  8 42.360  6.5   1
      113  27.931746   85.445044    11.755    -8143.5     3431.9     -756.1     98.2    160.9     99.5 2023  4 14 18 22  7.280  5.9   1
      114  27.928170   85.492472    14.493    -3474.1     3035.6     1981.7    104.7     97.1     58.7 2023  4 14 18 34 47.480  6.3   1
      115  27.894859   85.461043     9.983    -6568.9     -655.8    -2527.7     55.3     96.6     75.4 2023  4 14 19  1 35.440  6.2   1
      116  27.933211   85.444059    12.169    -8239.8     3594.2     -341.8     93.9    134.4     86.1 2023  4 14 19 42  2.880  5.9   1
      117  27.909100   85.481437    10.544    -4561.0      922.3    -1967.4    111.6     80.6     90.6 2023  4 14 19 45 34.080  6.0   1
      118  27.934216   85.428426     8.316    -9779.0     3705.7    -4195.1     59.1     63.4     59.4 2023  4 14 20 30 23.840  6.4   1
      119  27.934277   85.426245     8.182    -9993.5     3712.3    -4329.2     54.6     82.6     56.5 2023  4 14 20 33  9.140  6.3   1
      120  27.887067   85.661426    17.731    13159.9    -1519.3     5220.0    154.8    210.0     92.9 2023  4 14 20 46 13.660  6.4   1
      121  27.875464   85.569165    14.091     4076.5    -2805.1     1579.6    155.8    124.4     46.7 2023  4 14 21 27 13.240  5.7   1
      122  27.905935   85.481486    11.167    -4556.4      571.5    -1344.2     78.1    172.7     81.3 2023  4 14 21 59 19.400  6.0   1
      123  27.885429   85.580078    14.173     5150.8    -1700.9     1662.1    211.7    161.3     67.6 2023  4 14 22 43 53.960  6.1   1
      124  27.885590   85.582357    14.163     5375.2    -1683.2     1651.6    272.1    145.8     66.0 2023  4 14 22 44 31.780  6.1   1
      125  27.891351   85.557381    10.444     2915.4    -1044.6    -2066.9    284.7    192.6     80.1 2023  4 14 22 51  6.840  6.2   1
      126  27.878894   85.525415    13.196     -231.3    -2425.0      685.1     74.2     93.5     48.8 2023  4 14 23 20 26.000  6.2   1
      127  27.887644   85.536108    13.322      821.2    -1455.3      810.9    140.2     97.1     61.0 2023  4 15  0 20 21.290  6.1   1
      128  27.918479   85.509106    12.893    -1837.3     1961.6      382.4    174.4    219.7    137.2 2023  4 15  0 37 18.100  6.0   1
      129  27.894108   85.597697    15.193     6885.1     -738.9     2682.0    256.4    180.7     67.9 2023  4 15  0 48  4.160  5.9   1
      130  27.933280   85.434041     8.600    -9226.2     3602.0    -3911.2     73.4     77.5     99.4 2023  4 15  1 10  2.180  6.2   1
      131  27.933490   85.438037     9.795    -8832.6     3625.1    -2715.6     86.0     64.1     91.0 2023  4 15  1 13  4.570  6.6   1
      132  27.858647   85.632739    15.802    10336.6    -4668.9     3291.4    111.9    149.7     73.1 2023  4 15  1 41 10.290  7.6   1
      133  27.906171   85.478434    10.222    -4856.6      597.6    -2289.1     99.5     96.8     87.1 2023  4 15  9 46  8.190  7.1   1
      134  27.904822   85.479028    10.603    -4798.4      448.3    -1907.8     72.9    138.2     55.5 2023  4 15  9 48 34.170  6.6   1
      135  27.909249   85.490479    11.346    -3670.6      938.9    -1164.8     84.9     78.6     54.2 2023  4 15 13 48 50.170  6.6   1
      136  27.917393   85.511654    11.801    -1586.7     1841.2     -709.8    116.4     95.1     62.6 2023  4 15 15 11 10.740  6.9   1
      137  27.878381   85.555233    14.198     2704.6    -2481.8     1686.6    148.8    153.8     71.5 2023  4 15 17 17 39.640  6.0   1
      138  27.908331   85.470068    11.287    -5680.6      837.1    -1223.6    101.0     95.1     75.1 2023  4 15 18 21  6.040  5.8   1
      139  27.925763   85.480876    10.478    -4615.9     2768.9    -2032.8     83.9    102.2     90.3 2023  4 15 18 51 42.560  6.4   1
      140  27.889166   85.479435    10.127    -4758.6    -1286.8    -2384.3     77.1     82.5     63.7 2023  4 15 18 52 24.520  6.2   1
      141  27.889233   85.477238     9.896    -4974.7    -1279.4    -2614.7     82.8    117.1     86.0 2023  4 15 18 53 22.460  5.8   1
      142  27.913584   85.660750     8.979    13092.0     1419.4    -3531.7    189.9    303.1    168.2 2023  4 15 18 57  7.000  5.7   1
      143  27.901758   85.516406    13.067    -1118.3      108.6      555.7    122.8    151.9     82.2 2023  4 15 19 13 47.120  6.0   1
      144  27.868329   85.697534    15.720    16716.1    -3595.8     3209.1    112.3    189.2    102.8 2023  4 15 19 34 39.580  6.0   1
      145  27.918461   85.442147    12.096    -8428.8     1959.6     -415.3    143.8    133.1    121.8 2023  4 15 19 58 46.040  5.9   1
      146  27.880918   85.551506    13.495     2337.7    -2200.8      984.3    136.7    169.5     64.7 2023  4 15 20  4 21.000  5.9   1
      148  27.909389   85.451318     9.553    -7526.3      954.4    -2958.4     77.7    100.2     88.3 2023  4 15 20 10 52.720  6.1   1
      149  27.892277   85.542236    13.129     1424.7     -942.0      617.8    127.1    122.7     50.7 2023  4 15 20 39 40.920  6.1   1
      150  27.913293   85.555916    14.172     2771.0     1387.0     1661.5    133.5    101.7     78.6 2023  4 15 21 16 39.440  6.1   1
      151  27.905096   85.481006    11.363    -4603.3      478.6    -1147.6     89.7     93.0     67.1 2023  4 15 22 48  2.120  6.0   1
      152  27.917914   85.440715    11.821    -8569.7     1899.1     -690.0    112.0    124.8     94.2 2023  4 15 23 20 28.020  6.0   1
      153  27.918353   85.438932    12.714    -8744.9     1947.7      203.2    105.3    136.1     99.0 2023  4 15 23 21 25.600  6.0   1
      154  27.913472   85.651156    14.806    12147.1     1406.8     2295.3    192.2    325.8    119.3 2023  4 15 23 22  1.000  6.1   1
      155  27.892761   85.506087    12.966    -2134.5     -888.3      455.5    102.6     98.4     98.5 2023  4 16  1 54  6.230  6.2   1
      156  27.908864   85.444840    12.422    -8164.3      896.1      -88.9    115.5    151.8    113.7 2023  4 16  4 54  9.820  6.6   1
      157  27.890607   85.497664    10.475    -2963.9    -1127.1    -2036.2     72.3     81.7     81.0 2023  4 16  5 55  6.590  6.8   1
      158  27.854289   85.627238    15.912     9795.2    -5151.7     3401.3    126.8    123.5     73.6 2023  4 16  7 22  7.820  7.3   1
      159  27.917409   85.489860     6.802    -3731.9     1843.1    -5709.0    169.8    241.7    162.4 2023  4 16  9  5 10.900  6.4   1
      160  27.913774   85.554712    14.152     2652.7     1440.2     1640.9    175.9     98.6     72.7 2023  4 16 10 48 36.440  6.8   1
      161  27.882772   85.697689     9.947    16730.4    -1995.3    -2564.3    216.1    298.0    249.0 2023  4 16 13 20 24.780  6.6   1
      162  27.914720   85.561605    13.991     3331.4     1545.0     1480.2    204.9     99.9     57.8 2023  4 16 13 21 55.240  6.4   1
      163  27.901066   85.537256    14.170      933.9       31.9     1659.2    139.0    101.7     80.7 2023  4 16 13 58 33.020  6.2   1
      164  27.890979   85.496289    11.701    -3099.6    -1085.8     -810.0    108.8    131.0    104.1 2023  4 16 14 54 28.480  6.0   1
      166  27.884420   85.521549    13.308     -612.5    -1812.6      797.5     99.2    104.7     91.2 2023  4 16 15 22 36.330  6.6   1
      167  27.915963   85.448153    11.866    -7837.3     1682.8     -645.4    124.2    147.8    105.4 2023  4 16 15 46 35.450  5.9   1
      168  27.879386   85.533789    13.486      593.2    -2370.4      975.3     87.7     89.0     74.1 2023  4 16 16  5 40.430  6.0   1
      169  27.884684   85.522550    12.920     -514.0    -1783.3      409.0     89.4    100.6     75.2 2023  4 16 16 51 34.030  6.7   1
      170  27.880373   85.527987    13.241       21.3    -2261.2      729.9    101.9    119.7     61.7 2023  4 16 16 52  7.060  5.9   1
      171  27.836639   85.643058    14.287    11353.6    -7107.7     1776.1     82.8     84.7     89.7 2023  4 16 17  4 49.960  6.1   1
      172  27.836015   85.642326    14.288    11282.2    -7176.7     1777.5     90.4    100.2     72.7 2023  4 16 17  6 53.100  6.3   1
      173  27.839012   85.644287    14.194    11474.7    -6844.7     1682.7     89.2     88.6     92.6 2023  4 16 17  7 20.460  6.1   1
      174  27.902171   85.644084    15.658    11451.6      154.4     3147.3    241.0    439.1    114.0 2023  4 16 17 19 26.240  7.1   1
      175  27.885453   85.521761    12.639     -591.3    -1698.2      128.4    106.3     98.4     69.9 2023  4 16 17 19 32.480  6.8   1
      176  27.893994   85.657943    14.940    12816.4     -751.6     2429.0    143.4    277.0     99.8 2023  4 16 17 25 48.120  5.9   1
      177  27.885933   85.513062    12.238    -1447.6    -1645.0     -273.1     70.1     90.5     38.7 2023  4 16 17 32 32.880  6.1   1
      178  27.884424   85.529321    13.064      152.7    -1812.2      552.8    122.5    121.2     59.6 2023  4 16 17 51  0.840  6.3   1
      179  27.897274   85.451229    11.376    -7535.8     -388.3    -1134.6     79.5    126.4     85.8 2023  4 16 17 56 22.600  6.1   1
      180  27.883714   85.523226    13.096     -447.5    -1890.9      585.1     88.7    108.2     65.0 2023  4 16 18 31 59.660  6.2   1
      181  27.879421   85.546851    13.180     1879.4    -2366.7      669.3    146.6    104.3     45.2 2023  4 16 18 35  0.080  6.0   1
      182  27.900336   85.463200    12.243    -6357.0      -48.9     -267.6    100.5    136.6    117.4 2023  4 16 18 47 13.860  5.9   1
      183  27.888222   85.615934    15.933     8681.1    -1391.3     3421.7    132.6    185.0     59.0 2023  4 16 18 51 57.520  6.5   1
      184  27.917680   85.547786    17.463     1970.7     1873.0     4952.0    148.4    110.3     96.3 2023  4 16 19  7 49.400  6.0   1
      185  27.926249   85.543473    14.957     1546.1     2822.7     2445.7    100.7    101.5     54.8 2023  4 16 19 13 41.720  5.8   1
      186  27.884261   85.512630    12.582    -1490.3    -1830.2       71.5    130.4     97.8     45.1 2023  4 16 19 16 48.360  6.0   1
      187  27.886739   85.519255    12.301     -838.1    -1555.6     -209.9     72.4     99.2     65.4 2023  4 16 19 39 25.900  5.9   1
      188  27.885380   85.522689    12.784     -499.7    -1706.4      273.0    100.4    118.9     72.9 2023  4 16 19 55  5.840  6.9   1
      189  27.884021   85.580029    13.935     5146.0    -1856.9     1424.3    140.0    130.3     50.4 2023  4 16 20 18  9.600  6.0   1
      190  27.833201   85.627734    14.300     9844.7    -7488.6     1788.7    128.8     86.4     89.5 2023  4 16 20 21 39.440  6.0   1
      191  27.948267   85.473413    11.090    -5349.8     5262.7    -1420.7     86.9     96.6     70.8 2023  4 16 21  8 39.600  6.7   1
      192  27.894513   85.557878    13.590     2964.3     -694.2     1079.2    129.2     92.3     53.9 2023  4 16 21 15 53.180  5.8   1
      193  27.876562   85.561833    13.718     3354.0    -2683.4     1206.6    180.2     93.8     45.9 2023  4 16 21 25 47.140  6.3   1
      194  27.892544   85.535921    13.082      802.5     -912.5      570.8    112.4    107.6     71.7 2023  4 16 21 27 56.560  6.4   1
      195  27.929755   85.557658    15.221     2942.2     3211.1     2709.8    117.7    117.1     55.8 2023  4 16 21 45 28.680  5.7   1
      196  27.937764   85.516398    10.336    -1118.8     4098.8    -2174.6    111.7    117.4     83.7 2023  4 16 22  1 25.160  5.8   1
      197  27.883970   85.535409    12.610      752.6    -1862.5       98.9     87.6     98.4     59.9 2023  4 16 22 12 42.780  5.7   1
      198  27.896773   85.528719    13.585       93.7     -443.7     1073.8    153.9    132.0    100.4 2023  4 16 22 39  4.220  6.0   1
      199  27.906852   85.514160    12.634    -1339.3      673.1      122.7    100.4    164.7     73.9 2023  4 16 23 55 14.760  5.9   1
      200  27.926217   85.450480     9.194    -7608.5     2819.0    -3317.0     87.6     78.1    117.3 2023  4 17  0 36 13.540  6.7   1
      201  27.887083   85.627091    14.693     9779.2    -1517.6     2181.7    168.8    127.4    136.0 2023  4 17  1 18 21.040  6.3   1
      202  27.899969   85.524308    12.461     -340.5      -89.5      -50.4    102.9    108.9     76.9 2023  4 17  1 33 17.610  6.2   1
      203  27.852075   85.647469    15.478    11787.3    -5397.1     2967.4    136.0    111.9     78.0 2023  4 17  1 43 46.390  6.5   1
      204  27.922534   85.426660     7.760    -9953.6     2411.1    -4750.9     68.5     83.1    100.5 2023  4 17  2 33 39.720  6.5   1
      205  27.924573   85.456991     9.811    -6967.3     2637.0    -2699.7    111.8    166.4    131.6 2023  4 17  7 50  4.360  6.7   1
      206  27.927258   85.452555     8.980    -7404.2     2934.6    -3530.9     81.2     88.8     94.6 2023  4 17  7 51 12.520  6.6   1
      207  27.926778   85.449992    10.624    -7656.3     2881.4    -1887.3    127.9     88.0     82.6 2023  4 17  7 57 42.670  6.9   1
      208  27.882086   85.590902    15.106     6216.5    -2071.3     2595.5    115.1    112.5     88.3 2023  4 17  9 35 43.550  6.6   1
      209  27.923299   85.510807    12.598    -1669.6     2495.7       87.3    100.7    142.5    127.8 2023  4 17  9 50 57.390  6.5   1
      210  27.887832   85.512467    12.096    -1506.1    -1434.5     -414.5     93.3     87.8     70.8 2023  4 17 11 34 12.890  6.3   1
      211  27.901190   85.501367    15.574    -2599.1       45.9     3063.3    196.5    224.9    125.3 2023  4 17 12 41 34.780  6.7   1
      212  27.903746   85.527970    12.550       20.4      328.9       39.2     72.9     78.0     69.0 2023  4 17 13 53  3.570  6.0   1
      213  27.919295   85.542244    15.009     1425.2     2052.1     2497.9    151.9    104.9     58.7 2023  4 17 13 57 12.540  6.4   1
      214  27.911466   85.459456     9.979    -6725.0     1184.5    -2531.9     95.8    110.0    101.6 2023  4 17 14 15 43.300  7.1   1
      215  27.909890   85.470817    10.803    -5606.8     1009.9    -1707.8     81.6    110.1     87.4 2023  4 17 14 20 47.650  6.3   1
      216  27.919114   85.540299    14.830     1233.4     2032.0     2318.7    134.9     95.3     55.7 2023  4 17 14 24 53.350  6.1   1
      217  27.941986   85.475114    10.091    -5182.8     4566.8    -2420.4     91.7     85.5     77.7 2023  4 17 14 34 58.160  6.8   1
      218  27.917786   85.542017    14.838     1403.0     1884.9     2327.1    143.1    142.0     67.5 2023  4 17 14 37  1.570  6.4   1
      219  27.909951   85.461719     9.387    -6502.4     1016.5    -3124.1     97.1     89.0    118.7 2023  4 17 15  0 12.680  6.9   1
      220  27.894082   85.461458     9.413    -6528.5     -742.0    -3097.7     69.6     88.6     74.8 2023  4 17 15 27 27.640  6.3   1
      221  27.892737   85.498381    11.138    -2893.5     -891.0    -1373.0     56.6     69.6     49.4 2023  4 17 15 45 38.890  6.1   1
      222  27.904921   85.616642    16.097     8749.5      459.3     3586.2    103.6    113.8     64.1 2023  4 17 16 29 17.980  6.1   1
      223  27.890049   85.528076    13.184       30.6    -1188.8      672.5    143.0    197.6     77.0 2023  4 17 17 10  2.820  6.0   1
      224  27.887998   85.509627    11.856    -1785.9    -1416.2     -655.0     84.7     84.0     52.1 2023  4 17 17 20 24.400  6.9   1
      225  27.886068   85.520760    12.746     -689.7    -1630.2      235.4     73.0     85.1     75.8 2023  4 17 18 19 15.280  6.0   1
      226  27.921230   85.473812    12.699    -5311.4     2266.4      188.4     97.1    162.5     69.1 2023  4 17 18 34  2.140  6.0   1
      227  27.908264   85.481128    12.487    -4591.8      829.7      -24.4    152.6    201.1    109.0 2023  4 17 19 41  8.500  5.9   1
      228  27.888784   85.509212    11.797    -1826.9    -1329.1     -713.9     64.5     93.6     61.6 2023  4 17 20  9 49.560  6.8   1
      229  27.899640   85.631812    14.285    10243.7     -126.1     1774.5    153.6    133.7     76.6 2023  4 17 20 19 37.040  5.6   1
      230  27.954539   85.532552    13.476      471.1     5957.7      965.2    133.6    210.0     88.6 2023  4 17 21 32 38.740  5.9   1
      231  27.903361   85.518302    12.381     -931.6      286.3     -129.5     96.7    120.7     71.0 2023  4 17 21 47 33.320  6.1   1
      232  27.884928   85.521501    12.804     -616.8    -1756.4      293.4     75.9     93.6     48.1 2023  4 17 21 57 28.620  5.6   1
      233  27.937783   85.489160    13.818    -3800.7     4100.8     1306.6     85.7    103.3     50.8 2023  4 17 22 16  1.040  6.0   1
      234  27.884741   85.522697    12.641     -499.3    -1777.0      130.0     88.9     97.4     70.4 2023  4 17 22 39 38.340  6.1   1
      235  27.900102   85.505811    12.848    -2161.8      -74.8      337.1    112.3    236.9    102.1 2023  4 17 23 20 47.720  6.1   1
      236  27.890462   85.525439    12.963     -229.2    -1143.0      451.9    156.6    161.5    116.7 2023  4 18  0 42 35.220  6.1   1
      237  27.894578   85.506356     9.877    -2108.2     -687.0    -2633.9    100.8     87.2    104.4 2023  4 18  1 14 14.970  6.1   1
      238  27.888517   85.508333    11.816    -1913.4    -1358.6     -695.2     70.0     84.1     65.3 2023  4 18  1 34 29.330  7.6   1
      239  27.898509   85.685588    10.840    15538.2     -251.5    -1670.5    203.0    264.0    195.0 2023  4 18  2 54 26.080  6.4   1
      240  27.922266   85.477043     9.335    -4993.2     2381.2    -3175.6    101.0     99.3     88.3 2023  4 18  7 36 33.620  6.6   1
      241  27.924316   85.554191    17.974     2601.1     2608.6     5463.2    283.1    181.8    105.4 2023  4 18  9  6 55.980  7.0   1
      242  27.922288   85.552913    17.543     2475.9     2383.8     5032.1    268.9    167.2    111.1 2023  4 18  9 25 46.050  6.6   1
      243  27.888688   85.508301    11.731    -1916.3    -1339.7     -780.2     81.6     89.8     77.9 2023  4 18 13 21 44.480  6.5   1
      244  27.888824   85.508407    11.428    -1905.8    -1324.7    -1082.7     98.6     88.4     94.3 2023  4 18 13 31 52.560  6.5   1
      245  27.874815   85.567594    13.153     3921.7    -2877.1      641.7    172.7    153.5     58.7 2023  4 18 15 33 21.310  6.1   1
      246  27.883659   85.557658    11.776     2942.9    -1897.0     -734.8    199.7    327.6    132.1 2023  4 18 16 47 53.220  5.9   1
      247  27.899223   85.441943     9.926    -8449.3     -172.3    -2584.5     54.9    107.6     58.6 2023  4 18 17  1 16.300  6.3   1
      248  27.899373   85.469873     9.858    -5700.2     -155.7    -2652.9    105.5    105.1     94.9 2023  4 18 17 37 42.200  6.5   1
      249  27.897327   85.548853    13.993     2075.9     -382.3     1482.1    114.3     77.4     55.1 2023  4 18 18  4  7.320  5.8   1
      250  27.925828   85.449137     8.712    -7740.5     2776.1    -3798.5     80.8     62.4    113.0 2023  4 18 18  5 24.680  8.0   1
      251  27.926603   85.453459     8.976    -7314.6     2862.1    -3535.0     64.8     77.8     92.1 2023  4 18 18 33 59.120  6.6   1
      252  27.877763   85.548983    13.604     2089.2    -2550.4     1093.1    134.5    123.0     66.6 2023  4 18 18 46 43.100  6.8   1
      253  27.889439   85.519531    12.189     -810.9    -1256.4     -322.4     93.2    116.6     91.4 2023  4 18 19 38 39.600  6.1   1
      256  27.884814   85.641455    14.306    11194.0    -1768.8     1795.1    122.7    126.8     68.9 2023  4 18 20 20 56.720  6.2   1
      257  27.883618   85.646867    14.702    11726.6    -1901.5     2190.9    122.2    104.3     74.0 2023  4 18 20 24 10.800  6.1   1
      258  27.888800   85.631779    14.529    10240.8    -1327.3     2018.4    117.9     78.5     84.7 2023  4 18 20 24 33.760  6.4   1
      259  27.889083   85.630461    14.600    10111.1    -1296.0     2089.3    115.1     89.1     77.1 2023  4 18 20 25 56.760  6.5   1
      260  27.885382   85.640389    14.309    11088.6    -1706.0     1798.3    142.7     91.8     85.9 2023  4 18 20 27 38.880  5.8   1
      261  27.922152   85.512459    14.921    -1506.8     2368.7     2410.1    142.1    153.3     84.6 2023  4 18 21 15 24.940  6.1   1
      262  27.899693   85.475928    14.433    -5104.0     -120.2     1922.1     93.2    166.7     68.1 2023  4 18 21 24 57.680  6.4   1
      263  27.897809   85.514014    13.601    -1353.9     -328.9     1090.2    119.1    246.4    101.5 2023  4 18 21 34 44.040  5.8   1
      264  27.888615   85.501969    11.659    -2539.6    -1347.9     -851.8     58.0    108.8     64.9 2023  4 18 22 15 11.400  5.9   1
      265  27.890002   85.496647    11.306    -3064.0    -1194.1    -1204.7     87.3     88.8     70.4 2023  4 18 22 29 22.400  6.2   1
      266  27.890175   85.502091    11.509    -2527.8    -1174.9    -1002.2    138.8    116.0    137.0 2023  4 18 22 34 42.300  6.0   1
      267  27.887065   85.519832    12.299     -781.6    -1519.6     -212.0    154.1    141.8    107.9 2023  4 18 22 34 56.740  5.9   1
      268  27.902580   85.499219    11.756    -2810.7      199.9     -754.9     95.8     95.2     72.0 2023  4 18 23  6 58.320  6.5   1
      269  27.921706   85.471916    12.409    -5498.2     2319.2     -101.8     95.0    125.9     79.7 2023  4 18 23 35 27.440  6.0   1
      270  27.886664   85.512134    12.437    -1539.0    -1564.1      -73.6    149.2    171.2    127.4 2023  4 18 23 46 22.900  6.2   1
      271  27.927592   85.482788     3.612    -4427.9     2971.4    -8898.5     66.2    113.7    177.2 2023  4 19  0 14 48.530  6.4   1
      272  27.892527   85.503475    12.233    -2391.8     -914.2     -278.3    124.6    147.6     84.8 2023  4 19  1 29 13.470  6.4   1
      273  27.909853   85.493929    11.012    -3331.2     1005.9    -1498.9    108.9    116.1     80.8 2023  4 19  1 35 15.750  6.6   1
      274  27.887699   85.575407    14.465     4690.8    -1449.3     1953.6    169.4    118.8     55.8 2023  4 19  4 59 54.240  6.4   1
      275  27.931160   85.502612    10.803    -2476.0     3367.0    -1707.9     86.4     86.8     78.5 2023  4 19  5  2 43.570  6.3   1
      276  27.931311   85.503483    11.005    -2390.1     3383.6    -1506.1     83.5    141.5     73.6 2023  4 19  5  4 40.260  6.3   1
      277  27.931093   85.503239    10.948    -2414.1     3359.7    -1563.4    100.6     90.5     54.9 2023  4 19  5  6 42.810  6.3   1
      278  27.930813   85.503133    11.123    -2425.1     3328.4    -1387.5     98.8     92.5     54.2 2023  4 19  5 15 43.530  6.5   1
      279  27.931388   85.503727    11.131    -2366.6     3392.4    -1380.3    104.4     92.6    105.4 2023  4 19  5 17 33.180  6.4   1
      280  27.931559   85.508667    11.170    -1880.1     3411.3    -1340.7    108.5    108.0    111.5 2023  4 19  5 18 54.160  6.3   1
      281  27.930920   85.501383    10.326    -2596.8     3340.3    -2184.8    117.7     89.2     76.3 2023  4 19  5 19 33.910  7.7   1
      282  27.931624   85.507544    10.828    -1990.4     3418.4    -1683.0     89.1     81.2     49.6 2023  4 19  5 20  6.550  6.4   1
      283  27.907007   85.500423    11.342    -2692.3      690.4    -1169.0    107.3    142.0     95.0 2023  4 19 14 12  9.190  6.1   1
      284  27.837109   85.660791    16.304    13100.2    -7055.6     3792.8    102.1    123.1     81.9 2023  4 19 14 14  6.680  6.4   1
      286  27.921442   85.517090    14.638    -1050.9     2289.9     2127.5    143.9    151.0     99.5 2023  4 19 15 35  0.020  7.4   1
      287  27.921228   85.503630    13.151    -2376.5     2266.2      640.4    102.5    148.7     87.2 2023  4 19 17 15 46.880  6.2   1
      288  27.879405   85.521411    13.213     -626.1    -2368.5      702.3    114.7     97.1     63.5 2023  4 19 18  6 18.760  5.9   1
      289  27.907086   85.435368    10.555    -9096.9      699.2    -1956.1     68.5    147.7     79.6 2023  4 19 18  7 51.080  6.5   1
      290  27.910561   85.463883    10.849    -6289.2     1084.1    -1662.0     79.8    142.2     85.9 2023  4 19 18 23 38.540  6.1   1
      291  27.910744   85.463826    10.778    -6294.6     1104.5    -1733.4     77.6    136.4     86.4 2023  4 19 18 38 33.440  6.4   1
      292  27.906822   85.476270    12.314    -5070.1      669.8     -196.5     65.7    110.7     60.5 2023  4 19 18 39  0.200  6.1   1
      293  27.910655   85.464844    10.965    -6194.8     1094.6    -1545.6     70.5    152.3     78.5 2023  4 19 18 47 28.460  6.4   1
      294  27.911210   85.455762     9.871    -7088.7     1156.2    -2639.6     78.3    103.4     94.4 2023  4 19 18 48 40.440  6.8   1
      295  27.910567   85.465869    11.045    -6093.4     1084.9    -1465.7     83.4    174.5     88.9 2023  4 19 18 49 26.520  6.2   1
      296  27.906118   85.478499    13.364    -4850.4      591.8      853.2    141.1    158.8    113.4 2023  4 19 19  5 31.600  5.9   1
      297  27.908193   85.478662    13.172    -4834.6      821.8      660.8    142.0    119.8     98.6 2023  4 19 19  5 40.640  6.0   1
      298  27.905300   85.478581    13.358    -4842.4      501.2      847.3    131.1    107.6     88.2 2023  4 19 19 16 43.560  5.9   1
      299  27.907288   85.476465    12.316    -5051.0      721.5     -195.0    104.9    131.7     94.2 2023  4 19 19 22 48.200  5.8   1
      300  27.906602   85.477922    13.007    -4907.6      645.5      496.0     86.6    102.6     77.4 2023  4 19 19 28 14.160  6.0   1
      301  27.908832   85.455501     9.716    -7114.8      892.6    -2794.9     71.2    103.4     87.6 2023  4 19 19 30 38.000  7.1   1
      302  27.906584   85.475936    12.486    -5102.7      643.4      -25.1     79.7     99.4     66.0 2023  4 19 19 32 47.480  6.1   1
      303  27.907269   85.474609    12.533    -5233.3      719.4       22.3    101.9     96.7     90.5 2023  4 19 19 38  0.480  6.2   1
      304  27.905621   85.477165    12.385    -4982.0      536.8     -125.9     76.1     87.1     59.0 2023  4 19 19 39 33.560  6.0   1
      305  27.907322   85.479224    12.764    -4779.2      725.4      253.0     92.1    115.7     75.9 2023  4 19 19 49 32.520  6.1   1
      306  27.917635   85.608350    19.166     7932.5     1868.1     6655.4    629.0    357.2    213.8 2023  4 19 19 55  8.680  6.5   1
      307  27.907517   85.512272    12.738    -1525.1      747.0      227.3    102.4    121.5     89.1 2023  4 19 20 18 53.280  7.3   1
      308  27.910227   85.453979     9.312    -7264.0     1047.2    -3199.1     78.0     71.0    106.2 2023  4 19 20 24  8.140  7.3   1
      309  27.906846   85.469743    11.201    -5712.7      672.4    -1310.2     81.3    165.0     71.6 2023  4 19 20 27  2.640  5.9   1
      310  27.852590   85.711735    19.313    18116.2    -5340.1     6802.4    283.5    397.8    254.3 2023  4 19 20 37 47.840  6.2   1
      311  27.908374   85.457145     9.533    -6952.5      841.9    -2977.9     69.4     99.7     85.1 2023  4 19 20 39 34.240  6.6   1
      312  27.907393   85.474382    12.453    -5255.4      733.2      -58.0     98.6    108.9     69.4 2023  4 19 20 40 55.280  5.9   1
      313  27.943522   85.432446    13.302    -9382.9     4737.0      791.5    109.2    183.0    135.5 2023  4 19 21 20 36.280  6.2   1
      314  27.879234   85.567863    13.785     3947.6    -2387.5     1273.7    177.0    140.6     68.7 2023  4 19 21 27  2.680  5.5   1
      315  27.908860   85.454362     9.442    -7226.4      895.7    -3067.6     87.6     77.4    114.5 2023  4 19 21 46 59.520  7.3   1
      316  27.906295   85.476188    12.189    -5078.0      611.4     -321.5     79.3    150.6     84.0 2023  4 19 23 42 23.680  6.1   1
      317  27.908317   85.531795    13.135      396.3      835.5      623.9     89.0    105.9     44.7 2023  4 20  0 12 13.900  6.6   1
      318  27.888580   85.501326    11.919    -2602.9    -1351.6     -591.9     88.4    105.1     84.7 2023  4 20  0 46 30.090  6.2   1
      319  27.909739   85.465422    10.733    -6137.8      993.2    -1778.0     68.9    127.3     76.7 2023  4 20  0 55 10.280  6.2   1
      321  27.910044   85.467350     9.688    -5947.8     1027.0    -2822.7     83.0     78.6    109.5 2023  4 20 12 56  6.860  6.5   1
      322  27.912663   85.671777    14.707    14177.6     1317.0     2196.5    206.3    415.6    143.5 2023  4 20 15  3  5.660  6.0   1
      323  27.930922   85.487907     4.047    -3923.7     3340.6    -8464.1    112.3    138.6    294.9 2023  4 20 16 14 12.060  6.7   1
      324  27.876597   85.573307    14.255     4483.8    -2679.5     1744.5    190.5    135.0     67.6 2023  4 20 16 27 58.070  6.0   1
      325  27.905147   85.581429    15.157     5282.8      484.4     2646.4    206.1    156.6     90.3 2023  4 20 16 58 28.230  6.1   1
      326  27.931285   85.488289     4.014    -3885.8     3380.7    -8497.1     94.6    127.0    222.4 2023  4 20 17  5 31.080  5.9   1
      327  27.905178   85.455151    11.557    -7149.0      487.7     -954.2    100.2    134.0     94.0 2023  4 20 17 28 11.060  5.9   1
      328  27.871704   85.530851    13.175      303.4    -3221.9      663.6    127.8    154.8     64.1 2023  4 20 17 36 45.080  6.2   1
      329  27.875348   85.530086    12.929      228.7    -2818.1      417.7    106.8    123.5     87.1 2023  4 20 17 52  8.160  6.2   1
      330  27.913062   85.465853    11.156    -6095.0     1361.4    -1354.6     78.4    129.4     73.1 2023  4 20 17 54 55.620  6.6   1
      331  27.909947   85.476546    10.852    -5042.8     1016.2    -1658.7     87.0    163.2     77.4 2023  4 20 19 24 31.700  6.2   1
      332  27.913466   85.572233    17.685     4377.6     1406.2     5173.7    212.9    166.0     46.8 2023  4 20 19 47  1.960  6.2   1
      333  27.886359   85.515853    12.335    -1173.2    -1597.9     -175.7     78.8     78.6     61.5 2023  4 20 20  7 43.920  5.8   1
      334  27.915472   85.661043     9.061    13120.2     1628.5    -3450.4    186.1    328.6    164.3 2023  4 20 20 17 48.560  6.6   1
      335  27.930745   85.487541     3.981    -3959.7     3321.0    -8530.0     81.1    129.9    170.6 2023  4 20 20 22 19.280  5.6   1
      336  27.906606   85.485840    12.905    -4127.9      645.9      393.6    165.0    215.2    118.3 2023  4 20 20 29 51.320  5.9   1
      337  27.885779   85.517969    12.010     -965.1    -1662.1     -501.5    119.6    116.2     88.2 2023  4 20 20 55 43.920  5.8   1
      338  27.881537   85.517733    12.490     -988.2    -2132.2      -20.5    102.2    114.3     57.3 2023  4 20 20 56 17.000  5.9   1
      339  27.924200   85.617106    16.388     8794.8     2595.7     3877.4    153.8    209.0     50.8 2023  4 20 20 57  9.800  7.3   1
      340  27.913731   85.553280    14.159     2511.3     1435.4     1648.2    165.0    126.5     62.3 2023  4 20 21 16 26.280  6.6   1
      341  27.922137   85.620312    16.506     9110.2     2367.0     3995.1    154.5    180.5     61.0 2023  4 20 21 22 44.640  6.0   1
      342  27.832522   85.598755    14.406     6991.1    -7563.9     1894.6    232.9    137.6     78.8 2023  4 20 21 24 47.200  5.9   1
      343  27.817973   85.669084    16.351    13918.4    -9176.3     3840.3    117.6    184.2     96.0 2023  4 20 21 35 15.100  6.2   1
      344  27.889071   85.474382    11.388    -5256.5    -1297.2    -1123.2     75.6    162.8     67.2 2023  4 20 21 40 14.540  5.8   1
      345  27.917151   85.455282    13.883    -7135.8     1814.5     1372.3    154.6    160.1    165.2 2023  4 20 23 13 20.280  6.0   1
      346  27.899770   85.681706     9.485    15155.3     -111.6    -3026.4    167.5    264.1    191.5 2023  4 21  1 58  5.020  5.9   1
      347  27.905381   85.614990    16.240     8587.0      510.3     3729.4    214.1    166.0     92.2 2023  4 21  2 25 35.230  6.1   1
      348  27.909715   85.450407     8.543    -7616.1      990.4    -3967.6     56.3     60.5     93.2 2023  4 21  5 35 36.050  6.3   1
      349  27.883502   85.514844    12.587    -1272.5    -1914.4       75.7     81.4    106.2     91.5 2023  4 21  6 30  5.160  6.3   1
      350  27.888702   85.507324    11.798    -2013.0    -1338.1     -713.3     66.0     85.4     62.3 2023  4 21  7 51 29.150  8.1   1
      351  27.894845   85.527214    12.988      -54.4     -657.5      477.4    122.0    136.4     57.2 2023  4 21 13 16 41.940  6.1   1
      352  27.927515   85.440340     8.543    -8606.6     2963.1    -3967.9     62.0     76.4     65.6 2023  4 21 14 19 56.330  6.5   1
      353  27.861829   85.728076    16.175    19724.7    -4316.3     3663.6    149.4    246.7    153.6 2023  4 21 14 26 42.850  6.8   1
      354  27.893496   85.553825    13.626     2565.5     -806.9     1115.1    175.8    123.2     75.9 2023  4 21 15 10 10.680  6.1   1
      355  27.931287   85.487402     4.153    -3973.5     3381.1    -8357.9    121.0    158.3    358.4 2023  4 21 16  9 41.660  6.3   1
      356  27.901416   85.649105    17.385    11945.6       70.8     4873.6    156.0    288.9     93.9 2023  4 21 16 36 50.240  6.2   1
      357  27.931140   85.488053     4.030    -3909.1     3364.8    -8481.1    115.8    137.1    288.9 2023  4 21 18 39 33.800  6.2   1
      358  27.879502   85.568986    12.940     4058.8    -2357.7      429.3    159.6    149.4     74.9 2023  4 21 19  6 53.680  6.0   1
      359  27.905101   85.455981    10.412    -7067.1      479.2    -2098.6     81.5    105.3     92.4 2023  4 21 19 13 38.660  5.9   1
      360  27.898779   85.575692    14.018     4718.3     -221.4     1507.0    164.2    116.2     45.2 2023  4 21 19 18 15.920  6.1   1
      361  27.889567   85.523633    12.929     -407.3    -1242.2      418.3    105.5    155.6     78.9 2023  4 21 19 46 54.960  6.2   1
      362  27.876129   85.552157    13.349     2401.7    -2731.4      838.2    158.5    175.0     59.9 2023  4 21 20 34 28.260  6.0   1
      363  27.882678   85.540527    13.094     1256.0    -2005.7      583.2    115.2    121.6     48.5 2023  4 21 20 36 25.200  6.2   1
      364  27.881571   85.539347    13.082     1140.0    -2128.3      571.5    143.6    151.6     66.7 2023  4 21 20 37 55.240  6.5   1
      365  27.876440   85.551090    13.468     2296.2    -2697.0      957.2    125.7    179.2     56.4 2023  4 21 20 38 22.240  5.9   1
      366  27.878013   85.543205    13.153     1520.0    -2522.7      642.2    111.1     92.7     46.0 2023  4 21 20 38 49.320  5.9   1
      367  27.876011   85.552970    13.349     2481.5    -2744.5      837.7    141.4    131.9     50.8 2023  4 21 20 39 31.640  5.9   1
      368  27.881801   85.540153    13.095     1219.3    -2102.8      584.4    166.7    150.1     56.7 2023  4 21 20 40 38.900  6.4   1
      369  27.876788   85.551392    13.133     2326.5    -2658.4      622.3    140.8    173.9     69.1 2023  4 21 20 45 24.160  5.6   1
      370  27.879677   85.547176    13.189     1911.4    -2338.3      677.8    117.6    107.5     45.8 2023  4 21 21 38 24.960  5.7   1
      371  27.899264   85.465934    12.062    -6087.7     -167.6     -449.1    104.9    180.4     94.0 2023  4 21 21 42 52.680  5.8   1
      372  27.886981   85.519002    12.558     -863.2    -1528.9       47.0     81.5     98.4     63.4 2023  4 21 21 50 33.040  5.9   1
      373  27.927323   85.535726    14.913      783.7     2941.8     2402.1    123.3    136.8     65.1 2023  4 21 22 29 45.200  7.0   1
      374  27.910421   85.452148    12.603    -7444.4     1068.7       91.6     92.0    123.6     92.5 2023  4 21 23 11 12.120  5.9   1
      375  27.916166   85.436759     9.544    -8959.1     1705.5    -2967.4     77.3     77.6     82.7 2023  4 21 23 11 39.660  6.2   1
      376  27.913641   85.527010    13.507      -74.9     1425.7      996.0    129.0    184.6     71.1 2023  4 22  0 52 31.700  6.1   1
      377  27.890253   85.470671     9.461    -5621.5    -1166.2    -3050.3     83.6     82.8     91.9 2023  4 22  3  3 27.270  6.6   1
      378  27.887419   85.518905    12.367     -872.5    -1480.4     -144.1     78.5     80.2     43.9 2023  4 22  6 36 21.290  6.6   1
      379  27.926829   85.484766     9.936    -4233.3     2886.9    -2574.8     94.1     85.2     70.9 2023  4 22  6 52 36.990  6.9   1
      380  27.927256   85.527214    15.032      -54.3     2934.5     2521.3    118.1    107.7     74.4 2023  4 22  7 54 54.000  7.4   1
      381  27.940802   85.526514    11.712     -123.4     4435.5     -799.1    124.5     86.2     64.0 2023  4 22 11  2 42.080  6.9   1
      382  27.912848   85.577938     7.558     4939.4     1337.6    -4953.1    371.6    430.6    204.8 2023  4 22 15 14 49.750  6.2   1
      383  27.914022   85.445093     9.803    -8138.7     1467.8    -2707.9     70.1    114.1     69.8 2023  4 22 16 57  4.690  6.2   1
      384  27.928227   85.453646     9.820    -7296.5     3041.9    -2690.9    105.4    108.1     69.4 2023  4 22 17  1 40.560  6.1   1
      385  27.891585   85.499984    12.211    -2735.0    -1018.7     -300.0     87.1     93.7     73.7 2023  4 22 18  3 21.120  6.0   1
      386  27.889931   85.564771     9.380     3643.2    -1201.8    -3131.4    322.7    192.1     62.4 2023  4 22 18 20 58.480  6.1   1
      387  27.887097   85.535229    12.112      734.6    -1516.0     -399.4    214.3    139.2     91.7 2023  4 22 19 21 35.480  5.9   1
      388  27.899056   85.491455    10.914    -3575.0     -190.8    -1597.3     91.4    102.7     54.2 2023  4 22 19 22 12.640  5.9   1
      389  27.944218   85.521533    11.426     -614.0     4814.1    -1085.3     82.8     75.1     53.1 2023  4 22 19 50 40.960  6.1   1
      390  27.885368   85.538770    12.135     1083.6    -1707.5     -376.2    112.0    106.7     50.4 2023  4 22 19 52 50.180  6.0   1
      391  27.919539   85.544979    15.126     1694.6     2079.1     2615.3    132.1     83.2     56.2 2023  4 22 20 14 47.480  5.6   1
      392  27.910242   85.455794     9.592    -7085.4     1048.8    -2919.1     96.5    152.4    121.0 2023  4 22 20 19 17.600  5.9   1
      393  27.943091   85.520182    11.469     -746.6     4689.2    -1041.7    112.1    107.3     49.3 2023  4 22 21 20  4.920  5.8   1
      394  27.881997   85.523022    12.784     -466.9    -2081.3      273.1    147.4    113.1     84.2 2023  4 22 21 27 53.320  5.8   1
      395  27.902024   85.536320    12.424      841.8      138.3      -87.1    157.9    113.3     77.6 2023  4 22 21 49  3.420  6.8   1
      396  27.926715   85.527913    15.005       14.0     2874.3     2494.5    150.1    172.3     62.6 2023  4 22 22 27 40.440  6.1   1
      397  27.893075   85.497144    10.979    -3015.3     -853.6    -1531.8    130.1    128.3    120.6 2023  4 22 22 33 15.840  5.9   1
      398  27.892513   85.546696    15.488     1863.4     -915.9     2977.2    200.8    156.3    123.8 2023  4 23  4  6 13.600  6.9   1
      399  27.910390   85.515910    13.731    -1167.5     1065.4     1220.1    111.0    150.3     80.4 2023  4 23  4 52  1.670  6.5   1
      400  27.931065   85.489437    12.235    -3772.8     3356.4     -275.8     97.0     85.8     71.9 2023  4 23  5 13 33.030  6.7   1
      401  27.948336   85.514347    11.669    -1321.0     5270.3     -841.9    108.2    108.7     94.4 2023  4 23  5 40 16.850  6.4   1
      402  27.914616   85.487524    11.201    -3961.7     1533.7    -1310.4    109.4    254.5    102.2 2023  4 23  6 10 51.490  6.4   1
      403  27.934216   85.479167    12.181    -4784.1     3705.7     -329.6    136.0     91.0    124.8 2023  4 23 11  7 46.710  7.2   1
      404  27.931691   85.492570    13.226    -3464.8     3425.8      715.2     84.5     98.5     57.5 2023  4 23 17  0  8.800  6.5   1
      405  27.913489   85.470964     8.991    -5592.2     1408.7    -3519.4     80.2     88.5    103.1 2023  4 23 17 42 41.860  6.2   1
      406  27.913336   85.465763     9.053    -6104.1     1391.7    -3458.0     93.4     80.9    105.4 2023  4 23 17 42 47.880  6.0   1
      407  27.932174   85.493962    13.242    -3328.0     3479.3      731.3    102.5     81.3     56.3 2023  4 23 17 43  8.640  6.0   1
      408  27.849656   85.601652    13.546     7275.5    -5665.2     1035.5    200.4    145.0     99.7 2023  4 23 17 54  5.860  6.0   1
      409  27.928866   85.601603    13.845     7268.4     3112.7     1333.9    356.8    253.0     97.3 2023  4 23 20 28 31.360  6.2   1
      410  27.880564   85.540527    13.136     1256.8    -2239.8      625.3    143.2    107.9     38.9 2023  4 23 20 41 43.920  5.9   1
      411  27.915951   85.454736     9.037    -7189.8     1681.4    -3473.8     87.3     78.5    114.7 2023  4 23 21  0 47.640  6.9   1
      412  27.856911   85.712207    15.718    18162.3    -4861.2     3206.6    114.2    168.4    109.8 2023  4 23 21 20 42.620  6.3   1
      413  27.915776   85.466056    10.443    -6075.1     1662.1    -2068.5     69.9    150.2     70.0 2023  4 23 21 25  1.740  6.2   1
      414  27.892912   85.496794    10.474    -3049.5     -871.7    -2036.6     86.6     82.8     82.7 2023  4 23 21 26 25.880  5.8   1
      415  27.911782   85.480216    12.589    -4681.2     1219.4       77.6    115.6    145.1     75.8 2023  4 23 21 27 27.120  5.9   1
      416  27.928225   85.582650    16.103     5402.3     3041.7     3591.7    331.0    280.5     77.8 2023  4 23 21 56 48.720  6.4   1
      417  27.955902   85.523022    10.124     -467.1     6108.8    -2386.8     67.8    105.1     50.8 2023  4 23 22 30 16.240  5.8   1
      418  27.877671   85.563615    13.680     3529.9    -2560.5     1168.7    153.9    105.1     61.0 2023  4 23 23 17 10.360  6.0   1
      419  27.865224   85.708691     7.171    17815.1    -3939.9    -5340.1    274.1    298.0    277.4 2023  4 23 23 20 29.200  6.1   1
      420  27.922190   85.639168    10.550    10967.0     2373.0    -1961.3    142.4    215.6     92.2 2023  4 24  1 40 48.030  7.4   1
      421  27.890420   85.489990    11.029    -3719.5    -1147.8    -1481.7     51.3     98.3     60.9 2023  4 24  2  8 28.850  6.6   1
      422  27.893101   85.492082    11.064    -3513.3     -850.5    -1447.2     82.5     99.4     73.3 2023  4 24  2  8 51.940  6.4   1
      423  27.899849   85.621802    16.220     9258.2     -102.7     3709.0    103.3    117.6     54.1 2023  4 24  2 45 43.850  6.5   1
      424  27.888190   85.512874    11.914    -1466.0    -1394.8     -597.4     77.3     91.7     70.7 2023  4 24  3 18  9.130  6.2   1
      425  27.888428   85.515259    11.862    -1231.6    -1368.5     -648.6     89.4     97.7     81.4 2023  4 24  3 22  2.670  6.4   1
      426  27.888835   85.516577    11.917    -1101.9    -1323.4     -594.0     86.2     78.3     66.0 2023  4 24  3 35 12.680  6.7   1
      427  27.887028   85.522225    12.740     -545.7    -1523.6      229.4     86.0     99.4     54.4 2023  4 24  3 38 25.440  6.2   1
      428  27.896442   85.553605    13.303     2544.3     -480.5      792.0    134.6     91.9     52.5 2023  4 24  7 58 28.530  6.5   1
      429  27.904679   85.471680    10.294    -5521.9      432.5    -2216.6     70.4    105.1     66.2 2023  4 24 10 10  6.820  6.8   1
      430  27.891628   85.634644    13.805    10522.3    -1013.9     1294.5    124.6    127.1    100.6 2023  4 24 14 34 18.800  6.5   1
      431  27.889156   85.503117    11.700    -2427.3    -1287.7     -811.4     68.3     83.6     52.4 2023  4 24 14 37 54.330  6.0   1
      432  27.893522   85.498348    10.138    -2896.4     -804.1    -2373.0    110.1    104.1     42.3 2023  4 24 17  0 48.200  6.2   1
      433  27.938926   85.486369    14.145    -4074.7     4227.6     1634.1    116.8    104.2     89.4 2023  4 24 17 54 20.000  6.2   1
      434  27.899146   85.528784    13.530       99.8     -180.7     1018.6    114.9     92.1     52.8 2023  4 24 18 12 36.820  6.0   1
      435  27.926038   85.471533     9.278    -5535.3     2799.2    -3233.2     80.8     98.6     82.5 2023  4 24 18 15 11.240  6.5   1
      437  27.846893   85.595117    17.436     6632.4    -5971.4     4924.7    250.9    331.4    129.3 2023  4 24 19 16 48.040  5.9   1
      438  27.899302   85.505290    12.043    -2213.3     -163.3     -468.0     88.4    107.0     71.4 2023  4 24 19 57 49.100  5.7   1
      439  27.839286   85.534798    13.078      692.8    -6814.3      567.2    353.8    293.9    209.4 2023  4 24 20 16 29.160  7.4   1
      440  27.899148   85.506470     3.324    -2096.7     -180.7    -9186.9    299.3    626.2    535.7 2023  4 24 20 39  7.060  5.6   1
      441  27.903821   85.507886    11.412    -1957.0      337.4    -1098.5    130.3    191.4     64.0 2023  4 24 20 51 49.240  5.8   1
      442  27.818722   85.692367    16.552    16211.1    -9093.2     4040.7     97.2    220.0    100.1 2023  4 24 21 28 54.420  6.3   1
      443  27.936456   85.437500     9.937    -8885.2     3953.9    -2574.2     73.2     67.2     73.0 2023  4 24 21 49 31.780  6.2   1
      444  27.816774   85.693009    16.564    16274.6    -9308.9     4052.7     84.1    177.7     98.0 2023  4 24 21 54  6.480  6.4   1
      445  27.887461   85.513590    11.910    -1396.1    -1475.6     -600.7     76.3     97.1     58.4 2023  4 24 22 33 15.960  5.6   1
      446  27.909308   85.473364    11.995    -5355.7      945.4     -515.8     63.9    115.3     52.7 2023  4 24 22 37 45.760  5.8   1
      447  27.814056   85.693628    16.665    16336.2    -9610.2     4154.1    106.5    209.9    102.7 2023  4 24 22 38 19.020  6.1   1
      448  27.863861   85.602262    14.324     7335.7    -4091.1     1812.7    133.4    142.9     77.7 2023  4 24 22 40 38.320  6.9   1
      449  27.889860   85.523682    12.962     -401.9    -1209.9      450.9     75.6    197.7     60.0 2023  4 25  1 53 57.550  6.2   1
      450  27.890704   85.631396    13.833    10203.4    -1116.2     1322.2    112.6    117.4     99.0 2023  4 25  2 11 19.450  6.7   1
      451  27.963271   85.539168    12.839     1121.8     6925.4      327.6    164.1    267.9     94.2 2023  4 25  2 44 21.570  6.2   1
      452  27.912122   85.548706    15.191     2061.4     1257.1     2679.7    111.1    104.1     52.7 2023  4 25  7 37 13.700  6.9   1
      453  27.892047   85.611279    15.204     8222.3     -967.5     2693.1    178.4    192.6     59.2 2023  4 25 10 57 11.130  6.7   1
      454  27.943292   85.497192    13.332    -3009.3     4711.5      821.4    102.1     84.4     80.8 2023  4 25 13 24 42.330  6.2   1
      455  27.891886   85.483154    10.692    -4392.6     -985.2    -1818.8     51.2     87.4     62.3 2023  4 25 13 55 34.420  6.3   1
      456  27.892023   85.485042    11.008    -4206.7     -970.1    -1503.0     57.7     89.5     72.5 2023  4 25 14 12 47.330  6.3   1
      457  27.910675   85.430648     7.176    -9561.0     1096.8    -5334.9     57.6     79.8     81.3 2023  4 25 14 44 17.150  7.3   1
      458  27.938802   85.486938    12.112    -4018.8     4213.8     -398.7     86.1     57.6     79.2 2023  4 25 15  8 49.240  7.3   1
      459  27.900024   85.480143    10.343    -4688.9      -83.3    -2168.4    100.2    112.9    102.8 2023  4 25 15 10 39.580  6.4   1
      460  27.887982   85.511434    13.120    -1608.4    -1417.9      609.4    109.2    317.7     96.6 2023  4 25 15 11 57.830  5.9   1
      461  27.916235   85.610124    19.620     8107.8     1713.0     7109.5    616.3    451.2    210.2 2023  4 25 15 32 37.420  6.2   1
      462  27.944328   85.506478     9.905    -2095.5     4826.3    -2606.2    101.5     85.0     64.0 2023  4 25 16 32 55.070  6.2   1
      463  27.907202   85.455078    12.821    -7156.0      711.9      310.1    102.3    178.6    105.9 2023  4 25 17 49 41.800  5.7   1
      464  27.906738   85.542920    12.956     1491.8      660.7      444.7    129.5     86.1     72.4 2023  4 25 18 21 39.140  5.9   1
      465  27.908083   85.438835     7.762    -8755.1      809.7    -4749.3     51.2     72.3     70.6 2023  4 25 18 26  6.080  6.9   1
      466  27.907794   85.454183    12.535    -7244.0      777.7       23.7    106.5    139.6     98.5 2023  4 25 18 35 13.140  5.9   1
      467  27.868815   85.695882    15.891    16553.5    -3542.0     3380.5    104.4    175.4     94.3 2023  4 25 21  8 26.800  6.0   1
      468  27.909566   85.486019    11.471    -4110.4      974.1    -1039.6     79.1    142.3     81.6 2023  4 25 21 10 49.960  5.8   1
      469  27.860258   85.600057    15.497     7118.6    -4490.3     2986.1    133.4    142.5     73.4 2023  4 25 21 21  1.120  5.9   1
      470  27.881508   85.553516    13.393     2535.2    -2135.3      882.0    160.5     98.5     61.6 2023  4 25 21 50 35.520  5.7   1
      471  27.884515   85.539144    13.095     1120.6    -1802.1      584.5    160.1    134.7     79.6 2023  4 25 21 51 42.480  6.4   1
      472  27.908964   85.444173     9.159    -8229.3      907.3    -3352.4     77.7    100.4     80.0 2023  4 25 22 16 20.860  5.8   1
      473  27.935990   85.665902    14.862    13597.4     3902.2     2351.5    201.4    243.4    149.8 2023  4 25 22 17 21.400  6.0   1
      474  27.860236   85.664689    17.422    13482.7    -4492.6     4911.3    137.4    192.5     94.2 2023  4 25 22 26  7.160  6.2   1
      475  27.884363   85.530640    12.884      282.7    -1818.9      373.4    104.8    105.2     50.0 2023  4 25 22 55 41.240  5.7   1
      476  27.925663   85.485156    10.820    -4194.5     2757.9    -1690.7    157.7    130.7    119.0 2023  4 25 23 14 57.240  5.8   1
      477  27.847510   85.693091    14.128    16280.5    -5903.0     1617.3    110.3    125.2     61.2 2023  4 25 23 45 41.120  6.6   1
      478  27.846881   85.693099    13.968    16281.5    -5972.6     1457.2     66.4    141.5     65.2 2023  4 25 23 46 42.920  6.9   1
      479  27.843599   85.684074    14.707    15393.1    -6336.4     2196.4     82.9    141.0     83.4 2023  4 25 23 46 55.560  7.3   1
      480  27.847369   85.684733    14.851    15457.5    -5918.5     2339.7     99.7    162.3     95.4 2023  4 25 23 47 31.160  8.0   1
      481  27.846171   85.690096    14.615    15985.5    -6051.4     2103.9     63.1    147.5     60.3 2023  4 25 23 49  2.560  7.4   1
      482  27.848690   85.693392    14.240    16309.6    -5772.3     1728.9     69.7     96.6     55.2 2023  4 25 23 49 28.920  6.8   1
      483  27.901017   85.563892    14.322     3556.7       26.5     1811.2    149.9     92.0     56.3 2023  4 26  0 22 24.110  6.4   1
      484  27.901912   85.563420    14.339     3510.1      125.8     1827.8    127.9    100.3     67.1 2023  4 26  0 24 17.690  6.1   1
      485  27.900511   85.589258    10.896     6053.9      -29.6    -1615.4    421.6    213.3    122.8 2023  4 26  1 12 31.390  6.3   1
      486  27.895274   85.484098    10.173    -4299.4     -609.9    -2338.4     71.3     83.7     85.6 2023  4 26  2 15 12.360  6.0   1
      487  27.901676   85.518221    12.714     -939.9       99.6      203.1    151.8    188.2    117.0 2023  4 26  4 16 11.490  6.2   1
      488  27.893512   85.475098     4.907    -5185.9     -805.1    -7604.3     94.2    316.0    198.8 2023  4 26  5 11 34.230  6.2   1
      489  27.896692   85.491707     8.918    -3550.3     -452.8    -3593.1    101.4    170.7    106.6 2023  4 26  6 29 38.720  6.1   1
      490  27.889567   85.498397    11.499    -2891.7    -1242.3    -1012.4     68.5     88.5     63.4 2023  4 26  7  3 17.370  6.4   1
      491  27.891813   85.565161     8.796     3682.0     -993.5    -3715.5    167.9     92.7     49.5 2023  4 26  9 25 55.160  6.4   1
      492  27.892749   85.566602     8.786     3823.6     -889.7    -3725.0    177.8    136.4     78.9 2023  4 26  9 26 28.650  6.4   1
      493  27.889193   85.594840    13.108     6604.0    -1283.7      597.1    177.3    134.2     75.9 2023  4 26 10 24  9.230  7.1   1
      494  27.931110   85.503833    13.501    -2356.0     3361.3      990.2     94.2    109.0     56.9 2023  4 26 12 39 37.860  6.2   1
      495  27.897001   85.488656     8.969    -3850.5     -418.5    -3542.1     65.9     94.9     65.4 2023  4 26 14 41  5.620  6.1   1
      496  27.901691   85.502035    12.243    -2533.6      101.3     -267.9     69.1    128.2     66.1 2023  4 26 15 15 23.210  6.0   1
      497  27.898663   85.511882    13.258    -1563.7     -234.2      747.3    103.4    196.2     94.2 2023  4 26 15 33 17.660  5.9   1
      498  27.887803   85.514242    12.080    -1331.7    -1437.7     -431.5     81.1     95.6     68.5 2023  4 26 16 40 57.930  6.4   1
      499  27.928375   85.534814    14.862      694.0     3058.3     2351.2     86.6    137.4     46.7 2023  4 26 16 49 58.040  6.5   1
      500  27.896871   85.491105     9.247    -3609.2     -432.9    -3264.3     90.6     91.3    107.2 2023  4 26 17  4 16.380  6.0   1
      501  27.915806   85.430339     8.224    -9591.3     1665.4    -4286.7     67.4    130.2     91.3 2023  4 26 17 16  6.520  6.1   1
      502  27.889469   85.511068    12.024    -1644.1    -1253.2     -486.7     70.4     70.2     90.6 2023  4 26 17 23 56.420  6.1   1
      503  27.900364   85.530876    11.759      305.8      -45.8     -751.9    126.5     98.8     78.2 2023  4 26 17 47 24.400  6.0   1
      504  27.857222   85.618245    15.762     8909.7    -4826.7     3250.7    143.3    164.9     73.4 2023  4 26 18 39 50.840  6.9   1
      505  27.902157   85.527653    11.550      -10.9      152.9     -961.2    119.6     79.0     75.4 2023  4 26 18 54 24.720  6.3   1
      506  27.890694   85.497078    11.232    -3021.2    -1117.4    -1279.4    119.8     81.6     71.3 2023  4 26 19 16 20.760  6.1   1
      507  27.913605   85.581966    15.921     5335.7     1421.6     3410.5    285.5    191.0     56.5 2023  4 26 19 23  6.400  6.3   1
      508  27.878611   85.680697    18.287    15057.5    -2456.3     5776.2    167.5    210.2    112.0 2023  4 26 19 25 51.240  6.4   1
      509  27.890670   85.493774    12.604    -3346.9    -1120.2       92.8    103.7     99.8    104.7 2023  4 26 19 41  4.320  6.8   1
      510  27.889996   85.495581    11.964    -3169.2    -1194.6     -547.1    100.9    120.9    106.2 2023  4 26 20 13 16.880  5.9   1
      511  27.885120   85.545597    13.230     1755.5    -1735.2      719.4    152.1    176.4     62.9 2023  4 26 20 25  1.600  5.6   1
      512  27.891630   85.486873    11.396    -4026.3    -1013.6    -1115.2     85.3    115.3     67.0 2023  4 26 20 30 24.140  6.5   1
      513  27.885197   85.505729    13.087    -2169.6    -1726.6      575.7    119.8    165.5    103.0 2023  4 26 20 36 16.840  6.1   1
      514  27.906712   85.507023    12.569    -2042.5      657.7       58.2     84.9    144.0     76.2 2023  4 26 20 40 25.600  5.9   1
      515  27.917603   85.459481    12.078    -6722.4     1864.6     -432.6     98.6    139.5     99.5 2023  4 26 21 10 43.200  5.9   1
      516  27.875854   85.573796    14.733     4532.4    -2762.0     2222.4    170.1    144.0     56.5 2023  4 26 21 27 31.580  5.8   1
      517  27.910504   85.488289    13.299    -3886.4     1078.0      787.8    107.9    120.0     94.5 2023  4 26 21 49 43.120  6.0   1
      518  27.903988   85.460360     9.949    -6635.9      355.8    -2561.5     67.4     86.0     82.8 2023  4 26 21 59 34.660  5.9   1
      519  27.928420   85.507373    12.480    -2007.7     3063.3      -30.5     72.2     90.3     49.5 2023  4 26 22  2 51.880  6.2   1
      520  27.887970   85.614429    14.736     8532.9    -1419.3     2225.0    195.2    234.3     81.8 2023  4 26 22 33 53.160  6.1   1
      521  27.848527   85.627336    14.705     9805.1    -5790.2     2194.1    154.7    110.0     85.7 2023  4 26 22 37  0.520  5.9   1
      522  27.836601   85.704354    17.275    17390.3    -7112.0     4763.6    139.5    321.4    121.1 2023  4 26 22 46 29.720  6.1   1
      523  27.897909   85.489193     9.013    -3797.6     -318.0    -3497.9     69.3     77.3     83.8 2023  4 26 23  8 50.320  6.5   1
      524  27.919576   85.579354    15.930     5078.3     2083.3     3419.1    301.8    202.7     98.5 2023  4 26 23 18 30.160  5.9   1
      525  27.897207   85.514022    11.869    -1353.6     -395.7     -642.3    106.7    126.4     89.5 2023  4 26 23 46 52.400  7.2   1
      526  27.893984   85.517326    12.183    -1028.1     -752.8     -327.9     92.5    114.8     54.6 2023  4 26 23 48 28.280  6.6   1
      527  27.848812   85.674373    16.873    14437.1    -5758.6     4362.4    151.4    195.7    100.2 2023  4 27  0 45 25.240  6.4   1
      528  27.888340   85.523869    12.982     -383.8    -1378.1      471.1     88.0     96.9     76.7 2023  4 27  3 23 45.700  6.5   1
      529  27.893469   85.553695    13.474     2553.0     -809.8      963.4    213.7     84.6     86.8 2023  4 27  5  1  5.020  6.3   1
      530  27.888859   85.511328    11.823    -1618.8    -1320.9     -688.5     80.3     82.1     70.6 2023  4 27  7 11  2.950  7.1   1
      531  27.871354   85.601278    15.220     7238.1    -3260.7     2708.9    135.8     93.8     56.6 2023  4 27  8  9 22.220  6.7   1
      532  27.892202   85.487451    10.247    -3969.5     -950.4    -2263.5     94.7     99.1     99.4 2023  4 27  8 15 23.100  6.6   1
      533  27.865763   85.657813    17.448    12804.9    -3880.2     4937.0    164.7    192.6    114.1 2023  4 27 10 48 42.570  6.8   1
      535  27.925474   85.496346    12.028    -3093.2     2736.9     -482.8    172.3    177.5    107.6 2023  4 27 12 40 10.730  6.2   1
      536  27.908085   85.438460     7.647    -8791.8      809.8    -4864.1     64.8     77.2    104.1 2023  4 27 14 53 47.420  6.5   1
      537  27.908352   85.437915     7.862    -8846.0      839.4    -4648.7     55.8     68.8     88.2 2023  4 27 14 55  5.000  6.7   1
      538  27.908667   85.438289     7.700    -8809.1      874.4    -4810.8     56.8     73.2     82.4 2023  4 27 14 57  3.050  6.4   1
      539  27.907204   85.435970     7.196    -9037.2      712.2    -5315.2     54.5     77.5     96.5 2023  4 27 15  0 44.490  6.9   1
      540  27.908285   85.441040     7.859    -8538.0      831.9    -4651.8     68.2     77.7    100.9 2023  4 27 15  1 25.450  6.3   1
      541  27.922089   85.516260    14.237    -1133.0     2361.6     1726.2    117.2    156.3     66.9 2023  4 27 15 26 43.410  5.9   1
      542  27.895164   85.508732    11.845    -1873.8     -622.0     -665.9     67.1     89.5     38.7 2023  4 27 16  4  5.920  6.0   1
      543  27.912754   85.554810    17.512     2662.1     1327.3     5000.8    167.7    116.7     87.5 2023  4 27 17  0  3.440  6.2   1
      544  27.875861   85.624992    15.823     9573.1    -2761.2     3312.1    103.0    116.2     70.9 2023  4 27 17  6 20.880  6.1   1
      545  27.893058   85.480225    10.656    -4681.1     -855.3    -1855.3     59.5    134.1     58.3 2023  4 27 17 14 30.020  5.9   1
      546  27.890959   85.487142    10.589    -3999.5    -1088.0    -1921.7     72.1     84.7     38.5 2023  4 27 17 34 25.820  6.3   1
      547  27.937915   85.500928    11.879    -2641.6     4115.5     -632.0    102.8     88.4     59.4 2023  4 27 18  1 59.080  6.4   1
      548  27.901571   85.531226    13.011      340.7       88.0      499.7    170.4    106.1     65.1 2023  4 27 19 11 11.960  6.2   1
      549  27.906360   85.454972    11.250    -7166.3      618.8    -1261.0     86.0    118.9     81.0 2023  4 27 19 37  2.640  6.0   1
      550  27.896993   85.497453    11.122    -2984.9     -419.3    -1389.4     77.9     84.3     50.3 2023  4 27 20 34  9.720  6.2   1
      551  27.931405   85.441056    10.075    -8535.3     3394.0    -2435.6     69.0     59.4     70.1 2023  4 27 21 33 57.200  6.4   1
      552  27.932513   85.442505     9.885    -8392.9     3517.0    -2626.0     53.5     70.6     49.6 2023  4 27 21 34 49.720  6.2   1
      553  27.889856   85.598112    14.878     6925.9    -1210.2     2366.7    150.3    154.3     74.9 2023  4 27 21 50 11.440  5.9   1
      554  27.913206   85.591927    16.537     6316.3     1377.4     4025.9    216.2    148.3     80.8 2023  4 27 21 50 32.280  6.0   1
      555  27.860429   85.609432    16.156     8041.8    -4471.3     3645.3    193.9    160.0     77.2 2023  4 27 21 50 38.280  5.9   1
      556  27.915621   85.597965    16.489     6910.4     1644.9     3978.3    294.1    249.8     71.6 2023  4 27 22  3  0.520  5.8   1
      557  27.912185   85.574390    14.460     4590.0     1264.1     1949.4    160.9    151.2     47.6 2023  4 27 22 18 48.100  6.2   1
      558  27.906834   85.504647    12.002    -2275.8      671.2     -508.6     74.1    126.6     84.3 2023  4 27 22 32 44.960  5.8   1
      559  27.901742   85.517798    12.680     -981.3      106.8      169.0    112.5    137.1     50.1 2023  4 27 22 45 23.400  5.9   1
      560  27.888798   85.512614    12.472    -1492.2    -1327.5      -38.6    106.8     90.7     79.4 2023  4 27 23 24 43.400  5.7   1
      561  27.889351   85.506714    12.383    -2073.1    -1266.3     -127.9    121.4     88.6     93.2 2023  4 27 23 40 11.960  5.9   1
      562  27.889331   85.505021    11.891    -2239.6    -1268.3     -620.4    136.5     91.3    114.6 2023  4 28  0 12 55.720  6.2   1
      563  27.881073   85.663371    15.508    13351.5    -2183.6     2996.6    128.6    154.6     99.8 2023  4 28  1 16 54.370  6.2   1
      564  27.865674   85.703385    21.171    17292.9    -3890.0     8659.9    329.2    451.6    262.8 2023  4 28  3  7 30.010  6.5   1
      565  27.904578   85.469849    10.196    -5702.3      421.1    -2314.7     93.8     92.0    111.6 2023  4 28  5 18 59.910  6.6   1
      566  27.908555   85.433293     7.223    -9301.1      862.0    -5288.3     63.8     93.5     96.3 2023  4 28  7 49 19.880  7.1   1
      567  27.892428   85.508293    11.621    -1917.5     -925.4     -890.1    103.4     88.0     93.4 2023  4 28  9 41  8.790  6.4   1
      568  27.934941   85.532349    14.455      450.7     3786.0     1944.3    127.2    138.4     95.6 2023  4 28 10 15 39.060  6.5   1
      569  27.907475   85.477954    10.247    -4903.8      742.2    -2263.5     71.5    143.9     64.3 2023  4 28 15 35  9.650  6.3   1
      570  27.918565   85.564632    15.815     3628.9     1971.1     3303.9    156.2    119.0     53.6 2023  4 28 16  9 42.590  6.8   1
      571  27.893355   85.528198    13.011       42.4     -822.6      499.7    128.8    137.0     98.6 2023  4 28 17  3  3.120  6.0   1
      572  27.891138   85.496525    11.667    -3075.6    -1068.2     -844.4    131.7    126.6    133.8 2023  4 28 17 36 45.840  5.9   1
      573  27.892957   85.588721    15.396     6001.5     -866.8     2884.6    259.0    204.3     71.7 2023  4 28 18 37 57.700  6.1   1
      574  27.896629   85.459074     9.545    -6763.4     -459.7    -2966.2     62.3     91.7     63.7 2023  4 28 18 43  9.800  6.1   1
      575  27.914657   85.426587     6.819    -9960.6     1538.1    -5691.5     55.0     80.3     94.9 2023  4 28 19 30 23.540  6.7   1
      576  27.806720   85.583293    12.601     5468.9   -10423.3       90.4    537.6    332.7    215.4 2023  4 28 19 31 42.720  6.1   1
      577  27.914079   85.570890    15.792     4245.0     1474.0     3281.1    213.8    147.3     63.0 2023  4 28 19 40  2.920  6.2   1
      578  27.912817   85.532617    17.036      477.8     1334.3     4524.8    144.8    148.7     95.0 2023  4 28 20 59 25.600  7.9   1
      579  27.910274   85.534351    17.100      647.9     1052.4     4589.0    150.6    113.0     91.4 2023  4 28 21  0 39.200  6.8   1
      580  27.910699   85.533757    16.873      589.5     1099.6     4362.0    223.8     83.2     90.7 2023  4 28 21 10 30.360  6.3   1
      581  27.921474   85.444116     9.714    -8234.8     2293.6    -2796.8     81.8     72.1     97.2 2023  4 28 21 13 18.180  6.5   1
      582  27.908954   85.524479    12.709     -323.6      906.1      198.4     98.5    109.5     54.1 2023  4 28 21 23 37.700  6.5   1
      583  27.915932   85.558407    16.279     3016.7     1679.5     3768.4    288.1    146.4    110.1 2023  4 28 21 26 32.440  6.3   1
      584  27.929555   85.449455    10.709    -7708.8     3189.0    -1801.8     78.2     79.5     78.1 2023  4 28 22  8 23.240  6.1   1
      585  27.932735   85.504533    13.834    -2286.7     3541.6     1323.1    137.5    179.6     85.1 2023  4 28 22 32 34.020  6.0   1
      586  27.883645   85.585474    14.609     5681.9    -1898.6     2097.6    125.6    121.4     51.4 2023  4 29  1 52  4.580  6.2   1
      587  27.905935   85.511084    11.581    -1642.7      571.6     -929.8    147.3    106.7    100.0 2023  4 29  4 49 30.650  6.3   1
      588  27.901611   85.604028    17.863     7508.0       92.5     5351.7    284.5    195.0    118.5 2023  4 29  5 41 31.900  6.8   1
      589  27.886241   85.517830    12.224     -978.6    -1611.0     -286.8    105.9    105.2     86.7 2023  4 29  6 14  1.300  6.3   1
      590  27.894181   85.577246    13.930     4871.7     -730.9     1418.6    176.1     87.2     63.4 2023  4 29  6 53 21.350  6.8   1
      591  27.906006   85.495671    11.633    -3160.2      579.4     -878.1     91.8    140.7     60.2 2023  4 29  9 32 23.600  6.9   1
      592  27.897038   85.510669    12.954    -1683.8     -414.4      443.4     99.4    147.1     85.9 2023  4 29  9 59 47.400  6.8   1
      593  27.886892   85.512126    12.157    -1540.1    -1538.7     -353.9    114.7    120.3     74.9 2023  4 29 12 31 31.060  6.9   1
      594  27.900694   85.563078    14.746     3476.0       -9.2     2235.3    138.4    104.8     69.5 2023  4 29 13  1 54.960  6.3   1
      595  27.893679   85.482861     9.950    -4421.4     -786.5    -2560.7     64.4     76.6     70.2 2023  4 29 13 28 26.930  6.9   1
      596  27.892924   85.478101     9.780    -4889.6     -870.3    -2731.4    109.1     99.2    110.4 2023  4 29 13 28 34.820  6.6   1
      597  27.885760   85.516219    12.578    -1137.4    -1664.1       66.6     74.8     83.6     72.2 2023  4 29 13 29 53.140  6.2   1
      598  27.892588   85.484326    10.352    -4277.3     -907.4    -2159.3     46.8     85.3     60.5 2023  4 29 14  5 47.310  6.0   1
      600  27.888855   85.507121    11.727    -2032.8    -1321.3     -784.2     74.8     73.6     70.4 2023  4 29 14 59 33.080  7.5   1
      601  27.821059   85.691366    17.368    16112.8    -8834.1     4857.4    142.0    243.9    105.2 2023  4 29 16 31  6.820  6.2   1
      602  27.967714   85.556095    12.693     2787.9     7417.9      182.2    273.2    201.6    148.8 2023  4 29 17  0 27.660  5.8   1
      603  27.912748   85.484456    10.757    -4264.2     1326.6    -1753.5     84.8     79.0     77.2 2023  4 29 17 26 24.440  6.8   1
      604  27.893642   85.489396    10.457    -3777.8     -790.6    -2054.0     60.1    110.9     64.6 2023  4 29 17 26 54.100  6.4   1
      605  27.892727   85.489526    10.679    -3765.1     -892.2    -1831.6     97.3     82.6     81.9 2023  4 29 17 28 40.780  6.3   1
      606  27.892405   85.486800    10.442    -4033.2     -927.9    -2068.8    103.4     96.9     70.9 2023  4 29 17 29 55.200  6.1   1
      607  27.887327   85.485205    10.714    -4190.6    -1490.5    -1797.5     75.5     94.7     70.3 2023  4 29 18 15 39.400  6.2   1
      608  27.889471   85.478735    10.002    -4827.4    -1252.9    -2508.5     49.7     77.9     53.3 2023  4 29 18 15 46.660  6.5   1
      609  27.850063   85.694368    13.367    16406.3    -5620.1      855.7     84.5    136.9     70.9 2023  4 29 18 19 47.340  6.1   1
      610  27.909871   85.492318    10.955    -3490.0     1007.8    -1555.5    125.4    123.2     79.0 2023  4 29 18 33 18.580  5.8   1
      611  27.888525   85.543148    13.928     1514.7    -1357.6     1417.0    105.2    116.1     49.6 2023  4 29 18 59 56.300  5.8   1
      612  27.887675   85.556543    12.600     2833.0    -1451.9       89.4    346.8    137.5    144.1 2023  4 29 19  7 27.800  6.1   1
      613  27.832306   85.610229    14.917     8121.0    -7587.9     2405.8    135.1    107.1     70.4 2023  4 29 20  3 51.320  5.9   1
      614  27.908685   85.564144    15.400     3581.0      876.3     2889.2    178.1    146.5     77.4 2023  4 29 20  9 16.240  5.8   1
      615  27.910592   85.492497    11.269    -3472.6     1087.6    -1242.2     82.9     97.4     76.8 2023  4 29 20 28 39.120  6.0   1
      616  27.896191   85.569653    14.306     4123.8     -508.1     1794.9    119.7     92.7     63.5 2023  4 29 20 39  9.360  6.1   1
      617  27.905440   85.510164    11.741    -1732.6      516.7     -769.5    132.7    102.2     65.6 2023  4 29 21 19 23.380  5.7   1
      618  27.943978   85.467936    11.142    -5889.4     4787.5    -1369.2     91.1    107.2     93.2 2023  4 29 22 11 18.800  6.5   1
      619  27.910632   85.493677    11.247    -3356.0     1092.2    -1263.9     88.8    109.1     65.0 2023  4 29 23  8 46.440  6.6   1
      620  27.892906   85.496395    10.928    -3088.6     -872.4    -1582.5     82.9    112.4     71.4 2023  4 29 23 22  1.800  7.5   1
      621  27.863472   85.515723    12.703    -1185.7    -4134.0      191.9     97.1    175.2     53.7 2023  4 29 23 27 49.360  5.9   1
      622  27.940517   85.554191    12.440     2601.3     4403.8      -70.6    201.3    115.7     88.3 2023  4 30  0  3 49.430  6.4   1
      623  27.935655   85.500863    11.549    -2648.7     3865.1     -961.5     73.7     82.8     48.2 2023  4 30  0  6 29.590  6.4   1
      624  27.921788   85.472209     4.249    -5469.4     2328.3    -8262.5     96.1     88.8    409.5 2023  4 30  5 18 46.990  6.2   1
      625  27.890334   85.514160    11.750    -1339.5    -1157.3     -761.3    102.3     96.2     90.1 2023  4 30  5 25  7.690  6.3   1
      626  27.893339   85.486654    10.791    -4047.6     -824.3    -1719.5     75.8     84.3     66.1 2023  4 30  9 31 51.580  6.7   1
      627  27.906340   85.433944     6.923    -9236.5      616.4    -5588.1    108.2     88.9    154.8 2023  4 30  9 34  7.470  6.8   1
      628  27.915525   85.555160    14.150     2697.1     1634.4     1638.8    188.5     73.5     67.8 2023  4 30 10 23 28.600  6.4   1
      629  27.881905   85.539136    13.076     1119.2    -2091.3      565.4    177.2    145.5     76.1 2023  4 30 11 41 21.860  6.3   1
      630  27.912746   85.434717     8.471    -9160.8     1326.3    -4039.6     72.0    118.8     94.5 2023  4 30 12 20 40.920  6.5   1
      631  27.905398   85.578768    15.416     5021.0      512.0     2905.0    256.2    151.3     72.4 2023  4 30 14 49 26.950  6.0   1
      632  27.937026   85.525285    13.718     -244.4     4016.9     1207.0    104.4    147.9     76.8 2023  4 30 15  7  2.830  6.0   1
      633  27.929893   85.426929     8.932    -9926.2     3226.5    -3578.1     78.3     57.9     98.2 2023  4 30 15 23 38.700  6.1   1
      634  27.880188   85.550000    13.533     2189.2    -2281.7     1022.3    129.5    159.7     69.9 2023  4 30 15 25 39.070  5.8   1
      635  27.913377   85.485539    11.148    -4156.9     1396.2    -1363.3     96.1    110.7     66.6 2023  4 30 15 29 59.280  5.9   1
      636  27.930642   85.424943     8.633   -10122.2     3309.6    -3878.1     88.4     58.5    128.6 2023  4 30 15 45 50.430  6.1   1
      637  27.910394   85.478760     9.427    -4824.6     1065.8    -3084.2     89.8    101.7     94.5 2023  4 30 15 50 37.510  6.2   1
      638  27.900151   85.475415    14.211    -5154.4      -69.4     1699.9     96.0    147.5     66.4 2023  4 30 15 59 54.680  6.7   1
      639  27.892277   85.494482    10.719    -3277.2     -941.9    -1792.4     45.3     83.7     44.5 2023  4 30 16 55 10.060  6.0   1
      640  27.893306   85.495369    10.762    -3189.5     -827.9    -1749.5     54.0     79.6     70.6 2023  4 30 16 55 24.760  5.8   1
      641  27.890877   85.502271    11.098    -2510.2    -1097.1    -1412.8     73.8     96.3     47.7 2023  4 30 17  2  6.820  6.0   1
      642  27.894210   85.514836    11.969    -1273.1     -727.8     -541.5     87.2     98.3     78.8 2023  4 30 17 27 14.640  6.8   1
      643  27.899078   85.477262    10.810    -4972.2     -188.2    -1700.5     50.8    105.6     45.8 2023  4 30 17 27 55.080  6.3   1
      644  27.884088   85.550692    12.974     2257.1    -1849.5      462.7    121.8    129.7     72.3 2023  4 30 18 11 12.640  5.9   1
      645  27.914789   85.492985    13.285    -3423.8     1552.8      773.7    129.4    156.5     91.7 2023  4 30 18 24 12.100  6.5   1
      646  27.914233   85.507031    16.045    -2041.4     1491.2     3534.0    220.7    224.9    122.5 2023  4 30 18 29 32.080  5.6   1
      647  27.883954   85.524015    12.850     -369.4    -1864.3      339.5     92.9    114.6     79.9 2023  4 30 18 31 40.360  6.0   1
      648  27.918827   85.424935     9.575   -10123.2     2000.4    -2936.1     57.6    135.0     86.9 2023  4 30 19 22 59.960  6.1   1
      649  27.894881   85.493547    11.359    -3369.6     -653.4    -1152.4     78.3     79.2     75.7 2023  4 30 19 46 15.140  6.0   1
      650  27.895852   85.493034    11.112    -3419.4     -545.9    -1399.4     51.4     77.4     47.8 2023  4 30 20 23  4.460  6.8   1
      651  27.930078   85.414461    11.393   -11154.0     3247.0    -1117.5    106.9    194.8    108.2 2023  4 30 21  3 44.560  6.5   1
      652  27.898204   85.451978    10.277    -7461.9     -285.2    -2234.1     68.1     95.8     72.5 2023  4 30 21 19 26.500  6.0   1
      653  27.898637   85.453613    10.146    -7300.7     -237.1    -2364.7     61.5     96.8     72.9 2023  4 30 21 20 22.980  5.9   1
      654  27.926664   85.516838    15.943    -1075.6     2868.7     3431.6    236.2    190.6    105.0 2023  4 30 21 22 18.000  6.1   1
      655  27.875189   85.571663    14.373     4322.4    -2835.7     1861.7    229.9    167.8     61.7 2023  4 30 21 23 17.620  6.1   1
      656  27.927710   85.510685    15.902    -1681.8     2984.7     3391.4    110.2    120.8     90.3 2023  4 30 21 26 43.340  6.0   1
      657  27.903202   85.461800    11.782    -6494.9      268.7     -728.8    109.6    214.1     94.8 2023  4 30 21 36 37.320  5.8   1
      658  27.925842   85.418799    13.344   -10727.2     2777.6      833.3    141.2    136.1    102.4 2023  4 30 21 42 44.440  5.9   1
      659  27.912632   85.487834    11.099    -3931.3     1313.8    -1412.0     76.9    127.2     51.3 2023  4 30 21 47 13.280  5.8   1
      660  27.873027   85.570378    14.094     4195.6    -3075.2     1583.4    145.7    133.2     67.7 2023  4 30 21 50  9.320  5.8   1
      661  27.928866   85.415885    11.992   -11013.9     3112.6     -519.2    111.3    179.3    104.9 2023  4 30 21 59 36.340  6.2   1
      662  27.908105   85.493140    11.250    -3409.2      812.1    -1260.6     80.7     96.3     69.4 2023  4 30 22  0 58.340  5.9   1
      663  27.909113   85.494507    11.247    -3274.6      923.6    -1264.0    110.5    174.8     88.5 2023  4 30 22  5 11.800  5.8   1
      664  27.897103   85.627173    16.876     9787.2     -407.1     4365.5    117.1    140.0     58.8 2023  4 30 22 13 28.720  6.0   1
      665  27.876086   85.569881    14.148     4146.5    -2736.2     1637.3    216.8    125.2     51.6 2023  4 30 22 37 40.640  6.2   1
      666  27.913566   85.485091    11.079    -4201.1     1417.3    -1432.0     84.7     77.5     54.3 2023  4 30 22 47 59.240  5.8   1
      667  27.926072   85.415918    13.252   -11010.7     2803.2      741.4    112.9    175.3    102.7 2023  4 30 23 17 26.400  6.3   1
      668  27.874862   85.571737    14.102     4329.2    -2872.0     1590.9    253.0    186.2     67.3 2023  5  1  0  7 55.580  6.4   1
      669  27.893709   85.531673    13.242      384.8     -783.4      731.2    161.6    171.1    113.6 2023  5  1  2 48  0.270  6.7   1
      670  27.889882   85.514730    10.482    -1283.7    -1207.4    -2029.2    163.7     97.9    179.6 2023  5  1  2 48 25.050  6.3   1
      671  27.893644   85.510783    11.799    -1672.0     -790.4     -711.8    179.4     97.7    163.6 2023  5  1  2 55  7.810  6.6   1
      672  27.868968   85.655981    15.224    12625.0    -3525.1     2713.3    137.0    184.9     76.4 2023  5  1  4 55 58.860  6.7   1
      673  27.925877   85.494474     9.276    -3277.2     2781.5    -3235.3    218.2    253.7    154.2 2023  5  1 12 17 14.570  6.6   1
      674  27.896499   85.526294    14.039     -145.0     -474.2     1528.5    198.2    217.6     73.1 2023  5  1 13 23 40.100  6.8   1
      675  27.895308   85.513574    11.150    -1397.6     -606.1    -1361.3    123.4    113.1    101.2 2023  5  1 13 45 16.870  6.1   1
      676  27.924371   85.478044     4.575    -4895.0     2614.6    -7935.6     70.5    136.6    155.7 2023  5  1 15  6 22.680  6.5   1
      677  27.892055   85.517196    11.189    -1040.7     -966.5    -1322.3     81.0     91.3     92.5 2023  5  1 15 10 30.180  6.1   1
      678  27.901290   85.525016    12.764     -270.6       56.8      252.6    124.2    102.5     55.5 2023  5  1 15 44  5.200  6.0   1
      679  27.924609   85.477832     3.667    -4915.6     2641.1    -8843.5     62.7    120.9    160.5 2023  5  1 16  7 30.370  6.1   1
      680  27.925026   85.544824    16.134     1679.3     2687.1     3623.3     87.8    118.6     47.3 2023  5  1 16 21 12.110  6.8   1
      681  27.882751   85.521777    12.827     -590.0    -1997.5      315.8     99.8     99.1     64.4 2023  5  1 16 50  4.320  6.1   1
      682  27.914386   85.469466     9.873    -5739.3     1508.1    -2638.1     72.6     99.0     66.3 2023  5  1 17  4 39.800  5.9   1
      683  27.876237   85.567090    14.479     3871.5    -2719.5     1968.1    185.5    170.6     68.4 2023  5  1 18 28 15.000  5.9   1
      684  27.891919   85.500155    11.393    -2718.7     -981.6    -1117.6     71.1     76.2     46.6 2023  5  1 18 38 40.520  6.2   1
      685  27.915845   85.445532    11.965    -8095.5     1669.7     -546.2     96.2    122.6     90.9 2023  5  1 18 47 52.100  6.1   1
      686  27.893172   85.478556     9.668    -4845.4     -842.7    -2842.5     57.0     69.5     63.6 2023  5  1 19 44  7.380  6.5   1
      687  27.901477   85.491284    10.663    -3592.0       77.5    -1847.9     61.2     85.6     42.1 2023  5  1 20 29 54.600  6.3   1
      688  27.898444   85.526196    13.496     -154.7     -258.5      985.1    110.5    156.2     66.8 2023  5  1 20 30 45.440  5.9   1
      689  27.834955   85.616561    14.534     8744.8    -7294.3     2023.0    135.9     86.0     47.2 2023  5  1 20 46 41.520  5.8   1
      690  27.838269   85.663826    15.552    13399.5    -6927.0     3041.2    128.8    116.5     87.5 2023  5  1 20 50 38.920  6.0   1
      691  27.892308   85.533748    13.599      589.2     -938.5     1088.0    146.9    156.4     93.1 2023  5  1 20 59 57.000  6.4   1
      692  27.892369   85.537467    14.172      955.0     -931.9     1660.7    145.8    132.9     71.4 2023  5  1 21  3 46.880  5.8   1
      693  27.891170   85.538770    13.841     1083.3    -1064.6     1330.1    119.0    132.3     66.3 2023  5  1 21  6 17.820  5.7   1
      694  27.914840   85.474951    10.663    -5199.2     1558.3    -1847.5     69.9    101.7     74.4 2023  5  1 21 21  2.880  5.8   1
      695  27.921431   85.581315    16.037     5271.3     2288.8     3526.5    219.1    191.7     66.4 2023  5  1 22 32  3.120  6.3   1
      696  27.898212   85.632503    11.481    10312.0     -284.4    -1029.9    174.8    249.9     81.6 2023  5  1 22 55  4.280  5.8   1
      697  27.888462   85.590316    13.144     6158.8    -1364.6      632.8    249.1    154.9     76.0 2023  5  1 23  4 21.140  6.2   1
      698  27.920015   85.425871    10.124   -10030.9     2131.9    -2387.1     69.7    102.8     90.0 2023  5  1 23 53  9.140  6.3   1
      699  27.916321   85.521631    12.412     -604.2     1722.4      -99.4    103.2    104.2     84.2 2023  5  2  0  0  2.590  6.6   1
      701  27.937915   85.671175    14.100    14116.8     4115.6     1588.6    195.4    242.3    154.8 2023  5  2  2 45 37.750  6.2   1
      702  27.893150   85.552254    17.868     2410.7     -845.2     5357.3    222.8    204.9     96.4 2023  5  2  4 41 24.220  7.3   1
      703  27.919617   85.419466     9.845   -10661.9     2087.6    -2666.3     70.5    142.4    112.9 2023  5  2  5 56 29.500  6.3   1
      704  27.912828   85.472640     9.474    -5426.9     1335.3    -3036.9    110.5     92.4    113.8 2023  5  2  9 33  6.520  6.7   1
      705  27.919057   85.438070    12.552    -8830.5     2025.8       40.6    105.3    118.0    126.8 2023  5  2 13 47 22.590  6.1   1
      706  27.896777   85.496012    11.778    -3126.1     -443.2     -733.3    109.5    193.0    120.2 2023  5  2 14 20 54.930  6.0   1
      707  27.956222   85.461027    13.080    -6568.8     6144.1      569.3    151.1    209.1    135.5 2023  5  2 14 49 23.640  7.3   1
      708  27.850283   85.650830    15.139    12118.7    -5595.6     2627.9    154.1    143.1    117.0 2023  5  2 15  2 31.640  6.2   1
      709  27.876442   85.576823    14.290     4830.5    -2696.6     1779.2    171.9    139.9     55.3 2023  5  2 15 36 30.280  6.0   1
      710  27.893315   85.640251    16.353    11074.7     -826.9     3842.3    184.7    248.4    101.0 2023  5  2 16 45 54.930  6.0   1
      711  27.832139   85.625846    14.506     9659.1    -7606.4     1995.4    108.1    114.3     68.3 2023  5  2 17  2 13.980  6.1   1
      712  27.914164   85.578174    15.925     4962.7     1483.5     3413.9    225.8    163.7     61.8 2023  5  2 17  4 56.980  7.6   1
      713  27.914062   85.580371    16.077     5178.5     1472.3     3566.3    330.8    229.1     85.5 2023  5  2 17  7 48.780  5.9   1
      714  27.832882   85.627303    14.282     9802.5    -7524.1     1771.0    119.0    119.4     77.9 2023  5  2 17  9  3.720  6.0   1
      715  27.832953   85.624756    14.644     9551.4    -7516.1     2132.8    117.9     98.7     76.8 2023  5  2 17 26 52.840  6.0   1
      716  27.835665   85.621297    14.840     9210.9    -7215.5     2329.4    109.9     92.9     50.9 2023  5  2 17 40 37.920  6.2   1
      717  27.900820   85.472306    10.163    -5460.3        4.7    -2347.8     97.8    113.8     85.9 2023  5  2 18 18 36.920  6.3   1
      718  27.894322   85.473031    11.198    -5389.4     -715.3    -1313.1    120.6    112.3    130.5 2023  5  2 18 38 48.360  5.8   1
      719  27.908488   85.456185    11.379    -7047.1      854.5    -1132.0     99.5    119.6     77.2 2023  5  2 19 39 57.680  6.1   1
      720  27.903805   85.456999    10.398    -6967.5      335.4    -2112.8     69.7    106.8     77.2 2023  5  2 20 11  5.480  5.9   1
      721  27.836749   85.614730    15.414     8564.0    -7095.4     2903.2    238.7    228.1    125.0 2023  5  2 20 22  4.720  5.8   1
      722  27.919651   85.420435     9.569   -10566.2     2091.5    -2941.7     83.4     79.7    123.4 2023  5  2 21  6 26.040  6.6   1
      723  27.919391   85.420988     9.669   -10512.1     2062.7    -2841.5     80.5     77.0    117.8 2023  5  2 21 25  0.520  6.7   1
      724  27.819977   85.650854    17.774    12122.8    -8954.1     5263.1    203.7    226.9    136.0 2023  5  2 21 56  2.880  5.8   1
      725  27.909279   85.453304    11.781    -7330.9      942.2     -730.0     93.6    152.6     98.8 2023  5  2 23 35 25.080  6.2   1
      726  27.927958   85.505583    12.693    -2183.5     3012.1      181.8    101.9    113.2     84.2 2023  5  2 23 49  2.820  6.1   1
      727  27.891736   85.518359    12.917     -926.0    -1002.0      406.0    117.2    149.1     77.6 2023  5  3  0 31 11.770  6.2   1
      728  27.926255   85.483594     9.681    -4348.5     2823.5    -2830.3     76.7     86.6     68.6 2023  5  3  3 38 25.280  8.1   1
      729  27.926101   85.479948     9.528    -4707.0     2806.2    -2982.5    103.6    104.7     83.4 2023  5  3  3 40 21.110  6.2   1
      730  27.926660   85.484049     9.736    -4303.6     2868.3    -2775.2     63.8     87.9     67.0 2023  5  3  3 40 36.050  6.5   1
      731  27.926609   85.480094     9.571    -4692.5     2862.7    -2940.2     85.5     86.5     89.3 2023  5  3  3 40 58.890  6.5   1
      732  27.889673   85.518449    12.919     -917.2    -1230.7      407.6    108.0     99.3     98.2 2023  5  3  6 27 10.020  6.7   1
      733  27.906655   85.456169    12.351    -7048.7      651.4     -160.4     96.9    164.4    100.7 2023  5  3 15  3 17.300  6.2   1
      734  27.930809   85.524455    13.884     -326.3     3328.1     1373.0    163.4    155.4     50.5 2023  5  3 16 32  2.720  6.0   1
      735  27.926546   85.454069    12.005    -7254.9     2855.7     -506.3    135.3    163.5     96.2 2023  5  3 16 40 55.420  6.0   1
      736  27.935333   85.436051     9.850    -9027.8     3829.5    -2661.3     78.1     63.2     79.7 2023  5  3 17  0  9.220  6.4   1
      737  27.912443   85.507454    12.115    -1999.5     1292.9     -396.4    114.9    111.9     69.3 2023  5  3 20 41 15.660  5.6   1
      738  27.906323   85.442253     8.752    -8418.6      614.6    -3758.8     69.0    113.8     95.0 2023  5  3 21  8 51.000  6.1   1
      739  27.964349   85.553654    13.110     2547.7     7045.0      598.9    252.8    184.3    143.3 2023  5  3 21 56 41.100  5.7   1
      740  27.916081   85.462622    10.136    -6413.5     1696.0    -2374.9     68.5    142.4     79.1 2023  5  3 23  5 15.760  6.6   1
      741  27.932210   85.476270     9.932    -5069.1     3483.4    -2579.4    101.0    129.7    121.1 2023  5  3 23 31 31.000  6.4   1
      742  27.891060   85.496940    11.171    -3035.0    -1076.9    -1339.6     85.4     94.7     56.7 2023  5  4  0 18 49.790  6.3   1
      743  27.835547   85.706470    14.230    17598.9    -7228.7     1719.1    127.3    251.7     95.3 2023  5  4  1  8 54.230  6.6   1
      744  27.895557   85.491545    15.035    -3566.1     -578.5     2523.8    181.0    286.9    133.7 2023  5  4  1 25 55.380  6.6   1
      745  27.877655   85.565592     9.584     3724.4    -2562.5    -2926.9    191.2    132.3     77.1 2023  5  4  1 28 41.500  6.5   1
      746  27.905119   85.450228     9.453    -7633.7      481.1    -3058.3     53.5    100.4     67.0 2023  5  4  1 52 49.870  6.5   1
      747  27.903253   85.432829     6.782    -9346.4      274.4    -5728.6     80.8     77.9    110.5 2023  5  4  1 55 15.460  6.5   1
      748  27.897939   85.465633    14.109    -6117.6     -314.5     1598.4    127.0    169.5    110.2 2023  5  4  3 15 41.850  7.6   1
      749  27.896493   85.467627    14.145    -5920.7     -474.8     1634.0    143.5    145.7    120.9 2023  5  4  4 16 12.930  7.3   1
      750  27.909768   85.538411    12.851     1048.1      996.3      340.5    103.6     83.9     59.4 2023  5  4  7 21  1.830  7.2   1
      751  27.810337   85.574438    10.305     4597.0   -10022.4    -2205.9    537.1    308.0    213.3 2023  5  4  7 37 28.180  6.7   1
      752  27.921828   85.557983    14.760     2974.4     2332.8     2249.1    150.0     94.7     52.4 2023  5  4  8 53 36.110  7.0   1
      753  27.897459   85.587801    14.892     5910.8     -367.8     2380.6    280.6    133.0     74.4 2023  5  4 13 50 45.540  5.9   1
      754  27.898311   85.588574    15.058     5986.4     -273.3     2547.1    306.0    139.5     85.6 2023  5  4 14 38 42.960  6.1   1
      755  27.881573   85.526253    13.206     -148.7    -2128.0      695.2     89.2    119.5     37.7 2023  5  4 14 58 30.300  6.2   1
      756  27.898403   85.591089    15.656     6234.4     -263.2     3145.0    315.5    219.5     76.9 2023  5  4 15 45 24.980  6.2   1
      757  27.901528   85.464958    12.038    -6184.0       83.3     -473.1    108.5    146.5    110.0 2023  5  4 18  6 24.220  6.1   1
      759  27.904356   85.536816    13.373      890.7      396.6      862.4    102.5    102.8     57.7 2023  5  4 18 48 15.180  5.9   1
      760  27.914213   85.596639    15.946     6780.1     1489.0     3434.7    258.5    617.6     77.5 2023  5  4 18 49 27.040  6.5   1
      761  27.919940   85.585400    15.281     5673.9     2123.5     2770.1    369.9    280.5     67.9 2023  5  4 19  4 51.660  5.9   1
      762  27.889026   85.515243    11.995    -1233.4    -1302.3     -516.3     82.3     84.8     71.2 2023  5  4 19 23 51.880  6.8   1
      763  27.821598   85.647493    15.910    11791.7    -8774.5     3398.7    221.0    240.8    176.4 2023  5  4 19 51 56.600  7.6   1
      764  27.914443   85.594865    15.919     6605.8     1514.5     3407.7    183.0    146.1     56.6 2023  5  4 19 55  1.400  6.3   1
      765  27.913826   85.607340    16.674     7834.1     1446.0     4163.4    182.0    169.6     68.7 2023  5  4 19 55 10.440  6.2   1
      766  27.900732   85.496558    11.817    -3072.3       -5.0     -694.1     71.6    103.1     73.8 2023  5  4 20  8 40.000  6.2   1
      767  27.919191   85.686165    11.672    15593.5     2040.7     -839.3    220.5    261.0    181.1 2023  5  4 21  4 10.640  6.5   1
      768  27.897725   85.533911    12.725      605.2     -338.2      214.5    122.4     99.4     72.1 2023  5  4 21 35 31.160  7.0   1
      769  27.895280   85.537329    12.979      941.6     -609.3      468.4    150.8    113.3     45.9 2023  5  4 21 35 58.300  6.2   1
      770  27.897679   85.534017    12.845      615.1     -343.5      333.6    114.6     81.0     55.6 2023  5  4 21 36 42.420  6.2   1
      771  27.893813   85.537557    12.998      963.9     -771.7      487.4     96.0    108.6     46.5 2023  5  4 21 40 46.280  6.2   1
      772  27.886471   85.517537    12.567    -1007.5    -1585.4       56.0     92.2     86.4     66.4 2023  5  4 21 50  5.700  5.9   1
      773  27.833860   85.621045    14.431     9186.2    -7415.5     1920.0     98.8    113.0     60.9 2023  5  4 21 53 32.520  5.8   1
      774  27.900580   85.565959    14.039     3759.7      -21.8     1528.5    151.8     98.7     54.0 2023  5  4 21 56 56.200  6.3   1
      775  27.930444   85.492188    12.629    -3502.6     3287.6      118.0     78.6     86.7     66.1 2023  5  4 22 25  2.000  6.2   1
      776  27.898537   85.484644    10.963    -4245.4     -248.3    -1548.5     76.7     91.0     48.5 2023  5  4 22 27  5.120  6.1   1
      777  27.898330   85.487907    11.411    -3924.3     -271.3    -1100.1     79.8     85.3     46.7 2023  5  4 22 27 17.040  5.9   1
      778  27.883097   85.540487    13.197     1252.1    -1959.1      686.5     92.8     87.5     63.9 2023  5  4 23 34  6.840  6.0   1
      779  27.911525   85.461051     9.697    -6567.6     1191.0    -2813.9     69.1    101.2     85.4 2023  5  4 23 45 53.480  6.4   1
      780  27.908545   85.461849     9.301    -6489.4      860.9    -3209.6     96.7    102.3    109.1 2023  5  5  0 28 28.030  6.7   1
      781  27.883624   85.652515    16.884    12282.3    -1900.9     4372.8    174.7    364.6     99.6 2023  5  5  2 54 24.620  6.9   1
      782  27.912944   85.542790    15.016     1479.0     1348.3     2505.5    100.1     93.0     78.2 2023  5  5  2 56 15.930  6.4   1
      783  27.900802   85.543294    13.462     1528.5        2.8      951.3    230.6    157.9     59.3 2023  5  5  4 23 58.950  6.2   1
      784  27.907438   85.434774     6.875    -9155.0      738.1    -5636.0     50.9     72.0     92.1 2023  5  5  8 10 23.940  7.6   1
      785  27.907045   85.434131     6.675    -9218.3      694.7    -5836.2     62.2     78.6     87.0 2023  5  5  8 13 39.510  7.4   1
      786  27.908240   85.437899     7.688    -8847.8      826.9    -4823.3     75.2    106.3    102.3 2023  5  5  8 33 21.010  7.5   1
      787  27.923285   85.520288     9.480     -735.9     2494.2    -3031.4    132.1    444.0    136.8 2023  5  5 10 37 55.970  6.5   1
      788  27.908685   85.440202     7.714    -8621.0      876.3    -4796.7     62.2     85.2     96.3 2023  5  5 14  0 13.430  6.7   1
      789  27.920304   85.500684    12.165    -2666.4     2164.0     -346.0     98.2     95.9     88.9 2023  5  5 14 36 55.080  6.5   1
      790  27.896238   85.509676    11.826    -1780.7     -503.1     -684.9     82.6    126.0     69.0 2023  5  5 15 20 58.590  6.0   1
      791  27.896434   85.510645    11.769    -1685.6     -481.4     -742.4     82.1     93.6     46.8 2023  5  5 15 22 47.150  6.4   1
      792  27.896230   85.516203    12.005    -1138.2     -503.9     -506.3     97.1    141.4     99.4 2023  5  5 15 24 48.110  6.3   1
      793  27.921987   85.440576     9.390    -8583.1     2350.4    -3120.6     64.8     79.6     89.3 2023  5  5 15 48 20.750  6.1   1
      794  27.834511   85.620085    14.333     9091.4    -7343.5     1822.3    112.6     73.3     63.0 2023  5  5 16 16  6.460  6.1   1
      795  27.912160   85.624927    15.934     9565.0     1261.4     3423.1    152.8    114.8     58.7 2023  5  5 16 30 31.160  6.3   1
      796  27.908307   85.445410     8.520    -8107.5      834.5    -3991.2     54.3     64.2     60.8 2023  5  5 17 27 46.760  6.3   1
      797  27.908346   85.445671     8.651    -8082.5      838.8    -3860.0     77.2     71.4     86.4 2023  5  5 17 29 45.540  6.2   1
      798  27.908677   85.443408     8.158    -8305.0      875.5    -4352.5     71.8     96.5     83.9 2023  5  5 17 30 51.040  6.1   1
      799  27.918353   85.517546    12.271    -1006.4     1947.8     -240.1    109.3    120.2     79.7 2023  5  5 17 43 27.320  6.1   1
      800  27.887091   85.498494    11.539    -2882.4    -1516.7     -972.4    121.8    119.0     82.2 2023  5  5 17 48 24.400  6.1   1
      801  27.918650   85.518709    12.483     -891.6     1980.8      -27.7    100.6    111.7     59.8 2023  5  5 17 49 35.940  6.1   1
      802  27.929209   85.598918    13.984     7004.1     3150.8     1473.5    347.9    255.9    120.6 2023  5  5 18  0 32.880  5.8   1
      803  27.938772   85.521973    11.044     -570.7     4210.5    -1466.9     88.0     83.2     60.2 2023  5  5 19 58  6.580  6.4   1
      804  27.882436   85.667887    16.301    13796.0    -2032.5     3790.5    160.5    276.1     97.2 2023  5  5 21 10 44.040  6.5   1
      805  27.942987   85.542554    11.516     1455.4     4677.5     -994.5    145.4    101.6     74.7 2023  5  5 21 12 42.200  5.8   1
      806  27.906244   85.453743    10.162    -7287.5      605.8    -2348.9     79.0    109.1     82.2 2023  5  5 21 44 21.280  6.0   1
      807  27.908653   85.443042     8.039    -8340.8      872.7    -4472.3     63.6     83.6     89.1 2023  5  5 21 44 58.720  6.3   1
      808  27.936521   85.525326    11.487     -239.9     3961.0    -1024.4    129.0    194.9    101.9 2023  5  5 21 58 17.280  5.9   1
      809  27.919971   85.601001    16.319     7209.7     2127.1     3808.5    215.3    162.9     74.0 2023  5  5 22 51  9.360  6.2   1
      810  27.889532   85.505029    11.683    -2238.8    -1246.1     -827.8    120.9    106.8    107.5 2023  5  5 23  7 54.680  6.0   1
      811  27.935028   85.421908     9.639   -10420.2     3795.7    -2872.2     99.5     85.5    121.7 2023  5  6  1 42 21.130  6.4   1
      812  27.907137   85.563338    18.789     3502.2      704.8     6278.3    175.8    158.7     72.2 2023  5  6 10 16 40.750  7.0   1
      813  27.901560   85.580257    18.750     5167.5       86.8     6238.8    335.2    271.1     56.3 2023  5  6 10 47 28.780  6.6   1
      814  27.900464   85.526807    13.895      -94.8      -34.6     1384.1    128.7    108.4     94.7 2023  5  6 11 15 37.390  6.5   1
      815  27.904130   85.569832    18.716     4141.1      371.6     6204.7    135.7    143.2     50.9 2023  5  6 12 49 51.040  6.5   1
      816  27.903701   85.494759    11.203    -3250.0      324.1    -1307.9    106.7    123.3     76.5 2023  5  6 13 22 30.170  6.8   1
      817  27.914876   85.586271    16.119     5759.6     1562.4     3608.3    291.2    198.6     79.1 2023  5  6 13 51 55.420  6.3   1
      818  27.912364   85.511670    12.342    -1584.3     1284.1     -168.6    108.4    104.6     86.4 2023  5  6 15  8  2.500  7.3   1
      819  27.908201   85.504045    12.524    -2335.7      822.8       13.1    151.6    159.2    119.7 2023  5  6 15  8 15.650  6.7   1
      820  27.876267   85.590666    14.961     6193.4    -2716.0     2450.3    132.0     89.6     63.4 2023  5  6 16 11  6.120  6.5   1
      821  27.877867   85.589168    15.103     6045.9    -2539.0     2592.2    157.5    130.1     69.2 2023  5  6 18  2 58.120  6.7   1
      822  27.947378   85.521883     9.913     -579.3     5164.1    -2597.6     72.7    159.4     51.4 2023  5  6 19 27 23.840  6.0   1
      823  27.894073   85.509774    11.652    -1771.2     -742.8     -858.7     60.8     96.0     54.2 2023  5  6 20 41 31.120  6.0   1
      824  27.878463   85.569645    14.557     4123.7    -2472.8     2045.5    268.1    186.4    126.4 2023  5  6 22 23 46.720  5.9   1
      825  27.899839   85.517920    13.534     -969.4     -103.9     1023.2    102.9    166.6     81.4 2023  5  6 22 26 47.800  6.0   1
      826  27.896354   85.530566    13.976      275.5     -490.2     1465.4    125.6    112.4     90.9 2023  5  6 23 32 51.360  6.1   1
      827  27.871525   85.554744    13.436     2656.7    -3241.6      925.5    180.8    174.2     92.3 2023  5  6 23 33 34.660  6.0   1
      828  27.882802   85.542057    13.139     1406.9    -1991.9      628.0    126.8    160.3     81.1 2023  5  6 23 35 49.580  6.2   1
      829  27.858407   85.571891    13.773     4344.9    -4695.3     1262.3    195.0    192.3    141.9 2023  5  7  1 10 16.860  6.3   1
      830  27.909780   85.565804    18.681     3745.0      997.7     6169.6    172.1    184.7     68.5 2023  5  7  6  9 50.070  6.7   1
      831  27.901886   85.581649    17.974     5304.8      122.9     5462.9    279.2    210.5     99.9 2023  5  7  8 19 50.670  6.4   1
      832  27.834308   85.669564    14.057    13964.7    -7366.0     1545.6    115.3    149.7    116.0 2023  5  7 10 34 55.970  7.0   1
      833  27.912303   85.567985    17.737     3959.2     1277.3     5225.8    168.1    229.2     39.4 2023  5  7 13 33 19.710  6.5   1
      834  27.890287   85.513184    12.580    -1435.8    -1162.4       69.4     93.3    103.3     42.1 2023  5  7 14 36 33.630  6.2   1
      835  27.885724   85.529484    12.814      169.0    -1668.1      303.5    109.3     88.2     50.7 2023  5  7 16 23 20.390  6.2   1
      836  27.877547   85.684375    14.923    15419.8    -2574.4     2412.5    125.2    222.9    110.8 2023  5  7 17 22 40.800  6.0   1
      837  27.891864   85.519173    13.194     -845.9     -987.7      683.2     98.2    150.8     50.3 2023  5  7 17 52 37.020  6.4   1
      838  27.954850   85.520996    10.525     -666.2     5992.3    -1985.9    100.6    100.1     56.2 2023  5  7 19 42 56.160  6.4   1
      839  27.902472   85.621769    16.923     9254.4      187.8     4412.3    110.2    155.6     39.9 2023  5  7 20 40 33.120  6.2   1
      840  27.905046   85.618018    16.563     8885.4      473.0     4052.4    108.0    164.7     45.3 2023  5  7 20 40 39.280  6.5   1
      841  27.925307   85.623730    16.826     9446.8     2718.4     4314.9    153.8    239.7     62.3 2023  5  7 21 44  8.860  6.9   1
      842  27.874976   85.553410    14.920     2524.8    -2859.2     2409.2    216.9    202.2     72.6 2023  5  7 22 37 35.500  6.1   1
      843  27.872766   85.554036    14.757     2586.2    -3104.2     2246.0    264.9    227.7    136.2 2023  5  7 23 27 15.560  6.1   1
      844  27.880691   85.606291    15.493     7731.4    -2226.0     2982.5    215.1    138.9     69.7 2023  5  7 23 51  5.160  6.2   1
      845  27.879582   85.554671    14.660     2649.0    -2348.8     2148.8    247.1    250.2    125.7 2023  5  7 23 53 41.360  6.1   1
