        1  27.893327   85.469735     8.073    -5714.0     -825.7    -4437.8     33.0     53.7     38.8 2023  4 10 11 32 18.620  8.8   1
        2  27.905546   85.459399    11.908    -6730.5      528.4     -603.4     38.9     44.0     39.6 2023  4 10 14 12 29.930  6.3   1
        3  27.916734   85.488892    11.778    -3827.0     1768.3     -732.7     38.7     34.7     30.0 2023  4 10 17 27 54.200  6.1   1
        4  27.886926   85.530990    12.857      317.7    -1534.9      346.1     30.0     37.5     17.2 2023  4 10 19 50 38.000  6.1   1
        5  27.931854   85.506071    14.319    -2135.7     3443.8     1808.3     54.7     61.8     33.9 2023  4 10 19 58 21.080  6.2   1
        7  27.871932   85.583659    13.763     5503.7    -3196.7     1252.5     84.5     98.9     26.3 2023  4 10 22  6 43.320  5.8   1
        8  27.875989   85.554468    13.941     2629.0    -2747.0     1430.4     58.8     61.2     19.1 2023  4 10 22 34 49.500  5.9   1
        9  27.938824   85.512476    11.877    -1505.2     4216.4     -634.3     33.4     25.5     31.5 2023  4 10 23 22  9.540  5.9   1
       10  27.906268   85.468335    11.606    -5851.1      608.6     -905.0     34.9     50.8     34.0 2023  4 10 23 23 29.000  6.0   1
       11  27.959410   85.462394    13.349    -6434.3     6497.5      838.2     40.4     52.5     33.5 2023  4 11  1  3 49.830  6.7   1
       12  27.890755   85.522510    11.852     -518.0    -1110.6     -659.1     45.0     33.5     29.7 2023  4 11  2 20 47.920  6.2   1
       13  27.884041   85.558228    14.813     2999.3    -1854.5     2302.4     77.4     42.6     40.9 2023  4 11  3  9 13.450  6.5   1
       14  27.878487   85.610343    15.438     8130.3    -2470.2     2927.2     71.3     45.0     37.1 2023  4 11  6  0  3.760  6.7   1
       15  27.900824   85.613940    16.982     8483.8        5.2     4471.1     52.7     37.5     23.8 2023  4 11  7 17 13.530  6.7   1
       16  27.928552   85.486076     9.931    -4104.4     3078.0    -2580.2     24.7     36.6     21.6 2023  4 11 12 31  5.990  6.3   1
       17  27.925492   85.473454     9.813    -5346.3     2738.9    -2697.9     22.6     29.1     28.6 2023  4 11 12 55 14.380  6.3   1
       18  27.902441   85.545011    13.426     1697.5      184.5      915.2     43.3     30.5     19.5 2023  4 11 15 16  7.990  5.8   1
       19  27.885065   85.518351    11.725     -927.2    -1741.1     -785.5     38.0     46.3     28.7 2023  4 11 17 31 50.160  6.0   1
       20  27.886816   85.529329    12.238      153.8    -1547.1     -272.6     27.7     41.5     19.2 2023  4 11 17 31 57.600  6.0   1
       21  27.886814   85.532332    12.476      449.4    -1547.4      -35.3     26.8     38.2     18.8 2023  4 11 17 32  8.400  6.2   1
       22  27.904824   85.472160    10.548    -5474.6      448.5    -1963.1     26.2     40.3     23.9 2023  4 11 18 16 33.160  6.2   1
       23  27.905927   85.500789    11.524    -2656.1      570.7     -986.6     43.3     28.1     33.3 2023  4 11 18 48 37.960  5.9   1
       24  27.926937   85.501725    13.017    -2563.7     2899.0      506.0     26.3     35.9     33.1 2023  4 11 19 38 40.800  5.8   1
       25  27.901520   85.527165    12.685      -59.2       82.3      173.6     25.3     21.5     19.1 2023  4 11 20 30 42.160  6.1   1
       26  27.928255   85.535156    12.294      727.4     3045.2     -217.3     87.5     47.0     39.6 2023  4 11 22 39 43.300  5.9   1
       27  27.911310   85.527515    14.070      -25.2     1167.2     1558.8     41.1     54.3     24.7 2023  4 11 23  9 10.720  7.1   1
       28  27.921468   85.431380     9.399    -9488.8     2293.0    -3112.1     23.9     33.3     25.5 2023  4 12  1  7 45.370  6.6   1
       30  27.909052   85.516333    12.949    -1126.0      916.9      437.9     26.5     35.4     28.6 2023  4 12  1 49 35.690  6.3   1
       31  27.881995   85.630290    14.442    10094.1    -2081.4     1930.6     35.4     24.6     17.8 2023  4 12  5 14 27.720  6.3   1
       32  27.882692   85.584440    15.584     5580.4    -2004.1     3073.4     61.6     29.9     18.1 2023  4 12 12  5 45.330  6.3   1
       33  27.889522   85.504769    11.576    -2264.1    -1247.2     -934.7     28.7     26.2     28.1 2023  4 12 16 36  1.350  6.0   1
       34  27.910760   85.511263    13.826    -1624.6     1106.4     1315.2     30.8     28.6     27.0 2023  4 12 17 13 48.160  6.0   1
       35  27.908563   85.512101    14.005    -1542.2      862.9     1493.9     32.2     27.7     24.7 2023  4 12 17 57 18.280  6.1   1
       36  27.897782   85.517407    12.955    -1019.9     -331.8      443.8     33.8     37.8     26.6 2023  4 12 18 12  2.600  6.0   1
       37  27.887203   85.483219    12.410    -4386.2    -1504.4     -100.7     25.9     34.5     26.7 2023  4 12 18 35 42.860  6.0   1
       38  27.911416   85.579834    14.428     5126.2     1178.8     1916.8     87.5     82.0     21.7 2023  4 12 18 36 26.600  6.1   1
       39  27.897740   85.555396    13.567     2720.4     -336.6     1056.2     43.3     41.2     16.6 2023  4 12 18 41 36.900  7.6   1
       40  27.899965   85.560205    13.777     3194.0      -89.9     1265.7     39.6     39.6     13.8 2023  4 12 18 45 58.760  6.3   1
       41  27.905143   85.487598    11.917    -3954.9      483.8     -593.7     33.4     57.4     25.8 2023  4 12 20  2 25.800  6.2   1
       42  27.901648   85.530054    12.441      224.8       96.5      -69.9     20.2     23.7     14.8 2023  4 12 20 17 30.280  6.0   1
       43  27.899184   85.624422    16.523     9515.8     -176.6     4011.6     31.0     34.4     11.6 2023  4 12 20 22 13.040  6.6   1
       44  27.894181   85.459261     9.895    -6744.4     -730.9    -2616.1     20.6     37.0     21.3 2023  4 12 21 16 24.520  6.6   1
       45  27.886601   85.482365    12.405    -4469.9    -1571.0     -105.7     29.3     36.9     23.0 2023  4 12 21 22  8.580  5.8   1
       46  27.934090   85.439836     8.298    -8655.4     3691.7    -4213.0     16.7     17.0     21.6 2023  4 12 21 41 28.680  6.9   1
       47  27.933077   85.432218    12.629    -9405.8     3579.3      118.5     30.3     42.4     25.3 2023  4 12 21 46 33.260  6.2   1
       48  27.915582   85.526961    12.563      -79.1     1640.7       51.9     38.4     49.9     26.4 2023  4 12 21 49 55.280  5.7   1
       49  27.916199   85.441341     9.536    -8507.8     1709.0    -2975.1     18.8     47.0     25.2 2023  4 12 22  2 13.840  6.5   1
       50  27.908403   85.449243     9.516    -7730.6      845.0    -2994.9     17.3     38.3     18.9 2023  4 12 22 33 39.000  6.3   1
       51  27.887429   85.480257    12.099    -4677.8    -1479.3     -412.3     30.6     41.1     28.4 2023  4 12 23  2 10.360  5.9   1
       52  27.910453   85.480192    12.040    -4683.6     1072.4     -471.4     23.2     45.4     14.8 2023  4 12 23  4  9.880  6.0   1
       53  27.894135   85.459229     9.945    -6747.6     -736.2    -2566.2     19.4     33.5     20.5 2023  4 12 23  6 22.340  7.5   1
       54  27.883931   85.520174    10.769     -747.2    -1866.8    -1741.9     32.6     38.7     23.9 2023  4 12 23 28 10.000  5.8   1
       55  27.956104   85.513818    10.611    -1372.8     6131.1    -1899.7     32.0     35.3     30.6 2023  4 13  0 19  6.560  6.2   1
       56  27.905827   85.480843     8.667    -4619.7      559.5    -3843.8     33.3     51.8     40.1 2023  4 13  4 13 48.700  6.4   1
       57  27.874154   85.564209    13.848     3587.9    -2950.3     1337.5     65.5     38.4     25.2 2023  4 13  5 40 43.430  6.2   1
       58  27.894330   85.575985    15.081     4747.1     -714.5     2569.9    118.2     43.5     31.8 2023  4 13 11 30 29.430  6.0   1
       59  27.944975   85.417611     7.832   -10843.3     4897.8    -4679.0     20.5     24.9     31.4 2023  4 13 11 51 25.590  7.0   1
       61  27.938796   85.544108    12.111     1608.9     4213.1     -399.9     36.5     37.7     10.8 2023  4 13 12 31 34.260  6.2   1
       62  27.897349   85.549178    13.380     2108.3     -379.9      869.2     36.7     25.3     10.7 2023  4 13 13  5 13.560  6.2   1
       63  27.941911   85.504517     9.570    -2288.3     4558.4    -2941.4     30.9     23.3     20.5 2023  4 13 13 30 17.190  6.7   1
       64  27.914809   85.534074    13.679      620.6     1555.0     1167.7     16.7     41.8     15.0 2023  4 13 13 34 28.120  6.4   1
       65  27.896788   85.694954    20.273    16460.4     -442.2     7761.7     38.0     59.6     27.7 2023  4 13 13 35 37.180  6.6   1
       66  27.899172   85.696737    20.163    16635.7     -177.8     7651.9     39.0     64.0     29.0 2023  4 13 13 36 19.030  6.5   1
       67  27.903052   85.704232    19.763    17373.3      252.0     7251.6     37.2     70.3     28.2 2023  4 13 13 42 12.820  6.4   1
       68  27.941579   85.545068    12.269     1702.8     4521.5     -241.5     33.0     37.6     15.2 2023  4 13 14 19  5.740  6.6   1
       69  27.941701   85.544295    12.200     1627.0     4535.1     -311.1     29.8     31.0      9.4 2023  4 13 14 24  8.130  6.7   1
       70  27.893644   85.517871    12.504     -974.2     -790.4       -6.5     26.4     39.8     22.4 2023  4 13 14 43 46.890  6.1   1
       71  27.941195   85.546411    12.220     1835.2     4478.9     -290.8     29.0     30.0     13.3 2023  4 13 14 50 20.290  6.6   1
       72  27.940613   85.546696    12.164     1863.5     4414.5     -347.5     47.4     21.5     19.1 2023  4 13 14 56  8.300  5.9   1
       73  27.918174   85.564372    15.388     3603.5     1927.8     2877.4     40.3     36.4     16.7 2023  4 13 18 27 17.840  5.9   1
       74  27.863843   85.681592    16.227    15146.8    -4093.0     3715.8     45.5     75.5     34.6 2023  4 13 20 13 51.360  6.1   1
       75  27.875354   85.632113    15.399    10273.9    -2817.4     2888.5     43.8     51.9     27.6 2023  4 13 21  0 51.320  6.1   1
       76  27.939443   85.518913    11.345     -871.5     4284.8    -1166.3     18.6     24.9     17.0 2023  4 13 22 12 10.800  6.0   1
       77  27.903845   85.516439    12.414    -1115.6      339.9      -97.1     26.9     30.0     21.9 2023  4 13 22 13 20.020  6.2   1
       78  27.916187   85.519889    13.152     -775.2     1707.6      641.3     27.2     47.6     15.9 2023  4 13 22 33 32.000  6.1   1
       79  27.931934   85.513965    13.822    -1358.6     3452.8     1311.3     49.5    105.6     21.0 2023  4 13 23  4 46.040  5.8   1
       80  27.876223   85.636914    15.336    10746.8    -2721.0     2825.1     40.9     47.1     26.3 2023  4 13 23  9 24.920  6.0   1
       81  27.882066   85.491390    11.714    -3581.7    -2073.5     -797.1     27.0     66.2     26.1 2023  4 13 23 30 46.280  6.1   1
       82  27.918699   85.454036    11.559    -7258.3     1986.1     -952.4     25.6     49.8     26.9 2023  4 13 23 33 10.000  5.9   1
       83  27.918280   85.540983    15.148     1301.1     1939.6     2637.4     41.2     41.7     15.2 2023  4 14  1  4 16.650  7.0   1
       84  27.917474   85.540666    15.201     1270.0     1850.4     2689.7     36.0     31.2     15.9 2023  4 14  1 17  3.610  6.3   1
       85  27.929374   85.529574    14.924      177.9     3169.0     2412.8     45.3     45.0     17.3 2023  4 14  6 16  6.400  6.7   1
       87  27.854384   85.627596    15.963     9830.2    -5141.2     3451.9     18.3     48.1     11.7 2023  4 14 10 13 58.560  8.0   1
       88  27.906419   85.482780    12.588    -4429.3      625.1       77.5     25.3     25.1     25.7 2023  4 14 11 40 42.680  6.3   1
       89  27.904600   85.545500    14.798     1746.2      423.7     2286.5     50.2     70.2     24.7 2023  4 14 11 45 55.780  6.6   1
       90  27.897858   85.470557     8.715    -5632.5     -323.6    -3796.0     26.7     56.4     27.7 2023  4 14 12 30 42.240  7.4   1
       91  27.889490   85.561678    13.952     3338.5    -1250.9     1440.7     68.2     37.9     18.3 2023  4 14 13 49 39.320  6.1   1
       92  27.889335   85.500122    10.236    -2722.1    -1268.0    -2274.8     46.6     50.4     43.9 2023  4 14 14 19 13.040  5.7   1
       93  27.836552   85.683521    16.396    15338.7    -7117.3     3885.5     65.2     58.0     57.6 2023  4 14 14 41 16.570  6.1   1
       94  27.840263   85.700521    15.087    17012.4    -6706.1     2576.5     44.6     74.9     44.5 2023  4 14 14 42 53.270  6.1   1
       95  27.822534   85.643058    15.892    11354.9    -8670.8     3380.8     77.4     74.5     45.1 2023  4 14 15  6 29.010  6.2   1
       97  27.897042   85.569271    13.502     4086.0     -413.9      991.2     79.3     40.3     17.2 2023  4 14 15 48 52.170  5.8   1
       98  27.895496   85.633993    17.514    10458.3     -585.2     5003.0     49.2     72.8     24.5 2023  4 14 16 19 15.180  6.9   1
      101  27.914451   85.573568    17.832     4508.6     1515.2     5320.9     75.8     66.2     15.8 2023  4 14 17  8 24.660  6.9   1
      102  27.904924   85.509611    12.039    -1787.4      459.5     -472.3     25.5     35.2     17.9 2023  4 14 17 22 16.880  5.8   1
      103  27.934656   85.433634     9.650    -9266.4     3754.3    -2861.0     23.6     26.6     27.1 2023  4 14 17 45 24.500  6.2   1
      104  27.931122   85.453141    13.567    -7346.2     3362.6     1056.0     31.3     29.2     31.2 2023  4 14 17 46 30.200  5.9   1
      105  27.934098   85.428784     8.292    -9743.7     3692.6    -4219.1     14.9     15.7     23.9 2023  4 14 17 47 37.260  6.6   1
      106  27.934243   85.429655     8.399    -9658.2     3708.6    -4112.1     10.3     14.3     13.7 2023  4 14 17 53  8.000  6.7   1
      107  27.934125   85.430086     8.441    -9615.8     3695.5    -4069.6     13.0     19.7     17.9 2023  4 14 17 57  6.180  6.9   1
      108  27.934637   85.428239     8.123    -9796.9     3752.4    -4387.8     16.3     19.5     20.4 2023  4 14 17 58 36.580  6.5   1
      109  27.933169   85.447754    12.258    -7876.0     3589.6     -253.4     31.9     29.6     31.6 2023  4 14 18  3  4.080  5.9   1
      110  27.931295   85.448478    12.560    -7805.1     3381.9       49.1     18.9     25.3     20.4 2023  4 14 18  3 28.920  6.0   1
      111  27.934229   85.427751     8.027    -9845.5     3707.1    -4484.4      9.8     13.4     14.0 2023  4 14 18  8  8.600  6.9   1
      112  27.934039   85.428101     8.186    -9810.7     3686.0    -4325.4     14.5     17.7     22.5 2023  4 14 18  8 42.360  6.5   1
      113  27.931789   85.445451    11.780    -8103.1     3436.6     -730.9     19.4     30.1     17.9 2023  4 14 18 22  7.280  5.9   1
      114  27.929875   85.494743    14.415    -3250.7     3224.5     1903.9     50.1     56.0     27.7 2023  4 14 18 34 47.480  6.3   1
      115  27.896147   85.461076     9.936    -6566.1     -513.3    -2574.5     17.2     33.8     16.9 2023  4 14 19  1 35.440  6.2   1
      116  27.933122   85.444027    12.228    -8243.0     3584.4     -282.9     16.3     27.4     17.7 2023  4 14 19 42  2.880  5.9   1
      117  27.909684   85.480827    10.489    -4620.9      987.0    -2021.8     26.5     36.9     19.5 2023  4 14 19 45 34.080  6.0   1
      118  27.934261   85.428304     8.258    -9790.8     3710.7    -4253.3     17.8     12.0     20.1 2023  4 14 20 30 23.840  6.4   1
      119  27.934373   85.426196     8.148    -9998.7     3723.0    -4362.5     16.1     20.9     17.9 2023  4 14 20 33  9.140  6.3   1
      120  27.887695   85.660417    17.694    13060.5    -1449.7     5183.2     67.9    104.0     45.2 2023  4 14 20 46 13.660  6.4   1
      121  27.875724   85.567635    14.128     3925.9    -2776.2     1617.2     63.0     39.8     23.0 2023  4 14 21 27 13.240  5.7   1
      122  27.904763   85.480827    11.112    -4621.7      441.6    -1398.9     31.3     53.3     25.4 2023  4 14 21 59 19.400  6.0   1
      123  27.884452   85.580697    14.169     5211.6    -1809.1     1658.2     45.4     48.6     14.0 2023  4 14 22 43 53.960  6.1   1
      124  27.885842   85.582845    14.124     5422.8    -1655.1     1612.9     88.6     68.7     24.7 2023  4 14 22 44 31.780  6.1   1
      125  27.893646   85.555233    10.511     2704.1     -790.1    -2000.4     71.1     86.6     28.0 2023  4 14 22 51  6.840  6.2   1
      126  27.878361   85.525317    13.196     -240.9    -2484.0      685.1     22.6     39.1     13.4 2023  4 14 23 20 26.000  6.2   1
      127  27.885543   85.535148    13.294      727.0    -1688.3      782.8     32.9     38.8     14.6 2023  4 15  0 20 21.290  6.1   1
      128  27.923796   85.507178    12.693    -2027.0     2550.7      182.2     69.2     90.1     57.9 2023  4 15  0 37 18.100  6.0   1
      129  27.895782   85.597770    15.211     6891.8     -553.5     2700.4     74.7     49.0     16.5 2023  4 15  0 48  4.160  5.9   1
      130  27.933158   85.434220     8.649    -9208.3     3588.4    -3862.4     17.5     29.4     22.2 2023  4 15  1 10  2.180  6.2   1
      131  27.933553   85.438289     9.921    -8807.8     3632.2    -2589.8     16.8     25.1     25.8 2023  4 15  1 13  4.570  6.6   1
      132  27.858038   85.632764    15.793    10339.4    -4736.3     3282.0     21.6     54.9     14.0 2023  4 15  1 41 10.290  7.6   1
      133  27.907552   85.479687    10.347    -4733.0      750.8    -2163.5     27.6     42.8     26.3 2023  4 15  9 46  8.190  7.1   1
      134  27.906101   85.479525    10.587    -4749.6      589.9    -1924.4     18.2     36.4     16.6 2023  4 15  9 48 34.170  6.6   1
      135  27.910323   85.491024    11.371    -3616.9     1057.9    -1139.9     20.9     33.8     14.1 2023  4 15 13 48 50.170  6.6   1
      136  27.918266   85.512362    11.716    -1516.4     1938.0     -795.3     40.2     34.2     25.6 2023  4 15 15 11 10.740  6.9   1
      137  27.879679   85.557463    14.207     2923.6    -2338.1     1695.7     72.4     45.8     21.6 2023  4 15 17 17 39.640  6.0   1
      138  27.907587   85.469344    11.214    -5751.6      754.5    -1296.7     26.5     36.8     24.2 2023  4 15 18 21  6.040  5.8   1
      139  27.925360   85.480290    10.407    -4673.4     2724.3    -2103.7     23.7     31.9     28.8 2023  4 15 18 51 42.560  6.4   1
      140  27.889764   85.478524    10.069    -4848.1    -1220.5    -2441.6     23.5     34.2     21.1 2023  4 15 18 52 24.520  6.2   1
      141  27.890743   85.477140     9.767    -4984.7    -1112.1    -2744.0     22.9     39.2     27.1 2023  4 15 18 53 22.460  5.8   1
      142  27.910846   85.660417     8.931    13058.9     1115.7    -3579.8     41.3     79.2     36.8 2023  4 15 18 57  7.000  5.7   1
      143  27.901206   85.515983    13.069    -1159.9       47.6      558.2     28.2     32.9     19.5 2023  4 15 19 13 47.120  6.0   1
      144  27.867430   85.696354    15.645    16600.3    -3695.5     3134.3     41.4     47.6     36.5 2023  4 15 19 34 39.580  6.0   1
      145  27.916654   85.440999    11.982    -8542.1     1759.5     -528.8     35.6     58.0     26.5 2023  4 15 19 58 46.040  5.9   1
      146  27.880929   85.551074    13.463     2295.2    -2199.5      952.1     47.6     37.5     18.1 2023  4 15 20  4 21.000  5.9   1
      148  27.911106   85.451172     9.513    -7540.6     1144.7    -2998.0     18.7     46.8     20.8 2023  4 15 20 10 52.720  6.1   1
      149  27.891966   85.542749    13.148     1475.3     -976.4      637.2     49.1     45.3     17.9 2023  4 15 20 39 40.920  6.1   1
      150  27.915283   85.550090    14.084     2197.3     1607.4     1573.2     81.1     52.7     28.3 2023  4 15 21 16 39.440  6.1   1
      151  27.904305   85.482349    11.457    -4471.8      390.9    -1054.4     31.5     60.8     27.2 2023  4 15 22 48  2.120  6.0   1
      152  27.918705   85.442122    11.870    -8431.0     1986.7     -641.2     31.3     55.8     28.8 2023  4 15 23 20 28.020  6.0   1
      153  27.917946   85.439193    12.685    -8719.8     1902.7      174.2     26.7     52.0     24.9 2023  4 15 23 21 25.600  6.0   1
      154  27.907935   85.649365    14.755    11971.3      793.2     2244.4     61.7     95.8     38.0 2023  4 15 23 22  1.000  6.1   1
      155  27.889697   85.507031    12.945    -2041.7    -1227.8      434.2     34.6     51.4     27.6 2023  4 16  1 54  6.230  6.2   1
      156  27.908588   85.442220    12.199    -8422.0      865.6     -311.8     53.6     42.9     47.4 2023  4 16  4 54  9.820  6.6   1
      157  27.890774   85.497917    10.607    -2938.8    -1108.7    -1903.5     25.2     31.8     26.4 2023  4 16  5 55  6.590  6.8   1
      158  27.854569   85.627702    15.887     9840.5    -5120.6     3376.5     19.8     38.2     13.3 2023  4 16  7 22  7.820  7.3   1
      160  27.913291   85.556340    14.145     2812.6     1386.7     1633.8     38.7     31.8     17.5 2023  4 16 10 48 36.440  6.8   1
      162  27.914628   85.562598    13.985     3429.0     1535.0     1474.2     44.5     30.3     13.3 2023  4 16 13 21 55.240  6.4   1
      163  27.898370   85.540218    14.286     1225.6     -266.7     1774.6     35.7     66.9     21.3 2023  4 16 13 58 33.020  6.2   1
      164  27.889689   85.501050    11.835    -2630.7    -1228.7     -676.4     40.9     46.5     32.5 2023  4 16 14 54 28.480  6.0   1
      166  27.882717   85.522933    13.389     -475.6    -2001.4      877.6     40.5     34.9     18.5 2023  4 16 15 22 36.330  6.6   1
      167  27.917238   85.446330    11.773    -8017.0     1824.3     -738.3     29.6     47.5     24.2 2023  4 16 15 46 35.450  5.9   1
      168  27.879159   85.532414    13.448      457.4    -2395.8      936.7     31.3     44.7     15.2 2023  4 16 16  5 40.430  6.0   1
      169  27.885213   85.522925    12.969     -476.8    -1724.7      458.3     26.3     33.3     18.1 2023  4 16 16 51 34.030  6.7   1
      170  27.880227   85.527620    13.242      -14.4    -2277.3      731.3     33.6     34.1     17.5 2023  4 16 16 52  7.060  5.9   1
      171  27.837036   85.643197    14.254    11367.4    -7063.6     1743.3     25.1     34.3     16.8 2023  4 16 17  4 49.960  6.1   1
      172  27.835335   85.640739    14.378    11125.4    -7252.1     1867.1     37.1     51.3     23.5 2023  4 16 17  6 53.100  6.3   1
      173  27.838959   85.645996    14.145    11643.2    -6850.6     1633.6     35.3     55.0     22.2 2023  4 16 17  7 20.460  6.1   1
      174  27.903074   85.645988    15.672    11638.9      254.6     3161.3     64.2     84.7     37.9 2023  4 16 17 19 26.240  7.1   1
      175  27.885630   85.521973    12.675     -570.6    -1678.7      163.8     27.1     40.5     18.3 2023  4 16 17 19 32.480  6.8   1
      176  27.889459   85.655680    15.002    12593.6    -1254.2     2491.1     76.5    106.0     43.1 2023  4 16 17 25 48.120  5.9   1
      177  27.886768   85.513241    12.188    -1430.2    -1552.6     -323.3     25.2     32.0     18.1 2023  4 16 17 32 32.880  6.1   1
      178  27.884735   85.530558    13.089      274.7    -1777.8      577.6     26.5     36.9      9.4 2023  4 16 17 51  0.840  6.3   1
      179  27.898737   85.450952    11.345    -7562.6     -226.1    -1166.3     22.2     51.5     21.4 2023  4 16 17 56 22.600  6.1   1
      180  27.883199   85.523128    13.134     -456.4    -1947.9      623.0     28.6     33.7     14.3 2023  4 16 18 31 59.660  6.2   1
      181  27.879580   85.546501    13.190     1844.9    -2349.0      679.1     50.7     28.5     15.7 2023  4 16 18 35  0.080  6.0   1
      182  27.899858   85.463403    12.170    -6336.8     -101.9     -341.4     31.5     25.0     23.5 2023  4 16 18 47 13.860  5.9   1
      183  27.888932   85.615739    15.924     8661.8    -1312.7     3413.1     57.5     63.1     26.6 2023  4 16 18 51 57.520  6.5   1
      184  27.918266   85.547534    17.408     1946.2     1938.0     4897.0     35.7     21.4     20.0 2023  4 16 19  7 49.400  6.0   1
      185  27.926510   85.541032    14.879     1305.8     2851.6     2368.4     33.4     33.9     23.4 2023  4 16 19 13 41.720  5.8   1
      186  27.883207   85.512817    12.575    -1471.7    -1947.0       64.2     22.9     36.4     17.4 2023  4 16 19 16 48.360  6.0   1
      187  27.887288   85.519759    12.263     -788.3    -1494.7     -247.5     16.6     31.4     15.9 2023  4 16 19 39 25.900  5.9   1
      188  27.885952   85.523250    12.812     -444.5    -1643.0      300.8     28.5     27.6     15.6 2023  4 16 19 55  5.840  6.9   1
      189  27.886914   85.578800    14.007     5024.6    -1536.3     1495.9     56.4     58.7     21.2 2023  4 16 20 18  9.600  6.0   1
      190  27.833234   85.626351    14.348     9708.5    -7484.9     1836.9     24.4     22.7     17.0 2023  4 16 20 21 39.440  6.0   1
      191  27.948539   85.474211    11.094    -5271.4     5292.9    -1417.1     45.6     49.5     38.9 2023  4 16 21  8 39.600  6.7   1
      192  27.895913   85.556917    13.572     2870.1     -539.1     1061.3     49.2     36.4     16.6 2023  4 16 21 15 53.180  5.8   1
      193  27.876233   85.560783    13.747     3250.7    -2720.0     1235.7     63.6     40.8     20.9 2023  4 16 21 25 47.140  6.3   1
      194  27.893557   85.533708    13.001      584.8     -800.3      489.8     38.2     53.0     19.2 2023  4 16 21 27 56.560  6.4   1
      195  27.929956   85.559489    15.257     3122.6     3233.5     2745.7    106.1     72.4     31.8 2023  4 16 21 45 28.680  5.7   1
      196  27.938261   85.515503    10.368    -1206.9     4153.9    -2143.2     29.2     29.2     16.3 2023  4 16 22  1 25.160  5.8   1
      197  27.884462   85.534562    12.633      668.8    -1807.9      121.6     36.0     44.4     17.0 2023  4 16 22 12 42.780  5.7   1
      198  27.893748   85.528255    13.534       48.3     -779.0     1022.7     30.8     62.8     20.3 2023  4 16 22 39  4.220  6.0   1
      199  27.907381   85.514543    12.625    -1302.1      731.8      114.5     21.7     33.2     17.4 2023  4 16 23 55 14.760  5.9   1
      200  27.926595   85.451685     9.333    -7489.3     2861.0    -3177.8     24.4     37.6     30.2 2023  4 17  0 36 13.540  6.7   1
      201  27.885779   85.622998    14.885     9376.3    -1662.1     2374.4     60.6     52.0     26.0 2023  4 17  1 18 21.040  6.3   1
      202  27.899489   85.524862    12.535     -285.8     -142.7       24.3     26.1     27.0     23.6 2023  4 17  1 33 17.610  6.2   1
      203  27.851845   85.648161    15.359    11855.3    -5422.6     2848.4     40.3     33.2     29.1 2023  4 17  1 43 46.390  6.5   1
      204  27.921171   85.426595     7.695    -9959.4     2260.0    -4816.0     23.4     45.5     42.5 2023  4 17  2 33 39.720  6.5   1
      205  27.924583   85.456576     9.651    -7008.4     2638.1    -2859.7     21.6     35.0     24.5 2023  4 17  7 50  4.360  6.7   1
      206  27.926943   85.451799     8.938    -7478.5     2899.7    -3573.1     25.3     41.0     24.8 2023  4 17  7 51 12.520  6.6   1
      207  27.925832   85.451660    10.510    -7492.0     2776.5    -2000.6     30.1     30.0     30.4 2023  4 17  7 57 42.670  6.9   1
      208  27.880804   85.588704    15.139     6000.3    -2213.4     2628.4     40.0     37.9     14.6 2023  4 17  9 35 43.550  6.6   1
      209  27.924327   85.511019    12.455    -1648.9     2609.6      -56.2     33.9     36.6     28.7 2023  4 17  9 50 57.390  6.5   1
      210  27.887756   85.513590    12.164    -1396.1    -1442.9     -347.3     37.9     35.4     18.4 2023  4 17 11 34 12.890  6.3   1
      211  27.900942   85.501742    15.420    -2562.5       18.2     2909.4     50.4     46.3     29.9 2023  4 17 12 41 34.780  6.7   1
      212  27.903945   85.527303    12.605      -45.5      351.1       93.9     25.5     24.6     18.9 2023  4 17 13 53  3.570  6.0   1
      213  27.918612   85.541162    15.038     1318.8     1976.4     2526.7     59.6     32.7     21.4 2023  4 17 13 57 12.540  6.4   1
      214  27.910392   85.459749    10.071    -6696.5     1065.5    -2440.1     29.5     33.0     29.2 2023  4 17 14 15 43.300  7.1   1
      215  27.908339   85.470768    10.742    -5611.1      838.1    -1768.6     20.3     57.2     24.0 2023  4 17 14 20 47.650  6.3   1
      216  27.919132   85.538875    14.795     1093.3     2034.1     2284.2     35.4     29.5     16.5 2023  4 17 14 24 53.350  6.1   1
      217  27.941724   85.475350    10.130    -5159.5     4537.6    -2381.4     34.4     45.8     30.2 2023  4 17 14 34 58.160  6.8   1
      218  27.917403   85.542090    14.842     1410.0     1842.4     2331.4     27.0     52.0     16.2 2023  4 17 14 37  1.570  6.4   1
      219  27.910604   85.462679     9.423    -6408.1     1088.9    -3088.0     26.3     28.5     26.0 2023  4 17 15  0 12.680  6.9   1
      220  27.895107   85.462524     9.542    -6423.4     -628.3    -2968.5     25.6     47.9     30.9 2023  4 17 15 27 27.640  6.3   1
      221  27.893211   85.498397    11.148    -2891.3     -838.6    -1363.0     14.1     22.6     13.2 2023  4 17 15 45 38.890  6.1   1
      222  27.905994   85.616520    16.052     8737.9      578.2     3541.1     36.2     52.3     15.4 2023  4 17 16 29 17.980  6.1   1
      223  27.890196   85.528141    13.164       36.9    -1172.5      653.1     25.4     39.5     15.8 2023  4 17 17 10  2.820  6.0   1
      224  27.888265   85.509945    11.818    -1754.7    -1386.6     -693.0     22.7     27.7     15.5 2023  4 17 17 20 24.400  6.9   1
      225  27.886147   85.521541    12.677     -613.2    -1621.3      165.9     29.2     28.4     21.0 2023  4 17 18 19 15.280  6.0   1
      226  27.920115   85.474520    12.792    -5242.1     2142.9      280.8     24.9     25.7     27.5 2023  4 17 18 34  2.140  6.0   1
      227  27.906057   85.481047    12.414    -4599.4      585.0      -96.9     26.1     42.8     22.6 2023  4 17 19 41  8.500  5.9   1
      228  27.888694   85.508944    11.801    -1852.9    -1338.9     -710.3     21.6     28.0     10.7 2023  4 17 20  9 49.560  6.8   1
      229  27.899207   85.629533    14.288    10019.1     -174.1     1777.4     40.5     45.5     25.9 2023  4 17 20 19 37.040  5.6   1
      230  27.959499   85.531576    13.499      374.6     6507.4      987.8     65.6    107.4     42.9 2023  4 17 21 32 38.740  5.9   1
      231  27.903953   85.517668    12.377     -994.3      352.0     -133.9     25.5     32.3     13.3 2023  4 17 21 47 33.320  6.1   1
      232  27.885463   85.520850    12.799     -681.3    -1697.1      287.7     20.5     36.2      9.6 2023  4 17 21 57 28.620  5.6   1
      233  27.937309   85.489958    13.849    -3721.7     4048.3     1338.4     36.4     44.5     27.2 2023  4 17 22 16  1.040  6.0   1
      234  27.883936   85.522144    12.630     -553.9    -1866.4      119.4     31.2     37.8     15.4 2023  4 17 22 39 38.340  6.1   1
      235  27.897559   85.506152    12.735    -2128.4     -356.7      223.8     34.2     35.9     26.0 2023  4 17 23 20 47.720  6.1   1
      236  27.890700   85.525448    12.874     -228.1    -1116.7      363.3     33.9     30.0     19.2 2023  4 18  0 42 35.220  6.1   1
      237  27.893571   85.506567     9.868    -2087.4     -798.6    -2643.2     29.0     53.1     29.8 2023  4 18  1 14 14.970  6.1   1
      238  27.888182   85.508634    11.821    -1883.9    -1395.8     -689.9     18.2     25.1     13.6 2023  4 18  1 34 29.330  7.6   1
      239  27.897316   85.685775    10.810    15556.2     -383.6    -1701.3     42.6     57.0     40.8 2023  4 18  2 54 26.080  6.4   1
      240  27.922740   85.475260     9.308    -5169.3     2433.8    -3202.8     29.8     32.0     23.7 2023  4 18  7 36 33.620  6.6   1
      241  27.923244   85.553101    17.780     2493.6     2489.8     5268.8     52.8     36.0     32.1 2023  4 18  9  6 55.980  7.0   1
      242  27.923338   85.554045    17.734     2586.9     2500.1     5223.2     55.5     35.5     32.2 2023  4 18  9 25 46.050  6.6   1
      243  27.888436   85.509237    11.716    -1824.5    -1367.7     -794.7     22.7     27.0     13.7 2023  4 18 13 21 44.480  6.5   1
      244  27.887986   85.508765    11.516    -1871.2    -1417.5     -995.1     30.8     38.4     26.7 2023  4 18 13 31 52.560  6.5   1
      245  27.874221   85.570345    13.176     4192.8    -2943.0      664.5     77.0     56.0     27.1 2023  4 18 15 33 21.310  6.1   1
      246  27.881814   85.557878    11.860     2964.6    -2101.4     -651.2     84.0     64.5     36.7 2023  4 18 16 47 53.220  5.9   1
      247  27.900783   85.441414     9.943    -8501.8        0.6    -2567.6     22.2     50.9     23.9 2023  4 18 17  1 16.300  6.3   1
      248  27.899750   85.469678     9.824    -5719.4     -113.9    -2687.2     25.5     47.2     26.4 2023  4 18 17 37 42.200  6.5   1
      249  27.898210   85.545508    13.954     1746.3     -284.6     1443.0     36.3     27.7     17.1 2023  4 18 18  4  7.320  5.8   1
      250  27.926298   85.450195     8.712    -7635.8     2828.2    -3799.1     25.1     26.2     33.0 2023  4 18 18  5 24.680  8.0   1
      251  27.926715   85.453312     9.007    -7329.6     2874.3    -3504.0     22.3     23.1     22.1 2023  4 18 18 33 59.120  6.6   1
      252  27.877386   85.548381    13.622     2029.8    -2592.0     1111.3     53.9     44.3     13.5 2023  4 18 18 46 43.100  6.8   1
      253  27.889103   85.519255    12.159     -837.9    -1293.7     -352.2     27.3     36.1     11.5 2023  4 18 19 38 39.600  6.1   1
      256  27.885685   85.640592    14.334    11109.0    -1672.3     1823.3     29.2     45.9     17.0 2023  4 18 20 20 56.720  6.2   1
      257  27.883181   85.646712    14.706    11711.7    -1950.0     2194.7     30.5     48.4     18.9 2023  4 18 20 24 10.800  6.1   1
      258  27.889018   85.633716    14.512    10431.8    -1303.2     2000.9     27.4     31.7     12.0 2023  4 18 20 24 33.760  6.4   1
      259  27.889834   85.632699    14.586    10331.3    -1212.8     2074.8     27.9     42.7     11.8 2023  4 18 20 25 56.760  6.5   1
      260  27.886292   85.639827    14.362    11033.2    -1605.3     1850.6     27.6     31.3     17.2 2023  4 18 20 27 38.880  5.8   1
      261  27.922685   85.511458    14.921    -1605.2     2427.7     2409.8     38.9     51.8     27.5 2023  4 18 21 15 24.940  6.1   1
      262  27.900948   85.475651    14.444    -5130.8       18.9     1932.9     23.1     36.1     17.4 2023  4 18 21 24 57.680  6.4   1
      263  27.896161   85.514347    13.646    -1321.2     -511.6     1134.8     23.5     42.8     21.7 2023  4 18 21 34 44.040  5.8   1
      264  27.888892   85.501945    11.631    -2542.7    -1317.2     -879.5     17.2     30.9     16.4 2023  4 18 22 15 11.400  5.9   1
      265  27.891024   85.495011    11.227    -3225.1    -1080.9    -1284.3     30.0     40.3     29.2 2023  4 18 22 29 22.400  6.2   1
      266  27.890544   85.500342    11.440    -2699.8    -1134.0    -1070.5     23.1     41.4     28.4 2023  4 18 22 34 42.300  6.0   1
      267  27.887998   85.519222    12.295     -841.2    -1416.2     -215.6     23.0     57.5     20.1 2023  4 18 22 34 56.740  5.9   1
      268  27.903497   85.499064    11.718    -2826.0      301.5     -793.3     22.6     40.5     21.8 2023  4 18 23  6 58.320  6.5   1
      269  27.921303   85.470524    12.356    -5635.0     2274.6     -155.0     25.8     28.7     26.6 2023  4 18 23 35 27.440  6.0   1
      270  27.886936   85.511149    12.357    -1635.8    -1533.8     -153.6     33.0     36.6     33.6 2023  4 18 23 46 22.900  6.2   1
      271  27.927639   85.482642     3.776    -4442.5     2976.6    -8734.6     17.1     16.0     38.5 2023  4 19  0 14 48.530  6.4   1
      272  27.892440   85.504264    12.212    -2314.0     -923.9     -299.4     23.5     61.9     18.5 2023  4 19  1 29 13.470  6.4   1
      273  27.911051   85.495150    11.051    -3211.1     1138.7    -1459.6     25.5     34.6     18.5 2023  4 19  1 35 15.750  6.6   1
      274  27.887581   85.579224    14.409     5066.1    -1462.3     1897.9     58.0     43.5     15.0 2023  4 19  4 59 54.240  6.4   1
      275  27.931138   85.503442    10.886    -2394.6     3364.6    -1624.8     22.0     22.8     21.1 2023  4 19  5  2 43.570  6.3   1
      276  27.931512   85.504289    11.033    -2311.4     3406.0    -1477.8     17.1     22.4     16.8 2023  4 19  5  4 40.260  6.3   1
      277  27.931396   85.503670    10.984    -2371.8     3393.2    -1527.0     19.5     21.4     16.5 2023  4 19  5  6 42.810  6.3   1
      278  27.930817   85.503914    11.130    -2348.2     3328.9    -1381.3     26.6     25.8     15.1 2023  4 19  5 15 43.530  6.5   1
      279  27.931425   85.503271    11.003    -2411.3     3396.3    -1507.7     30.8     20.6     26.9 2023  4 19  5 17 33.180  6.4   1
      280  27.931199   85.504858    11.056    -2254.7     3371.4    -1455.3     41.5     23.2     20.6 2023  4 19  5 18 54.160  6.3   1
      281  27.930886   85.501904    10.477    -2545.7     3336.7    -2033.8     31.7     28.6     33.0 2023  4 19  5 19 33.910  7.7   1
      282  27.931289   85.506803    10.844    -2063.6     3381.2    -1667.1     34.4     21.6     17.5 2023  4 19  5 20  6.550  6.4   1
      283  27.907499   85.501302    11.397    -2605.5      744.9    -1113.8     23.6     32.8     17.8 2023  4 19 14 12  9.190  6.1   1
      284  27.837767   85.657316    16.345    12758.0    -6982.7     3833.5     41.7     37.1     24.7 2023  4 19 14 14  6.680  6.4   1
      286  27.919484   85.520044    14.771     -760.6     2073.2     2259.6     46.6     64.7     27.9 2023  4 19 15 35  0.020  7.4   1
      287  27.923966   85.503052    13.092    -2432.8     2569.8      580.8     22.2     36.3     20.2 2023  4 19 17 15 46.880  6.2   1
      288  27.879502   85.521948    13.144     -572.9    -2357.6      633.0     36.0     49.1     20.4 2023  4 19 18  6 18.760  5.9   1
      289  27.908669   85.436353    10.572    -8999.5      874.6    -1939.4     26.0     73.6     30.8 2023  4 19 18  7 51.080  6.5   1
      290  27.909987   85.464445    10.810    -6233.9     1020.6    -1700.8     19.2     27.9     14.5 2023  4 19 18 23 38.540  6.1   1
      291  27.908889   85.464616    10.803    -6217.0      898.9    -1707.5     19.8     29.8     18.4 2023  4 19 18 38 33.440  6.4   1
      292  27.906671   85.475684    12.339    -5127.3      653.2     -171.5     16.0     21.3     13.1 2023  4 19 18 39  0.200  6.1   1
      293  27.908750   85.464811    10.931    -6197.9      883.5    -1579.6     20.7     33.9     17.3 2023  4 19 18 47 28.460  6.4   1
      294  27.910445   85.456071     9.862    -7058.7     1071.4    -2648.5     18.3     31.5     16.7 2023  4 19 18 48 40.440  6.8   1
      295  27.909351   85.466146    11.014    -6066.2      950.0    -1497.3     21.3     33.5     18.8 2023  4 19 18 49 26.520  6.2   1
      296  27.906618   85.476619    13.202    -5035.8      647.2      691.3     22.4     29.0     29.6 2023  4 19 19  5 31.600  5.9   1
      297  27.907786   85.477262    13.061    -4971.8      776.7      550.2     36.7     25.2     29.2 2023  4 19 19  5 40.640  6.0   1
      298  27.906258   85.478752    13.306    -4825.3      607.4      795.5     40.0     31.5     29.1 2023  4 19 19 16 43.560  5.9   1
      299  27.906329   85.476473    12.447    -5049.9      615.3      -64.1     17.7     42.0     24.4 2023  4 19 19 22 48.200  5.8   1
      300  27.906852   85.476554    12.921    -5041.6      673.3      409.8     25.9     26.2     23.0 2023  4 19 19 28 14.160  6.0   1
      301  27.908335   85.455745     9.685    -7090.8      837.6    -2825.5     18.3     31.6     18.3 2023  4 19 19 30 38.000  7.1   1
      302  27.906431   85.475928    12.524    -5103.2      626.6       12.6     19.8     34.9     16.5 2023  4 19 19 32 47.480  6.1   1
      303  27.906875   85.475635    12.589    -5132.4      675.8       78.1     22.5     24.6     18.9 2023  4 19 19 38  0.480  6.2   1
      304  27.905566   85.477026    12.416    -4995.6      530.6      -95.1     16.5     23.1     13.4 2023  4 19 19 39 33.560  6.0   1
      305  27.906708   85.477669    12.719    -4931.8      657.3      207.7     32.5     32.4     20.0 2023  4 19 19 49 32.520  6.1   1
      306  27.918805   85.605249    19.161     7627.8     1997.7     6650.0     44.5     27.8     17.5 2023  4 19 19 55  8.680  6.5   1
      307  27.906146   85.512882    12.841    -1465.5      595.0      330.4     31.3     33.6     23.2 2023  4 19 20 18 53.280  7.3   1
      308  27.909408   85.454468     9.336    -7216.1      956.4    -3175.1     16.9     26.9     20.7 2023  4 19 20 24  8.140  7.3   1
      309  27.904637   85.468783    11.121    -5806.8      427.6    -1389.8     32.7     63.7     25.0 2023  4 19 20 27  2.640  5.9   1
      311  27.907692   85.457218     9.519    -6945.5      766.4    -2991.7     19.4     28.5     19.6 2023  4 19 20 39 34.240  6.6   1
      312  27.907487   85.474015    12.443    -5291.7      743.6      -68.2     16.8     25.7     12.8 2023  4 19 20 40 55.280  5.9   1
      313  27.947786   85.432943    13.313    -9333.7     5209.5      802.0     61.7     78.7     63.1 2023  4 19 21 20 36.280  6.2   1
      314  27.879179   85.564331    13.845     3600.4    -2393.4     1333.6     68.8     45.3     28.4 2023  4 19 21 27  2.680  5.5   1
      315  27.908425   85.454696     9.534    -7193.5      847.6    -2976.2     22.0     27.6     24.0 2023  4 19 21 46 59.520  7.3   1
      316  27.905068   85.476676    12.303    -5030.1      475.5     -207.6     20.8     40.7     27.6 2023  4 19 23 42 23.680  6.1   1
      317  27.908984   85.530900    13.116      308.2      909.5      605.5     26.0     35.8     11.1 2023  4 20  0 12 13.900  6.6   1
      318  27.889665   85.501123    11.890    -2623.6    -1231.4     -621.4     22.4     48.0     21.8 2023  4 20  0 46 30.090  6.2   1
      319  27.910520   85.466016    10.783    -6078.9     1079.7    -1727.5     18.9     33.5     21.4 2023  4 20  0 55 10.280  6.2   1
      321  27.910815   85.467122     9.544    -5970.2     1112.5    -2966.9     28.0     49.4     32.0 2023  4 20 12 56  6.860  6.5   1
      323  27.931034   85.488387     4.186    -3876.6     3352.9    -8324.9     17.4      9.3     27.4 2023  4 20 16 14 12.060  6.7   1
      324  27.875043   85.574674    14.272     4618.6    -2851.8     1761.3     57.6     37.5     16.2 2023  4 20 16 27 58.070  6.0   1
      325  27.909312   85.576058    15.141     4754.5      945.8     2630.1     64.0     65.4     20.5 2023  4 20 16 58 28.230  6.1   1
      326  27.931415   85.488143     4.221    -3900.2     3395.2    -8289.8     14.6     11.1     41.5 2023  4 20 17  5 31.080  5.9   1
      327  27.904177   85.455827    11.622    -7082.6      376.7     -889.2     25.0     34.6     22.6 2023  4 20 17 28 11.060  5.9   1
      328  27.871478   85.530762    13.160      294.8    -3246.8      649.3     39.9     43.7     13.4 2023  4 20 17 36 45.080  6.2   1
      329  27.872447   85.532251    13.017      441.1    -3139.6      506.1     52.2     44.2     20.4 2023  4 20 17 52  8.160  6.2   1
      330  27.911582   85.465039    11.034    -6175.2     1197.5    -1476.8     26.7     29.2     27.0 2023  4 20 17 54 55.620  6.6   1
      331  27.910512   85.476709    10.819    -5026.6     1078.9    -1691.8     24.4     56.9     22.1 2023  4 20 19 24 31.700  6.2   1
      332  27.913737   85.570044    17.677     4161.6     1436.3     5166.0     46.7     61.7     14.9 2023  4 20 19 47  1.960  6.2   1
      333  27.886959   85.515690    12.282    -1189.5    -1531.3     -229.4     30.3     41.1     21.4 2023  4 20 20  7 43.920  5.8   1
      334  27.920561   85.661361     9.107    13151.2     2192.4    -3404.1     40.9    119.1     36.4 2023  4 20 20 17 48.560  6.6   1
      335  27.930662   85.487199     4.034    -3993.1     3311.7    -8477.0     11.7      8.3     26.3 2023  4 20 20 22 19.280  5.6   1
      336  27.903760   85.486222    12.949    -4089.8      330.6      438.0     43.4     57.0     35.6 2023  4 20 20 29 51.320  5.9   1
      337  27.886322   85.516870    12.006    -1072.9    -1601.9     -504.9     26.2     43.7     12.5 2023  4 20 20 55 43.920  5.8   1
      338  27.879862   85.515641    12.497    -1194.2    -2317.8      -13.9     34.7     49.9     17.4 2023  4 20 20 56 17.000  5.9   1
      339  27.922748   85.618058    16.417     8888.1     2434.7     3906.5     46.1     75.4     12.0 2023  4 20 20 57  9.800  7.3   1
      340  27.914683   85.551660    14.151     2351.9     1540.9     1640.1     39.8     31.6     12.8 2023  4 20 21 16 26.280  6.6   1
      341  27.918815   85.617798    16.469     8863.1     1999.0     3957.8     41.1     64.8     14.5 2023  4 20 21 22 44.640  6.0   1
      342  27.830927   85.597046    14.513     6822.7    -7740.6     2002.2     69.0     60.1     34.1 2023  4 20 21 24 47.200  5.9   1
      344  27.885687   85.475171    11.472    -5178.9    -1672.3    -1038.6     22.1     58.8     25.2 2023  4 20 21 40 14.540  5.8   1
      345  27.920575   85.456014    13.741    -7063.6     2193.9     1230.4     41.0     39.4     40.1 2023  4 20 23 13 20.280  6.0   1
      346  27.900677   85.681624     9.532    15147.8      -11.0    -2979.1     41.7     55.1     41.9 2023  4 21  1 58  5.020  5.9   1
      347  27.906588   85.617057    16.149     8790.8      643.9     3637.8     75.4     37.2     34.5 2023  4 21  2 25 35.230  6.1   1
      348  27.908856   85.450488     8.581    -7607.6      895.3    -3929.6     19.9     31.5     19.6 2023  4 21  5 35 36.050  6.3   1
      349  27.884770   85.514388    12.474    -1317.6    -1773.9      -36.9     23.1     31.9     26.3 2023  4 21  6 30  5.160  6.3   1
      350  27.888403   85.507650    11.786    -1981.1    -1371.3     -724.8     17.0     27.1     13.3 2023  4 21  7 51 29.150  8.1   1
      351  27.893217   85.529655    13.048      185.6     -837.8      537.4     37.9     33.5     20.5 2023  4 21 13 16 41.940  6.1   1
      352  27.927787   85.439974     8.426    -8642.7     2993.2    -4085.3     25.1     31.3     33.8 2023  4 21 14 19 56.330  6.5   1
      353  27.861932   85.727100    16.157    19628.4    -4304.8     3646.1     35.5     44.3     33.9 2023  4 21 14 26 42.850  6.8   1
      354  27.892865   85.552140    13.544     2399.3     -876.8     1033.3     51.7     39.4     18.2 2023  4 21 15 10 10.680  6.1   1
      355  27.931165   85.487337     4.161    -3980.0     3367.5    -8349.6     17.4     12.6     35.3 2023  4 21 16  9 41.660  6.3   1
      356  27.901141   85.648446    17.369    11881.3       40.4     4858.4     73.5    122.1     44.2 2023  4 21 16 36 50.240  6.2   1
      357  27.931132   85.487736     4.085    -3940.5     3364.0    -8426.1     12.4      9.0     25.9 2023  4 21 18 39 33.800  6.2   1
      358  27.879663   85.567448    12.862     3907.3    -2339.8      351.4     75.1     49.9     24.0 2023  4 21 19  6 53.680  6.0   1
      359  27.905298   85.455941    10.351    -7071.5      501.0    -2159.8     20.0     35.9     17.2 2023  4 21 19 13 38.660  5.9   1
      360  27.898977   85.577409    14.030     4887.1     -199.5     1518.8     45.2     31.2     23.1 2023  4 21 19 18 15.920  6.1   1
      361  27.888633   85.523918    13.004     -379.0    -1345.8      492.7     20.7     37.2     19.8 2023  4 21 19 46 54.960  6.2   1
      362  27.876573   85.551270    13.355     2314.2    -2682.3      844.5     39.2     33.3     14.6 2023  4 21 20 34 28.260  6.0   1
      363  27.882387   85.539746    13.080     1179.3    -2037.9      569.2     33.5     37.3     13.2 2023  4 21 20 36 25.200  6.2   1
      364  27.880573   85.539689    13.137     1173.5    -2238.9      626.3     39.1     37.6     18.5 2023  4 21 20 37 55.240  6.5   1
      365  27.877376   85.549512    13.446     2141.0    -2593.3      935.2     52.1     33.0     15.3 2023  4 21 20 38 22.240  5.9   1
      366  27.877787   85.543123    13.135     1512.2    -2547.7      624.3     33.4     38.1     14.8 2023  4 21 20 38 49.320  5.9   1
      367  27.876544   85.554061    13.357     2589.3    -2685.5      845.6     41.2     40.3     13.8 2023  4 21 20 39 31.640  5.9   1
      368  27.880776   85.540112    13.102     1215.7    -2216.5      591.2     39.3     29.3     10.1 2023  4 21 20 40 38.900  6.4   1
      369  27.877041   85.549984    13.186     2187.4    -2630.5      674.8     57.8     31.9     21.9 2023  4 21 20 45 24.160  5.6   1
      370  27.879521   85.545044    13.170     1701.2    -2355.5      659.1     61.5     23.5     19.7 2023  4 21 21 38 24.960  5.7   1
      371  27.901111   85.465430    12.043    -6137.0       37.0     -468.3     25.9     29.9     20.8 2023  4 21 21 42 52.680  5.8   1
      372  27.886825   85.518099    12.519     -951.6    -1546.3        8.1     23.8     36.5     15.5 2023  4 21 21 50 33.040  5.9   1
      373  27.927104   85.534985    14.897      710.6     2917.4     2386.4     27.4     31.3     12.9 2023  4 21 22 29 45.200  7.0   1
      374  27.911379   85.451115    12.495    -7546.5     1174.8      -16.1     23.9     31.6     28.6 2023  4 21 23 11 12.120  5.9   1
      375  27.918335   85.437272     9.495    -8909.0     1945.6    -3016.3     22.1     39.1     23.0 2023  4 21 23 11 39.660  6.2   1
      376  27.913831   85.527604    13.482      -16.0     1446.5      971.1     27.0     41.9     19.9 2023  4 22  0 52 31.700  6.1   1
      377  27.891170   85.470776     9.446    -5610.9    -1064.6    -3065.1     18.9     47.7     20.9 2023  4 22  3  3 27.270  6.6   1
      378  27.887211   85.519556    12.388     -808.6    -1503.4     -123.3     25.3     24.2     16.8 2023  4 22  6 36 21.290  6.6   1
      379  27.927895   85.485962     9.848    -4115.3     3005.2    -2662.9     31.7     50.7     29.8 2023  4 22  6 52 36.990  6.9   1
      380  27.926949   85.527246    15.028      -51.4     2900.4     2516.6     44.9     36.2     18.4 2023  4 22  7 54 54.000  7.4   1
      381  27.940879   85.526204    11.783     -153.5     4444.1     -727.5     31.4     23.8     20.8 2023  4 22 11  2 42.080  6.9   1
      383  27.917550   85.445581     9.821    -8090.4     1858.6    -2689.5     21.7     51.8     29.6 2023  4 22 16 57  4.690  6.2   1
      384  27.928005   85.452946     9.885    -7365.1     3017.2    -2625.7     15.5     31.8     23.9 2023  4 22 17  1 40.560  6.1   1
      385  27.890826   85.500049    12.194    -2729.0    -1102.6     -317.2     18.5     65.0     14.8 2023  4 22 18  3 21.120  6.0   1
      386  27.889604   85.564282     9.387     3595.4    -1238.1    -3123.9     52.4     31.9     24.8 2023  4 22 18 20 58.480  6.1   1
      387  27.882574   85.536849    12.146      894.2    -2017.3     -365.2     49.1     66.4     20.3 2023  4 22 19 21 35.480  5.9   1
      388  27.900962   85.490812    10.917    -3638.4       20.6    -1594.0     22.4     56.0     19.5 2023  4 22 19 22 12.640  5.9   1
      389  27.944179   85.520638    11.361     -701.9     4809.7    -1149.5     19.4     21.4     19.5 2023  4 22 19 50 40.960  6.1   1
      390  27.884190   85.538859    12.116     1092.1    -1838.2     -395.2     54.0     35.3     22.3 2023  4 22 19 52 50.180  6.0   1
      391  27.919200   85.544995    15.107     1696.3     2041.5     2596.2     28.7     25.4     14.1 2023  4 22 20 14 47.480  5.6   1
      392  27.910887   85.456128     9.451    -7052.5     1120.3    -3060.4     26.0     49.1     32.4 2023  4 22 20 19 17.600  5.9   1
      393  27.943260   85.520809    11.435     -685.1     4707.8    -1075.8     39.3     37.1     20.9 2023  4 22 21 20  4.920  5.8   1
      394  27.882955   85.526213    12.796     -153.3    -1975.0      284.6     40.0     42.6     16.6 2023  4 22 21 27 53.320  5.8   1
      395  27.900389   85.538143    12.526     1021.3      -43.1       14.6     57.8     32.9     24.0 2023  4 22 21 49  3.420  6.8   1
      396  27.928723   85.529850    14.954      204.8     3096.9     2443.0     23.3     53.8     22.1 2023  4 22 22 27 40.440  6.1   1
      397  27.893905   85.496395    10.915    -3089.1     -761.5    -1595.7     31.7     73.7     27.7 2023  4 22 22 33 15.840  5.9   1
      398  27.891585   85.546769    15.586     1871.2    -1018.6     3075.0     61.4     91.6     26.8 2023  4 23  4  6 13.600  6.9   1
      399  27.910073   85.517407    13.806    -1019.6     1030.1     1295.2     40.9     26.3     28.6 2023  4 23  4 52  1.670  6.5   1
      400  27.930505   85.491170    12.226    -3602.4     3294.4     -284.9     39.8     28.0     17.6 2023  4 23  5 13 33.030  6.7   1
      401  27.948983   85.515218    11.760    -1235.2     5342.1     -750.5     29.1     36.5     22.2 2023  4 23  5 40 16.850  6.4   1
      402  27.910002   85.485498    11.105    -4161.7     1022.3    -1405.8     33.7     77.3     31.6 2023  4 23  6 10 51.490  6.4   1
      403  27.932969   85.479940    12.365    -4708.2     3567.4     -145.6     36.1     38.2     29.7 2023  4 23 11  7 46.710  7.2   1
      404  27.932072   85.491593    13.231    -3560.7     3468.0      719.5     29.8     29.6     17.4 2023  4 23 17  0  8.800  6.5   1
      405  27.913949   85.471566     9.034    -5532.8     1459.7    -3475.6     25.8     45.2     22.1 2023  4 23 17 42 41.860  6.2   1
      406  27.913523   85.466838     9.045    -5998.5     1412.4    -3465.8     28.6     40.9     32.6 2023  4 23 17 42 47.880  6.0   1
      407  27.932918   85.492334    13.215    -3487.7     3561.7      704.5     33.8     28.2     17.5 2023  4 23 17 43  8.640  6.0   1
      409  27.928957   85.601668    13.784     7274.5     3122.7     1273.5     32.6     18.5     15.5 2023  4 23 20 28 31.360  6.2   1
      410  27.880642   85.541252    13.099     1327.9    -2231.3      588.5     36.4     40.2     18.1 2023  4 23 20 41 43.920  5.9   1
      411  27.915444   85.454956     9.040    -7167.6     1625.4    -3470.8     17.9     28.5     20.4 2023  4 23 21  0 47.640  6.9   1
      412  27.856689   85.713371    15.738    18276.6    -4885.8     3226.6     37.3     41.8     33.5 2023  4 23 21 20 42.620  6.3   1
      413  27.915786   85.466097    10.429    -6071.4     1663.1    -2082.0     19.6     33.7     18.6 2023  4 23 21 25  1.740  6.2   1
      414  27.891901   85.497583    10.593    -2972.0     -983.7    -1918.0     18.5     40.1     26.2 2023  4 23 21 26 25.880  5.8   1
      415  27.911410   85.479631    12.615    -4738.8     1178.2      104.4     17.5     26.5     16.2 2023  4 23 21 27 27.120  5.9   1
      416  27.924141   85.595076    16.020     6626.2     2589.1     3508.7    106.8     78.7     26.5 2023  4 23 21 56 48.720  6.4   1
      417  27.956704   85.523950    10.116     -375.9     6197.7    -2394.7     26.6     35.3     22.6 2023  4 23 22 30 16.240  5.8   1
      418  27.878042   85.563859    13.640     3553.6    -2519.4     1128.8     63.3     43.3     19.9 2023  4 23 23 17 10.360  6.0   1
      421  27.892678   85.489795    10.948    -3738.5     -897.6    -1563.3     15.1     32.6     22.1 2023  4 24  2  8 28.850  6.6   1
      422  27.893311   85.491707    10.994    -3550.2     -827.4    -1517.2     18.0     38.7     17.1 2023  4 24  2  8 51.940  6.4   1
      423  27.900024   85.620565    16.250     9135.9      -83.5     3739.2     33.5     26.9     16.8 2023  4 24  2 45 43.850  6.5   1
      424  27.887775   85.512948    11.967    -1459.2    -1441.0     -543.6     22.1     29.1     18.3 2023  4 24  3 18  9.130  6.2   1
      425  27.888609   85.514299    11.831    -1326.5    -1348.4     -680.3     24.7     27.7     17.0 2023  4 24  3 22  2.670  6.4   1
      426  27.888623   85.516138    11.929    -1145.4    -1347.0     -581.6     20.4     23.1     14.4 2023  4 24  3 35 12.680  6.7   1
      427  27.885978   85.522168    12.695     -551.4    -1640.0      184.3     17.8     34.7     18.3 2023  4 24  3 38 25.440  6.2   1
      428  27.896057   85.554801    13.338     2661.4     -523.0      827.1     38.5     28.4     15.7 2023  4 24  7 58 28.530  6.5   1
      429  27.905143   85.471493    10.286    -5539.9      483.8    -2225.2     19.4     49.3     20.9 2023  4 24 10 10  6.820  6.8   1
      430  27.891431   85.634896    13.772    10547.8    -1035.7     1260.7     20.9     32.5     14.8 2023  4 24 14 34 18.800  6.5   1
      431  27.888656   85.502490    11.675    -2488.5    -1343.4     -836.0     21.6     39.3     15.7 2023  4 24 14 37 54.330  6.0   1
      432  27.894545   85.499438    10.188    -2789.1     -690.5    -2323.3     26.9     37.9     16.6 2023  4 24 17  0 48.200  6.2   1
      433  27.936806   85.483439    14.009    -4363.2     3992.7     1498.1     44.7     63.2     38.4 2023  4 24 17 54 20.000  6.2   1
      434  27.899013   85.528068    13.584       29.4     -195.4     1073.2     36.9     44.3     15.4 2023  4 24 18 12 36.820  6.0   1
      435  27.925043   85.470980     9.249    -5589.9     2689.0    -3261.8     21.7     31.2     20.6 2023  4 24 18 15 11.240  6.5   1
      438  27.897793   85.505754    12.122    -2167.4     -330.7     -388.6     27.2     45.1     22.3 2023  4 24 19 57 49.100  5.7   1
      441  27.901978   85.508805    11.398    -1866.6      132.9    -1113.4     42.3     40.6     24.4 2023  4 24 20 51 49.240  5.8   1
      442  27.818439   85.692472    16.599    16221.4    -9124.7     4087.9     22.2     29.0     18.3 2023  4 24 21 28 54.420  6.3   1
      443  27.936344   85.437077     9.946    -8927.5     3941.4    -2565.2     18.5     24.2     19.2 2023  4 24 21 49 31.780  6.2   1
      444  27.816270   85.692782    16.637    16252.7    -9365.0     4126.1     26.4     34.6     21.2 2023  4 24 21 54  6.480  6.4   1
      445  27.887581   85.512996    11.868    -1454.4    -1462.3     -643.3     21.5     26.6     17.9 2023  4 24 22 33 15.960  5.6   1
      446  27.910382   85.473796    11.957    -5313.3     1064.5     -554.3     26.2     32.8     19.5 2023  4 24 22 37 45.760  5.8   1
      447  27.814933   85.693791    16.620    16352.2    -9513.0     4108.9     25.0     47.5     22.1 2023  4 24 22 38 19.020  6.1   1
      448  27.865267   85.602197    14.319     7329.0    -3935.1     1807.9     32.5     66.4     17.3 2023  4 24 22 40 38.320  6.9   1
      449  27.889817   85.523332    12.970     -436.4    -1214.5      458.9     19.2     41.6     13.8 2023  4 25  1 53 57.550  6.2   1
      450  27.890342   85.631527    13.778    10215.6    -1156.4     1266.7     21.8     41.0     13.6 2023  4 25  2 11 19.450  6.7   1
      451  27.956331   85.540153    12.823     1219.2     6156.3      311.6     69.3     97.2     42.7 2023  4 25  2 44 21.570  6.2   1
      452  27.913295   85.552686    15.235     2452.8     1387.2     2723.9     53.0     57.3     17.7 2023  4 25  7 37 13.700  6.9   1
      453  27.891105   85.611637    15.175     8257.9    -1071.9     2663.9     62.6     69.5     26.0 2023  4 25 10 57 11.130  6.7   1
      454  27.942684   85.496265    13.331    -3101.1     4644.0      820.2     27.8     39.5     23.1 2023  4 25 13 24 42.330  6.2   1
      455  27.891962   85.483537    10.773    -4354.7     -977.0    -1738.4     18.1     28.1     19.6 2023  4 25 13 55 34.420  6.3   1
      456  27.891262   85.485173    10.996    -4193.3    -1054.5    -1515.4     14.6     29.1     18.3 2023  4 25 14 12 47.330  6.3   1
      457  27.911401   85.430509     7.195    -9575.0     1177.3    -5316.1     13.3     26.0     21.8 2023  4 25 14 44 17.150  7.3   1
      458  27.938265   85.486385    12.157    -4073.8     4154.2     -354.2     25.4     31.4     17.1 2023  4 25 15  8 49.240  7.3   1
      459  27.900830   85.477995    10.193    -4900.1        5.9    -2317.5     33.0     43.6     28.1 2023  4 25 15 10 39.580  6.4   1
      460  27.884495   85.511686    13.060    -1583.2    -1804.3      548.9     26.1     48.7     25.9 2023  4 25 15 11 57.830  5.9   1
      461  27.915035   85.612793    19.626     8370.3     1580.1     7115.2     36.9     27.8     17.7 2023  4 25 15 32 37.420  6.2   1
      462  27.944468   85.505745     9.927    -2167.8     4841.6    -2584.5     28.3     23.3     20.3 2023  4 25 16 32 55.070  6.2   1
      463  27.904358   85.454468    12.806    -7216.3      396.8      295.2     31.7     46.8     23.6 2023  4 25 17 49 41.800  5.7   1
      464  27.906307   85.542765    12.952     1476.2      612.7      440.6     45.1     41.5     22.2 2023  4 25 18 21 39.140  5.9   1
      465  27.908071   85.438647     7.792    -8773.9      808.3    -4719.0     15.4     26.7     20.3 2023  4 25 18 26  6.080  6.9   1
      466  27.905219   85.454126    12.636    -7250.3      492.1      124.9     29.9     37.9     26.7 2023  4 25 18 35 13.140  5.9   1
      467  27.869777   85.697070    15.965    16670.8    -3435.4     3454.2     41.6     48.2     36.2 2023  4 25 21  8 26.800  6.0   1
      468  27.908069   85.485156    11.500    -4194.9      808.0    -1010.9     28.2     52.8     28.0 2023  4 25 21 10 49.960  5.8   1
      469  27.859428   85.600594    15.431     7171.5    -4582.3     2919.7     40.5     65.2     22.2 2023  4 25 21 21  1.120  5.9   1
      470  27.881942   85.553662    13.390     2549.5    -2087.4      879.0     56.5     37.3     16.1 2023  4 25 21 50 35.520  5.7   1
      471  27.887752   85.539754    13.097     1180.6    -1443.4      586.1     70.9     80.0     19.6 2023  4 25 21 51 42.480  6.4   1
      472  27.909715   85.444385     9.108    -8208.7      990.5    -3402.8     17.9     34.1     25.9 2023  4 25 22 16 20.860  5.8   1
      473  27.935956   85.664583    14.889    13467.7     3898.4     2378.5     27.2     29.7     18.4 2023  4 25 22 17 21.400  6.0   1
      474  27.859654   85.664445    17.446    13458.8    -4557.2     4935.5     31.2     38.1     22.4 2023  4 25 22 26  7.160  6.2   1
      475  27.883354   85.530851    12.861      303.8    -1930.8      350.2     26.3     33.1     12.8 2023  4 25 22 55 41.240  5.7   1
      476  27.930546   85.484717    10.654    -4237.6     3298.8    -1857.4     34.3     66.6     36.2 2023  4 25 23 14 57.240  5.8   1
      477  27.847744   85.691805    14.223    16154.0    -5877.2     1712.3     26.5     28.5     25.6 2023  4 25 23 45 41.120  6.6   1
      478  27.846578   85.693522    13.988    16323.2    -6006.2     1476.7     23.8     47.0     24.0 2023  4 25 23 46 42.920  6.9   1
      479  27.843374   85.685588    14.624    15541.7    -6361.3     2113.3     23.1     41.1     23.8 2023  4 25 23 46 55.560  7.3   1
      480  27.847396   85.685946    14.798    15577.0    -5915.7     2287.0     23.6     40.7     25.8 2023  4 25 23 47 31.160  8.0   1
      481  27.846126   85.689917    14.581    15967.9    -6056.3     2070.1     18.0     33.8     22.6 2023  4 25 23 49  2.560  7.4   1
      482  27.847915   85.692993    14.256    16270.7    -5858.1     1744.9     22.1     35.4     21.5 2023  4 25 23 49 28.920  6.8   1
      483  27.900053   85.566968    14.315     3859.3      -80.3     1803.8     39.1     36.7     16.3 2023  4 26  0 22 24.110  6.4   1
      484  27.902075   85.563534    14.269     3521.2      143.8     1758.4     37.7     45.3     19.2 2023  4 26  0 24 17.690  6.1   1
      486  27.895302   85.485205    10.287    -4190.3     -606.8    -2223.5     25.3     31.5     29.6 2023  4 26  2 15 12.360  6.0   1
      487  27.900692   85.518050    12.741     -956.7       -9.5      230.3     25.5     31.4     17.1 2023  4 26  4 16 11.490  6.2   1
      489  27.898201   85.490080     9.060    -3710.1     -285.3    -3451.0     27.8     32.6     28.9 2023  4 26  6 29 38.720  6.1   1
      490  27.889809   85.499382    11.515    -2794.8    -1215.5     -996.0     24.7     24.3     12.3 2023  4 26  7  3 17.370  6.4   1
      491  27.892155   85.565210     8.757     3686.6     -955.6    -3753.9     35.5     22.3     21.4 2023  4 26  9 25 55.160  6.4   1
      492  27.892531   85.567049     8.795     3867.8     -913.8    -3716.2     38.2     28.8     23.2 2023  4 26  9 26 28.650  6.4   1
      494  27.931812   85.503792    13.509    -2360.1     3439.3      998.1     28.0     38.1     18.3 2023  4 26 12 39 37.860  6.2   1
      495  27.897019   85.489193     8.995    -3798.0     -416.4    -3516.4     26.4     30.3     20.2 2023  4 26 14 41  5.620  6.1   1
      496  27.902783   85.502572    12.230    -2480.2      222.4     -281.3     24.5     56.1     17.5 2023  4 26 15 15 23.210  6.0   1
      497  27.897931   85.511133    13.239    -1638.0     -315.5      728.2     25.7     43.1     23.4 2023  4 26 15 33 17.660  5.9   1
      498  27.887170   85.515356    12.160    -1221.8    -1507.9     -351.0     24.9     27.1     19.1 2023  4 26 16 40 57.930  6.4   1
      499  27.927102   85.534497    14.867      662.6     2917.1     2356.2     37.2     45.2     18.5 2023  4 26 16 49 58.040  6.5   1
      500  27.897087   85.490682     9.155    -3650.9     -408.9    -3355.8     24.3     33.8     25.7 2023  4 26 17  4 16.380  6.0   1
      501  27.916880   85.430485     8.237    -9577.2     1784.6    -4273.5     29.7     57.7     43.9 2023  4 26 17 16  6.520  6.1   1
      502  27.890163   85.510522    11.878    -1697.9    -1176.1     -633.0     26.8     41.8     29.5 2023  4 26 17 23 56.420  6.1   1
      503  27.900842   85.531006    11.743      319.3        7.2     -768.0     26.9     28.1     19.9 2023  4 26 17 47 24.400  6.0   1
      504  27.858108   85.616878    15.826     8775.0    -4728.6     3315.0     46.0     72.9     25.9 2023  4 26 18 39 50.840  6.9   1
      505  27.902144   85.529077    11.598      129.3      151.4     -913.2     47.5     35.2     25.1 2023  4 26 18 54 24.720  6.3   1
      506  27.891520   85.497868    11.267    -2944.1    -1025.9    -1243.5     23.7     26.8     12.1 2023  4 26 19 16 20.760  6.1   1
      507  27.913800   85.581274    15.901     5267.9     1443.2     3390.4     62.3     76.0     15.4 2023  4 26 19 23  6.400  6.3   1
      509  27.890289   85.493994    12.662    -3325.2    -1162.2      151.4     30.0     82.3     24.3 2023  4 26 19 41  4.320  6.8   1
      510  27.891811   85.494743    11.921    -3251.8     -993.5     -590.3     24.7     60.1     26.9 2023  4 26 20 13 16.880  5.9   1
      511  27.885535   85.543986    13.205     1597.2    -1689.2      694.5     46.7     36.7     23.2 2023  4 26 20 25  1.600  5.6   1
      512  27.887559   85.486328    11.464    -4080.2    -1464.7    -1046.7     22.6     67.9     20.3 2023  4 26 20 30 24.140  6.5   1
      513  27.882048   85.506787    13.021    -2065.7    -2075.5      509.7     31.5     39.6     25.9 2023  4 26 20 36 16.840  6.1   1
      514  27.906773   85.506502    12.499    -2093.3      664.5      -12.3     30.1     31.4     22.4 2023  4 26 20 40 25.600  5.9   1
      515  27.917731   85.458439    11.916    -6824.8     1878.7     -595.0     29.8     52.5     26.9 2023  4 26 21 10 43.200  5.9   1
      516  27.873822   85.574504    14.642     4601.8    -2987.0     2131.5     75.2     42.6     26.3 2023  4 26 21 27 31.580  5.8   1
      517  27.911178   85.489722    13.387    -3745.7     1152.6      875.6     37.9     50.5     30.5 2023  4 26 21 49 43.120  6.0   1
      518  27.904958   85.460148     9.903    -6657.0      463.4    -2608.1     19.5     37.9     19.8 2023  4 26 21 59 34.660  5.9   1
      519  27.928731   85.507007    12.488    -2043.4     3097.7      -23.0     52.7     38.4     23.4 2023  4 26 22  2 51.880  6.2   1
      520  27.883647   85.611776    14.775     8271.3    -1898.4     2263.7     68.4     68.9     31.0 2023  4 26 22 33 53.160  6.1   1
      521  27.849689   85.626790    14.748     9751.5    -5661.4     2237.2     31.0     70.4     20.6 2023  4 26 22 37  0.520  5.9   1
      523  27.897644   85.489714     8.979    -3746.2     -347.2    -3531.6     26.3     40.6     19.1 2023  4 26 23  8 50.320  6.5   1
      524  27.920229   85.583162    16.020     5453.7     2155.5     3509.2     71.2     36.5     28.6 2023  4 26 23 18 30.160  5.9   1
      525  27.895544   85.515104    11.966    -1246.7     -579.9     -544.9     26.4     37.4     25.2 2023  4 26 23 46 52.400  7.2   1
      526  27.893783   85.517586    12.185    -1002.4     -775.2     -325.6     20.3     33.6     14.6 2023  4 26 23 48 28.280  6.6   1
      527  27.847406   85.673641    16.880    14365.1    -5914.4     4368.7     64.1     58.4     51.6 2023  4 27  0 45 25.240  6.4   1
      528  27.887905   85.521436    13.068     -623.1    -1426.5      556.7     32.4     35.0     24.1 2023  4 27  3 23 45.700  6.5   1
      529  27.893404   85.550293    13.517     2218.0     -817.0     1006.3     48.4     30.5     18.5 2023  4 27  5  1  5.020  6.3   1
      530  27.888949   85.511418    11.850    -1609.9    -1310.7     -661.1     16.1     28.1     18.1 2023  4 27  7 11  2.950  7.1   1
      531  27.871535   85.600968    15.256     7207.5    -3240.5     2745.3     29.9     39.3     18.4 2023  4 27  8  9 22.220  6.7   1
      532  27.893911   85.486011    10.272    -4111.1     -761.0    -2239.3     27.4     28.9     26.5 2023  4 27  8 15 23.100  6.6   1
      533  27.866569   85.658122    17.423    12836.0    -3790.9     4911.9     33.0     38.3     22.0 2023  4 27 10 48 42.570  6.8   1
      535  27.924650   85.497803    12.027    -2949.6     2645.5     -483.7     47.0     36.0     28.4 2023  4 27 12 40 10.730  6.2   1
      536  27.907597   85.438167     7.670    -8821.0      755.7    -4840.6     12.7     25.6     16.9 2023  4 27 14 53 47.420  6.5   1
      537  27.908215   85.437752     7.896    -8862.0      824.3    -4615.0     12.2     19.4     17.3 2023  4 27 14 55  5.000  6.7   1
      538  27.908299   85.438411     7.728    -8796.7      833.5    -4782.9     16.7     26.2     22.1 2023  4 27 14 57  3.050  6.4   1
      539  27.907208   85.435636     7.205    -9070.3      712.6    -5306.4     15.6     31.1     25.5 2023  4 27 15  0 44.490  6.9   1
      540  27.908057   85.440479     7.880    -8593.5      806.6    -4630.5     16.4     31.9     16.9 2023  4 27 15  1 25.450  6.3   1
      541  27.922888   85.515942    14.208    -1164.3     2450.2     1696.9     34.5     44.2     25.4 2023  4 27 15 26 43.410  5.9   1
      542  27.895819   85.508431    11.821    -1903.4     -549.4     -689.6     23.3     36.7     18.3 2023  4 27 16  4  5.920  6.0   1
      543  27.912435   85.554997    17.587     2680.8     1291.9     5076.0     40.0     21.4     18.6 2023  4 27 17  0  3.440  6.2   1
      544  27.874270   85.626807    15.801     9751.5    -2937.4     3289.6     52.2     56.3     32.7 2023  4 27 17  6 20.880  6.1   1
      545  27.892428   85.480021    10.594    -4700.5     -925.2    -1916.5     19.6     35.9     23.2 2023  4 27 17 14 30.020  5.9   1
      546  27.892299   85.487923    10.625    -3922.5     -939.4    -1886.4     17.6     28.7     19.5 2023  4 27 17 34 25.820  6.3   1
      547  27.938324   85.499723    11.840    -2760.5     4161.0     -671.3     32.9     29.8     19.8 2023  4 27 18  1 59.080  6.4   1
      548  27.901310   85.529281    12.977      149.3       59.0      466.0     34.0     40.6     17.3 2023  4 27 19 11 11.960  6.2   1
      549  27.906482   85.454313    11.291    -7231.3      632.3    -1220.2     20.1     39.9     17.6 2023  4 27 19 37  2.640  6.0   1
      550  27.897439   85.497575    11.127    -2972.7     -370.1    -1383.9     17.6     30.5     15.1 2023  4 27 20 34  9.720  6.2   1
      551  27.931374   85.441585    10.052    -8483.6     3390.7    -2458.5     20.1     20.9     22.9 2023  4 27 21 33 57.200  6.4   1
      552  27.932611   85.442920     9.894    -8352.2     3527.8    -2616.6     14.3     22.6     17.0 2023  4 27 21 34 49.720  6.2   1
      553  27.888196   85.598527    14.844     6967.0    -1394.3     2333.3     47.2     48.9     22.2 2023  4 27 21 50 11.440  5.9   1
      554  27.912050   85.594759    16.505     6594.9     1249.3     3993.7     73.2     62.0     18.0 2023  4 27 21 50 32.280  6.0   1
      555  27.861483   85.603784    16.165     7485.0    -4354.5     3654.3     85.9    108.2     41.1 2023  4 27 21 50 38.280  5.9   1
      556  27.914591   85.594702    16.376     6589.9     1530.9     3865.4     72.3     53.4     30.6 2023  4 27 22  3  0.520  5.8   1
      557  27.910984   85.575684    14.442     4717.1     1131.2     1931.3     63.8     57.7     18.0 2023  4 27 22 18 48.100  6.2   1
      558  27.907912   85.505290    11.914    -2212.6      790.7     -596.7     30.2     45.7     23.1 2023  4 27 22 32 44.960  5.8   1
      559  27.902448   85.518001    12.683     -961.3      185.1      172.1     27.3     30.5     13.1 2023  4 27 22 45 23.400  5.9   1
      560  27.886871   85.511426    12.570    -1609.3    -1541.0       58.7     50.5     38.0     31.1 2023  4 27 23 24 43.400  5.7   1
      561  27.886951   85.507674    12.450    -1978.7    -1532.2      -61.3     34.1     36.7     25.2 2023  4 27 23 40 11.960  5.9   1
      562  27.888546   85.506128    11.943    -2130.8    -1355.5     -568.4     28.2     33.8     27.3 2023  4 28  0 12 55.720  6.2   1
      563  27.882489   85.665096    15.550    13521.8    -2026.6     3039.3     48.1     64.7     35.2 2023  4 28  1 16 54.370  6.2   1
      565  27.905147   85.470817    10.349    -5606.4      484.2    -2161.7     28.9     47.9     31.0 2023  4 28  5 18 59.910  6.6   1
      566  27.910069   85.433691     7.025    -9261.4     1029.8    -5485.6     17.8     31.0     31.6 2023  4 28  7 49 19.880  7.1   1
      567  27.892757   85.508870    11.667    -1860.5     -888.9     -844.3     28.7     32.2     29.7 2023  4 28  9 41  8.790  6.4   1
      568  27.933307   85.532658    14.439      481.1     3605.0     1927.6     21.8     69.9     20.0 2023  4 28 10 15 39.060  6.5   1
      569  27.910339   85.478035    10.191    -4895.6     1059.7    -2320.3     22.4     42.6     16.8 2023  4 28 15 35  9.650  6.3   1
      570  27.919220   85.565584    15.871     3722.8     2043.8     3360.4     74.3     47.8     17.6 2023  4 28 16  9 42.590  6.8   1
      571  27.894228   85.526546    12.920     -120.3     -725.8      409.0     33.6     46.7     20.7 2023  4 28 17  3  3.120  6.0   1
      572  27.890167   85.495459    11.609    -3181.2    -1175.7     -901.8     25.1     63.0     28.2 2023  4 28 17 36 45.840  5.9   1
      573  27.893402   85.591333    15.416     6258.2     -817.3     2904.9     75.1     56.8     16.3 2023  4 28 18 37 57.700  6.1   1
      574  27.896926   85.459757     9.542    -6696.0     -426.8    -2969.0     18.9     36.9     21.4 2023  4 28 18 43  9.800  6.1   1
      575  27.914858   85.426294     6.844    -9989.3     1560.3    -5667.2     17.3     42.2     30.9 2023  4 28 19 30 23.540  6.7   1
      577  27.915039   85.574048    15.780     4555.9     1580.5     3268.9     47.0     42.3     14.3 2023  4 28 19 40  2.920  6.2   1
      578  27.913304   85.532064    16.987      423.1     1388.2     4475.9     31.9     28.5     17.2 2023  4 28 20 59 25.600  7.9   1
      579  27.910299   85.534481    17.109      661.0     1055.2     4598.2     39.1     35.1     15.2 2023  4 28 21  0 39.200  6.8   1
      580  27.910282   85.534831    16.911      695.3     1053.4     4400.0     47.2     41.7     21.4 2023  4 28 21 10 30.360  6.3   1
      581  27.921688   85.442782     9.620    -8366.4     2317.4    -2891.0     26.6     41.2     29.5 2023  4 28 21 13 18.180  6.5   1
      582  27.909564   85.524910    12.742     -281.3      973.8      231.3     27.5     44.5     15.9 2023  4 28 21 23 37.700  6.5   1
      583  27.915322   85.557576    16.399     2934.7     1611.7     3888.1    108.0     58.4     28.3 2023  4 28 21 26 32.440  6.3   1
      584  27.931130   85.448511    10.511    -7801.7     3363.6    -1999.7     30.0     65.6     40.7 2023  4 28 22  8 23.240  6.1   1
      585  27.934686   85.502067    13.636    -2530.1     3757.6     1125.4     28.8     56.6     29.6 2023  4 28 22 32 34.020  6.0   1
      586  27.886410   85.582528    14.580     5391.4    -1592.2     2069.4     40.6     38.9     14.9 2023  4 29  1 52  4.580  6.2   1
      587  27.906628   85.510352    11.684    -1714.9      648.5     -827.0     45.0     32.6     30.5 2023  4 29  4 49 30.650  6.3   1
      589  27.887714   85.518245    12.293     -937.8    -1447.6     -218.1     23.3     32.3     18.1 2023  4 29  6 14  1.300  6.3   1
      590  27.893353   85.580957    13.988     5236.7     -822.8     1476.8     76.6     41.9     21.6 2023  4 29  6 53 21.350  6.8   1
      591  27.904783   85.496289    11.668    -3099.0      443.9     -842.8     22.7     30.8     12.8 2023  4 29  9 32 23.600  6.9   1
      592  27.895477   85.509277    12.817    -1820.0     -587.3      306.4     32.2     62.3     31.5 2023  4 29  9 59 47.400  6.8   1
      593  27.887183   85.512817    12.094    -1471.7    -1506.6     -416.8     20.8     33.3     20.5 2023  4 29 12 31 31.060  6.9   1
      594  27.900537   85.563932    14.759     3560.9      -26.6     2248.1     57.0     35.3     19.4 2023  4 29 13  1 54.960  6.3   1
      595  27.894124   85.483236    10.052    -4384.5     -737.3    -2458.8     21.7     29.7     23.7 2023  4 29 13 28 26.930  6.9   1
      596  27.894576   85.479126     9.806    -4789.1     -687.2    -2705.4     26.2     34.5     30.6 2023  4 29 13 28 34.820  6.6   1
      597  27.885297   85.516073    12.538    -1151.5    -1715.6       27.5     21.7     32.7     16.1 2023  4 29 13 29 53.140  6.2   1
      598  27.893951   85.484546    10.369    -4255.1     -756.4    -2142.3     16.0     30.3     17.2 2023  4 29 14  5 47.310  6.0   1
      600  27.888588   85.507446    11.744    -2000.5    -1350.8     -767.3     17.9     23.4     14.1 2023  4 29 14 59 33.080  7.5   1
      601  27.820412   85.691374    17.217    16113.4    -8905.9     4705.7     37.1     38.9     29.1 2023  4 29 16 31  6.820  6.2   1
      602  27.967822   85.557520    12.781     2928.3     7429.8      270.0     59.2     35.6     34.3 2023  4 29 17  0 27.660  5.8   1
      603  27.913326   85.484993    10.846    -4210.9     1390.6    -1664.9     29.6     36.1     22.8 2023  4 29 17 26 24.440  6.8   1
      604  27.893984   85.488778    10.423    -3838.5     -752.8    -2088.4     18.6     24.1     16.5 2023  4 29 17 26 54.100  6.4   1
      605  27.892906   85.488997    10.620    -3817.4     -872.3    -1890.6     20.7     36.0     18.1 2023  4 29 17 28 40.780  6.3   1
      606  27.892806   85.486141    10.435    -4098.5     -883.4    -2075.8     15.1     32.7     14.6 2023  4 29 17 29 55.200  6.1   1
      607  27.888914   85.484285    10.624    -4281.2    -1314.7    -1887.2     23.5     34.0     24.6 2023  4 29 18 15 39.400  6.2   1
      608  27.889878   85.478499    10.051    -4850.8    -1207.7    -2460.1     15.1     25.9     15.5 2023  4 29 18 15 46.660  6.5   1
      609  27.851642   85.694710    13.358    16439.5    -5445.1      846.7     26.9     45.2     26.6 2023  4 29 18 19 47.340  6.1   1
      610  27.910673   85.490592    10.916    -3659.5     1096.6    -1594.6     28.6     30.8     21.1 2023  4 29 18 33 18.580  5.8   1
      611  27.887742   85.541911    13.897     1392.9    -1444.5     1385.8     47.7     38.7     18.6 2023  4 29 18 59 56.300  5.8   1
      612  27.887339   85.551758    12.629     2362.4    -1489.2      118.3     66.5     94.5     27.2 2023  4 29 19  7 27.800  6.1   1
      613  27.832332   85.612646    14.880     8358.9    -7585.0     2368.6     32.9     21.5     17.6 2023  4 29 20  3 51.320  5.9   1
      614  27.908732   85.562939    15.379     3462.9      881.6     2868.0     59.3     56.8     21.6 2023  4 29 20  9 16.240  5.8   1
      615  27.910999   85.492855    11.296    -3437.3     1132.8    -1215.2     18.7     25.6     18.0 2023  4 29 20 28 39.120  6.0   1
      616  27.897363   85.570280    14.298     4185.2     -378.4     1787.2     48.8     37.0     16.5 2023  4 29 20 39  9.360  6.1   1
      617  27.905870   85.508089    11.796    -1936.9      564.4     -714.9     31.8     29.1     16.0 2023  4 29 21 19 23.380  5.7   1
      618  27.944373   85.466398    11.165    -6040.7     4831.1    -1345.8     47.1     49.4     43.1 2023  4 29 22 11 18.800  6.5   1
      619  27.910697   85.494206    11.270    -3303.8     1099.3    -1240.7     20.5     26.2     13.6 2023  4 29 23  8 46.440  6.6   1
      620  27.892175   85.497152    11.045    -3014.3     -953.3    -1465.7     23.3     37.9     20.3 2023  4 29 23 22  1.800  7.5   1
      621  27.863043   85.515967    12.650    -1162.2    -4181.5      139.4     37.5     72.4     26.2 2023  4 29 23 27 49.360  5.9   1
      622  27.941205   85.554525    12.408     2633.5     4480.2     -102.9     26.5     36.7     13.2 2023  4 30  0  3 49.430  6.4   1
      623  27.935801   85.500350    11.572    -2699.0     3881.2     -938.6     21.2     18.9     16.1 2023  4 30  0  6 29.590  6.4   1
      624  27.921861   85.473136     4.222    -5377.9     2336.4    -8289.5     20.9     20.4     49.4 2023  4 30  5 18 46.990  6.2   1
      625  27.890322   85.514591    11.836    -1297.0    -1158.7     -675.0     27.4     27.5     25.7 2023  4 30  5 25  7.690  6.3   1
      626  27.894200   85.487476    10.860    -3966.7     -728.9    -1650.5     22.0     21.0     20.8 2023  4 30  9 31 51.580  6.7   1
      627  27.906665   85.434660     7.092    -9166.1      652.5    -5418.8     27.6     25.9     41.0 2023  4 30  9 34  7.470  6.8   1
      628  27.915446   85.557023    14.223     2880.3     1625.7     1712.2     32.2     31.1     18.8 2023  4 30 10 23 28.600  6.4   1
      629  27.878585   85.537516    13.085      959.7    -2459.3      574.1     41.4     48.7     21.0 2023  4 30 11 41 21.860  6.3   1
      630  27.912581   85.434196     8.502    -9211.7     1308.1    -4008.8     31.0     44.6     41.5 2023  4 30 12 20 40.920  6.5   1
      631  27.905436   85.585465    15.417     5680.6      516.4     2906.4    142.3     84.2     18.9 2023  4 30 14 49 26.950  6.0   1
      632  27.935077   85.522990    13.632     -470.1     3800.9     1121.2     39.3     49.6     24.4 2023  4 30 15  7  2.830  6.0   1
      633  27.930133   85.426408     8.891    -9977.9     3253.1    -3619.1     20.5     18.4     27.0 2023  4 30 15 23 38.700  6.1   1
      634  27.879486   85.551286    13.485     2315.5    -2359.5      973.8     51.3     47.3     23.8 2023  4 30 15 25 39.070  5.8   1
      635  27.914362   85.486393    11.147    -4072.8     1505.4    -1363.5     23.2     35.5     19.3 2023  4 30 15 29 59.280  5.9   1
      636  27.930613   85.424512     8.530   -10164.4     3306.3    -3980.7     21.9     24.5     29.2 2023  4 30 15 45 50.430  6.1   1
      637  27.910701   85.478483     9.352    -4851.7     1099.7    -3158.6     27.7     41.8     27.3 2023  4 30 15 50 37.510  6.2   1
      638  27.900940   85.475065    14.229    -5188.8       18.1     1717.8     24.0     35.5     18.5 2023  4 30 15 59 54.680  6.7   1
      639  27.893113   85.495036    10.713    -3222.8     -849.2    -1798.3     16.1     23.9     12.9 2023  4 30 16 55 10.060  6.0   1
      640  27.894830   85.494230    10.633    -3301.6     -659.0    -1878.3     28.9     50.4     30.1 2023  4 30 16 55 24.760  5.8   1
      641  27.891634   85.501969    11.106    -2539.7    -1013.2    -1405.3     14.7     26.9     13.4 2023  4 30 17  2  6.820  6.0   1
      642  27.893785   85.513241    11.937    -1430.5     -774.8     -572.9     28.3     34.5     15.6 2023  4 30 17 27 14.640  6.8   1
      643  27.899768   85.477075    10.756    -4991.1     -111.8    -1754.5     26.7     35.4     24.9 2023  4 30 17 27 55.080  6.3   1
      644  27.884318   85.549951    13.024     2184.6    -1824.1      513.3     42.2     45.7     19.0 2023  4 30 18 11 12.640  5.9   1
      645  27.915739   85.491138    13.157    -3605.6     1658.1      646.4     47.1     57.5     31.4 2023  4 30 18 24 12.100  6.5   1
      646  27.914583   85.503092    15.951    -2429.3     1529.9     3439.7     54.1     55.3     34.8 2023  4 30 18 29 32.080  5.6   1
      647  27.882576   85.524674    12.775     -304.5    -2017.0      263.6     36.2     41.1     22.7 2023  4 30 18 31 40.360  6.0   1
      648  27.917279   85.425342     9.632   -10083.1     1828.6    -2879.1     23.6     22.9     30.5 2023  4 30 19 22 59.960  6.1   1
      649  27.895500   85.493107    11.309    -3412.2     -584.8    -1201.8     21.6     33.2     19.9 2023  4 30 19 46 15.140  6.0   1
      650  27.896507   85.493188    11.118    -3404.0     -473.3    -1393.3     18.9     34.7     14.7 2023  4 30 20 23  4.460  6.8   1
      651  27.929714   85.414185    11.356   -11180.8     3206.7    -1154.7     38.7     38.8     43.4 2023  4 30 21  3 44.560  6.5   1
      652  27.899522   85.452629    10.291    -7397.9     -139.1    -2220.1     24.3     43.7     20.6 2023  4 30 21 19 26.500  6.0   1
      653  27.899744   85.453353    10.103    -7326.1     -114.5    -2407.8     18.6     45.3     20.6 2023  4 30 21 20 22.980  5.9   1
      654  27.925574   85.518075    15.858     -954.4     2747.9     3347.2     51.6     57.1     32.0 2023  4 30 21 22 18.000  6.1   1
      655  27.874949   85.570955    14.314     4252.7    -2862.1     1803.4     73.3     60.1     22.1 2023  4 30 21 23 17.620  6.1   1
      656  27.926660   85.513940    16.027    -1361.3     2868.3     3515.6     58.7     58.9     33.7 2023  4 30 21 26 43.340  6.0   1
      657  27.904024   85.461353    11.752    -6538.2      359.8     -758.7     21.0     35.8     17.0 2023  4 30 21 36 37.320  5.8   1
      658  27.926402   85.416878    13.317   -10916.3     2839.6      805.7     40.6     29.8     30.8 2023  4 30 21 42 44.440  5.9   1
      659  27.912858   85.488322    11.105    -3883.1     1338.7    -1405.8     17.2     30.5     14.5 2023  4 30 21 47 13.280  5.8   1
      660  27.872373   85.570312    14.060     4188.9    -3147.6     1549.5     54.6     45.0     18.4 2023  4 30 21 50  9.320  5.8   1
      661  27.928695   85.416243    12.080   -10978.3     3093.7     -430.6     36.9     34.0     41.1 2023  4 30 21 59 36.340  6.2   1
      662  27.909031   85.492537    11.187    -3467.9      914.8    -1324.0     18.2     26.4     18.9 2023  4 30 22  0 58.340  5.9   1
      663  27.910103   85.493840    11.161    -3340.5     1033.6    -1350.3     19.8     25.7     19.3 2023  4 30 22  5 11.800  5.8   1
      664  27.897339   85.624870    16.831     9560.5     -381.0     4319.9     43.5     48.4     18.8 2023  4 30 22 13 28.720  6.0   1
      665  27.876052   85.569458    14.143     4105.3    -2739.9     1632.0     70.2     49.7     19.5 2023  4 30 22 37 40.640  6.2   1
      666  27.914170   85.485392    11.114    -4171.8     1484.2    -1396.9     26.2     38.8     21.5 2023  4 30 22 47 59.240  5.8   1
      667  27.926133   85.417350    13.219   -10869.4     2809.8      708.5     42.0     30.8     32.7 2023  4 30 23 17 26.400  6.3   1
      668  27.872304   85.574308    14.105     4582.4    -3155.3     1594.4     65.9     53.3     19.2 2023  5  1  0  7 55.580  6.4   1
      669  27.891278   85.534318    13.394      645.0    -1052.7      883.4     40.7     38.3     25.7 2023  5  1  2 48  0.270  6.7   1
      670  27.890346   85.518376    10.703     -924.7    -1156.0    -1808.1     50.4     32.4     49.3 2023  5  1  2 48 25.050  6.3   1
      671  27.894226   85.512817    11.988    -1471.6     -726.0     -523.2     39.2     48.3     36.1 2023  5  1  2 55  7.810  6.6   1
      672  27.871712   85.654858    15.403    12514.0    -3221.0     2892.5     41.6     51.4     38.5 2023  5  1  4 55 58.860  6.7   1
      673  27.925124   85.494556     9.216    -3269.2     2698.1    -3294.5     41.6     43.0     30.6 2023  5  1 12 17 14.570  6.6   1
      674  27.893921   85.522559    14.076     -512.6     -759.9     1564.9     34.8     48.8     19.5 2023  5  1 13 23 40.100  6.8   1
      675  27.894407   85.514388    11.128    -1317.3     -706.0    -1382.9     22.2     29.5     23.9 2023  5  1 13 45 16.870  6.1   1
      676  27.924249   85.477555     4.421    -4942.7     2601.2    -8090.1     17.2     14.2     45.2 2023  5  1 15  6 22.680  6.5   1
      677  27.891457   85.516992    11.183    -1060.7    -1032.8    -1327.8     21.6     27.2     15.3 2023  5  1 15 10 30.180  6.1   1
      678  27.900767   85.525317    12.806     -241.1       -1.2      295.0     27.6     33.5     17.5 2023  5  1 15 44  5.200  6.0   1
      679  27.924443   85.478174     3.885    -4882.4     2622.5    -8626.1     16.8     17.9     39.0 2023  5  1 16  7 30.370  6.1   1
      680  27.925258   85.546916    16.264     1885.0     2712.9     3752.9     67.9     36.0     27.1 2023  5  1 16 21 12.110  6.8   1
      681  27.882973   85.520565    12.830     -709.0    -1972.9      319.4     30.5     42.0     13.5 2023  5  1 16 50  4.320  6.1   1
      682  27.913243   85.469450     9.929    -5741.5     1381.3    -2581.7     27.7     44.2     25.2 2023  5  1 17  4 39.800  5.9   1
      683  27.875822   85.569076    14.435     4067.2    -2765.4     1923.7     95.5     96.0     22.8 2023  5  1 18 28 15.000  5.9   1
      684  27.891895   85.501107    11.442    -2624.8     -984.3    -1068.9     26.5     27.7     17.2 2023  5  1 18 38 40.520  6.2   1
      685  27.915145   85.445996    12.025    -8050.3     1592.2     -486.1     26.9     43.2     24.6 2023  5  1 18 47 52.100  6.1   1
      686  27.893844   85.478166     9.673    -4883.3     -768.3    -2837.9     14.2     29.1     11.1 2023  5  1 19 44  7.380  6.5   1
      687  27.902262   85.492033    10.664    -3517.7      164.5    -1846.9     23.9     27.4     15.8 2023  5  1 20 29 54.600  6.3   1
      688  27.898966   85.526628    13.465     -111.8     -200.6      953.8     32.1     46.0     17.5 2023  5  1 20 30 45.440  5.9   1
      689  27.835124   85.616707    14.554     8758.7    -7275.5     2043.4     21.4     14.2     14.2 2023  5  1 20 46 41.520  5.8   1
      690  27.837486   85.666528    15.507    13665.3    -7013.9     2996.1     34.5     32.3     24.0 2023  5  1 20 50 38.920  6.0   1
      691  27.891223   85.536816    13.657      890.8    -1058.9     1146.4     48.9     38.1     15.8 2023  5  1 20 59 57.000  6.4   1
      692  27.888855   85.538306    14.142     1037.7    -1321.2     1631.5     37.9     43.5     19.8 2023  5  1 21  3 46.880  5.8   1
      693  27.891125   85.537915    13.817      999.5    -1069.7     1305.7     30.1     31.7     13.2 2023  5  1 21  6 17.820  5.7   1
      694  27.914207   85.475098    10.578    -5184.7     1488.4    -1932.5     29.2     61.2     27.8 2023  5  1 21 21  2.880  5.8   1
      695  27.924546   85.587410    16.033     5871.7     2634.1     3521.7    119.8     60.9     18.5 2023  5  1 22 32  3.120  6.3   1
      697  27.892139   85.580778    13.064     5219.0     -957.2      553.0    105.7    154.5     29.1 2023  5  1 23  4 21.140  6.2   1
      698  27.919283   85.424398     9.979   -10176.0     2050.7    -2531.5     25.9     24.4     31.8 2023  5  1 23 53  9.140  6.3   1
      699  27.916140   85.522550    12.456     -513.5     1702.5      -55.5     24.0     37.8     19.0 2023  5  2  0  0  2.590  6.6   1
      701  27.937701   85.672306    14.072    14228.0     4091.8     1561.0     24.7     28.0     18.8 2023  5  2  2 45 37.750  6.2   1
      703  27.918943   85.419751     9.528   -10633.6     2013.1    -2983.0     23.7     20.6     37.0 2023  5  2  5 56 29.500  6.3   1
      704  27.913462   85.473983     9.561    -5294.8     1405.8    -2949.8     29.3     32.4     25.4 2023  5  2  9 33  6.520  6.7   1
      705  27.918807   85.438338    12.585    -8804.0     1998.0       73.6     21.6     56.5     29.3 2023  5  2 13 47 22.590  6.1   1
      706  27.895296   85.494564    11.680    -3269.4     -607.4     -830.7     25.3     55.7     25.9 2023  5  2 14 20 54.930  6.0   1
      707  27.955994   85.461287    13.086    -6543.4     6119.0      574.7     40.0     50.5     33.9 2023  5  2 14 49 23.640  7.3   1
      708  27.850478   85.650358    15.262    12072.5    -5574.0     2750.9     39.0     32.9     29.4 2023  5  2 15  2 31.640  6.2   1
      709  27.876573   85.577555    14.324     4902.6    -2682.3     1812.6     66.7     52.1     23.6 2023  5  2 15 36 30.280  6.0   1
      710  27.893113   85.638070    16.391    10860.1     -849.3     3879.8     64.2     70.2     37.5 2023  5  2 16 45 54.930  6.0   1
      711  27.832092   85.625366    14.490     9612.2    -7611.4     1978.6     19.7     17.3     14.0 2023  5  2 17  2 13.980  6.1   1
      712  27.911721   85.592261    15.941     6349.4     1212.7     3429.9    183.6    117.7     20.4 2023  5  2 17  4 56.980  7.6   1
      713  27.913438   85.579639    16.088     5106.7     1403.1     3577.1     54.0     37.8     17.4 2023  5  2 17  7 48.780  5.9   1
      714  27.833173   85.626286    14.330     9702.4    -7491.7     1818.5     23.7     28.6     17.3 2023  5  2 17  9  3.720  6.0   1
      715  27.833293   85.623454    14.615     9423.6    -7478.5     2104.5     26.2     16.6     15.7 2023  5  2 17 26 52.840  6.0   1
      716  27.834585   85.621525    14.811     9233.4    -7335.2     2300.2     26.3     33.6     15.2 2023  5  2 17 40 37.920  6.2   1
      717  27.902907   85.472933    10.184    -5398.7      236.2    -2327.2     26.4     51.1     23.8 2023  5  2 18 18 36.920  6.3   1
      718  27.893888   85.471069    11.123    -5582.5     -763.5    -1387.7     33.9     62.5     32.5 2023  5  2 18 38 48.360  5.8   1
      719  27.908836   85.455233    11.291    -7140.6      893.0    -1219.8     19.7     31.0     20.7 2023  5  2 19 39 57.680  6.1   1
      720  27.902358   85.456803    10.454    -6986.5      175.2    -2057.2     20.7     40.8     28.2 2023  5  2 20 11  5.480  5.9   1
      721  27.836969   85.620475    15.179     9130.2    -7071.0     2668.4     43.0     32.6     35.1 2023  5  2 20 22  4.720  5.8   1
      722  27.919078   85.420931     9.647   -10517.1     2028.1    -2863.9     23.5     17.0     26.4 2023  5  2 21  6 26.040  6.6   1
      723  27.919065   85.421509     9.785   -10460.4     2026.7    -2726.2     19.4     19.5     30.4 2023  5  2 21 25  0.520  6.7   1
      725  27.908588   85.453451    11.828    -7316.1      865.5     -683.0     19.1     35.7     15.6 2023  5  2 23 35 25.080  6.2   1
      726  27.931419   85.508634    12.836    -1883.4     3395.7      324.7     59.8     72.8     27.1 2023  5  2 23 49  2.820  6.1   1
      727  27.891848   85.518148    13.012     -947.3     -989.6      501.3     35.4     44.1     22.5 2023  5  3  0 31 11.770  6.2   1
      728  27.926080   85.484497     9.736    -4259.2     2804.1    -2775.1     22.6     20.3     19.3 2023  5  3  3 38 25.280  8.1   1
      729  27.926300   85.478857     9.621    -4814.5     2828.3    -2890.3     26.2     27.8     26.6 2023  5  3  3 40 21.110  6.2   1
      730  27.926137   85.484123     9.754    -4296.5     2810.3    -2757.1     20.1     26.5     19.9 2023  5  3  3 40 36.050  6.5   1
      731  27.926072   85.481494     9.739    -4555.1     2803.1    -2771.7     31.6     24.2     30.0 2023  5  3  3 40 58.890  6.5   1
      732  27.887433   85.519621    13.025     -802.2    -1478.8      514.2     32.6     37.5     23.8 2023  5  3  6 27 10.020  6.7   1
      733  27.907416   85.455770    12.328    -7088.4      735.7     -182.9     33.5     50.7     23.3 2023  5  3 15  3 17.300  6.2   1
      734  27.932843   85.526172    13.897     -157.1     3553.5     1386.5     45.9     42.9     21.5 2023  5  3 16 32  2.720  6.0   1
      735  27.926017   85.454338    12.020    -7228.1     2797.2     -491.4     24.8     43.3     25.8 2023  5  3 16 40 55.420  6.0   1
      736  27.935317   85.436149     9.894    -9018.7     3827.7    -2616.8     14.9     22.9     18.7 2023  5  3 17  0  9.220  6.4   1
      737  27.912935   85.507894    12.134    -1956.3     1347.3     -376.8     29.3     33.4     24.2 2023  5  3 20 41 15.660  5.6   1
      738  27.907056   85.442692     8.714    -8375.3      695.8    -3797.4     16.3     33.5     25.6 2023  5  3 21  8 51.000  6.1   1
      739  27.964252   85.552734    13.023     2457.0     7034.0      512.3     54.6     36.8     33.8 2023  5  3 21 56 41.100  5.7   1
      740  27.915619   85.462769    10.150    -6399.0     1644.7    -2360.7     20.0     40.5     19.9 2023  5  3 23  5 15.760  6.6   1
      741  27.931215   85.474829     9.780    -5211.2     3373.1    -2730.7     28.9     44.0     34.7 2023  5  3 23 31 31.000  6.4   1
      742  27.891406   85.497982    11.197    -2932.7    -1038.4    -1313.6     21.1     26.4     15.1 2023  5  4  0 18 49.790  6.3   1
      743  27.832863   85.704785    14.356    17433.3    -7526.1     1844.9     51.0     79.1     50.6 2023  5  4  1  8 54.230  6.6   1
      744  27.893575   85.490991    15.196    -3620.7     -798.2     2684.6     47.4     48.8     30.5 2023  5  4  1 25 55.380  6.6   1
      745  27.880265   85.557609     9.653     2938.4    -2273.0    -2857.9     78.8     71.6     27.1 2023  5  4  1 28 41.500  6.5   1
      746  27.906755   85.449788     9.517    -7677.3      662.4    -2994.3     18.3     38.9     20.4 2023  5  4  1 52 49.870  6.5   1
      747  27.904018   85.432878     6.872    -9342.1      359.1    -5639.1     20.5     32.8     27.6 2023  5  4  1 55 15.460  6.5   1
      748  27.896193   85.466016    14.147    -6079.4     -508.0     1635.9     29.0     42.5     21.9 2023  5  4  3 15 41.850  7.6   1
      749  27.896177   85.466650    14.193    -6016.9     -509.8     1681.6     19.8     38.9     19.6 2023  5  4  4 16 12.930  7.3   1
      750  27.909452   85.539665    12.899     1171.6      961.3      387.8     39.8     34.4     18.0 2023  5  4  7 21  1.830  7.2   1
      752  27.922066   85.561003    14.808     3271.7     2359.2     2296.8     83.4     56.5     23.8 2023  5  4  8 53 36.110  7.0   1
      753  27.898167   85.590837    14.884     6209.1     -289.4     2373.2     79.7     35.1     17.5 2023  5  4 13 50 45.540  5.9   1
      754  27.897581   85.585758    15.066     5709.7     -354.3     2554.6     46.6     34.9     17.9 2023  5  4 14 38 42.960  6.1   1
      755  27.881537   85.526742    13.225     -101.3    -2132.2      714.2     28.0     36.9     11.9 2023  5  4 14 58 30.300  6.2   1
      756  27.901184   85.597827    15.640     6897.3       45.1     3128.9     69.8     66.4     27.8 2023  5  4 15 45 24.980  6.2   1
      757  27.901929   85.464632    12.069    -6215.9      127.5     -442.2     29.3     32.3     23.8 2023  5  4 18  6 24.220  6.1   1
      759  27.905029   85.537378    13.328      946.6      471.3      817.1     61.0     49.9     25.7 2023  5  4 18 48 15.180  5.9   1
      760  27.917334   85.592887    15.939     6410.4     1834.8     3428.5     69.1     78.7     17.4 2023  5  4 18 49 27.040  6.5   1
      761  27.917975   85.581095    15.231     5250.0     1905.9     2719.8     64.5     55.4     19.1 2023  5  4 19  4 51.660  5.9   1
      762  27.889052   85.515706    12.033    -1187.8    -1299.4     -478.4     20.5     29.5     15.6 2023  5  4 19 23 51.880  6.8   1
      763  27.826780   85.651831    15.962    12218.6    -8200.3     3451.0     71.5     78.5     45.1 2023  5  4 19 51 56.600  7.6   1
      764  27.915446   85.589038    15.965     6032.2     1625.5     3453.6     55.4     36.2     19.4 2023  5  4 19 55  1.400  6.3   1
      765  27.913867   85.608244    16.625     7922.5     1450.7     4114.4     54.3     50.9     20.7 2023  5  4 19 55 10.440  6.2   1
      766  27.901558   85.496248    11.769    -3102.9       86.7     -741.8     25.0     49.1     24.9 2023  5  4 20  8 40.000  6.2   1
      768  27.897892   85.534302    12.777      643.1     -319.6      266.4     31.2     30.1     17.6 2023  5  4 21 35 31.160  7.0   1
      769  27.896596   85.536930    12.912      902.2     -463.3      401.4     37.7     27.5     19.3 2023  5  4 21 35 58.300  6.2   1
      770  27.897687   85.535815    12.852      792.1     -342.5      341.0     40.9     26.2     16.6 2023  5  4 21 36 42.420  6.2   1
      771  27.894069   85.537956    12.996     1003.0     -743.3      485.2     32.5     27.3     13.4 2023  5  4 21 40 46.280  6.2   1
      772  27.886298   85.517969    12.577     -964.5    -1604.7       65.8     23.8     27.0     15.0 2023  5  4 21 50  5.700  5.9   1
      773  27.833761   85.621924    14.439     9273.1    -7426.7     1928.3     25.0     20.6     12.3 2023  5  4 21 53 32.520  5.8   1
      774  27.900690   85.568034    14.077     3964.5       -9.7     1566.0     66.3     47.0     13.6 2023  5  4 21 56 56.200  6.3   1
      775  27.930841   85.493815    12.592    -3341.9     3331.6       80.6     31.3     34.2     18.8 2023  5  4 22 25  2.000  6.2   1
      776  27.899162   85.484904    10.983    -4219.8     -179.1    -1528.1     17.4     27.3     15.8 2023  5  4 22 27  5.120  6.1   1
      777  27.898458   85.488078    11.380    -3907.3     -257.1    -1131.2     17.7     32.4     16.9 2023  5  4 22 27 17.040  5.9   1
      778  27.882603   85.540316    13.225     1235.8    -2014.0      713.9     39.9     25.0     14.9 2023  5  4 23 34  6.840  6.0   1
      779  27.911947   85.460514     9.658    -6620.5     1237.8    -2852.8     26.9     56.2     28.7 2023  5  4 23 45 53.480  6.4   1
      780  27.907107   85.462410     9.332    -6434.3      701.4    -3179.3     25.7     39.3     26.7 2023  5  5  0 28 28.030  6.7   1
      781  27.883940   85.653768    16.920    12406.0    -1865.8     4409.2     66.1     88.8     43.0 2023  5  5  2 54 24.620  6.9   1
      782  27.912738   85.544808    14.908     1677.4     1325.4     2397.2     51.2     30.2     22.4 2023  5  5  2 56 15.930  6.4   1
      783  27.899188   85.548763    13.441     2066.8     -176.1      929.8     56.4     45.9     20.0 2023  5  5  4 23 58.950  6.2   1
      784  27.907200   85.434668     6.850    -9165.4      711.7    -5660.5     13.1     20.9     22.3 2023  5  5  8 10 23.940  7.6   1
      785  27.906643   85.433952     6.737    -9236.4      650.0    -5774.0     16.8     28.2     24.0 2023  5  5  8 13 39.510  7.4   1
      786  27.907654   85.438338     7.670    -8804.1      762.0    -4841.1     16.6     30.5     26.8 2023  5  5  8 33 21.010  7.5   1
      788  27.908594   85.439714     7.776    -8668.7      866.2    -4735.4     15.5     28.3     21.0 2023  5  5 14  0 13.430  6.7   1
      789  27.919731   85.498926    12.139    -2839.4     2100.3     -371.9     41.4     39.3     28.6 2023  5  5 14 36 55.080  6.5   1
      790  27.896100   85.508439    11.803    -1902.8     -518.2     -708.2     26.6     44.7     15.5 2023  5  5 15 20 58.590  6.0   1
      791  27.896533   85.510474    11.715    -1702.8     -470.4     -796.5     20.5     31.4     16.7 2023  5  5 15 22 47.150  6.4   1
      792  27.896749   85.514909    11.972    -1265.6     -446.4     -538.5     43.8     48.5     25.9 2023  5  5 15 24 48.110  6.3   1
      793  27.920782   85.441007     9.361    -8540.8     2217.0    -3150.4     21.5     47.6     26.7 2023  5  5 15 48 20.750  6.1   1
      794  27.834383   85.621533    14.406     9234.7    -7357.5     1894.7     25.7     15.0     18.2 2023  5  5 16 16  6.460  6.1   1
      795  27.911707   85.623470    15.889     9421.5     1211.1     3378.4     34.0     45.9     20.1 2023  5  5 16 30 31.160  6.3   1
      796  27.907414   85.444808     8.589    -8167.1      735.4    -3922.1     18.7     28.9     21.9 2023  5  5 17 27 46.760  6.3   1
      797  27.906940   85.444743     8.624    -8173.5      682.9    -3886.8     23.5     33.9     24.5 2023  5  5 17 29 45.540  6.2   1
      798  27.907753   85.443156     8.200    -8330.1      773.2    -4310.6     16.9     38.1     28.5 2023  5  5 17 30 51.040  6.1   1
      799  27.917784   85.518009    12.334     -960.6     1884.6     -177.2     22.9     31.7     17.3 2023  5  5 17 43 27.320  6.1   1
      800  27.887756   85.500195    11.548    -2714.6    -1442.9     -962.8     28.6     31.2     13.8 2023  5  5 17 48 24.400  6.1   1
      801  27.918571   85.518587    12.479     -903.8     1972.0      -31.7     24.8     35.0     16.5 2023  5  5 17 49 35.940  6.1   1
      802  27.929134   85.595589    14.044     6676.0     3142.5     1533.5     42.6     18.7     15.5 2023  5  5 18  0 32.880  5.8   1
      803  27.939126   85.522624    11.097     -506.5     4249.6    -1413.9     14.5     20.6     13.5 2023  5  5 19 58  6.580  6.4   1
      804  27.880868   85.666203    16.253    13630.5    -2206.4     3741.9     47.3     63.2     34.3 2023  5  5 21 10 44.040  6.5   1
      805  27.942839   85.544206    11.504     1617.8     4661.2    -1007.2     19.1     40.7      8.2 2023  5  5 21 12 42.200  5.8   1
      806  27.906681   85.452466    10.039    -7413.0      654.4    -2472.3     25.2     42.5     28.0 2023  5  5 21 44 21.280  6.0   1
      807  27.911412   85.443823     7.973    -8263.6     1178.6    -4537.6     25.1     66.6     31.9 2023  5  5 21 44 58.720  6.3   1
      808  27.934977   85.525106    11.414     -262.0     3790.0    -1097.3     43.6     60.5     20.4 2023  5  5 21 58 17.280  5.9   1
      809  27.918408   85.600016    16.369     7112.4     1953.8     3857.6     60.4     68.2     16.5 2023  5  5 22 51  9.360  6.2   1
      810  27.889207   85.504541    11.616    -2286.4    -1282.3     -895.1     19.6     32.0     22.4 2023  5  5 23  7 54.680  6.0   1
      811  27.935933   85.423966     9.806   -10218.0     3896.0    -2705.3     38.3     31.0     39.0 2023  5  6  1 42 21.130  6.4   1
      812  27.906930   85.562630    18.791     3432.3      681.9     6280.4     37.8     42.2     13.0 2023  5  6 10 16 40.750  7.0   1
      813  27.901015   85.574609    18.735     4611.5       26.4     6224.3     46.8     36.9     14.2 2023  5  6 10 47 28.780  6.6   1
      814  27.898667   85.527214    13.897      -54.3     -233.8     1386.4     41.7     37.9     19.5 2023  5  6 11 15 37.390  6.5   1
      815  27.904409   85.568758    18.733     4035.2      402.4     6221.7     24.5     36.4     10.4 2023  5  6 12 49 51.040  6.5   1
      816  27.903461   85.495117    11.254    -3214.3      297.3    -1256.6     25.7     28.5     17.1 2023  5  6 13 22 30.170  6.8   1
      817  27.913763   85.587020    16.115     5833.3     1439.1     3604.3     38.8     29.9     13.7 2023  5  6 13 51 55.420  6.3   1
      818  27.912671   85.512451    12.346    -1507.6     1317.9     -164.5     24.8     25.9     16.9 2023  5  6 15  8  2.500  7.3   1
      819  27.909170   85.506364    12.658    -2107.3      930.1      146.8     33.0     32.2     27.9 2023  5  6 15  8 15.650  6.7   1
      820  27.875946   85.590780    14.973     6204.6    -2751.7     2461.7     39.0     51.9     14.2 2023  5  6 16 11  6.120  6.5   1
      821  27.876367   85.591162    15.035     6242.1    -2705.0     2523.8     40.0     53.9     16.9 2023  5  6 18  2 58.120  6.7   1
      822  27.946779   85.521712     9.911     -595.9     5097.8    -2600.1     23.5     37.1     18.8 2023  5  6 19 27 23.840  6.0   1
      823  27.892474   85.509896    11.635    -1759.2     -920.2     -875.9     20.2     34.6     12.7 2023  5  6 20 41 31.120  6.0   1
      824  27.877704   85.566357    14.395     3799.9    -2557.0     1884.0     56.1     38.6     25.4 2023  5  6 22 23 46.720  5.9   1
      825  27.899296   85.518652    13.506     -897.5     -164.1      994.6     30.4     40.5     16.9 2023  5  6 22 26 47.800  6.0   1
      826  27.892102   85.528792    13.918      101.1     -961.4     1407.4     27.1     82.6     19.4 2023  5  6 23 32 51.360  6.1   1
      827  27.874225   85.553011    13.397     2485.7    -2942.4      885.8     58.7     79.3     41.5 2023  5  6 23 33 34.660  6.0   1
      828  27.882727   85.539648    13.082     1170.2    -2000.3      571.3     38.9     36.8     16.8 2023  5  6 23 35 49.580  6.2   1
      829  27.857202   85.573885    13.524     4541.0    -4828.9     1012.7     83.3     72.7     50.1 2023  5  7  1 10 16.860  6.3   1
      830  27.911574   85.565340    18.711     3698.8     1196.6     6200.5     45.1     53.0     15.0 2023  5  7  6  9 50.070  6.7   1
      831  27.898063   85.583976    17.842     5533.8     -300.8     5330.6     62.8     74.7     34.5 2023  5  7  8 19 50.670  6.4   1
      832  27.835382   85.669930    14.119    14000.3    -7247.0     1608.1     25.3     25.7     18.3 2023  5  7 10 34 55.970  7.0   1
      833  27.908207   85.569963    17.719     4154.1      823.4     5208.0     51.5     79.4     17.0 2023  5  7 13 33 19.710  6.5   1
      834  27.888977   85.514681    12.569    -1288.3    -1307.7       58.5     29.3     33.6     12.2 2023  5  7 14 36 33.630  6.2   1
      835  27.884845   85.530607    12.828      279.3    -1765.6      316.8     25.8     29.7     15.0 2023  5  7 16 23 20.390  6.2   1
      836  27.876683   85.684790    14.883    15461.3    -2670.1     2371.7     67.8     63.6     42.8 2023  5  7 17 22 40.800  6.0   1
      837  27.891463   85.519629    13.181     -801.3    -1032.2      670.1     16.2     31.9     11.8 2023  5  7 17 52 37.020  6.4   1
      838  27.954793   85.519686    10.584     -795.3     5986.0    -1926.9     26.1     26.0     26.1 2023  5  7 19 42 56.160  6.4   1
      839  27.901530   85.623397    16.926     9414.8       83.5     4415.2     27.2     46.1     11.4 2023  5  7 20 40 33.120  6.2   1
      840  27.904161   85.618424    16.575     8925.0      374.8     4064.3     25.8     50.6     10.5 2023  5  7 20 40 39.280  6.5   1
      841  27.930088   85.624609    16.835     9533.4     3248.1     4324.3     48.2    180.1     19.4 2023  5  7 21 44  8.860  6.9   1
      842  27.879177   85.554085    14.879     2591.4    -2393.7     2368.0     66.1     64.2     28.6 2023  5  7 22 37 35.500  6.1   1
      843  27.872774   85.553833    14.756     2566.3    -3103.3     2245.4     50.5     44.4     25.3 2023  5  7 23 27 15.560  6.1   1
      844  27.882109   85.611230    15.502     8217.5    -2068.9     2991.2     96.1     72.6     34.4 2023  5  7 23 51  5.160  6.2   1
      845  27.879775   85.555249    14.634     2705.7    -2327.4     2123.5     53.9     51.4     25.0 2023  5  7 23 53 41.360  6.1   1
