        1  27.892922   85.469287     7.917    -5757.7     -870.4    -4594.5    108.2    104.9    147.9 2023  4 10 11 32 18.620  8.8   1
        2  27.904659   85.463582    11.880    -6319.1      430.2     -630.8    182.3    226.3    151.8 2023  4 10 14 12 29.930  6.3   1
        3  27.916479   85.489657    11.959    -3752.1     1740.1     -552.1    110.1    106.8     93.6 2023  4 10 17 27 54.200  6.1   1
        4  27.886700   85.530892    12.908      307.8    -1559.9      396.5    104.1     94.3     48.7 2023  4 10 19 50 38.000  6.1   1
        5  27.932229   85.501750    14.211    -2561.1     3485.4     1699.8    175.4     90.9    112.4 2023  4 10 19 58 21.080  6.2   1
        6  27.959432   85.476668    14.810    -5029.7     6500.0     2299.1    176.7    166.1    124.3 2023  4 10 20  5 25.720  6.3   1
        7  27.872319   85.585465    13.824     5681.2    -3153.8     1312.6    184.4    159.1     66.2 2023  4 10 22  6 43.320  5.8   1
        8  27.876080   85.556323    13.913     2811.7    -2736.8     1402.0    228.4    166.2     54.9 2023  4 10 22 34 49.500  5.9   1
        9  27.939087   85.515234    12.118    -1233.3     4245.4     -393.4    222.4    122.3    144.1 2023  4 10 23 22  9.540  5.9   1
       10  27.903825   85.472274    11.794    -5463.6      337.8     -716.9    194.7    209.2    148.3 2023  4 10 23 23 29.000  6.0   1
       11  27.958944   85.462858    13.336    -6388.8     6445.8      825.3    176.2    232.1    147.8 2023  4 11  1  3 49.830  6.7   1
       12  27.890635   85.522404    11.941     -527.8    -1124.0     -569.8    123.4    118.1     93.7 2023  4 11  2 20 47.920  6.2   1
       13  27.884741   85.552482    14.647     2433.1    -1777.0     2135.8    278.5    103.5    116.3 2023  4 11  3  9 13.450  6.5   1
       14  27.877885   85.606266    15.565     7729.6    -2536.9     3053.7    201.8    124.0     86.2 2023  4 11  6  0  3.760  6.7   1
       15  27.901471   85.618140    16.983     8897.0       76.8     4471.8    204.3    126.8     84.8 2023  4 11  7 17 13.530  6.7   1
       16  27.928137   85.486938     9.932    -4018.9     3032.0    -2578.8     93.2    107.9     96.0 2023  4 11 12 31  5.990  6.3   1
       17  27.924821   85.473771    10.002    -5315.4     2664.4    -2509.0     83.8    110.6     92.9 2023  4 11 12 55 14.380  6.3   1
       18  27.902425   85.544474    13.412     1644.6      182.6      901.5    168.9     91.6     67.7 2023  4 11 15 16  7.990  5.8   1
       19  27.886481   85.515169    11.546    -1240.1    -1584.3     -965.2    155.0     87.0    126.6 2023  4 11 17 31 50.160  6.0   1
       20  27.887962   85.527653    12.129      -11.1    -1420.1     -382.2    138.7    107.8     99.2 2023  4 11 17 31 57.600  6.0   1
       21  27.886405   85.531803    12.419      397.7    -1592.5      -92.4    125.4    110.2     99.4 2023  4 11 17 32  8.400  6.2   1
       22  27.904500   85.471094    10.561    -5579.2      412.7    -1949.6     84.2    147.3     83.9 2023  4 11 18 16 33.160  6.2   1
       23  27.904832   85.498307    11.374    -2900.4      449.4    -1137.4    122.7    128.2     93.5 2023  4 11 18 48 37.960  5.9   1
       24  27.928597   85.504248    12.863    -2315.1     3083.0      352.3    213.3    149.7    111.7 2023  4 11 19 38 40.800  5.8   1
       25  27.900836   85.527287    12.699      -47.4        6.6      187.9    102.3    106.2     58.5 2023  4 11 20 30 42.160  6.1   1
       26  27.927201   85.536800    12.315      889.4     2928.2     -195.5    214.7    127.1     90.1 2023  4 11 22 39 43.300  5.9   1
       27  27.915175   85.524341    13.923     -337.3     1595.5     1411.9    177.3    142.1    110.1 2023  4 11 23  9 10.720  7.1   1
       28  27.921472   85.430591     9.314    -9566.4     2293.3    -3196.6     63.6    126.9     96.9 2023  4 12  1  7 45.370  6.6   1
       29  27.863818   85.639884    17.616    11040.3    -4095.8     5105.2    202.1    157.3    122.8 2023  4 12  1 15 21.170  6.1   1
       30  27.908698   85.515438    12.809    -1213.5      877.7      297.6    120.2    177.2    114.7 2023  4 12  1 49 35.690  6.3   1
       31  27.882186   85.633138    14.415    10374.8    -2060.2     1903.7    160.0     96.5     84.6 2023  4 12  5 14 27.720  6.3   1
       32  27.881718   85.585636    15.537     5697.8    -2112.1     3026.3    184.1    143.0     76.9 2023  4 12 12  5 45.330  6.3   1
       33  27.889343   85.506055    11.705    -2137.6    -1267.0     -806.0    107.1     89.8    103.3 2023  4 12 16 36  1.350  6.0   1
       34  27.911344   85.512769    13.961    -1476.4     1171.0     1450.2    134.2    192.4     69.9 2023  4 12 17 13 48.160  6.0   1
       35  27.908266   85.513493    13.991    -1405.6      829.9     1479.8    131.2    154.5     65.5 2023  4 12 17 57 18.280  6.1   1
       36  27.895866   85.518905    13.068     -872.5     -544.3      557.4    149.7    225.5    117.1 2023  4 12 18 12  2.600  6.0   1
       37  27.887262   85.483797    12.587    -4328.9    -1497.8       75.6    118.7    194.6    127.1 2023  4 12 18 35 42.860  6.0   1
       38  27.912787   85.575985    14.403     4746.5     1330.8     1892.1    237.4    127.2     76.2 2023  4 12 18 36 26.600  6.1   1
       39  27.898651   85.555094    13.592     2690.4     -235.6     1081.2    178.1    104.0     57.8 2023  4 12 18 41 36.900  7.6   1
       40  27.898688   85.560783    13.787     3250.5     -231.5     1276.5    139.8    112.4     60.2 2023  4 12 18 45 58.760  6.3   1
       41  27.906177   85.486808    11.875    -4032.4      598.4     -635.5    111.8    190.8    103.3 2023  4 12 20  2 25.800  6.2   1
       42  27.901532   85.530314    12.432      250.7       83.6      -78.9     88.9    120.7     65.5 2023  4 12 20 17 30.280  6.0   1
       43  27.898800   85.620614    16.499     9141.3     -219.1     3987.8    181.1    177.9     61.2 2023  4 12 20 22 13.040  6.6   1
       44  27.893646   85.458838     9.869    -6786.4     -790.3    -2642.2     55.2     97.4     59.9 2023  4 12 21 16 24.520  6.6   1
       45  27.887170   85.484017    12.512    -4307.5    -1507.9        1.3    119.1    149.2    121.4 2023  4 12 21 22  8.580  5.8   1
       46  27.933655   85.439429     8.360    -8696.0     3643.4    -4151.1     51.2     73.3     91.9 2023  4 12 21 41 28.680  6.9   1
       47  27.932131   85.431795    12.630    -9447.3     3474.6      119.3     88.7    146.7     83.6 2023  4 12 21 46 33.260  6.2   1
       48  27.914679   85.530623    12.697      281.5     1540.5      185.8    115.5    129.2     73.3 2023  4 12 21 49 55.280  5.7   1
       49  27.917051   85.441683     9.498    -8474.9     1803.4    -3013.3     78.3     88.4     88.9 2023  4 12 22  2 13.840  6.5   1
       50  27.909898   85.450374     9.525    -7619.1     1010.8    -2985.7     90.4    104.0    106.5 2023  4 12 22 33 39.000  6.3   1
       51  27.888788   85.479053    12.002    -4796.2    -1328.5     -509.3    111.1    135.3    117.9 2023  4 12 23  2 10.360  5.9   1
       52  27.909705   85.479899    11.997    -4712.2      989.3     -513.7     81.1    145.9     70.7 2023  4 12 23  4  9.880  6.0   1
       53  27.893418   85.459424     9.975    -6728.5     -815.5    -2536.0     45.3     96.4     41.8 2023  4 12 23  6 22.340  7.5   1
       54  27.885657   85.520492    10.867     -716.4    -1675.7    -1643.6     98.6    141.0     90.7 2023  4 12 23 28 10.000  5.8   1
       55  27.954954   85.511833    10.800    -1568.4     6003.8    -1711.0    106.3    117.4     83.3 2023  4 13  0 19  6.560  6.2   1
       56  27.906057   85.477840     8.425    -4915.0      585.0    -4085.6    125.0     87.7    121.1 2023  4 13  4 13 48.700  6.4   1
       57  27.872178   85.569344    13.967     4093.6    -3169.3     1455.9    262.2    193.2    103.3 2023  4 13  5 40 43.430  6.2   1
       58  27.894413   85.568669    15.056     4027.3     -705.1     2545.4    247.0    110.1     72.3 2023  4 13 11 30 29.430  6.0   1
       59  27.947172   85.416536     7.989   -10948.3     5141.4    -4521.7     62.2    126.2    123.7 2023  4 13 11 51 25.590  7.0   1
       60  27.924880   85.440869    14.815    -8554.5     2670.9     2304.0    113.2    214.5    101.7 2023  4 13 12 21  3.840  6.3   1
       61  27.938790   85.545003    12.099     1696.7     4212.4     -412.3    124.7    119.0     65.6 2023  4 13 12 31 34.260  6.2   1
       62  27.897778   85.548340    13.354     2025.4     -332.3      842.7    153.0    107.8     68.0 2023  4 13 13  5 13.560  6.2   1
       63  27.941970   85.504028     9.575    -2336.7     4564.9    -2935.8     98.2    102.0     71.2 2023  4 13 13 30 17.190  6.7   1
       64  27.914872   85.534253    13.676      638.1     1562.0     1165.5    155.0    136.5     67.1 2023  4 13 13 34 28.120  6.4   1
       65  27.896423   85.695085    20.298    16473.5     -482.4     7786.9     53.8    122.5     44.9 2023  4 13 13 35 37.180  6.6   1
       66  27.899506   85.696143    20.193    16576.8     -141.0     7682.5     97.5    278.0     77.7 2023  4 13 13 36 19.030  6.5   1
       67  27.902578   85.704867    19.653    17436.0      199.4     7141.8    103.4    297.8     89.8 2023  4 13 13 42 12.820  6.4   1
       68  27.941890   85.544491    12.225     1646.5     4556.0     -286.0    130.6    110.9     71.8 2023  4 13 14 19  5.740  6.6   1
       69  27.941949   85.542977    12.172     1497.3     4562.7     -338.5    122.4    128.7     74.3 2023  4 13 14 24  8.130  6.7   1
       70  27.893781   85.518628    12.610     -899.5     -775.3       99.0     88.2    166.5     69.5 2023  4 13 14 43 46.890  6.1   1
       71  27.942057   85.546387    12.239     1832.6     4574.5     -272.2    132.7     98.9     64.7 2023  4 13 14 50 20.290  6.6   1
       72  27.939355   85.550236    12.153     2211.4     4275.1     -357.8    264.6    154.8     90.4 2023  4 13 14 56  8.300  5.9   1
       73  27.917436   85.564966    15.454     3662.3     1846.1     2943.1    140.0    114.1     68.0 2023  4 13 18 27 17.840  5.9   1
       74  27.859709   85.678662    16.164    14859.0    -4551.2     3652.7    112.5    172.5     88.9 2023  4 13 20 13 51.360  6.1   1
       75  27.876166   85.631340    15.485    10198.0    -2727.4     2974.4    114.2     99.1     50.5 2023  4 13 21  0 51.320  6.1   1
       76  27.939404   85.518319    11.283     -929.9     4280.6    -1227.8     84.6     83.4     48.0 2023  4 13 22 12 10.800  6.0   1
       77  27.903099   85.517049    12.545    -1054.9      257.3       34.3     94.9    144.5     96.4 2023  4 13 22 13 20.020  6.2   1
       78  27.914697   85.520931    13.205     -672.6     1542.5      694.5     75.6    124.4     62.0 2023  4 13 22 33 32.000  6.1   1
       79  27.929877   85.511133    13.803    -1637.3     3224.6     1291.6     87.9    145.0     77.2 2023  4 13 23  4 46.040  5.8   1
       80  27.876257   85.639998    15.333    11050.6    -2717.3     2821.9    159.3    128.7     80.5 2023  4 13 23  9 24.920  6.0   1
       81  27.883138   85.491634    11.813    -3557.8    -1954.7     -698.0     83.6    186.6     93.2 2023  4 13 23 30 46.280  6.1   1
       82  27.920076   85.453402    11.389    -7320.4     2138.8    -1122.2     85.9    137.6     83.3 2023  4 13 23 33 10.000  5.9   1
       83  27.918205   85.540690    15.127     1272.3     1931.4     2616.5     99.1    125.9     49.8 2023  4 14  1  4 16.650  7.0   1
       84  27.918479   85.539852    15.165     1189.8     1961.7     2654.3     99.4     97.9     51.4 2023  4 14  1 17  3.610  6.3   1
       85  27.928581   85.526034    14.876     -170.8     3081.2     2364.7    162.5    132.2     85.4 2023  4 14  6 16  6.400  6.7   1
       86  27.889575   85.680265    15.982    15014.4    -1241.3     3470.7    120.5    274.5     99.2 2023  4 14  9 21  6.750  6.7   1
       87  27.854867   85.626969    15.971     9769.1    -5087.6     3459.6    120.3    139.6     73.6 2023  4 14 10 13 58.560  8.0   1
       88  27.906893   85.483187    12.514    -4388.6      677.8        3.2     85.7    192.4     80.7 2023  4 14 11 40 42.680  6.3   1
       89  27.906118   85.546981    14.780     1891.3      591.8     2269.2    187.5    130.0     72.4 2023  4 14 11 45 55.780  6.6   1
       90  27.895152   85.469954     8.649    -5692.3     -623.5    -3862.0    106.3    160.5    129.6 2023  4 14 12 30 42.240  7.4   1
       91  27.889211   85.559318    13.912     3106.2    -1281.7     1400.6    193.8    121.7     49.8 2023  4 14 13 49 39.320  6.1   1
       92  27.894073   85.501294    10.623    -2606.7     -742.9    -1887.8    117.2    122.8    117.6 2023  4 14 14 19 13.040  5.7   1
       93  27.837522   85.682983    16.363    15286.1    -7009.7     3852.4    117.3    183.6    112.8 2023  4 14 14 41 16.570  6.1   1
       94  27.837488   85.700488    15.091    17009.6    -7013.6     2580.3    130.7    243.2    126.7 2023  4 14 14 42 53.270  6.1   1
       95  27.828033   85.648283    15.937    11869.3    -8061.3     3425.8    146.4    148.2    101.5 2023  4 14 15  6 29.010  6.2   1
       96  27.884867   85.609106    18.542     8008.4    -1763.0     6030.6    276.2    247.9    113.0 2023  4 14 15 15 30.180  6.7   1
       97  27.898035   85.572721    13.522     4426.0     -303.8     1011.1    250.2    105.5     76.3 2023  4 14 15 48 52.170  5.8   1
       98  27.894301   85.634668    17.528    10524.6     -717.6     5016.9    146.2    223.9     70.4 2023  4 14 16 19 15.180  6.9   1
       99  27.949489   85.409285    10.704   -11662.3     5398.1    -1807.3    110.8    240.0    137.6 2023  4 14 16 33  8.610  6.4   1
      100  27.931557   85.630143    14.749    10077.9     3411.0     2237.7    163.1    287.0     81.7 2023  4 14 17  7 56.360  5.8   1
      101  27.911249   85.570435    17.837     4200.3     1160.5     5326.2    211.0    242.4     56.4 2023  4 14 17  8 24.660  6.9   1
      102  27.903986   85.510392    12.164    -1710.7      355.4     -346.5    116.0    141.4    102.5 2023  4 14 17 22 16.880  5.8   1
      103  27.935368   85.434920     9.830    -9139.6     3833.2    -2681.3     84.8     79.5    104.6 2023  4 14 17 45 24.500  6.2   1
      104  27.929773   85.455029    13.774    -7160.5     3213.2     1262.7    136.7    167.8    127.1 2023  4 14 17 46 30.200  5.9   1
      105  27.933917   85.428467     8.270    -9774.7     3672.5    -4241.2     46.5     70.8     88.9 2023  4 14 17 47 37.260  6.6   1
      106  27.934178   85.429411     8.425    -9681.6     3701.4    -4085.9     46.5     71.0     67.3 2023  4 14 17 53  8.000  6.7   1
      107  27.934279   85.429769     8.419    -9647.0     3712.7    -4092.0     51.0     67.8     81.9 2023  4 14 17 57  6.180  6.9   1
      108  27.934487   85.428426     8.069    -9779.0     3735.7    -4442.3     48.7     73.1     72.8 2023  4 14 17 58 36.580  6.5   1
      109  27.932023   85.450098    12.477    -7645.5     3462.5      -34.2    121.6    157.3    138.4 2023  4 14 18  3  4.080  5.9   1
      110  27.931240   85.448796    12.509    -7773.9     3375.7       -2.4    103.0    152.9     92.2 2023  4 14 18  3 28.920  6.0   1
      111  27.934310   85.427702     8.034    -9850.2     3716.0    -4476.6     44.6     68.4     68.3 2023  4 14 18  8  8.600  6.9   1
      112  27.933925   85.427824     8.157    -9837.8     3673.3    -4354.4     48.1     68.5     86.5 2023  4 14 18  8 42.360  6.5   1
      113  27.931913   85.444987    11.737    -8148.3     3450.4     -774.0    110.9    186.5     99.3 2023  4 14 18 22  7.280  5.9   1
      114  27.928194   85.492326    14.483    -3488.9     3038.4     1971.7    114.8    104.1     60.9 2023  4 14 18 34 47.480  6.3   1
      115  27.894814   85.461165    10.006    -6557.3     -660.8    -2504.7     57.1     99.4     77.0 2023  4 14 19  1 35.440  6.2   1
      116  27.933203   85.444100    12.163    -8236.2     3593.5     -348.3     93.8    146.3     85.6 2023  4 14 19 42  2.880  5.9   1
      117  27.909011   85.481698    10.571    -4535.3      912.4    -1939.6    114.7     97.3     94.8 2023  4 14 19 45 34.080  6.0   1
      118  27.934251   85.428459     8.326    -9775.3     3709.4    -4184.7     61.6     71.6     62.2 2023  4 14 20 30 23.840  6.4   1
      119  27.934306   85.426221     8.190    -9996.0     3715.6    -4320.6     57.0     95.7     60.9 2023  4 14 20 33  9.140  6.3   1
      120  27.886713   85.661662    17.755    13183.0    -1558.5     5244.0    139.8    213.0     80.3 2023  4 14 20 46 13.660  6.4   1
      121  27.875602   85.569287    14.087     4088.3    -2789.8     1576.0    171.0    128.8     54.9 2023  4 14 21 27 13.240  5.7   1
      122  27.906020   85.481584    11.184    -4546.6      581.0    -1326.9     88.2    201.6     88.7 2023  4 14 21 59 19.400  6.0   1
      123  27.885453   85.580119    14.183     5154.4    -1698.2     1672.1    256.2    207.3     74.1 2023  4 14 22 43 53.960  6.1   1
      124  27.885663   85.582585    14.172     5397.3    -1675.0     1660.9    298.2    164.5     71.0 2023  4 14 22 44 31.780  6.1   1
      125  27.891370   85.557812    10.452     2958.4    -1042.5    -2058.5    307.9    206.2     84.8 2023  4 14 22 51  6.840  6.2   1
      126  27.878849   85.525480    13.202     -225.1    -2430.0      691.5     79.3     94.4     51.3 2023  4 14 23 20 26.000  6.2   1
      127  27.887624   85.536369    13.323      847.0    -1457.6      812.4    159.8    108.0     64.8 2023  4 15  0 20 21.290  6.1   1
      128  27.918719   85.509627    12.956    -1786.0     1988.4      444.7    178.8    241.3    138.9 2023  4 15  0 37 18.100  6.0   1
      129  27.893567   85.599080    15.200     7021.0     -799.0     2689.0    222.7    169.9     64.3 2023  4 15  0 48  4.160  5.9   1
      130  27.933335   85.434033     8.571    -9227.2     3608.0    -3939.6     78.1     81.7    104.9 2023  4 15  1 10  2.180  6.2   1
      131  27.933523   85.437923     9.756    -8843.7     3628.7    -2754.9     90.5     68.4     96.5 2023  4 15  1 13  4.570  6.6   1
      132  27.858736   85.632161    15.821    10280.2    -4658.8     3310.4    115.1    122.7     75.2 2023  4 15  1 41 10.290  7.6   1
      133  27.906189   85.477979    10.190    -4901.4      599.7    -2320.5    101.7    106.2     89.8 2023  4 15  9 46  8.190  7.1   1
      134  27.904832   85.478825    10.600    -4818.6      449.4    -1911.4     74.6    151.2     57.7 2023  4 15  9 48 34.170  6.6   1
      135  27.909247   85.490169    11.339    -3701.7      938.7    -1172.1     86.3     88.2     55.4 2023  4 15 13 48 50.170  6.6   1
      136  27.917365   85.511304    11.788    -1620.5     1838.3     -723.4    134.8    117.8     65.8 2023  4 15 15 11 10.740  6.9   1
      137  27.878296   85.555208    14.204     2702.1    -2491.4     1693.3    145.6    153.4     72.2 2023  4 15 17 17 39.640  6.0   1
      138  27.908372   85.470435    11.306    -5644.1      841.6    -1205.4    104.0    135.6     78.0 2023  4 15 18 21  6.040  5.8   1
      139  27.925745   85.481063    10.504    -4597.4     2766.8    -2007.4     84.5    102.1     91.2 2023  4 15 18 51 42.560  6.4   1
      140  27.889176   85.479679    10.144    -4734.4    -1285.5    -2367.4     81.1    102.3     66.5 2023  4 15 18 52 24.520  6.2   1
      141  27.889134   85.477507     9.928    -4948.7    -1290.3    -2583.1     88.3    131.1     89.1 2023  4 15 18 53 22.460  5.8   1
      142  27.913527   85.660718     8.988    13088.7     1412.9    -3522.7    195.5    311.7    173.1 2023  4 15 18 57  7.000  5.7   1
      143  27.901601   85.516545    13.075    -1104.7       91.2      564.5    119.2    161.0     84.1 2023  4 15 19 13 47.120  6.0   1
      144  27.868103   85.697819    15.702    16744.6    -3620.8     3191.0    139.0    200.9    127.6 2023  4 15 19 34 39.580  6.0   1
      145  27.918294   85.442342    12.148    -8409.9     1941.3     -363.3    153.9    153.2    126.5 2023  4 15 19 58 46.040  5.9   1
      146  27.880794   85.551619    13.512     2348.9    -2214.4     1000.8    137.8    166.1     65.9 2023  4 15 20  4 21.000  5.9   1
      148  27.909318   85.451416     9.584    -7516.3      946.4    -2927.4     80.4    107.8     90.8 2023  4 15 20 10 52.720  6.1   1
      149  27.892464   85.541903    13.120     1391.7     -921.2      609.3    156.4    134.4     52.0 2023  4 15 20 39 40.920  6.1   1
      150  27.913232   85.556160    14.157     2795.3     1380.3     1645.6    126.4    115.9     79.3 2023  4 15 21 16 39.440  6.1   1
      151  27.905164   85.480664    11.352    -4637.7      486.0    -1158.7     93.2    119.8     70.9 2023  4 15 22 48  2.120  6.0   1
      152  27.917790   85.440552    11.824    -8586.1     1885.4     -686.7    114.2    138.1     94.0 2023  4 15 23 20 28.020  6.0   1
      153  27.918146   85.439006    12.740    -8738.3     1924.8      228.8    107.6    160.2     99.7 2023  4 15 23 21 25.600  6.0   1
      154  27.913521   85.651538    14.794    12185.1     1412.3     2283.2    176.2    312.4    105.0 2023  4 15 23 22  1.000  6.1   1
      155  27.892961   85.506315    12.975    -2112.3     -866.1      463.6    105.1    104.6    101.4 2023  4 16  1 54  6.230  6.2   1
      156  27.908895   85.444889    12.460    -8159.1      899.5      -50.5    123.0    174.4    122.5 2023  4 16  4 54  9.820  6.6   1
      157  27.890747   85.497485    10.446    -2981.1    -1111.6    -2065.1     77.8     91.1     82.8 2023  4 16  5 55  6.590  6.8   1
      158  27.854401   85.626953    15.928     9767.0    -5139.4     3417.1    131.7    137.5     73.9 2023  4 16  7 22  7.820  7.3   1
      159  27.917682   85.489469     6.820    -3770.5     1873.4    -5690.6    196.4    278.3    182.8 2023  4 16  9  5 10.900  6.4   1
      160  27.913841   85.554191    14.153     2601.1     1447.7     1641.8    194.2     99.3     80.6 2023  4 16 10 48 36.440  6.8   1
      161  27.883484   85.698730     9.844    16833.0    -1916.4    -2667.3    210.5    242.6    233.3 2023  4 16 13 20 24.780  6.6   1
      162  27.914768   85.561149    13.993     3286.7     1550.5     1481.8    217.6    103.5     60.1 2023  4 16 13 21 55.240  6.4   1
      163  27.901170   85.536735    14.149      882.8       43.6     1637.7    141.1    113.5     82.8 2023  4 16 13 58 33.020  6.2   1
      164  27.890963   85.496704    11.746    -3058.7    -1087.7     -764.5    118.5    131.9    107.8 2023  4 16 14 54 28.480  6.0   1
      166  27.884587   85.521183    13.269     -648.0    -1794.3      758.1    100.4    108.8     96.0 2023  4 16 15 22 36.330  6.6   1
      167  27.915660   85.448511    11.886    -7802.3     1649.3     -625.2    121.8    140.9    104.4 2023  4 16 15 46 35.450  5.9   1
      168  27.879246   85.533813    13.510      595.7    -2385.9      998.8     93.9    103.2     77.9 2023  4 16 16  5 40.430  6.0   1
      169  27.884790   85.522217    12.896     -546.8    -1771.6      384.7     95.6    108.5     77.7 2023  4 16 16 51 34.030  6.7   1
      170  27.880326   85.527620    13.243      -14.8    -2266.3      732.0    111.7    118.0     63.8 2023  4 16 16 52  7.060  5.9   1
      171  27.836694   85.642871    14.321    11335.9    -7101.4     1809.7     87.7    105.8     93.9 2023  4 16 17  4 49.960  6.1   1
      172  27.836090   85.642383    14.307    11287.3    -7168.6     1796.4     93.2    112.9     74.8 2023  4 16 17  6 53.100  6.3   1
      173  27.839105   85.644059    14.229    11452.4    -6834.4     1718.2     93.4     93.0     95.9 2023  4 16 17  7 20.460  6.1   1
      174  27.901204   85.643514    15.674    11395.2       47.3     3163.0    251.3    437.1    118.9 2023  4 16 17 19 26.240  7.1   1
      175  27.885600   85.521403    12.618     -626.6    -1681.8      107.3    117.2    109.9     73.2 2023  4 16 17 19 32.480  6.8   1
      176  27.894179   85.657878    14.981    12809.7     -731.1     2469.7    133.2    261.2    101.0 2023  4 16 17 25 48.120  5.9   1
      177  27.885897   85.513086    12.240    -1445.7    -1648.9     -271.4     74.4    110.7     39.8 2023  4 16 17 32 32.880  6.1   1
      178  27.884639   85.528914    13.051      113.2    -1788.3      539.9    131.1    119.1     62.5 2023  4 16 17 51  0.840  6.3   1
      179  27.897231   85.451351    11.379    -7523.1     -392.9    -1131.7     81.2    113.7     87.8 2023  4 16 17 56 22.600  6.1   1
      180  27.883820   85.522900    13.077     -478.9    -1879.2      565.9     89.9    108.5     67.2 2023  4 16 18 31 59.660  6.2   1
      181  27.879411   85.546818    13.177     1875.5    -2367.7      666.3    176.7    113.7     54.0 2023  4 16 18 35  0.080  6.0   1
      182  27.900094   85.463420    12.292    -6334.9      -75.7     -218.8    103.4    164.1    121.0 2023  4 16 18 47 13.860  5.9   1
      183  27.888102   85.616138    15.927     8701.1    -1404.6     3415.7    144.2    208.2     61.1 2023  4 16 18 51 57.520  6.5   1
      184  27.917603   85.547713    17.461     1963.9     1864.6     4950.4    169.8    126.0    101.0 2023  4 16 19  7 49.400  6.0   1
      185  27.926182   85.543449    14.969     1543.5     2815.3     2458.1    106.9    126.0     58.7 2023  4 16 19 13 41.720  5.8   1
      186  27.884184   85.512728    12.586    -1481.0    -1838.8       75.2    139.0    105.5     48.1 2023  4 16 19 16 48.360  6.0   1
      187  27.886562   85.519263    12.317     -837.5    -1575.2     -194.1     76.6    109.6     68.4 2023  4 16 19 39 25.900  5.9   1
      188  27.885478   85.522249    12.762     -543.3    -1695.4      251.1    102.9    121.0     75.6 2023  4 16 19 55  5.840  6.9   1
      189  27.884153   85.580037    13.937     5146.3    -1842.3     1425.8    168.3    158.1     55.5 2023  4 16 20 18  9.600  6.0   1
      190  27.833205   85.628394    14.268     9910.1    -7488.3     1757.1    134.0     91.8     92.3 2023  4 16 20 21 39.440  6.0   1
      191  27.948273   85.473429    11.097    -5348.3     5263.4    -1414.1     92.0    105.0     72.3 2023  4 16 21  8 39.600  6.7   1
      192  27.894395   85.558057    13.598     2982.0     -707.3     1086.7    137.7     95.3     57.3 2023  4 16 21 15 53.180  5.8   1
      193  27.876556   85.561922    13.717     3362.8    -2684.1     1206.2    183.3    105.6     47.0 2023  4 16 21 25 47.140  6.3   1
      194  27.892340   85.536279    13.104      838.4     -935.0      593.1    129.4    125.4     74.4 2023  4 16 21 27 56.560  6.4   1
      195  27.929726   85.557560    15.227     2933.2     3208.0     2716.3    149.9    122.4     63.2 2023  4 16 21 45 28.680  5.7   1
      196  27.937762   85.516447    10.315    -1114.3     4098.7    -2195.7    120.0    131.0     84.2 2023  4 16 22  1 25.160  5.8   1
      197  27.884041   85.535246    12.594      736.5    -1854.6       83.0     96.1    114.3     63.5 2023  4 16 22 12 42.780  5.7   1
      198  27.896519   85.529248    13.630      145.7     -471.9     1118.6    162.0    153.2    102.8 2023  4 16 22 39  4.220  6.0   1
      199  27.906663   85.514144    12.628    -1341.2      652.3      116.6    103.6    179.0     76.4 2023  4 16 23 55 14.760  5.9   1
      200  27.926204   85.450163     9.129    -7639.8     2817.7    -3382.4     91.1     91.3    122.8 2023  4 17  0 36 13.540  6.7   1
      201  27.887288   85.628052    14.616     9874.2    -1494.7     2104.8    197.7    153.6    130.4 2023  4 17  1 18 21.040  6.3   1
      202  27.900110   85.523975    12.438     -373.2      -74.0      -73.1    110.7    132.7     79.7 2023  4 17  1 33 17.610  6.2   1
      203  27.852063   85.647835    15.482    11823.7    -5398.4     2971.0    139.4    117.0     80.7 2023  4 17  1 43 46.390  6.5   1
      204  27.922555   85.426563     7.736    -9962.8     2413.4    -4774.8     74.0     91.4    108.2 2023  4 17  2 33 39.720  6.5   1
      205  27.924725   85.457454     9.874    -6921.6     2653.8    -2637.1    115.5    178.5    135.1 2023  4 17  7 50  4.360  6.7   1
      206  27.927283   85.452726     8.984    -7386.9     2937.3    -3526.9     84.6     97.2     96.8 2023  4 17  7 51 12.520  6.6   1
      207  27.926723   85.449536    10.635    -7701.2     2875.3    -1876.1    129.7     92.8     83.5 2023  4 17  7 57 42.670  6.9   1
      208  27.882279   85.590975    15.076     6223.1    -2049.9     2564.6    123.9    118.4     94.2 2023  4 17  9 35 43.550  6.6   1
      209  27.922947   85.510807    12.653    -1669.9     2456.8      142.1    125.3    120.5    122.6 2023  4 17  9 50 57.390  6.5   1
      210  27.887801   85.512622    12.097    -1491.0    -1438.1     -413.6     97.1    107.1     76.5 2023  4 17 11 34 12.890  6.3   1
      211  27.900879   85.501066    15.606    -2628.5       11.2     3095.4    209.6    229.1    129.9 2023  4 17 12 41 34.780  6.7   1
      212  27.903833   85.528011    12.527       23.8      338.6       15.8     75.0     81.6     72.0 2023  4 17 13 53  3.570  6.0   1
      213  27.919303   85.541903    14.998     1391.2     2052.9     2487.3    167.7    133.6     64.6 2023  4 17 13 57 12.540  6.4   1
      214  27.911477   85.459424     9.945    -6728.3     1185.7    -2566.2     97.7    113.8    103.7 2023  4 17 14 15 43.300  7.1   1
      215  27.909912   85.470988    10.823    -5590.0     1012.2    -1687.6     84.0    126.0     88.0 2023  4 17 14 20 47.650  6.3   1
      216  27.919000   85.540283    14.838     1232.1     2019.5     2326.8    167.5    127.3     62.2 2023  4 17 14 24 53.350  6.1   1
      217  27.941986   85.475130    10.080    -5181.2     4566.6    -2431.1     92.5     86.9     77.3 2023  4 17 14 34 58.160  6.8   1
      218  27.917723   85.542163    14.857     1417.4     1877.8     2345.9    156.9    157.2     70.7 2023  4 17 14 37  1.570  6.4   1
      219  27.909973   85.461410     9.363    -6532.7     1019.1    -3148.3     98.8     92.4    121.1 2023  4 17 15  0 12.680  6.9   1
      220  27.894073   85.461287     9.393    -6545.1     -742.8    -3118.4     72.1    107.7     78.2 2023  4 17 15 27 27.640  6.3   1
      221  27.892690   85.498462    11.149    -2884.9     -896.3    -1362.2     58.4     92.6     52.3 2023  4 17 15 45 38.890  6.1   1
      222  27.904926   85.616699    16.103     8755.1      459.7     3592.0    115.3    120.6     66.3 2023  4 17 16 29 17.980  6.1   1
      223  27.890308   85.527336    13.162      -42.3    -1160.2      650.6    138.5    223.4     78.4 2023  4 17 17 10  2.820  6.0   1
      224  27.887958   85.509603    11.855    -1788.5    -1420.7     -655.5     86.7     94.0     52.0 2023  4 17 17 20 24.400  6.9   1
      225  27.885870   85.520760    12.768     -689.9    -1652.0      257.4     75.4     90.8     77.6 2023  4 17 18 19 15.280  6.0   1
      226  27.921283   85.473787    12.692    -5313.8     2272.5      180.7     98.9    170.1     69.8 2023  4 17 18 34  2.140  6.0   1
      227  27.908785   85.480973    12.523    -4606.5      887.3       11.8    163.1    223.1    115.9 2023  4 17 19 41  8.500  5.9   1
      228  27.888759   85.509147    11.793    -1833.6    -1331.9     -717.5     64.9     98.3     61.9 2023  4 17 20  9 49.560  6.8   1
      229  27.899428   85.632560    14.283    10317.1     -149.6     1772.3    204.9    146.0     93.0 2023  4 17 20 19 37.040  5.6   1
      230  27.954626   85.533097    13.491      525.0     5967.5      979.9    139.6    220.0     89.7 2023  4 17 21 32 38.740  5.9   1
      231  27.903225   85.518473    12.403     -914.6      271.3     -107.7    104.2    132.8     74.3 2023  4 17 21 47 33.320  6.1   1
      232  27.884810   85.521623    12.807     -604.6    -1769.3      296.3     81.7    104.3     49.3 2023  4 17 21 57 28.620  5.6   1
      233  27.937679   85.489388    13.819    -3777.9     4089.3     1308.1     94.3    127.2     59.2 2023  4 17 22 16  1.040  6.0   1
      234  27.884593   85.522998    12.663     -469.5    -1793.5      152.1     95.7     93.5     74.2 2023  4 17 22 39 38.340  6.1   1
      235  27.900439   85.505924    12.882    -2150.1      -37.5      371.3    111.6    242.3    103.6 2023  4 17 23 20 47.720  6.1   1
      236  27.890316   85.525993    13.005     -175.1    -1159.4      493.6    160.9    190.7    118.4 2023  4 18  0 42 35.220  6.1   1
      237  27.894688   85.506152     9.847    -2128.0     -674.8    -2664.1    104.7    105.1    109.2 2023  4 18  1 14 14.970  6.1   1
      238  27.888578   85.508211    11.806    -1925.6    -1352.0     -704.8     70.4     85.6     66.5 2023  4 18  1 34 29.330  7.6   1
      239  27.898108   85.685286    10.919    15508.1     -295.9    -1592.2    211.6    263.6    207.4 2023  4 18  2 54 26.080  6.4   1
      240  27.922207   85.477173     9.327    -4981.0     2374.8    -3184.3    101.3    101.1     88.0 2023  4 18  7 36 33.620  6.6   1
      241  27.924284   85.553817    17.960     2564.4     2604.9     5448.6    291.8    198.3    107.8 2023  4 18  9  6 55.980  7.0   1
      242  27.921910   85.552889    17.513     2473.2     2341.9     5002.0    304.8    174.3    113.5 2023  4 18  9 25 46.050  6.6   1
      243  27.888694   85.508293    11.729    -1917.4    -1339.0     -781.9     84.0    101.8     80.0 2023  4 18 13 21 44.480  6.5   1
      244  27.888997   85.508195    11.403    -1927.1    -1305.4    -1107.5    101.2    103.9     96.2 2023  4 18 13 31 52.560  6.5   1
      245  27.874634   85.567676    13.157     3929.4    -2897.1      645.7    187.8    139.9     57.1 2023  4 18 15 33 21.310  6.1   1
      246  27.884703   85.557772    11.763     2953.9    -1781.4     -747.5    219.0    293.2    120.6 2023  4 18 16 47 53.220  5.9   1
      247  27.899221   85.442025     9.922    -8441.3     -172.5    -2588.8     54.0    116.6     57.2 2023  4 18 17  1 16.300  6.3   1
      248  27.899438   85.469963     9.855    -5691.1     -148.3    -2656.0    108.7    121.2     96.6 2023  4 18 17 37 42.200  6.5   1
      249  27.897363   85.548657    13.986     2056.7     -378.3     1475.0    119.2     98.6     57.8 2023  4 18 18  4  7.320  5.8   1
      250  27.925824   85.448910     8.702    -7762.5     2775.7    -3808.9     82.6     71.1    116.1 2023  4 18 18  5 24.680  8.0   1
      251  27.926626   85.453288     8.951    -7331.5     2864.6    -3559.7     66.8     85.2     95.0 2023  4 18 18 33 59.120  6.6   1
      252  27.877968   85.548812    13.584     2072.5    -2527.6     1073.3    147.8    136.6     68.7 2023  4 18 18 46 43.100  6.8   1
      253  27.889284   85.519857    12.213     -778.8    -1273.5     -297.9     98.6    125.8     94.6 2023  4 18 19 38 39.600  6.1   1
      256  27.884609   85.642155    14.283    11262.6    -1791.7     1772.5    140.5    162.8     73.8 2023  4 18 20 20 56.720  6.2   1
      257  27.883531   85.647217    14.698    11761.4    -1911.2     2187.5    125.2    137.3     76.2 2023  4 18 20 24 10.800  6.1   1
      258  27.888900   85.631291    14.556    10192.7    -1316.2     2045.4     93.1     88.1     79.3 2023  4 18 20 24 33.760  6.4   1
      259  27.889185   85.630029    14.622    10068.6    -1284.7     2110.6     97.0    119.3     73.1 2023  4 18 20 25 56.760  6.5   1
      260  27.885286   85.640991    14.279    11147.9    -1716.7     1768.5    164.7     93.8     86.3 2023  4 18 20 27 38.880  5.8   1
      261  27.921863   85.512964    14.938    -1457.6     2336.6     2427.0    148.4    168.4     89.9 2023  4 18 21 15 24.940  6.1   1
      262  27.899603   85.476017    14.441    -5094.6     -130.1     1929.7     96.6    159.8     70.5 2023  4 18 21 24 57.680  6.4   1
      263  27.898047   85.513713    13.580    -1383.7     -302.5     1068.5    120.0    253.3    104.1 2023  4 18 21 34 44.040  5.8   1
      264  27.888562   85.501896    11.669    -2547.3    -1353.7     -842.3     60.5    123.3     67.3 2023  4 18 22 15 11.400  5.9   1
      265  27.889897   85.496932    11.329    -3035.6    -1205.8    -1181.6     90.0     99.5     72.2 2023  4 18 22 29 22.400  6.2   1
      266  27.889968   85.502873    11.567    -2451.0    -1197.9     -943.9    143.9    108.9    140.3 2023  4 18 22 34 42.300  6.0   1
      267  27.886949   85.520085    12.333     -756.5    -1532.5     -178.1    158.4    149.5    109.4 2023  4 18 22 34 56.740  5.9   1
      268  27.902474   85.499259    11.775    -2806.9      188.0     -735.5    104.0    105.9     75.4 2023  4 18 23  6 58.320  6.5   1
      269  27.921651   85.472274    12.426    -5463.1     2313.2      -85.2     96.2    140.8     78.6 2023  4 18 23 35 27.440  6.0   1
      270  27.886517   85.512541    12.483    -1499.3    -1580.2      -28.3    153.9    189.0    131.0 2023  4 18 23 46 22.900  6.2   1
      271  27.927590   85.482894     3.678    -4417.1     2971.3    -8832.6     81.0     72.0    178.4 2023  4 19  0 14 48.530  6.4   1
      272  27.892533   85.502897    12.219    -2448.5     -913.6     -291.7    129.4    173.4     90.7 2023  4 19  1 29 13.470  6.4   1
      273  27.909814   85.493359    10.996    -3387.1     1001.6    -1515.4    111.3    109.1     83.0 2023  4 19  1 35 15.750  6.6   1
      274  27.887720   85.575431    14.474     4693.3    -1446.9     1963.2    225.4    149.3     59.4 2023  4 19  4 59 54.240  6.4   1
      275  27.931116   85.502327    10.780    -2504.3     3362.1    -1730.6     90.6     97.4     81.3 2023  4 19  5  2 43.570  6.3   1
      276  27.931370   85.503239    10.986    -2414.4     3390.3    -1525.0     93.5    184.8     75.8 2023  4 19  5  4 40.260  6.3   1
      277  27.931053   85.503035    10.947    -2434.5     3355.0    -1563.9    108.4    108.8     54.5 2023  4 19  5  6 42.810  6.3   1
      278  27.930754   85.502881    11.118    -2449.9     3321.9    -1393.1     97.2    109.9     55.4 2023  4 19  5 15 43.530  6.5   1
      279  27.931425   85.503817    11.175    -2357.5     3396.4    -1335.7    109.5     98.5    108.1 2023  4 19  5 17 33.180  6.4   1
      280  27.931687   85.508968    11.223    -1850.1     3425.4    -1288.2    105.9    106.3    112.6 2023  4 19  5 18 54.160  6.3   1
      281  27.930898   85.500936    10.304    -2641.5     3337.8    -2206.5    122.9     87.4     77.2 2023  4 19  5 19 33.910  7.7   1
      282  27.931624   85.507381    10.822    -2006.5     3418.3    -1688.8     93.4     87.5     52.2 2023  4 19  5 20  6.550  6.4   1
      283  27.907131   85.500114    11.303    -2722.4      704.1    -1208.2    109.2    154.8     97.2 2023  4 19 14 12  9.190  6.1   1
      284  27.837113   85.660848    16.299    13106.0    -7055.0     3787.8    103.6    122.1     81.3 2023  4 19 14 14  6.680  6.4   1
      286  27.921521   85.516309    14.598    -1128.1     2298.7     2087.3    141.8    155.8    102.3 2023  4 19 15 35  0.020  7.4   1
      287  27.920921   85.503581    13.176    -2381.3     2232.3      664.6    104.6    153.4     91.6 2023  4 19 17 15 46.880  6.2   1
      288  27.879264   85.520972    13.227     -669.2    -2384.0      716.0    116.9    113.4     64.2 2023  4 19 18  6 18.760  5.9   1
      289  27.907117   85.435392    10.532    -9093.8      702.6    -1978.5     69.0    157.0     79.8 2023  4 19 18  7 51.080  6.5   1
      290  27.910588   85.463672    10.828    -6309.8     1087.1    -1682.9     81.5    120.2     87.8 2023  4 19 18 23 38.540  6.1   1
      291  27.910868   85.463599    10.757    -6317.0     1118.3    -1753.8     75.6    128.0     85.6 2023  4 19 18 38 33.440  6.4   1
      292  27.906838   85.476237    12.305    -5072.8      671.7     -205.9     72.0    120.9     60.9 2023  4 19 18 39  0.200  6.1   1
      293  27.910787   85.464697    10.948    -6208.8     1109.2    -1563.1     68.8    140.9     78.2 2023  4 19 18 47 28.460  6.4   1
      294  27.911271   85.455664     9.847    -7098.5     1162.9    -2664.1     79.2     94.4     95.8 2023  4 19 18 48 40.440  6.8   1
      295  27.910724   85.465641    11.019    -6116.3     1102.2    -1491.9     80.3    157.6     88.0 2023  4 19 18 49 26.520  6.2   1
      296  27.906112   85.478800    13.414    -4820.7      591.2      903.4    140.1    158.9    115.5 2023  4 19 19  5 31.600  5.9   1
      297  27.908162   85.478890    13.203    -4811.7      818.5      692.3    147.8    135.5    107.2 2023  4 19 19  5 40.640  6.0   1
      298  27.905349   85.478662    13.372    -4834.2      506.6      861.4    157.7    140.2     97.9 2023  4 19 19 16 43.560  5.9   1
      299  27.907349   85.476147    12.280    -5082.0      728.2     -231.2    112.1    162.5     96.8 2023  4 19 19 22 48.200  5.8   1
      300  27.906610   85.478125    13.023    -4887.3      646.3      512.4     90.5    121.7     81.3 2023  4 19 19 28 14.160  6.0   1
      301  27.908872   85.455444     9.696    -7120.3      897.0    -2814.5     74.1    122.5     89.9 2023  4 19 19 30 38.000  7.1   1
      302  27.906659   85.475911    12.473    -5104.8      651.8      -38.1     81.8     90.6     68.1 2023  4 19 19 32 47.480  6.1   1
      303  27.907542   85.474382    12.505    -5256.1      749.6       -5.5    102.1     93.5     92.2 2023  4 19 19 38  0.480  6.2   1
      304  27.905707   85.477197    12.378    -4978.4      546.3     -132.5     77.2    101.8     58.6 2023  4 19 19 39 33.560  6.0   1
      305  27.907355   85.479338    12.762    -4767.5      728.9      250.8     99.9    116.3     79.0 2023  4 19 19 49 32.520  6.1   1
      306  27.917513   85.609538    19.220     8049.8     1854.7     6708.9    642.8    499.1    229.7 2023  4 19 19 55  8.680  6.5   1
      307  27.907678   85.511849    12.703    -1567.1      764.7      192.0    104.3    117.2     91.8 2023  4 19 20 18 53.280  7.3   1
      308  27.910232   85.453792     9.286    -7282.8     1047.6    -3224.5     80.8     79.7    109.5 2023  4 19 20 24  8.140  7.3   1
      309  27.906948   85.469702    11.199    -5716.6      683.7    -1311.7     85.3    163.3     72.4 2023  4 19 20 27  2.640  5.9   1
      310  27.852476   85.711971    19.346    18138.9    -5352.7     6834.9    352.1    482.6    317.4 2023  4 19 20 37 47.840  6.2   1
      311  27.908441   85.457096     9.522    -6957.2      849.3    -2988.9     71.1    104.1     86.2 2023  4 19 20 39 34.240  6.6   1
      312  27.907381   85.474552    12.456    -5238.9      731.7      -54.5    106.3    121.6     69.2 2023  4 19 20 40 55.280  5.9   1
      313  27.943315   85.432186    13.240    -9408.5     4714.0      729.5    113.0    207.9    138.2 2023  4 19 21 20 36.280  6.2   1
      314  27.879346   85.568140    13.773     3975.4    -2375.1     1262.2    187.4    154.9     71.6 2023  4 19 21 27  2.680  5.5   1
      315  27.908854   85.454142     9.406    -7247.9      895.0    -3104.4     90.0     84.0    118.1 2023  4 19 21 46 59.520  7.3   1
      316  27.906439   85.476042    12.166    -5092.4      627.5     -345.3     77.2    145.5     84.3 2023  4 19 23 42 23.680  6.1   1
      317  27.908276   85.531755    13.138      392.6      831.1      626.8     92.1     99.0     49.6 2023  4 20  0 12 13.900  6.6   1
      318  27.888578   85.501489    11.930    -2586.9    -1351.9     -580.9     90.4    121.6     83.9 2023  4 20  0 46 30.090  6.2   1
      319  27.909814   85.465243    10.712    -6155.7     1001.5    -1799.0     70.0    126.9     78.6 2023  4 20  0 55 10.280  6.2   1
      321  27.910073   85.467611     9.738    -5922.5     1030.2    -2773.4     86.6     83.0    110.8 2023  4 20 12 56  6.860  6.5   1
      322  27.912644   85.671647    14.708    14164.8     1315.2     2197.4    195.8    390.4    133.9 2023  4 20 15  3  5.660  6.0   1
      323  27.930896   85.487752     3.977    -3939.1     3337.7    -8534.0    106.1     69.8    169.5 2023  4 20 16 14 12.060  6.7   1
      324  27.876874   85.573136    14.243     4467.6    -2648.9     1732.2    204.1    140.9     70.4 2023  4 20 16 27 58.070  6.0   1
      325  27.905349   85.581152    15.191     5255.8      506.7     2679.7    250.9    187.4     91.7 2023  4 20 16 58 28.230  6.1   1
      326  27.931215   85.488477     3.990    -3867.8     3373.0    -8520.6     85.8     68.3    103.2 2023  4 20 17  5 31.080  5.9   1
      327  27.905214   85.455078    11.553    -7156.5      491.8     -957.7    102.0    155.9     95.2 2023  4 20 17 28 11.060  5.9   1
      328  27.871659   85.530412    13.171      260.4    -3226.8      660.3    134.7    149.8     65.6 2023  4 20 17 36 45.080  6.2   1
      329  27.875376   85.529696    12.911      189.9    -2814.8      399.9    112.3    121.1     90.4 2023  4 20 17 52  8.160  6.2   1
      330  27.913171   85.465666    11.143    -6113.5     1373.6    -1367.5     79.4    123.5     74.7 2023  4 20 17 54 55.620  6.6   1
      331  27.909985   85.476676    10.862    -5029.7     1020.5    -1648.5     89.1    156.1     79.1 2023  4 20 19 24 31.700  6.2   1
      332  27.913041   85.572803    17.694     4434.0     1359.1     5182.7    222.2    155.8     51.8 2023  4 20 19 47  1.960  6.2   1
      333  27.886257   85.515763    12.352    -1182.1    -1609.1     -158.6     83.3     87.1     63.5 2023  4 20 20  7 43.920  5.8   1
      334  27.915179   85.661084     9.059    13124.6     1596.0    -3451.7    191.4    333.5    169.2 2023  4 20 20 17 48.560  6.6   1
      335  27.930735   85.487646     3.943    -3949.5     3320.0    -8567.6     96.5     92.9    168.2 2023  4 20 20 22 19.280  5.6   1
      336  27.906740   85.485856    12.906    -4125.9      660.9      395.2    160.9    230.1    111.8 2023  4 20 20 29 51.320  5.9   1
      337  27.885567   85.518376    12.032     -924.4    -1685.6     -478.8    125.3    126.6     92.2 2023  4 20 20 55 43.920  5.8   1
      338  27.881441   85.518042    12.507     -957.9    -2142.8       -4.4    110.9    116.8     61.2 2023  4 20 20 56 17.000  5.9   1
      339  27.924089   85.617537    16.385     8837.5     2583.2     3874.5    162.6    277.2     57.1 2023  4 20 20 57  9.800  7.3   1
      340  27.913739   85.553084    14.149     2492.7     1436.5     1637.6    198.7    147.9     72.8 2023  4 20 21 16 26.280  6.6   1
      341  27.922272   85.620500    16.519     9128.9     2381.9     4007.9    161.5    182.4     65.1 2023  4 20 21 22 44.640  6.0   1
      342  27.832554   85.598861    14.400     7001.7    -7560.4     1888.8    234.9    124.7     80.6 2023  4 20 21 24 47.200  5.9   1
      343  27.817975   85.669076    16.350    13917.8    -9176.0     3839.3    111.8    183.3     90.4 2023  4 20 21 35 15.100  6.2   1
      344  27.889093   85.474316    11.399    -5262.8    -1294.8    -1111.5     79.1    178.7     71.0 2023  4 20 21 40 14.540  5.8   1
      345  27.916646   85.456209    13.956    -7044.6     1758.5     1445.1    159.1    168.3    169.9 2023  4 20 23 13 20.280  6.0   1
      346  27.899776   85.681665     9.421    15151.7     -111.0    -3090.3    182.4    242.8    201.6 2023  4 21  1 58  5.020  5.9   1
      347  27.905290   85.614469    16.249     8536.1      500.2     3738.5    226.4    171.1     95.8 2023  4 21  2 25 35.230  6.1   1
      348  27.909707   85.450277     8.513    -7628.6      989.5    -3997.6     60.9     66.4     99.2 2023  4 21  5 35 36.050  6.3   1
      349  27.883140   85.515063    12.621    -1251.1    -1954.5      110.5     83.3    112.7     93.9 2023  4 21  6 30  5.160  6.3   1
      350  27.888723   85.507267    11.794    -2018.4    -1335.8     -717.3     65.7     84.6     62.5 2023  4 21  7 51 29.150  8.1   1
      351  27.895026   85.526750    12.981     -100.5     -637.4      469.7    121.0    141.7     60.5 2023  4 21 13 16 41.940  6.1   1
      352  27.927539   85.440389     8.560    -8601.7     2965.6    -3951.1     64.5     81.2     66.7 2023  4 21 14 19 56.330  6.5   1
      353  27.861466   85.727954    16.145    19712.7    -4356.3     3634.3    178.0    278.2    181.0 2023  4 21 14 26 42.850  6.8   1
      354  27.893496   85.553898    13.649     2572.4     -807.0     1138.2    202.5    146.2     79.1 2023  4 21 15 10 10.680  6.1   1
      355  27.931242   85.487158     4.087    -3997.7     3376.0    -8423.6    106.1     69.1    139.0 2023  4 21 16  9 41.660  6.3   1
      356  27.900903   85.648869    17.389    11922.6       14.0     4877.7    159.0    303.8     94.1 2023  4 21 16 36 50.240  6.2   1
      357  27.931081   85.488102     3.987    -3904.2     3358.3    -8523.9     58.8     62.8    163.8 2023  4 21 18 39 33.800  6.2   1
      358  27.879281   85.569149    12.963     4074.8    -2382.2      452.5    174.3    133.8     75.2 2023  4 21 19  6 53.680  6.0   1
      359  27.905070   85.456071    10.432    -7058.7      475.6    -2079.1     83.2    104.3     94.2 2023  4 21 19 13 38.660  5.9   1
      360  27.898830   85.575643    14.020     4713.5     -215.7     1509.1    186.0    134.3     49.7 2023  4 21 19 18 15.920  6.1   1
      361  27.889624   85.523340    12.901     -436.2    -1236.0      390.3    107.2    177.0     82.3 2023  4 21 19 46 54.960  6.2   1
      362  27.876023   85.552262    13.353     2412.2    -2743.2      841.9    170.1    168.7     59.7 2023  4 21 20 34 28.260  6.0   1
      363  27.882912   85.540169    13.086     1221.0    -1979.8      575.4    124.6    126.7     51.7 2023  4 21 20 36 25.200  6.2   1
      364  27.881974   85.538851    13.061     1091.0    -2083.7      550.2    161.6    165.1     70.1 2023  4 21 20 37 55.240  6.5   1
      365  27.876259   85.551172    13.480     2304.9    -2716.9      969.4    136.5    174.7     55.5 2023  4 21 20 38 22.240  5.9   1
      366  27.878033   85.543107    13.148     1510.8    -2520.5      636.9    152.0    101.5     51.5 2023  4 21 20 38 49.320  5.9   1
      367  27.875922   85.553011    13.354     2485.7    -2754.4      843.5    140.3    131.4     51.6 2023  4 21 20 39 31.640  5.9   1
      368  27.882109   85.539632    13.082     1168.2    -2068.8      571.1    194.5    164.7     61.0 2023  4 21 20 40 38.900  6.4   1
      369  27.876664   85.551457    13.128     2332.3    -2672.1      616.6    144.6    166.0     70.0 2023  4 21 20 45 24.160  5.6   1
      370  27.879677   85.547119    13.190     1905.1    -2338.2      679.0    128.6    109.8     49.3 2023  4 21 21 38 24.960  5.7   1
      371  27.899135   85.465999    12.084    -6081.5     -182.0     -426.5    107.6    178.7     96.8 2023  4 21 21 42 52.680  5.8   1
      372  27.886814   85.519279    12.571     -835.9    -1547.2       60.0     85.8    114.6     66.9 2023  4 21 21 50 33.040  5.9   1
      373  27.927338   85.535441    14.901      755.7     2943.3     2390.4    130.4    177.8     70.4 2023  4 21 22 29 45.200  7.0   1
      374  27.910268   85.452401    12.629    -7419.4     1051.8      118.5     94.9    126.8     94.6 2023  4 21 23 11 12.120  5.9   1
      375  27.916117   85.436833     9.565    -8951.9     1699.9    -2945.7     80.4     85.0     86.0 2023  4 21 23 11 39.660  6.2   1
      376  27.913576   85.526644    13.499     -110.3     1418.3      988.4    139.3    194.1     76.1 2023  4 22  0 52 31.700  6.1   1
      377  27.890304   85.470654     9.456    -5623.1    -1160.7    -3054.5     86.0     99.2     93.4 2023  4 22  3  3 27.270  6.6   1
      378  27.887325   85.518791    12.375     -883.4    -1490.7     -136.1     77.7     95.1     47.0 2023  4 22  6 36 21.290  6.6   1
      379  27.926796   85.484521     9.935    -4257.3     2883.5    -2575.6     98.8     89.1     72.4 2023  4 22  6 52 36.990  6.9   1
      380  27.927238   85.526628    15.010     -112.4     2932.4     2498.7    125.3    136.3     76.3 2023  4 22  7 54 54.000  7.4   1
      381  27.940737   85.526099    11.695     -164.0     4428.3     -815.6    132.5     95.4     67.9 2023  4 22 11  2 42.080  6.9   1
      382  27.912295   85.580843     7.608     5225.5     1276.3    -4902.8    720.5    474.6    263.6 2023  4 22 15 14 49.750  6.2   1
      383  27.913965   85.445199     9.811    -8128.7     1461.5    -2700.0     72.1    115.0     73.6 2023  4 22 16 57  4.690  6.2   1
      384  27.928349   85.454085     9.820    -7252.8     3055.5    -2691.1    107.6    113.5     72.2 2023  4 22 17  1 40.560  6.1   1
      385  27.891541   85.499674    12.208    -2765.7    -1023.6     -303.0     90.2    110.6     75.9 2023  4 22 18  3 21.120  6.0   1
      386  27.889996   85.564868     9.395     3653.2    -1194.8    -3115.7    397.4    234.8     77.1 2023  4 22 18 20 58.480  6.1   1
      387  27.887056   85.534725    12.100      685.1    -1520.6     -410.8    248.0    160.5     99.8 2023  4 22 19 21 35.480  5.9   1
      388  27.899054   85.491805    10.913    -3540.6     -191.0    -1598.0     96.2    122.7     56.5 2023  4 22 19 22 12.640  5.9   1
      389  27.944216   85.521509    11.436     -615.8     4813.8    -1074.6     85.4     80.6     56.7 2023  4 22 19 50 40.960  6.1   1
      390  27.885411   85.538599    12.134     1066.6    -1703.0     -377.0    124.5    110.6     54.3 2023  4 22 19 52 50.180  6.0   1
      391  27.919450   85.544995    15.139     1696.3     2069.3     2627.6    138.5    114.3     58.2 2023  4 22 20 14 47.480  5.6   1
      392  27.910069   85.455778     9.649    -7087.0     1029.6    -2861.6     99.3    145.8    123.7 2023  4 22 20 19 17.600  5.9   1
      393  27.942936   85.520207    11.476     -744.5     4672.0    -1035.3    137.4    135.3     56.5 2023  4 22 21 20  4.920  5.8   1
      394  27.881840   85.522355    12.766     -533.1    -2098.6      254.6    142.8    111.0     86.8 2023  4 22 21 27 53.320  5.8   1
      395  27.902240   85.535954    12.399      805.9      162.1     -112.4    173.7    115.4     81.9 2023  4 22 21 49  3.420  6.8   1
      396  27.926534   85.527181    15.005      -57.6     2854.2     2493.7    173.3    183.7     70.1 2023  4 22 22 27 40.440  6.1   1
      397  27.892849   85.497835    11.037    -2946.6     -878.6    -1473.6    134.2    125.6    123.7 2023  4 22 22 33 15.840  5.9   1
      398  27.892576   85.545451    15.431     1740.7     -908.8     2919.6    200.4    179.0    131.7 2023  4 23  4  6 13.600  6.9   1
      399  27.910183   85.516130    13.760    -1146.0     1042.2     1248.8    120.8    160.5     82.8 2023  4 23  4 52  1.670  6.5   1
      400  27.931030   85.489201    12.228    -3796.5     3352.6     -282.5     98.8     96.2     69.9 2023  4 23  5 13 33.030  6.7   1
      401  27.948311   85.513908    11.635    -1363.8     5267.6     -875.5    114.7    114.5     98.6 2023  4 23  5 40 16.850  6.4   1
      402  27.914915   85.487866    11.242    -3928.0     1566.6    -1268.8    112.1    246.7    104.4 2023  4 23  6 10 51.490  6.4   1
      403  27.934212   85.478434    12.114    -4855.8     3705.2     -397.0    138.0    110.6    127.6 2023  4 23 11  7 46.710  7.2   1
      404  27.931628   85.492668    13.216    -3454.8     3418.8      704.6     86.9     96.2     60.1 2023  4 23 17  0  8.800  6.5   1
      405  27.913475   85.470825     8.993    -5605.9     1407.0    -3516.6     83.1    100.5    104.1 2023  4 23 17 42 41.860  6.2   1
      406  27.913377   85.465755     9.052    -6104.6     1396.3    -3458.7     96.1     86.9    106.5 2023  4 23 17 42 47.880  6.0   1
      407  27.932062   85.494214    13.236    -3302.9     3466.9      724.9    102.4     85.8     57.9 2023  4 23 17 43  8.640  6.0   1
      408  27.849715   85.601595    13.570     7270.4    -5658.5     1059.2    219.0    154.3    107.2 2023  4 23 17 54  5.860  6.0   1
      409  27.928678   85.601733    13.866     7281.6     3092.0     1354.9    412.0    273.7     98.9 2023  4 23 20 28 31.360  6.2   1
      410  27.880579   85.540226    13.131     1227.0    -2238.3      619.9    171.7    106.9     44.7 2023  4 23 20 41 43.920  5.9   1
      411  27.915944   85.454557     9.012    -7206.8     1680.8    -3498.5     90.2     85.8    116.5 2023  4 23 21  0 47.640  6.9   1
      412  27.856805   85.712101    15.732    18151.9    -4872.8     3221.5    131.9    209.6    128.7 2023  4 23 21 20 42.620  6.3   1
      413  27.915835   85.465983    10.440    -6082.0     1668.6    -2071.0     68.9    139.1     67.5 2023  4 23 21 25  1.740  6.2   1
      414  27.892922   85.496956    10.487    -3033.9     -870.5    -2024.0     92.1    108.8     90.5 2023  4 23 21 26 25.880  5.8   1
      415  27.911837   85.480249    12.579    -4678.1     1225.6       68.3    115.7    161.6     78.7 2023  4 23 21 27 27.120  5.9   1
      416  27.928194   85.583634    16.123     5499.2     3038.2     3611.7    345.6    260.9     93.8 2023  4 23 21 56 48.720  6.4   1
      417  27.955892   85.523031    10.130     -466.1     6107.6    -2381.0     74.0    115.3     56.4 2023  4 23 22 30 16.240  5.8   1
      418  27.877712   85.563892    13.691     3556.7    -2556.0     1179.9    193.4    129.8     64.6 2023  4 23 23 17 10.360  6.0   1
      419  27.866097   85.709172     7.155    17862.8    -3843.3    -5356.4    324.0    382.9    424.4 2023  4 23 23 20 29.200  6.1   1
      420  27.921950   85.639364    10.540    10986.0     2346.4    -1970.7    127.9    217.8     84.7 2023  4 24  1 40 48.030  7.4   1
      421  27.890466   85.489893    11.015    -3729.0    -1142.7    -1495.8     53.8    114.0     63.6 2023  4 24  2  8 28.850  6.6   1
      422  27.893011   85.492310    11.090    -3491.3     -860.7    -1421.3     87.6    123.5     77.2 2023  4 24  2  8 51.940  6.4   1
      423  27.899878   85.621680    16.215     9245.8      -99.6     3704.0    112.1    124.6     54.8 2023  4 24  2 45 43.850  6.5   1
      424  27.888251   85.512744    11.897    -1478.9    -1388.2     -614.1     77.9     99.3     72.6 2023  4 24  3 18  9.130  6.2   1
      425  27.888361   85.515405    11.869    -1216.9    -1375.9     -642.4     91.9    105.6     81.8 2023  4 24  3 22  2.670  6.4   1
      426  27.888885   85.516618    11.910    -1097.5    -1317.7     -600.9     87.6     88.6     66.0 2023  4 24  3 35 12.680  6.7   1
      427  27.887154   85.522087    12.741     -559.2    -1509.7      230.1     88.6    106.8     57.7 2023  4 24  3 38 25.440  6.2   1
      428  27.896448   85.553573    13.297     2541.1     -479.8      785.7    146.1    101.7     53.1 2023  4 24  7 58 28.530  6.5   1
      429  27.904704   85.471663    10.294    -5523.1      435.2    -2216.7     71.9    115.8     68.2 2023  4 24 10 10  6.820  6.8   1
      430  27.891685   85.634294    13.842    10488.1    -1007.7     1331.0    127.3    133.9    103.5 2023  4 24 14 34 18.800  6.5   1
      431  27.889146   85.503231    11.710    -2415.7    -1288.9     -801.1     70.6     86.2     54.0 2023  4 24 14 37 54.330  6.0   1
      432  27.893502   85.498031    10.134    -2927.4     -806.3    -2377.4    112.4    128.2     45.8 2023  4 24 17  0 48.200  6.2   1
      433  27.938847   85.486873    14.175    -4025.5     4218.7     1664.4    123.0    119.0     91.6 2023  4 24 17 54 20.000  6.2   1
      434  27.899207   85.528524    13.524       74.5     -174.0     1012.9    120.7     98.7     53.3 2023  4 24 18 12 36.820  6.0   1
      435  27.926042   85.471623     9.286    -5527.1     2799.7    -3225.0     82.3    108.3     82.1 2023  4 24 18 15 11.240  6.5   1
      437  27.847123   85.596916    17.380     6809.3    -5945.9     4868.6    223.2    302.9    122.8 2023  4 24 19 16 48.040  5.9   1
      438  27.899363   85.505233    12.023    -2218.8     -156.7     -487.6     96.8    112.7     75.2 2023  4 24 19 57 49.100  5.7   1
      439  27.840257   85.532243    12.962      441.1    -6706.7      450.6    353.6    320.9    227.4 2023  4 24 20 16 29.160  7.4   1
      440  27.900934   85.506803     3.406    -2063.5       17.4    -9104.8    335.9    467.5    599.7 2023  4 24 20 39  7.060  5.6   1
      441  27.903927   85.507747    11.421    -1971.0      348.9    -1089.6    139.8    217.5     69.5 2023  4 24 20 51 49.240  5.8   1
      442  27.819071   85.692399    16.546    16214.1    -9054.4     4034.5    112.2    246.0    107.5 2023  4 24 21 28 54.420  6.3   1
      443  27.936497   85.437573     9.943    -8878.3     3958.5    -2567.8     72.4     72.4     73.2 2023  4 24 21 49 31.780  6.2   1
      444  27.816941   85.693115    16.542    16285.3    -9290.6     4030.5     86.7    211.1    100.1 2023  4 24 21 54  6.480  6.4   1
      445  27.887376   85.513550    11.920    -1399.8    -1485.0     -591.0     79.7    104.4     60.1 2023  4 24 22 33 15.960  5.6   1
      446  27.909387   85.473527    11.991    -5340.1      954.2     -519.9     68.1     94.7     56.8 2023  4 24 22 37 45.760  5.8   1
      447  27.814229   85.693669    16.667    16340.0    -9591.0     4156.3    126.5    242.7    118.2 2023  4 24 22 38 19.020  6.1   1
      448  27.864052   85.602238    14.340     7332.7    -4069.7     1828.9    142.6    139.4     81.4 2023  4 24 22 40 38.320  6.9   1
      449  27.889683   85.523747    12.966     -395.5    -1229.5      455.5     79.0    234.1     66.7 2023  4 25  1 53 57.550  6.2   1
      450  27.890576   85.630957    13.875    10159.7    -1130.3     1363.6    130.4    123.0    102.0 2023  4 25  2 11 19.450  6.7   1
      451  27.962754   85.538452    12.816     1052.0     6868.2      304.8    168.8    275.4     91.0 2023  4 25  2 44 21.570  6.2   1
      452  27.912073   85.548584    15.189     2049.2     1251.7     2678.5    134.6    136.5     55.2 2023  4 25  7 37 13.700  6.9   1
      453  27.892419   85.611182    15.203     8212.3     -926.2     2692.1    166.7    178.7     58.5 2023  4 25 10 57 11.130  6.7   1
      454  27.943211   85.497559    13.350    -2973.7     4702.3      838.7    106.6     98.4     84.5 2023  4 25 13 24 42.330  6.2   1
      455  27.891945   85.483171    10.675    -4390.4     -978.7    -1836.4     54.6    103.8     65.8 2023  4 25 13 55 34.420  6.3   1
      456  27.892118   85.485026    10.987    -4207.8     -959.6    -1524.3     60.2    102.0     77.3 2023  4 25 14 12 47.330  6.3   1
      457  27.910604   85.430623     7.184    -9563.5     1089.1    -5327.1     58.9     85.5     84.9 2023  4 25 14 44 17.150  7.3   1
      458  27.938788   85.486865    12.101    -4026.1     4212.2     -410.2     88.5     59.8     80.3 2023  4 25 15  8 49.240  7.3   1
      459  27.900077   85.480542    10.384    -4649.7      -77.5    -2127.0    103.4     92.4    105.0 2023  4 25 15 10 39.580  6.4   1
      460  27.888228   85.511369    13.144    -1614.6    -1390.6      633.0    114.2    329.5     98.6 2023  4 25 15 11 57.830  5.9   1
      461  27.916433   85.610205    19.580     8115.4     1734.9     7068.8    654.6    545.9    226.3 2023  4 25 15 32 37.420  6.2   1
      462  27.944283   85.506193     9.899    -2123.4     4821.3    -2611.5    107.4     94.5     66.2 2023  4 25 16 32 55.070  6.2   1
      463  27.907188   85.455420    12.849    -7122.2      710.4      337.5    104.3    188.6    107.4 2023  4 25 17 49 41.800  5.7   1
      464  27.906677   85.543083    12.965     1508.0      653.8      454.0    140.0     86.6     76.4 2023  4 25 18 21 39.140  5.9   1
      465  27.908030   85.438835     7.764    -8754.9      803.7    -4746.5     52.5     78.0     71.8 2023  4 25 18 26  6.080  6.9   1
      466  27.907829   85.454215    12.524    -7241.3      781.6       12.6    107.2    136.6    101.9 2023  4 25 18 35 13.140  5.9   1
      467  27.868595   85.695654    15.886    16531.2    -3566.4     3375.2    126.1    176.6    116.4 2023  4 25 21  8 26.800  6.0   1
      468  27.909603   85.486296    11.485    -4083.2      978.1    -1025.5     84.6    144.0     85.9 2023  4 25 21 10 49.960  5.8   1
      469  27.860478   85.600130    15.509     7125.8    -4465.9     2997.7    136.8    139.5     76.4 2023  4 25 21 21  1.120  5.9   1
      470  27.881510   85.553426    13.381     2526.0    -2135.0      870.0    173.7    102.6     66.7 2023  4 25 21 50 35.520  5.7   1
      471  27.884672   85.538688    13.069     1075.6    -1784.7      557.8    188.3    157.1     84.8 2023  4 25 21 51 42.480  6.4   1
      472  27.908948   85.444279     9.184    -8219.4      905.4    -3326.5     79.5    101.5     81.2 2023  4 25 22 16 20.860  5.8   1
      473  27.936096   85.666252    14.847    13632.0     3913.9     2335.6    205.1    254.7    153.6 2023  4 25 22 17 21.400  6.0   1
      474  27.860116   85.664608    17.423    13475.1    -4506.1     4912.0    137.2    175.5     92.3 2023  4 25 22 26  7.160  6.2   1
      475  27.884353   85.530404    12.889      259.8    -1820.1      377.6    114.3    109.2     52.2 2023  4 25 22 55 41.240  5.7   1
      476  27.925682   85.485889    10.884    -4122.3     2759.9    -1626.5    167.7    130.6    113.5 2023  4 25 23 14 57.240  5.8   1
      477  27.847369   85.693547    14.114    16325.3    -5918.5     1603.2    120.5    147.3     62.4 2023  4 25 23 45 41.120  6.6   1
      478  27.846714   85.693107    13.973    16281.8    -5991.2     1461.7     67.1    130.0     65.7 2023  4 25 23 46 42.920  6.9   1
      479  27.843516   85.683748    14.736    15361.0    -6345.5     2225.3     87.7    160.1     87.0 2023  4 25 23 46 55.560  7.3   1
      480  27.847296   85.684359    14.891    15420.9    -5926.6     2380.4    104.8    186.5     96.7 2023  4 25 23 47 31.160  8.0   1
      481  27.846116   85.690218    14.613    15997.9    -6057.3     2102.2     60.5    146.3     63.6 2023  4 25 23 49  2.560  7.4   1
      482  27.848608   85.693547    14.237    16325.3    -5781.3     1726.5     74.2    103.4     59.0 2023  4 25 23 49 28.920  6.8   1
      483  27.901011   85.563883    14.336     3556.0       25.9     1824.9    151.5    117.4     58.4 2023  4 26  0 22 24.110  6.4   1
      484  27.901827   85.563745    14.359     3541.8      116.4     1847.9    142.5    113.4     69.8 2023  4 26  0 24 17.690  6.1   1
      485  27.900655   85.588818    10.892     6010.4      -13.4    -1618.7    456.4    231.5    142.4 2023  4 26  1 12 31.390  6.3   1
      486  27.895367   85.483862    10.141    -4322.7     -599.5    -2370.3     72.7     85.5     88.1 2023  4 26  2 15 12.360  6.0   1
      487  27.901776   85.517863    12.673     -975.3      110.6      162.1    155.6    193.6    119.7 2023  4 26  4 16 11.490  6.2   1
      488  27.893829   85.474862     4.962    -5208.9     -770.0    -7548.8    126.0    442.9    255.8 2023  4 26  5 11 34.230  6.2   1
      489  27.896623   85.492041     8.914    -3517.2     -460.4    -3597.3    113.3    197.8    122.4 2023  4 26  6 29 38.720  6.1   1
      490  27.889638   85.498201    11.490    -2911.1    -1234.4    -1020.9     72.5    103.2     67.5 2023  4 26  7  3 17.370  6.4   1
      491  27.891764   85.565731     8.792     3737.8     -998.8    -3719.4    228.9    137.1     76.5 2023  4 26  9 25 55.160  6.4   1
      492  27.892680   85.567082     8.768     3870.5     -897.2    -3742.7    218.0    187.5     99.8 2023  4 26  9 26 28.650  6.4   1
      493  27.889311   85.594645    13.106     6584.4    -1270.7      595.0    194.0    153.4     81.8 2023  4 26 10 24  9.230  7.1   1
      494  27.931030   85.503890    13.498    -2350.2     3352.5      986.6     88.0    116.4     55.7 2023  4 26 12 39 37.860  6.2   1
      495  27.897024   85.488599     8.964    -3856.6     -416.0    -3547.4     68.8    103.8     69.4 2023  4 26 14 41  5.620  6.1   1
      496  27.901715   85.501978    12.249    -2538.8      104.0     -262.5     71.3    140.4     67.9 2023  4 26 15 15 23.210  6.0   1
      497  27.898578   85.511979    13.284    -1554.2     -243.7      773.1    108.9    223.6    101.8 2023  4 26 15 33 17.660  5.9   1
      498  27.887954   85.513989    12.059    -1356.8    -1421.2     -451.6     83.5    102.2     70.8 2023  4 26 16 40 57.930  6.4   1
      499  27.928440   85.534684    14.865      681.0     3065.6     2354.1    100.9    175.4     53.9 2023  4 26 16 49 58.040  6.5   1
      500  27.896761   85.491406     9.279    -3580.1     -445.0    -3231.7     95.2     97.5    112.5 2023  4 26 17  4 16.380  6.0   1
      501  27.915710   85.430371     8.249    -9588.2     1654.9    -4262.1     72.0    137.3     96.4 2023  4 26 17 16  6.520  6.1   1
      502  27.889335   85.511092    12.062    -1642.1    -1268.0     -448.6     74.3     83.8     93.4 2023  4 26 17 23 56.420  6.1   1
      503  27.900317   85.530990    11.764      317.4      -50.9     -747.3    134.8    108.9     81.0 2023  4 26 17 47 24.400  6.0   1
      504  27.857367   85.618034    15.744     8888.8    -4810.5     3233.3    158.2    174.9     72.0 2023  4 26 18 39 50.840  6.9   1
      505  27.902273   85.527409    11.536      -34.9      165.7     -974.6    129.8     91.1     78.5 2023  4 26 18 54 24.720  6.3   1
      506  27.890670   85.496533    11.215    -3075.1    -1120.1    -1295.7    124.6     94.7     73.9 2023  4 26 19 16 20.760  6.1   1
      507  27.913462   85.582284    15.927     5367.1     1405.8     3415.5    273.0    176.3     64.7 2023  4 26 19 23  6.400  6.3   1
      508  27.878269   85.680607    18.252    15048.9    -2494.2     5741.4    159.9    221.5    107.2 2023  4 26 19 25 51.240  6.4   1
      509  27.890698   85.493620    12.576    -3362.2    -1117.0       65.3    107.9    109.6    107.5 2023  4 26 19 41  4.320  6.8   1
      510  27.889832   85.496069    11.997    -3120.9    -1213.1     -514.1    105.4    103.7    111.2 2023  4 26 20 13 16.880  5.9   1
      511  27.884904   85.545646    13.245     1760.1    -1758.9      733.6    156.4    178.9     61.6 2023  4 26 20 25  1.600  5.6   1
      512  27.891726   85.486882    11.379    -4025.2    -1003.0    -1131.6     89.8    124.7     68.8 2023  4 26 20 30 24.140  6.5   1
      513  27.885158   85.505794    13.113    -2163.5    -1730.8      602.0    125.0    187.6    105.8 2023  4 26 20 36 16.840  6.1   1
      514  27.906704   85.507064    12.584    -2038.0      656.7       73.4     90.2    152.8     79.7 2023  4 26 20 40 25.600  5.9   1
      515  27.917499   85.459684    12.120    -6702.1     1853.1     -391.2     99.7    140.8    100.7 2023  4 26 21 10 43.200  5.9   1
      516  27.876064   85.573975    14.736     4549.7    -2738.7     2225.5    171.4    147.4     53.6 2023  4 26 21 27 31.580  5.8   1
      517  27.910636   85.488029    13.273    -3911.9     1092.7      761.9    111.3    147.1     96.1 2023  4 26 21 49 43.120  6.0   1
      518  27.903967   85.460449     9.974    -6627.2      353.5    -2536.8     70.2     99.2     85.0 2023  4 26 21 59 34.660  5.9   1
      519  27.928383   85.507422    12.476    -2003.0     3059.2      -34.7     73.6     91.4     49.7 2023  4 26 22  2 51.880  6.2   1
      520  27.888676   85.614396    14.713     8529.7    -1341.1     2202.4    186.3    212.9     76.6 2023  4 26 22 33 53.160  6.1   1
      521  27.848596   85.627043    14.734     9776.1    -5782.6     2223.3    160.8    126.0     89.7 2023  4 26 22 37  0.520  5.9   1
      522  27.835793   85.703996    17.208    17355.3    -7201.4     4696.8    145.5    392.6    128.2 2023  4 26 22 46 29.720  6.1   1
      523  27.897874   85.489168     9.027    -3799.8     -321.8    -3484.3     71.7     83.6     86.3 2023  4 26 23  8 50.320  6.5   1
      524  27.919216   85.579858    15.962     5128.0     2043.3     3451.2    293.5    205.5    115.5 2023  4 26 23 18 30.160  5.9   1
      525  27.897512   85.513525    11.842    -1402.2     -361.8     -669.1    108.8    128.1     92.8 2023  4 26 23 46 52.400  7.2   1
      526  27.894096   85.517000    12.171    -1060.4     -740.4     -339.5     96.4    116.4     56.3 2023  4 26 23 48 28.280  6.6   1
      527  27.849239   85.674219    16.860    14422.1    -5711.3     4348.9    146.0    184.0     99.9 2023  4 27  0 45 25.240  6.4   1
      528  27.888379   85.523942    12.957     -376.7    -1374.0      446.3     84.0    105.9     78.4 2023  4 27  3 23 45.700  6.5   1
      529  27.893504   85.553491    13.448     2532.9     -806.1      936.6    207.2    112.5     88.0 2023  4 27  5  1  5.020  6.3   1
      530  27.888898   85.511214    11.811    -1629.5    -1316.4     -700.4     80.8     84.4     72.1 2023  4 27  7 11  2.950  7.1   1
      531  27.871525   85.601514    15.212     7261.3    -3241.5     2700.8    144.9    109.4     57.8 2023  4 27  8  9 22.220  6.7   1
      532  27.892204   85.487826    10.238    -3932.2     -950.0    -2273.4     96.0    115.7    101.7 2023  4 27  8 15 23.100  6.6   1
      533  27.865841   85.657218    17.452    12746.7    -3871.7     4941.0    170.2    202.8    118.0 2023  4 27 10 48 42.570  6.8   1
      535  27.925427   85.495337    11.990    -3192.8     2731.6     -521.4    165.6    164.0    109.7 2023  4 27 12 40 10.730  6.2   1
      536  27.908038   85.438607     7.655    -8777.8      804.8    -4856.2     67.7     85.7    106.4 2023  4 27 14 53 47.420  6.5   1
      537  27.908303   85.438013     7.858    -8836.2      834.0    -4653.4     58.7     73.5     91.9 2023  4 27 14 55  5.000  6.7   1
      538  27.908630   85.438338     7.702    -8804.1      870.3    -4808.6     59.3     81.1     86.6 2023  4 27 14 57  3.050  6.4   1
      539  27.907157   85.436035     7.203    -9031.3      707.0    -5307.7     56.6     79.9     98.6 2023  4 27 15  0 44.490  6.9   1
      540  27.908228   85.441227     7.855    -8519.9      825.7    -4656.3     71.0     83.4    105.1 2023  4 27 15  1 25.450  6.3   1
      541  27.922036   85.516366    14.248    -1122.4     2355.7     1737.1    134.4    157.4     70.9 2023  4 27 15 26 43.410  5.9   1
      542  27.895211   85.508626    11.841    -1884.2     -616.9     -670.0     70.9    103.3     40.3 2023  4 27 16  4  5.920  6.0   1
      543  27.912791   85.554614    17.487     2643.0     1331.3     4976.5    166.1    139.5     90.2 2023  4 27 17  0  3.440  6.2   1
      544  27.875948   85.624878    15.816     9561.9    -2751.6     3304.9    108.4    126.8     69.8 2023  4 27 17  6 20.880  6.1   1
      545  27.893073   85.480379    10.657    -4665.6     -853.9    -1853.7     61.5    144.0     59.2 2023  4 27 17 14 30.020  5.9   1
      546  27.890932   85.486947    10.591    -4018.7    -1091.0    -1920.4     76.2     93.8     42.9 2023  4 27 17 34 25.820  6.3   1
      547  27.937915   85.500887    11.872    -2646.2     4115.4     -639.4    107.4     98.2     60.1 2023  4 27 18  1 59.080  6.4   1
      548  27.901587   85.531413    13.002      358.9       89.7      490.5    185.6    114.7     69.1 2023  4 27 19 11 11.960  6.2   1
      549  27.906203   85.455192    11.264    -7145.2      601.3    -1247.3     86.8    109.9     82.6 2023  4 27 19 37  2.640  6.0   1
      550  27.896946   85.497331    11.128    -2996.8     -424.6    -1382.6     83.4     90.7     52.0 2023  4 27 20 34  9.720  6.2   1
      551  27.931431   85.441105    10.083    -8530.6     3397.0    -2427.7     69.5     68.4     73.7 2023  4 27 21 33 57.200  6.4   1
      552  27.932530   85.442497     9.888    -8393.5     3518.8    -2623.2     53.3     80.3     50.6 2023  4 27 21 34 49.720  6.2   1
      553  27.890149   85.598014    14.896     6916.1    -1177.7     2384.8    151.7    136.6     75.1 2023  4 27 21 50 11.440  5.9   1
      554  27.913177   85.591813    16.521     6305.3     1374.2     4009.6    265.2    171.3     91.3 2023  4 27 21 50 32.280  6.0   1
      555  27.860724   85.609863    16.140     8084.3    -4438.7     3629.3    208.6    159.5     74.4 2023  4 27 21 50 38.280  5.9   1
      556  27.915444   85.598910    16.476     7003.9     1625.3     3964.8    243.1    214.3     79.3 2023  4 27 22  3  0.520  5.8   1
      557  27.912181   85.574341    14.466     4584.7     1263.6     1954.5    162.4    149.4     58.2 2023  4 27 22 18 48.100  6.2   1
      558  27.906689   85.504810    12.032    -2260.4      655.3     -479.1     79.1    132.8     86.1 2023  4 27 22 32 44.960  5.8   1
      559  27.901801   85.517920    12.685     -969.2      113.5      174.5    115.6    145.9     53.1 2023  4 27 22 45 23.400  5.9   1
      560  27.888928   85.512199    12.450    -1532.7    -1313.2      -60.7    109.6     89.9     82.0 2023  4 27 23 24 43.400  5.7   1
      561  27.889518   85.506201    12.347    -2123.0    -1247.7     -164.1    124.3     94.8     95.8 2023  4 27 23 40 11.960  5.9   1
      562  27.889471   85.504606    11.844    -2280.1    -1253.0     -666.9    140.8    102.2    118.2 2023  4 28  0 12 55.720  6.2   1
      563  27.880886   85.662899    15.532    13305.3    -2204.3     3021.2    123.7    144.7     96.2 2023  4 28  1 16 54.370  6.2   1
      564  27.865594   85.703524    21.176    17306.4    -3899.0     8665.5    387.4    536.8    314.7 2023  4 28  3  7 30.010  6.5   1
      565  27.904616   85.469531    10.135    -5733.1      425.5    -2375.8     95.5    102.3    117.5 2023  4 28  5 18 59.910  6.6   1
      566  27.908443   85.433171     7.239    -9313.0      849.4    -5271.6     65.4    104.9     98.6 2023  4 28  7 49 19.880  7.1   1
      567  27.892645   85.507812    11.578    -1964.7     -901.3     -933.0    105.5     98.9     97.0 2023  4 28  9 41  8.790  6.4   1
      568  27.934849   85.531909    14.487      407.7     3775.8     1976.3    137.5    142.2     99.8 2023  4 28 10 15 39.060  6.5   1
      569  27.907371   85.477808    10.253    -4918.8      730.8    -2257.7     75.9    154.8     65.6 2023  4 28 15 35  9.650  6.3   1
      570  27.918577   85.564518    15.812     3617.7     1972.6     3300.8    166.4    123.0     61.0 2023  4 28 16  9 42.590  6.8   1
      571  27.893038   85.528646    13.054       86.4     -857.7      543.5    140.2    154.8    103.0 2023  4 28 17  3  3.120  6.0   1
      572  27.891093   85.496875    11.710    -3041.4    -1073.3     -800.5    135.2    146.5    136.5 2023  4 28 17 36 45.840  5.9   1
      573  27.892918   85.589364    15.407     6064.1     -871.1     2896.4    243.7    177.1     74.0 2023  4 28 18 37 57.700  6.1   1
      574  27.896655   85.458944     9.529    -6775.7     -456.7    -2982.4     63.8    110.5     67.4 2023  4 28 18 43  9.800  6.1   1
      575  27.914596   85.426579     6.845    -9961.5     1531.4    -5666.4     58.9     85.2    100.2 2023  4 28 19 30 23.540  6.7   1
      576  27.806773   85.583203    12.601     5460.5   -10417.2       90.3    229.8    160.0     78.3 2023  4 28 19 31 42.720  6.1   1
      577  27.913749   85.571590    15.805     4314.0     1437.5     3294.0    233.6    162.0     66.1 2023  4 28 19 40  2.920  6.2   1
      578  27.912787   85.532438    17.023      460.2     1331.0     4512.5    164.0    170.3     96.9 2023  4 28 20 59 25.600  7.9   1
      579  27.910209   85.534212    17.077      634.7     1045.2     4566.4    181.9    125.4     93.9 2023  4 28 21  0 39.200  6.8   1
      580  27.910657   85.533781    16.849      592.3     1094.8     4337.8    250.2    101.4     95.0 2023  4 28 21 10 30.360  6.3   1
      581  27.921495   85.444336     9.755    -8213.5     2295.8    -2756.0     84.8     85.1     99.2 2023  4 28 21 13 18.180  6.5   1
      582  27.908934   85.524463    12.711     -325.2      903.9      200.0    115.9    131.2     55.8 2023  4 28 21 23 37.700  6.5   1
      583  27.916211   85.559237    16.235     3098.1     1710.3     3724.4    208.5    125.9    110.4 2023  4 28 21 26 32.440  6.3   1
      584  27.929565   85.449658    10.723    -7689.0     3190.4    -1788.3     82.7     92.4     83.9 2023  4 28 22  8 23.240  6.1   1
      585  27.932467   85.504793    13.856    -2261.7     3511.8     1344.7    117.1    160.0     81.2 2023  4 28 22 32 34.020  6.0   1
      586  27.883561   85.585685    14.610     5702.7    -1907.8     2098.8    147.2    136.4     52.2 2023  4 29  1 52  4.580  6.2   1
      587  27.905766   85.510099    11.546    -1739.2      552.7     -964.9    145.9     96.8    103.4 2023  4 29  4 49 30.650  6.3   1
      588  27.901575   85.603410    17.854     7446.8       88.3     5343.3    296.4    219.3    128.7 2023  4 29  5 41 31.900  6.8   1
      589  27.886212   85.517383    12.192    -1022.4    -1614.0     -318.8    110.5    127.7     89.7 2023  4 29  6 14  1.300  6.3   1
      590  27.894177   85.577311    13.925     4877.7     -731.3     1414.2    211.3    120.1     71.6 2023  4 29  6 53 21.350  6.8   1
      591  27.906038   85.495329    11.623    -3193.4      583.0     -887.8     95.9    149.5     64.0 2023  4 29  9 32 23.600  6.9   1
      592  27.897003   85.510645    12.981    -1685.7     -418.3      470.1    100.5    177.3     88.1 2023  4 29  9 59 47.400  6.8   1
      593  27.887000   85.511475    12.139    -1604.5    -1526.7     -372.4    119.0    137.6     80.1 2023  4 29 12 31 31.060  6.9   1
      594  27.900669   85.563118    14.736     3480.3      -11.9     2224.6    154.9    134.7     74.1 2023  4 29 13  1 54.960  6.3   1
      595  27.893724   85.482674     9.932    -4439.8     -781.6    -2578.6     66.4     89.2     72.8 2023  4 29 13 28 26.930  6.9   1
      596  27.892926   85.477718     9.747    -4927.8     -870.0    -2763.6    112.2    113.9    113.9 2023  4 29 13 28 34.820  6.6   1
      597  27.885602   85.516195    12.599    -1139.1    -1681.7       88.3     74.5     87.9     74.9 2023  4 29 13 29 53.140  6.2   1
      598  27.892550   85.484261    10.355    -4283.3     -911.8    -2156.3     48.3     99.6     65.9 2023  4 29 14  5 47.310  6.0   1
      600  27.888875   85.507056    11.720    -2039.1    -1318.9     -791.4     75.8     79.8     72.0 2023  4 29 14 59 33.080  7.5   1
      601  27.821202   85.691130    17.396    16089.3    -8818.4     4885.5    141.1    229.0    101.4 2023  4 29 16 31  6.820  6.2   1
      602  27.968101   85.555786    12.661     2757.4     7460.7      149.8    260.3    195.5    145.2 2023  4 29 17  0 27.660  5.8   1
      603  27.912750   85.484155    10.733    -4293.2     1326.8    -1778.2     89.7     89.4     82.4 2023  4 29 17 26 24.440  6.8   1
      604  27.893640   85.489518    10.472    -3765.5     -790.8    -2038.6     62.5    124.3     67.0 2023  4 29 17 26 54.100  6.4   1
      605  27.892686   85.489909    10.710    -3727.4     -896.8    -1800.5    103.5    100.5     85.0 2023  4 29 17 28 40.780  6.3   1
      606  27.892436   85.487231    10.462    -3991.3     -924.4    -2048.9    107.9    114.1     73.3 2023  4 29 17 29 55.200  6.1   1
      607  27.887260   85.485465    10.732    -4164.9    -1498.0    -1778.9     79.3    108.0     73.6 2023  4 29 18 15 39.400  6.2   1
      608  27.889488   85.478670     9.991    -4834.1    -1251.1    -2520.2     51.8     92.0     55.4 2023  4 29 18 15 46.660  6.5   1
      609  27.849951   85.694531    13.354    16422.2    -5632.3      843.3     86.4    133.2     72.8 2023  4 29 18 19 47.340  6.1   1
      610  27.909768   85.492733    10.977    -3449.1      996.3    -1534.1    129.8    136.3     80.5 2023  4 29 18 33 18.580  5.8   1
      611  27.888505   85.543180    13.931     1517.8    -1360.1     1419.7    110.6    138.6     52.8 2023  4 29 18 59 56.300  5.8   1
      612  27.887579   85.557764    12.630     2953.7    -1462.7      118.8    364.7    158.9    145.3 2023  4 29 19  7 27.800  6.1   1
      613  27.832328   85.609953    14.936     8094.0    -7585.3     2424.8    135.2    101.9     75.1 2023  4 29 20  3 51.320  5.9   1
      614  27.908453   85.564453    15.420     3612.0      850.5     2909.2    187.2    156.0     80.2 2023  4 29 20  9 16.240  5.8   1
      615  27.910602   85.492375    11.249    -3484.2     1088.8    -1262.1     84.2    100.7     79.4 2023  4 29 20 28 39.120  6.0   1
      616  27.896238   85.569629    14.316     4121.7     -503.0     1804.9    137.6    104.7     66.8 2023  4 29 20 39  9.360  6.1   1
      617  27.905400   85.510685    11.743    -1681.7      512.3     -767.8    135.4    108.5     69.9 2023  4 29 21 19 23.380  5.7   1
      618  27.943964   85.467773    11.124    -5905.6     4785.9    -1387.2     90.9    120.1     94.9 2023  4 29 22 11 18.800  6.5   1
      619  27.910638   85.493294    11.229    -3393.8     1092.9    -1281.7     91.9    112.9     69.1 2023  4 29 23  8 46.440  6.6   1
      620  27.893046   85.496175    10.907    -3110.0     -856.8    -1603.9     88.9    136.8     75.7 2023  4 29 23 22  1.800  7.5   1
      621  27.863371   85.515633    12.699    -1194.8    -4145.4      188.4     95.5    181.2     54.1 2023  4 29 23 27 49.360  5.9   1
      622  27.940515   85.554362    12.461     2617.8     4403.6      -49.6    241.3    141.2     95.7 2023  4 30  0  3 49.430  6.4   1
      623  27.935640   85.500789    11.549    -2655.6     3863.4     -961.7     71.4     88.1     48.5 2023  4 30  0  6 29.590  6.4   1
      624  27.921726   85.471916     4.177    -5498.4     2321.5    -8333.9     90.3     79.9    186.9 2023  4 30  5 18 46.990  6.2   1
      625  27.890497   85.513835    11.719    -1371.9    -1139.2     -792.3    106.1     99.1     93.2 2023  4 30  5 25  7.690  6.3   1
      626  27.893363   85.486410    10.774    -4071.6     -821.6    -1737.4     78.8     93.7     69.8 2023  4 30  9 31 51.580  6.7   1
      627  27.906260   85.433634     6.878    -9267.0      607.6    -5633.2    110.2     91.3    159.9 2023  4 30  9 34  7.470  6.8   1
      628  27.915578   85.554688    14.133     2649.9     1640.2     1622.5    209.4     79.7     75.1 2023  4 30 10 23 28.600  6.4   1
      629  27.881946   85.539608    13.103     1165.6    -2086.8      591.9    206.9    165.2     85.0 2023  4 30 11 41 21.860  6.3   1
      630  27.912773   85.434676     8.460    -9164.7     1329.3    -4050.6     75.1    141.9    100.4 2023  4 30 12 20 40.920  6.5   1
      631  27.905377   85.578711    15.418     5015.5      509.9     2907.2    270.0    185.7     69.2 2023  4 30 14 49 26.950  6.0   1
      632  27.937032   85.525326    13.737     -240.3     4017.7     1226.5    106.1    164.8     77.4 2023  4 30 15  7  2.830  6.0   1
      633  27.929921   85.427091     8.954    -9910.1     3229.7    -3555.8     80.0     71.9    100.1 2023  4 30 15 23 38.700  6.1   1
      634  27.880088   85.550146    13.540     2203.6    -2292.7     1028.8    132.7    148.7     72.5 2023  4 30 15 25 39.070  5.8   1
      635  27.913298   85.485335    11.144    -4177.4     1387.6    -1367.2     98.6    121.8     69.9 2023  4 30 15 29 59.280  5.9   1
      636  27.930695   85.425277     8.694   -10088.7     3315.3    -3817.1     91.9     73.9    132.3 2023  4 30 15 45 50.430  6.1   1
      637  27.910372   85.478613     9.426    -4839.4     1063.3    -3084.5     93.0    104.5     97.5 2023  4 30 15 50 37.510  6.2   1
      638  27.900024   85.475260    14.213    -5169.3      -83.4     1702.1    101.8    155.4     71.8 2023  4 30 15 59 54.680  6.7   1
      639  27.892230   85.494442    10.726    -3281.2     -947.3    -1785.3     47.2    107.5     46.9 2023  4 30 16 55 10.060  6.0   1
      640  27.893266   85.495475    10.783    -3178.9     -832.5    -1728.0     56.6    103.7     72.8 2023  4 30 16 55 24.760  5.8   1
      641  27.890865   85.502352    11.103    -2502.3    -1098.3    -1407.7     80.4    114.0     48.5 2023  4 30 17  2  6.820  6.0   1
      642  27.894169   85.514941    11.975    -1263.0     -732.3     -534.9     91.8    113.4     83.1 2023  4 30 17 27 14.640  6.8   1
      643  27.899097   85.477287    10.818    -4970.0     -186.3    -1692.8     56.2    118.0     48.4 2023  4 30 17 27 55.080  6.3   1
      644  27.884165   85.551042    12.962     2291.9    -1840.9      451.0    152.0    132.4     74.9 2023  4 30 18 11 12.640  5.9   1
      645  27.914657   85.493197    13.295    -3403.0     1538.2      783.9    136.1    193.1     99.2 2023  4 30 18 24 12.100  6.5   1
      646  27.913607   85.507503    16.058    -1994.6     1421.8     3546.7    226.8    238.5    128.4 2023  4 30 18 29 32.080  5.6   1
      647  27.883899   85.524357    12.882     -335.9    -1870.4      370.9    102.4    114.8     82.5 2023  4 30 18 31 40.360  6.0   1
      648  27.918939   85.424878     9.543   -10128.8     2012.8    -2968.5     61.3    151.9     90.9 2023  4 30 19 22 59.960  6.1   1
      649  27.894794   85.493766    11.385    -3347.5     -663.2    -1126.2     81.4     83.2     78.6 2023  4 30 19 46 15.140  6.0   1
      650  27.895833   85.493001    11.116    -3423.0     -548.0    -1394.9     54.6     77.3     49.5 2023  4 30 20 23  4.460  6.8   1
      651  27.930076   85.414730    11.415   -11127.2     3246.9    -1096.1    106.3    195.2    108.1 2023  4 30 21  3 44.560  6.5   1
      652  27.898177   85.451945    10.275    -7465.1     -288.2    -2235.9     68.1    105.8     73.7 2023  4 30 21 19 26.500  6.0   1
      653  27.898627   85.453760    10.148    -7286.3     -238.3    -2362.8     63.4     87.5     74.6 2023  4 30 21 20 22.980  5.9   1
      654  27.926288   85.517049    15.956    -1055.4     2827.1     3445.5    233.1    204.7    104.6 2023  4 30 21 22 18.000  6.1   1
      655  27.875279   85.571582    14.388     4313.9    -2825.7     1877.1    248.9    174.5     62.7 2023  4 30 21 23 17.620  6.1   1
      656  27.927574   85.510352    15.870    -1714.5     2969.5     3359.4    111.8    139.3     93.9 2023  4 30 21 26 43.340  6.0   1
      657  27.902816   85.461963    11.812    -6478.7      225.9     -698.9    116.6    236.7     97.3 2023  4 30 21 36 37.320  5.8   1
      658  27.925828   85.419303    13.348   -10677.5     2776.1      836.9    145.0    169.9    105.3 2023  4 30 21 42 44.440  5.9   1
      659  27.912644   85.487777    11.097    -3936.7     1315.2    -1413.6     79.5    130.9     53.7 2023  4 30 21 47 13.280  5.8   1
      660  27.873254   85.570426    14.106     4200.1    -3049.9     1594.9    161.7    144.4     72.0 2023  4 30 21 50  9.320  5.8   1
      661  27.928878   85.415853    11.978   -11016.6     3113.9     -532.9    116.4    198.9    109.9 2023  4 30 21 59 36.340  6.2   1
      662  27.907979   85.493294    11.272    -3393.9      798.2    -1239.2     82.8    105.9     73.4 2023  4 30 22  0 58.340  5.9   1
      663  27.908980   85.494466    11.277    -3278.5      909.0    -1233.9    113.6    195.0     91.4 2023  4 30 22  5 11.800  5.8   1
      664  27.897125   85.627116    16.881     9781.5     -404.7     4369.8    127.5    167.1     63.8 2023  4 30 22 13 28.720  6.0   1
      665  27.876263   85.569995    14.148     4158.1    -2716.7     1637.4    269.7    159.3     55.1 2023  4 30 22 37 40.640  6.2   1
      666  27.913578   85.484871    11.070    -4223.2     1418.5    -1440.9     87.6     96.7     58.3 2023  4 30 22 47 59.240  5.8   1
      667  27.926170   85.416300    13.275   -10973.0     2814.0      763.8    113.0    206.5    104.7 2023  4 30 23 17 26.400  6.3   1
      668  27.875153   85.571468    14.094     4303.2    -2839.6     1582.6    281.5    204.4     73.6 2023  5  1  0  7 55.580  6.4   1
      669  27.894137   85.530640    13.182      282.8     -736.0      671.0    156.8    175.3    119.0 2023  5  1  2 48  0.270  6.7   1
      670  27.889895   85.513957    10.382    -1359.6    -1206.0    -2129.3    167.1    106.0    185.7 2023  5  1  2 48 25.050  6.3   1
      671  27.893715   85.509977    11.718    -1751.2     -782.5     -793.3    183.4    110.8    168.5 2023  5  1  2 55  7.810  6.6   1
      672  27.868858   85.656519    15.217    12677.8    -3537.3     2706.2    136.5    211.8     85.0 2023  5  1  4 55 58.860  6.7   1
      673  27.926310   85.495036     9.326    -3221.7     2829.6    -3184.5    217.9    239.9    151.6 2023  5  1 12 17 14.570  6.6   1
      674  27.896130   85.526725    14.032     -102.4     -515.0     1520.8    200.2    283.0     78.5 2023  5  1 13 23 40.100  6.8   1
      675  27.895555   85.513118    11.142    -1442.4     -578.7    -1368.6    129.7    119.3    104.0 2023  5  1 13 45 16.870  6.1   1
      676  27.924371   85.478141     4.550    -4884.9     2614.7    -7960.7     65.5     64.3    116.9 2023  5  1 15  6 22.680  6.5   1
      677  27.892061   85.517155    11.196    -1045.0     -965.8    -1314.6     84.2    100.4     97.2 2023  5  1 15 10 30.180  6.1   1
      678  27.901400   85.524780    12.753     -293.8       68.9      241.9    131.6    122.2     58.3 2023  5  1 15 44  5.200  6.0   1
      679  27.924632   85.477922     3.663    -4906.5     2643.5    -8847.5     54.3     77.4    141.0 2023  5  1 16  7 30.370  6.1   1
      680  27.924961   85.544661    16.127     1663.0     2680.0     3615.9     96.4    136.3     52.3 2023  5  1 16 21 12.110  6.8   1
      681  27.882576   85.522201    12.844     -547.8    -2016.9      332.8    105.7     93.3     68.0 2023  5  1 16 50  4.320  6.1   1
      682  27.914435   85.469279     9.868    -5757.6     1513.5    -2643.1     78.3     95.0     61.6 2023  5  1 17  4 39.800  5.9   1
      683  27.876113   85.567342    14.479     3897.1    -2733.3     1967.9    197.6    179.2     72.3 2023  5  1 18 28 15.000  5.9   1
      684  27.891890   85.499943    11.389    -2739.2     -984.8    -1121.9     75.6     81.5     51.4 2023  5  1 18 38 40.520  6.2   1
      685  27.915776   85.445540    11.969    -8095.2     1662.1     -542.0     99.0    145.8     89.7 2023  5  1 18 47 52.100  6.1   1
      686  27.893148   85.478621     9.676    -4838.7     -845.4    -2834.6     60.2     91.4     67.0 2023  5  1 19 44  7.380  6.5   1
      687  27.901479   85.491146    10.666    -3605.1       77.9    -1844.7     64.0     91.6     45.1 2023  5  1 20 29 54.600  6.3   1
      688  27.898401   85.525944    13.496     -179.2     -263.3      985.5    109.9    177.6     70.2 2023  5  1 20 30 45.440  5.9   1
      689  27.834989   85.616805    14.527     8768.6    -7290.5     2016.4    145.7     91.0     49.6 2023  5  1 20 46 41.520  5.8   1
      690  27.838269   85.663184    15.575    13335.9    -6926.9     3064.3    137.0    122.4     90.4 2023  5  1 20 50 38.920  6.0   1
      691  27.892682   85.533122    13.567      527.5     -897.1     1055.9    157.8    164.1     96.3 2023  5  1 20 59 57.000  6.4   1
      692  27.892458   85.537223    14.158      930.7     -921.8     1646.6    153.6    156.3     75.5 2023  5  1 21  3 46.880  5.8   1
      693  27.891178   85.538517    13.831     1058.6    -1063.8     1319.6    145.6    148.4     71.6 2023  5  1 21  6 17.820  5.7   1
      694  27.914921   85.474854    10.687    -5209.2     1567.5    -1824.4     75.7    109.4     78.0 2023  5  1 21 21  2.880  5.8   1
      695  27.921309   85.581486    16.037     5288.4     2275.3     3526.2    236.1    181.2     73.5 2023  5  1 22 32  3.120  6.3   1
      696  27.897906   85.632137    11.478    10275.2     -318.2    -1033.3    188.3    279.1     76.6 2023  5  1 22 55  4.280  5.8   1
      697  27.888507   85.590609    13.155     6187.2    -1359.7      644.4    266.1    166.9     75.1 2023  5  1 23  4 21.140  6.2   1
      698  27.920083   85.426058    10.150   -10012.9     2139.4    -2360.7     73.5    118.7     91.2 2023  5  1 23 53  9.140  6.3   1
      699  27.916331   85.521248    12.380     -641.6     1723.7     -131.3    116.8    111.1     86.0 2023  5  2  0  0  2.590  6.6   1
      701  27.937909   85.671102    14.107    14109.1     4114.8     1596.1    200.1    253.7    159.4 2023  5  2  2 45 37.750  6.2   1
      702  27.893036   85.552132    17.835     2398.9     -857.9     5323.7    226.3    209.1    102.1 2023  5  2  4 41 24.220  7.3   1
      703  27.919775   85.419336     9.870   -10674.3     2105.3    -2640.5     77.9    175.3    123.7 2023  5  2  5 56 29.500  6.3   1
      704  27.912858   85.472087     9.445    -5481.6     1338.8    -3066.1    113.6    106.1    118.0 2023  5  2  9 33  6.520  6.7   1
      705  27.919118   85.438021    12.534    -8834.9     2032.5       22.7    107.6    135.9    131.7 2023  5  2 13 47 22.590  6.1   1
      706  27.896684   85.496606    11.837    -3067.9     -453.5     -673.7    112.0    197.0    122.0 2023  5  2 14 20 54.930  6.0   1
      707  27.956299   85.460913    13.074    -6580.0     6152.8      563.1    160.7    227.7    141.8 2023  5  2 14 49 23.640  7.3   1
      708  27.850281   85.651595    15.099    12193.8    -5595.9     2587.7    152.9    138.6    115.8 2023  5  2 15  2 31.640  6.2   1
      709  27.876613   85.576961    14.290     4844.1    -2677.9     1779.4    193.0    147.7     63.5 2023  5  2 15 36 30.280  6.0   1
      710  27.892881   85.641089    16.336    11157.0     -874.9     3824.9    183.1    279.5     98.2 2023  5  2 16 45 54.930  6.0   1
      711  27.832202   85.626261    14.495     9699.7    -7599.4     1984.3    111.3    107.6     69.6 2023  5  2 17  2 13.980  6.1   1
      712  27.914221   85.578027    15.918     4948.1     1489.9     3406.7    226.7    172.6     67.6 2023  5  2 17  4 56.980  7.6   1
      713  27.913159   85.582454    16.080     5383.8     1372.2     3568.7    360.1    253.4     83.0 2023  5  2 17  7 48.780  5.9   1
      714  27.832910   85.627938    14.258     9865.2    -7521.0     1747.1    122.3    124.5     80.3 2023  5  2 17  9  3.720  6.0   1
      715  27.832935   85.625285    14.638     9604.0    -7518.3     2127.0    120.4    104.8     79.1 2023  5  2 17 26 52.840  6.0   1
      716  27.835752   85.621558    14.833     9236.8    -7205.8     2322.0    110.9     84.6     51.4 2023  5  2 17 40 37.920  6.2   1
      717  27.900859   85.472135    10.146    -5477.3        9.0    -2365.0    100.8    131.8     88.3 2023  5  2 18 18 36.920  6.3   1
      718  27.894161   85.473608    11.242    -5332.2     -733.2    -1268.7    124.3    119.3    133.7 2023  5  2 18 38 48.360  5.8   1
      719  27.908209   85.456494    11.399    -7016.8      823.6    -1112.2     99.7    114.1     78.8 2023  5  2 19 39 57.680  6.1   1
      720  27.903774   85.457170    10.422    -6950.7      332.0    -2089.3     72.1    106.6     79.4 2023  5  2 20 11  5.480  5.9   1
      721  27.837231   85.613289    15.481     8422.3    -7042.0     2970.5    249.1    225.0    117.0 2023  5  2 20 22  4.720  5.8   1
      722  27.919674   85.420223     9.538   -10587.2     2094.1    -2972.6     86.8     91.6    127.1 2023  5  2 21  6 26.040  6.6   1
      723  27.919470   85.420858     9.617   -10524.4     2071.6    -2893.5     84.1     90.6    122.0 2023  5  2 21 25  0.520  6.7   1
      724  27.820129   85.650944    17.799    12131.5    -8937.3     5287.7    190.7    207.1    129.3 2023  5  2 21 56  2.880  5.8   1
      725  27.909383   85.453231    11.765    -7337.6      953.7     -745.9     95.1    151.0     99.5 2023  5  2 23 35 25.080  6.2   1
      726  27.927944   85.505355    12.661    -2205.9     3010.6      149.8    102.9    140.0     85.1 2023  5  2 23 49  2.820  6.1   1
      727  27.891701   85.518221    12.893     -939.5    -1005.7      382.2    119.5    159.7     79.3 2023  5  3  0 31 11.770  6.2   1
      728  27.926243   85.483341     9.663    -4373.5     2822.1    -2848.2     79.1     94.1     70.1 2023  5  3  3 38 25.280  8.1   1
      729  27.926048   85.480192     9.509    -4683.7     2800.5    -3001.7    102.8    110.0     84.0 2023  5  3  3 40 21.110  6.2   1
      730  27.926632   85.483911     9.721    -4317.2     2865.1    -2790.2     64.1     95.0     68.5 2023  5  3  3 40 36.050  6.5   1
      731  27.926585   85.479867     9.538    -4715.5     2859.9    -2973.3     85.7     91.9     90.6 2023  5  3  3 40 58.890  6.5   1
      732  27.889915   85.517985    12.882     -963.4    -1203.7      370.7    111.1    100.3    104.5 2023  5  3  6 27 10.020  6.7   1
      733  27.906771   85.456144    12.331    -7051.5      664.3     -179.7    109.6    186.6    101.7 2023  5  3 15  3 17.300  6.2   1
      734  27.930520   85.524756    13.888     -296.6     3296.0     1376.7    183.8    176.6     55.2 2023  5  3 16 32  2.720  6.0   1
      735  27.926617   85.453760    12.011    -7285.1     2863.5     -500.3    148.2    178.9    101.3 2023  5  3 16 40 55.420  6.0   1
      736  27.935372   85.436019     9.856    -9031.2     3833.7    -2655.1     78.4     69.5     81.5 2023  5  3 17  0  9.220  6.4   1
      737  27.912474   85.507804    12.115    -1964.9     1296.3     -395.6    118.7    113.3     74.7 2023  5  3 20 41 15.660  5.6   1
      738  27.906250   85.442114     8.756    -8432.7      606.5    -3755.2     72.2    124.6     99.7 2023  5  3 21  8 51.000  6.1   1
      739  27.964404   85.554110    13.125     2592.7     7050.9      613.7    248.1    176.2    137.2 2023  5  3 21 56 41.100  5.7   1
      740  27.916125   85.462484    10.121    -6427.1     1700.9    -2389.5     69.9    136.7     80.3 2023  5  3 23  5 15.760  6.6   1
      741  27.932316   85.476693     9.984    -5028.0     3495.1    -2527.4    104.8    133.3    126.1 2023  5  3 23 31 31.000  6.4   1
      742  27.891103   85.496688    11.163    -3060.2    -1072.1    -1348.1     89.4    111.0     59.4 2023  5  4  0 18 49.790  6.3   1
      743  27.835866   85.706307    14.243    17583.0    -7193.2     1732.5    123.4    237.4     92.6 2023  5  4  1  8 54.230  6.6   1
      744  27.895746   85.491113    14.965    -3608.3     -557.6     2454.1    187.1    278.2    136.5 2023  5  4  1 25 55.380  6.6   1
      745  27.877669   85.566081     9.570     3772.7    -2560.7    -2940.5    214.0    158.1     85.1 2023  5  4  1 28 41.500  6.5   1
      746  27.905084   85.450203     9.433    -7636.4      477.2    -3077.9     54.9    115.5     68.9 2023  5  4  1 52 49.870  6.5   1
      747  27.903178   85.432674     6.754    -9362.0      266.1    -5757.1     82.8     81.2    113.6 2023  5  4  1 55 15.460  6.5   1
      748  27.897978   85.465129    14.067    -6167.2     -310.2     1555.6    132.2    155.6    115.4 2023  5  4  3 15 41.850  7.6   1
      749  27.896338   85.467074    14.091    -5975.9     -492.0     1579.9    151.6    170.3    129.8 2023  5  4  4 16 12.930  7.3   1
      750  27.909816   85.538257    12.837     1032.3     1001.8      326.5    114.4     89.4     65.2 2023  5  4  7 21  1.830  7.2   1
      751  27.810284   85.574691    10.306     4621.9   -10028.2    -2205.4    287.0    152.0     77.4 2023  5  4  7 37 28.180  6.7   1
      752  27.921802   85.557715    14.755     2948.3     2329.9     2243.6    176.4     99.4     58.5 2023  5  4  8 53 36.110  7.0   1
      753  27.897636   85.588387    14.899     5968.1     -348.2     2388.4    373.4    136.0     78.1 2023  5  4 13 50 45.540  5.9   1
      754  27.898545   85.588965    15.078     6025.1     -247.4     2566.6    356.0    168.9     88.2 2023  5  4 14 38 42.960  6.1   1
      755  27.881588   85.526050    13.203     -168.8    -2126.5      692.2     92.5    119.3     40.1 2023  5  4 14 58 30.300  6.2   1
      756  27.898635   85.590332    15.663     6159.7     -237.5     3152.2    311.8    185.6     78.1 2023  5  4 15 45 24.980  6.2   1
      757  27.901172   85.465332    12.096    -6147.0       43.7     -414.6    102.6    132.5    111.5 2023  5  4 18  6 24.220  6.1   1
      759  27.904342   85.536743    13.384      884.0      394.9      872.9    110.6    116.5     61.1 2023  5  4 18 48 15.180  5.9   1
      760  27.913399   85.594580    15.949     6577.2     1398.7     3438.3    369.6    425.6     72.9 2023  5  4 18 49 27.040  6.5   1
      761  27.919535   85.586589    15.293     5790.3     2078.7     2782.1    427.5    322.0     80.1 2023  5  4 19  4 51.660  5.9   1
      762  27.889124   85.515031    11.980    -1254.2    -1291.5     -531.4     83.8     85.3     72.9 2023  5  4 19 23 51.880  6.8   1
      763  27.821914   85.646134    15.945    11657.4    -8739.6     3434.5    214.5    218.3    178.6 2023  5  4 19 51 56.600  7.6   1
      764  27.914229   85.595231    15.917     6641.7     1490.8     3406.5    200.3    178.9     70.8 2023  5  4 19 55  1.400  6.3   1
      765  27.913668   85.607438    16.688     7843.6     1428.5     4177.5    203.0    184.3     72.6 2023  5  4 19 55 10.440  6.2   1
      766  27.900602   85.496606    11.840    -3067.5      -19.3     -670.7     73.7    116.7     75.9 2023  5  4 20  8 40.000  6.2   1
      767  27.918894   85.685807    11.687    15558.3     2007.7     -823.7    234.0    230.5    200.8 2023  5  4 21  4 10.640  6.5   1
      768  27.897935   85.533537    12.699      568.3     -315.0      188.5    131.1    100.8     75.3 2023  5  4 21 35 31.160  7.0   1
      769  27.895217   85.537134    12.982      922.5     -616.2      471.4    151.3    121.1     46.3 2023  5  4 21 35 58.300  6.2   1
      770  27.897795   85.533634    12.835      577.7     -330.6      324.2    117.9     84.0     57.2 2023  5  4 21 36 42.420  6.2   1
      771  27.893791   85.537451    13.001      953.3     -774.1      490.4     95.9    123.0     50.9 2023  5  4 21 40 46.280  6.2   1
      772  27.886412   85.517334    12.563    -1027.2    -1592.0       51.9     94.8     92.1     69.6 2023  5  4 21 50  5.700  5.9   1
      773  27.833909   85.621086    14.417     9190.1    -7410.2     1905.7    109.4    113.4     59.1 2023  5  4 21 53 32.520  5.8   1
      774  27.900610   85.566032    14.029     3767.3      -18.5     1517.6    167.9    106.8     56.0 2023  5  4 21 56 56.200  6.3   1
      775  27.930406   85.492285    12.631    -3492.9     3283.3      119.7     82.3     98.2     68.4 2023  5  4 22 25  2.000  6.2   1
      776  27.898549   85.484391    10.958    -4270.5     -246.8    -1553.3     79.6     82.5     53.4 2023  5  4 22 27  5.120  6.1   1
      777  27.898362   85.487646    11.408    -3950.3     -267.7    -1102.6     83.5     90.7     50.7 2023  5  4 22 27 17.040  5.9   1
      778  27.883134   85.540316    13.182     1235.6    -1955.1      670.6    101.4     86.7     65.7 2023  5  4 23 34  6.840  6.0   1
      779  27.911578   85.461174     9.700    -6555.8     1196.9    -2810.9     71.0    111.1     85.4 2023  5  4 23 45 53.480  6.4   1
      780  27.908610   85.461938     9.298    -6481.1      868.1    -3213.0     99.8    118.4    109.1 2023  5  5  0 28 28.030  6.7   1
      781  27.883449   85.652108    16.880    12242.2    -1920.2     4369.1    157.3    342.5     91.6 2023  5  5  2 54 24.620  6.9   1
      782  27.912832   85.543034    15.043     1502.8     1335.7     2531.9    109.5    118.7     81.2 2023  5  5  2 56 15.930  6.4   1
      783  27.900981   85.541805    13.450     1381.8       22.5      939.3    219.6    198.2     64.5 2023  5  5  4 23 58.950  6.2   1
      784  27.907393   85.434814     6.885    -9151.2      733.2    -5625.9     52.7     77.5     95.0 2023  5  5  8 10 23.940  7.6   1
      785  27.906997   85.434147     6.673    -9217.1      689.3    -5838.3     61.8     80.2     85.6 2023  5  5  8 13 39.510  7.4   1
      786  27.908211   85.437728     7.700    -8864.6      823.8    -4810.8     78.1    114.2    107.1 2023  5  5  8 33 21.010  7.5   1
      787  27.924786   85.521167     9.448     -649.6     2660.6    -3062.8    133.1    448.1    133.8 2023  5  5 10 37 55.970  6.5   1
      788  27.908641   85.440340     7.714    -8607.1      871.4    -4797.4     63.8     95.4     97.9 2023  5  5 14  0 13.430  6.7   1
      789  27.920310   85.500578    12.136    -2676.5     2164.6     -375.1     88.6    101.9     91.9 2023  5  5 14 36 55.080  6.5   1
      790  27.896338   85.509741    11.821    -1774.9     -491.9     -690.2     86.2    145.4     72.1 2023  5  5 15 20 58.590  6.0   1
      791  27.896450   85.510522    11.776    -1698.1     -479.6     -735.1     89.1    107.9     46.5 2023  5  5 15 22 47.150  6.4   1
      792  27.895984   85.516406    12.036    -1118.3     -531.1     -474.5    101.4    155.1    104.1 2023  5  5 15 24 48.110  6.3   1
      793  27.921997   85.440527     9.364    -8588.0     2351.6    -3147.4     67.9     88.1     92.7 2023  5  5 15 48 20.750  6.1   1
      794  27.834654   85.620028    14.316     9086.1    -7327.7     1805.4    118.4     75.5     64.0 2023  5  5 16 16  6.460  6.1   1
      795  27.912162   85.624731    15.938     9546.1     1261.8     3427.1    160.9    130.6     59.4 2023  5  5 16 30 31.160  6.3   1
      796  27.908285   85.445532     8.508    -8095.9      831.9    -4002.9     56.7     71.5     63.8 2023  5  5 17 27 46.760  6.3   1
      797  27.908344   85.445923     8.668    -8057.4      838.4    -3842.8     80.4     79.9     89.0 2023  5  5 17 29 45.540  6.2   1
      798  27.908645   85.443669     8.172    -8279.5      871.9    -4338.6     75.8    107.0     86.8 2023  5  5 17 30 51.040  6.1   1
      799  27.918398   85.517163    12.243    -1043.9     1952.7     -267.5    112.5    120.9     80.8 2023  5  5 17 43 27.320  6.1   1
      800  27.887012   85.497876    11.526    -2943.4    -1525.5     -984.5    124.5    137.5     86.0 2023  5  5 17 48 24.400  6.1   1
      801  27.918608   85.518490    12.472     -912.9     1975.9      -38.7    102.5    133.4     61.5 2023  5  5 17 49 35.940  6.1   1
      802  27.928988   85.599967    13.976     7107.4     3126.2     1464.6    370.9    281.6    130.9 2023  5  5 18  0 32.880  5.8   1
      803  27.938708   85.521680    11.034     -599.2     4203.5    -1477.4     89.9     92.4     62.0 2023  5  5 19 58  6.580  6.4   1
      804  27.882678   85.667489    16.297    13756.7    -2005.8     3785.9    144.3    231.4     94.1 2023  5  5 21 10 44.040  6.5   1
      805  27.942979   85.542407    11.529     1441.1     4676.6     -981.8    156.2    118.5     79.9 2023  5  5 21 12 42.200  5.8   1
      806  27.906160   85.453971    10.188    -7265.2      596.7    -2322.5     80.5    118.6     84.1 2023  5  5 21 44 21.280  6.0   1
      807  27.908547   85.442920     8.037    -8352.7      861.0    -4473.5     64.1     90.4     90.7 2023  5  5 21 44 58.720  6.3   1
      808  27.936483   85.525513    11.523     -221.7     3956.8     -988.4    137.7    217.9    104.8 2023  5  5 21 58 17.280  5.9   1
      809  27.919914   85.601017    16.305     7211.0     2120.8     3794.5    206.7    177.4     73.4 2023  5  5 22 51  9.360  6.2   1
      810  27.889386   85.505428    11.724    -2199.1    -1262.4     -787.2    124.5    121.0    109.7 2023  5  5 23  7 54.680  6.0   1
      811  27.935107   85.421948     9.567   -10416.4     3804.3    -2944.1    104.4     85.1    126.8 2023  5  6  1 42 21.130  6.4   1
      812  27.907023   85.563298    18.774     3497.7      692.2     6262.9    189.9    180.6     75.1 2023  5  6 10 16 40.750  7.0   1
      813  27.901284   85.580371    18.743     5179.2       56.2     6232.2    388.8    261.6     63.6 2023  5  6 10 47 28.780  6.6   1
      814  27.900564   85.526449    13.879     -130.1      -23.7     1368.3    145.4    139.6     99.7 2023  5  6 11 15 37.390  6.5   1
      815  27.903866   85.570109    18.705     4168.4      342.3     6194.5    153.1    164.2     59.0 2023  5  6 12 49 51.040  6.5   1
      816  27.903719   85.494230    11.187    -3301.8      326.1    -1323.5    108.3    130.8     78.6 2023  5  6 13 22 30.170  6.8   1
      817  27.914878   85.586377    16.108     5769.8     1562.8     3596.8    337.3    231.0     72.5 2023  5  6 13 51 55.420  6.3   1
      818  27.912402   85.511255    12.325    -1625.7     1288.2     -185.5    113.8    111.0     89.4 2023  5  6 15  8  2.500  7.3   1
      819  27.908051   85.503190    12.464    -2419.5      806.1      -46.7    156.4    157.3    124.9 2023  5  6 15  8 15.650  6.7   1
      820  27.876461   85.590739    14.962     6200.1    -2694.7     2450.6    139.2    103.2     66.8 2023  5  6 16 11  6.120  6.5   1
      821  27.878013   85.589355    15.111     6063.8    -2522.7     2599.9    172.2    146.5     71.9 2023  5  6 18  2 58.120  6.7   1
      822  27.947355   85.521956     9.922     -572.2     5161.6    -2588.9     79.0    173.1     54.3 2023  5  6 19 27 23.840  6.0   1
      823  27.894139   85.509676    11.654    -1781.5     -735.6     -857.4     67.7    104.2     56.2 2023  5  6 20 41 31.120  6.0   1
      824  27.878782   85.570174    14.600     4175.2    -2437.5     2089.4    293.5    198.2    133.1 2023  5  6 22 23 46.720  5.9   1
      825  27.899803   85.517863    13.538     -975.0     -108.1     1027.0    106.8    178.0     82.1 2023  5  6 22 26 47.800  6.0   1
      826  27.896301   85.531193    14.008      337.1     -496.1     1496.5    132.5    158.4     95.1 2023  5  6 23 32 51.360  6.1   1
      827  27.871338   85.555127    13.470     2694.1    -3262.5      958.9    184.6    175.0     97.8 2023  5  6 23 33 34.660  6.0   1
      828  27.882420   85.542765    13.171     1476.4    -2034.4      660.3    139.0    167.9     82.9 2023  5  6 23 35 49.580  6.2   1
      829  27.858700   85.572013    13.810     4356.6    -4662.9     1299.1    264.6    244.1    168.3 2023  5  7  1 10 16.860  6.3   1
      830  27.909705   85.565625    18.672     3727.1      989.4     6161.5    185.2    181.7     71.2 2023  5  7  6  9 50.070  6.7   1
      831  27.901560   85.581567    18.004     5297.1       86.7     5493.0    316.6    246.5    105.3 2023  5  7  8 19 50.670  6.4   1
      832  27.834267   85.669450    14.066    13953.0    -7370.6     1554.6    117.5    136.7    118.6 2023  5  7 10 34 55.970  7.0   1
      833  27.911961   85.568237    17.739     3984.0     1239.3     5227.9    172.1    187.1     40.9 2023  5  7 13 33 19.710  6.5   1
      834  27.890379   85.512834    12.581    -1470.3    -1152.3       69.8     94.2     93.2     40.7 2023  5  7 14 36 33.630  6.2   1
      835  27.885828   85.528979    12.816      119.3    -1656.6      305.3    111.4     94.9     51.7 2023  5  7 16 23 20.390  6.2   1
      836  27.877309   85.684408    14.924    15423.3    -2600.7     2413.2    156.8    240.2    133.3 2023  5  7 17 22 40.800  6.0   1
      837  27.891825   85.519035    13.190     -860.0     -991.9      678.8    101.3    175.6     50.2 2023  5  7 17 52 37.020  6.4   1
      838  27.954812   85.521240    10.529     -642.3     5988.0    -1981.6    108.3    105.6     61.1 2023  5  7 19 42 56.160  6.4   1
      839  27.902620   85.621224    16.923     9201.0      204.3     4411.9    118.2    157.5     43.5 2023  5  7 20 40 33.120  6.2   1
      840  27.905044   85.618009    16.562     8884.6      472.7     4051.4    116.0    177.3     50.0 2023  5  7 20 40 39.280  6.5   1
      841  27.925061   85.623796    16.824     9453.5     2691.0     4313.2    161.6    276.6     64.5 2023  5  7 21 44  8.860  6.9   1
      842  27.875503   85.551978    14.936     2383.9    -2800.9     2424.8    225.0    216.6     73.6 2023  5  7 22 37 35.500  6.1   1
      843  27.873317   85.554655    14.792     2647.8    -3043.1     2280.5    281.3    254.3    143.8 2023  5  7 23 27 15.560  6.1   1
      844  27.880701   85.606795    15.479     7781.1    -2224.8     2968.2    232.8    123.3     72.7 2023  5  7 23 51  5.160  6.2   1
      845  27.880096   85.554533    14.694     2635.4    -2291.7     2182.8    261.1    286.8    135.3 2023  5  7 23 53 41.360  6.1   1
