6.2200 14.3229 1.6635e+04
34.9500 13.9046 1.2724e+04
404.6300 14.3452 2.6780e+04
413.9600 22.2748 9.4926e+04
522.1800 26.9258 3.6953e+05
542.8400 20.3390 1.4028e+04
561.2000 21.5597 1.9389e+04
883.3701 23.8897 1.1831e+05
888.0301 16.8600 9.2104e+04
904.8101 19.0479 5.8938e+04
939.9901 13.9357 2.6572e+04
1036.3001 11.1591 1.3821e+04
1081.0801 12.2806 8.8182e+03
1110.2301 15.3278 1.3809e+04
1158.8601 15.0856 1.1355e+04
1264.1301 17.1029 2.8311e+04
1279.3301 12.7722 1.6908e+04
1355.6901 11.3500 5.8281e+03
1388.7001 19.5512 1.4202e+04
1455.3001 11.0721 9.4032e+03
1474.6601 12.9012 1.7263e+04
1478.7901 12.2360 1.0583e+04
1550.7101 12.9779 1.1874e+04
1572.7201 10.6137 1.0350e+04
1592.1401 10.4063 1.2268e+04
1850.3801 10.0569 4.8579e+03
1978.7201 12.8628 1.8744e+04
1990.0801 12.3289 2.6760e+04
1994.1601 10.9107 2.5630e+04
2048.8801 16.2928 2.3390e+04
2056.5001 16.9953 2.8217e+04
2062.5101 16.6764 2.4278e+04
2161.2901 20.7313 1.2894e+04
2186.4901 13.2049 8.8694e+03
2196.0301 10.1361 1.5548e+04
2286.8901 11.8931 3.3652e+04
2375.6601 26.7079 3.7846e+05
2464.8702 18.2544 1.2009e+05
2760.8702 15.5336 8.9001e+03
2900.6202 15.0104 1.1458e+04
3129.5202 11.4359 1.2070e+04
3255.2702 10.6783 1.8191e+04
3312.8602 10.8268 1.1117e+04
3334.9602 10.5288 1.2208e+04
3470.2002 10.4738 1.5089e+04
3477.6402 11.1659 2.2616e+04
3479.1702 13.5385 1.6459e+04
3489.8702 10.3410 1.6311e+04
3498.7602 25.1443 3.5741e+05
3510.8002 11.9900 3.7644e+04
3519.4102 13.0934 4.2921e+04
3606.4402 10.2831 1.5987e+04
3631.6502 12.4794 1.7394e+04
3668.2902 11.1976 2.5457e+04
3674.1102 10.8014 8.9247e+03
3952.1302 11.6903 1.3668e+04
3956.6602 15.8092 2.1447e+04
4138.0303 12.1737 1.1767e+04
4151.0403 14.8663 2.2660e+04
4496.2103 13.4031 2.0726e+04
4526.0003 18.3352 1.8136e+04
4590.9503 20.2815 1.9491e+04
4652.6103 12.8908 1.3067e+04
4895.2203 10.9838 1.9061e+04
4924.8903 10.3345 2.4664e+04
4992.3703 12.0043 2.0331e+04
4998.0503 12.2375 2.0042e+04
5009.4903 18.9966 9.5572e+04
5016.6403 11.6454 4.4837e+04
5035.9903 10.7683 4.0076e+04
5051.5903 17.6048 6.4377e+04
5056.2303 10.8549 4.1084e+04
5070.5103 10.3662 5.0014e+04
5074.3003 16.6400 4.3262e+04
5146.4003 14.7953 2.6463e+04
5179.9103 13.4891 7.6984e+04
5238.0803 15.2117 2.9880e+04
5278.8003 17.8843 4.7440e+04
5342.4103 13.3566 4.0430e+04
5358.9403 12.5966 1.2003e+05
5415.7903 16.5452 4.0834e+04
5453.8503 10.2281 6.6536e+04
5541.0803 11.1925 2.7384e+04
5563.9503 13.1439 4.9824e+04
5566.9703 10.6006 3.9219e+04
5573.4303 13.6057 3.8488e+04
5592.8003 10.3183 2.0098e+04
5618.5403 13.9664 4.0796e+04
5808.9804 14.5825 1.7269e+05
5823.7404 11.6501 1.0444e+05
5995.6004 11.7895 1.2004e+04
6443.8904 10.6529 2.9999e+04
6444.6704 10.9947 2.9999e+04
6611.6404 11.6676 3.7088e+04
6890.7304 10.7438 5.1696e+03
7007.7804 19.2526 9.6021e+03
7059.3504 15.2558 1.0843e+04
7083.7504 13.1817 1.2062e+04
7304.2404 16.6878 2.9970e+04
7315.2204 15.7637 2.2235e+04
7376.5405 18.4496 3.8473e+04
7789.3605 12.6914 1.8467e+04
7840.5805 13.7656 1.2514e+04
8273.9505 12.5272 1.0842e+04
8488.9605 11.8245 2.2132e+04
8611.2005 18.8499 1.2367e+04
8739.3205 12.3063 1.0815e+04
9419.8606 19.0888 4.9614e+04
9439.1706 16.7661 6.9407e+04
9823.0806 10.2858 5.5696e+03
10083.1406 14.8984 5.0349e+04
10143.1106 11.7374 3.4786e+04
10330.9906 11.6978 2.5463e+04
10334.3506 13.1713 1.8414e+04
10343.8606 11.5831 2.2361e+04
10349.7706 10.1929 6.2744e+04
10366.5106 13.5607 1.8168e+04
10415.6606 15.5964 3.0203e+04
10429.9106 15.7602 3.1066e+04
10451.3606 13.7235 3.5619e+04
10477.7006 12.2074 3.7467e+04
10532.7206 14.8739 8.6814e+04
10535.5106 10.5287 8.6814e+04
10591.0406 10.1312 4.1768e+04
10591.6006 10.6123 4.1138e+04
10595.8006 14.1436 6.8830e+04
10611.6406 18.9301 8.8491e+04
10643.4506 10.7559 2.8000e+04
10656.6107 12.2014 2.5718e+04
10680.9007 12.0608 4.7826e+04
10688.7407 15.5395 3.3300e+04
10730.1907 11.4855 1.2561e+04
11070.5007 11.7616 2.9739e+04
11117.2907 20.1958 6.6456e+04
11139.5107 11.8525 2.4528e+04
11147.2407 11.2976 4.3622e+04
11169.7007 10.3326 5.4400e+04
11204.4407 16.4519 4.1598e+04
11222.7407 10.7104 3.1373e+04
11237.6507 11.9354 4.8212e+04
11249.3607 12.2973 3.9723e+04
11308.4207 15.0034 8.9151e+04
11325.1807 23.9489 1.2747e+05
11446.1907 10.9196 3.7042e+04
11479.6007 12.0435 1.8511e+05
11553.1707 11.6441 1.5377e+05
11555.6607 20.4065 1.2133e+05
11603.9507 19.7101 1.0428e+05
11629.8507 14.4229 8.2238e+04
11676.6107 18.3012 2.3709e+05
11683.1607 11.5439 1.2619e+05
11692.9407 16.4416 4.1833e+05
11718.3307 21.7754 1.6527e+05
11723.7707 14.2616 7.1901e+04
11765.3507 16.5012 1.7335e+05
11821.3007 20.3144 1.7299e+05
11863.5507 21.7297 2.2301e+05
11874.7307 14.7904 2.2957e+05
11892.0307 10.4978 2.8295e+05
11904.1607 13.7139 7.7408e+04
11942.6207 21.4013 2.5283e+05
11960.9307 23.2820 3.2496e+05
11970.7207 19.0195 1.4724e+05
12003.3907 18.8643 1.8071e+05
12031.2207 11.9681 2.8494e+05
12037.9607 13.9593 2.5386e+05
12038.7007 17.7949 1.9132e+05
12058.3407 18.6722 1.1607e+05
12073.2507 16.9905 2.5480e+05
12087.9007 17.2686 1.5274e+05
12125.5907 11.5917 1.7191e+05
12179.9507 13.7146 1.1923e+05
12187.9307 22.7238 2.8693e+05
12212.5107 13.1652 2.0693e+05
12254.8007 24.2304 3.6143e+05
12285.4507 10.7548 1.8532e+05
12295.5808 11.8597 1.4119e+05
12299.8308 13.5926 1.9352e+05
12316.4308 10.4811 8.9160e+04
12334.2508 14.6156 1.3463e+05
12340.6508 23.4846 2.3992e+05
12359.7008 17.0511 2.3037e+05
12362.6008 10.2639 1.3432e+05
12375.1308 15.0803 2.2062e+05
12378.2208 12.6332 1.4817e+05
12381.2008 16.2838 2.3493e+05
12424.9408 13.6603 2.8275e+05
12426.9508 19.9751 2.6469e+05
12466.4908 19.6316 1.8957e+05
12488.0908 11.0028 3.4585e+05
12500.8008 23.5397 2.5020e+05
12524.4808 11.9577 1.2392e+05
12540.2708 10.5903 9.5639e+04
12545.6808 13.4354 4.0745e+05
12548.6208 17.7013 3.6149e+05
12565.0008 13.6178 3.2709e+05
12567.9208 20.6712 2.8288e+05
12600.8508 10.2562 1.2180e+05
12632.9708 11.4664 1.3748e+05
12637.2908 12.8863 1.1650e+05
12643.6608 23.2552 2.9023e+05
12663.3608 17.1456 1.5155e+05
12664.8808 10.0059 1.0336e+05
12689.8808 14.7298 1.0886e+05
12718.5808 24.2934 2.6915e+05
12750.9408 15.3397 9.7151e+04
12766.4508 18.0477 4.1166e+05
12789.6908 12.5736 4.2116e+05
12793.9308 22.9153 1.7231e+05
12827.8708 15.7205 5.0884e+05
12836.8408 10.3395 2.0113e+05
12841.0208 10.5777 2.0439e+05
12860.2908 11.2289 9.8202e+04
12865.5308 22.7383 2.6597e+05
12930.6208 22.4508 1.5628e+05
12955.4108 12.0397 4.8562e+05
12957.2908 15.6631 3.0452e+05
12975.2608 10.1474 2.3231e+05
12984.7708 22.7574 2.0772e+05
12992.9308 16.1539 1.3885e+05
13038.8608 23.9319 3.7156e+05
13093.9708 21.2776 2.1435e+05
13105.7908 13.5384 1.1554e+05
13110.0708 15.5316 2.5505e+05
13150.3008 21.9035 3.4780e+05
13189.0608 13.4198 1.7142e+05
13201.5008 17.4643 2.3163e+05
13206.6008 19.4711 3.1270e+05
13259.6708 20.0907 4.3718e+05
13260.1708 16.4160 2.3105e+05
13308.6908 21.1630 3.5206e+05
13330.6808 12.5765 2.6003e+05
13352.2408 22.6005 2.3822e+05
13369.2708 17.0332 2.3870e+05
13381.7508 14.7723 1.2584e+05
13397.3008 23.5440 3.2555e+05
13408.2108 16.1660 2.4492e+05
13416.6108 17.8938 3.0624e+05
13434.6108 10.1925 2.3769e+05
13442.1408 22.6836 3.2118e+05
13461.9708 14.8365 1.6448e+05
13483.2008 14.7137 3.5450e+05
13486.2408 10.8128 2.6409e+05
13491.1808 18.7666 2.3955e+05
13541.9908 24.2529 2.5709e+05
13569.3108 12.7927 1.7627e+05
13571.7308 15.4879 7.1661e+04
13584.9508 14.7380 2.1320e+05
13587.4908 11.0926 4.1763e+05
13589.9008 12.2900 2.6801e+05
13596.6408 20.6154 2.8163e+05
13650.9808 22.6736 2.9751e+05
13660.6408 15.5772 1.5313e+05
13677.4408 12.2913 1.9741e+05
13707.5508 22.7774 2.1542e+05
13721.7508 10.1378 1.7237e+05
13724.6908 14.6682 2.8173e+05
13727.4408 12.2294 2.8173e+05
13741.1908 14.1309 1.0007e+05
13757.9608 11.8747 4.7676e+05
13760.9508 20.1497 2.0428e+05
13771.3008 18.9503 4.0206e+05
13784.5208 13.1701 2.0535e+05
13792.8808 15.0277 2.1128e+05
13794.9208 16.5251 1.9484e+05
13811.2008 23.6736 3.3826e+05
13827.7408 18.0652 1.3662e+05
13843.0808 16.0752 2.3850e+05
13850.0508 15.9296 2.6302e+05
13866.4408 21.4144 2.5744e+05
13891.9608 18.1061 2.9906e+05
13896.7708 17.4058 3.5866e+05
13910.1008 13.4568 9.1381e+04
13920.0408 10.3135 1.7785e+05
13926.9409 24.8232 3.1444e+05
13956.6009 17.1511 3.5378e+05
13985.5409 24.0906 2.4697e+05
14028.5309 10.0649 1.0494e+05
14032.6609 14.2757 8.9599e+04
14041.1009 24.1587 3.0772e+05
14077.4409 20.3171 3.9351e+05
14078.6009 11.3076 2.3932e+05
14091.0709 15.9697 1.8968e+05
14100.7709 22.4537 3.1699e+05
14139.1309 11.9263 1.6125e+05
14161.0109 23.1362 2.5472e+05
14182.8409 17.4108 1.4592e+05
14218.6909 24.2462 4.0720e+05
14260.8009 16.3186 1.9520e+05
14279.0909 21.1935 3.5054e+05
14281.6709 19.0035 2.1307e+05
14307.3709 13.2431 2.0093e+05
14317.1909 12.7544 1.7055e+05
14321.9309 19.2759 1.4747e+05
14333.9709 17.0863 5.1837e+05
14336.3609 15.4720 3.2309e+05
14345.1609 24.5356 3.9505e+05
14377.9609 15.6158 1.8899e+05
14406.1209 23.6294 3.3145e+05
14430.8009 16.5334 2.4188e+05
14441.1709 21.4620 1.6834e+05
14464.4009 22.9554 4.0681e+05
14476.0209 13.8323 1.3686e+05
14480.1609 10.2997 1.4049e+05
14492.8709 15.9302 1.3085e+05
14501.1609 21.4397 4.2118e+05
14507.5109 11.4224 2.5400e+05
14521.3109 25.1564 3.0697e+05
14543.4209 15.7407 1.3369e+05
14559.3609 14.2432 9.6473e+04
14576.5009 23.6538 3.1052e+05
14607.9209 16.9127 1.8999e+05
14625.8909 14.8232 2.1695e+05
14631.6709 24.5706 3.2300e+05
14645.8109 13.4110 1.7650e+05
14668.6509 18.5426 3.3552e+05
14680.8709 16.4322 3.4562e+05
14685.5109 21.6724 2.9836e+05
14735.0609 21.6197 2.2142e+05
14747.6809 17.6461 2.3546e+05
14775.3109 14.8297 3.4129e+05
14785.1009 22.5600 3.8386e+05
14831.3409 22.5618 3.2658e+05
14844.8709 14.7395 2.3031e+05
14878.6609 23.9095 3.1430e+05
14907.8809 11.1993 1.3367e+05
14912.2809 12.6792 2.5013e+05
14923.3809 22.9260 2.4846e+05
14956.7109 12.7536 2.3997e+05
14970.5909 25.0012 3.8359e+05
14983.6809 17.0382 2.6206e+05
14993.6109 18.9883 2.1309e+05
15016.2209 15.3853 1.2016e+05
15021.5309 24.3912 4.2146e+05
15031.5809 14.2144 1.0835e+05
15071.8209 18.9310 3.4987e+05
15075.0909 22.8581 3.1185e+05
15125.3109 10.9656 1.8834e+05
15131.1809 23.2155 4.1190e+05
15158.8909 10.2845 8.0464e+04
15177.9509 18.9427 3.6138e+05
15184.6109 19.5611 4.1340e+05
15212.2609 12.9041 1.3517e+05
15239.9109 24.7118 3.8920e+05
15250.3809 11.5443 2.3307e+05
15256.7409 19.4593 2.4499e+05
15295.6709 25.0934 2.9025e+05
15346.7109 23.7960 3.2091e+05
15352.1109 10.0773 8.2028e+04
15368.8209 16.5791 2.4217e+05
15396.0609 21.1775 1.8884e+05
15404.8509 10.6320 2.6209e+05
15410.9109 11.0107 1.6072e+05
15430.7609 14.4076 1.3423e+05
15442.9609 23.7560 3.3498e+05
15466.6109 10.1066 1.8266e+05
15467.4209 12.6512 1.3261e+05
15473.0909 23.6581 8.1349e+05
15484.5709 23.1698 3.5322e+05
15519.2609 10.1739 8.1787e+04
15527.8409 24.1623 3.3236e+05
15536.2809 16.5918 2.2839e+05
15547.2609 11.0126 1.0567e+05
15570.4410 23.9936 2.9970e+05
15586.3410 13.3596 2.3327e+05
15601.2510 18.8617 2.7292e+05
15613.5410 21.1536 1.8889e+05
15653.2010 21.2617 3.0082e+05
15690.4610 22.5382 2.3781e+05
15702.3810 17.3356 3.8093e+05
15729.9010 23.5172 2.4154e+05
15768.3910 24.9263 4.0222e+05
15778.4910 10.7626 4.4267e+05
15806.2810 22.3358 3.0805e+05
15814.6610 18.5089 2.6595e+05
15825.9910 16.7798 3.5495e+05
15842.1410 23.8900 3.6393e+05
15852.9410 15.5286 2.6271e+05
15876.6310 21.4890 3.8874e+05
15907.9110 14.9078 5.0840e+05
15909.8010 17.3039 2.8323e+05
15923.2710 17.6168 2.0041e+05
15940.9410 21.5508 3.7989e+05
15952.1410 11.7917 1.6517e+05
15971.0410 21.4988 2.3312e+05
15992.4610 12.1050 2.6219e+05
15999.4510 18.1017 4.9437e+05
16025.0010 19.9059 2.6010e+05
16038.5710 13.0630 1.4534e+05
16047.9810 19.2308 2.5745e+05
16069.4810 19.3907 2.4742e+05
16090.2610 20.0501 4.6161e+05
16110.6410 18.3966 4.9437e+05
16113.4210 12.5382 3.7036e+05
16130.5210 15.3904 5.4847e+05
16133.8710 17.7684 3.1048e+05
16149.0410 16.4669 2.9542e+05
16166.9910 19.4475 3.9676e+05
16175.3910 13.8378 1.9864e+05
16184.1910 18.4500 2.9362e+05
16200.7610 17.4745 4.5468e+05
16216.6610 18.9724 2.5727e+05
16232.1210 19.2456 2.9796e+05
16247.4410 19.2150 2.7157e+05
16262.9110 16.5012 3.0018e+05
16277.3010 12.1120 3.3310e+05
16278.2110 16.6018 2.5978e+05
16292.7310 16.7315 3.1930e+05
16303.2110 10.9820 3.3252e+05
16306.7610 17.4293 2.3811e+05
16320.8510 18.1130 3.6540e+05
16335.0610 19.5580 2.7482e+05
16349.1410 18.7594 2.9151e+05
16363.1410 17.0980 3.2721e+05
16377.3310 20.6613 2.6529e+05
16391.4110 19.0581 2.9317e+05
16405.4410 17.1012 2.8442e+05
16419.6010 17.8220 2.5368e+05
16433.7910 18.5413 2.6639e+05
16448.0210 13.3497 2.7526e+05
16458.5010 10.8155 3.3485e+05
16462.0410 15.9090 3.1373e+05
16475.5110 17.6338 2.4209e+05
16488.6710 17.6341 2.6977e+05
16501.3610 14.2492 3.0067e+05
16513.7810 14.9244 3.2784e+05
16525.6510 15.9731 4.0583e+05
16536.9910 16.5134 2.8906e+05
16548.2510 15.9835 3.0151e+05
16559.0710 13.9473 4.8887e+05
16569.7910 17.9888 3.9972e+05
16580.2010 15.6262 2.6726e+05
16590.5210 18.1171 2.7784e+05
16599.2210 10.4599 4.0971e+05
16600.9310 16.0837 3.3330e+05
16611.5310 14.1632 2.8735e+05
16622.3410 17.9599 3.7827e+05
16633.2610 15.9628 2.8608e+05
16644.1010 18.4851 4.1597e+05
16654.6210 14.1040 4.0005e+05
16664.8610 12.8005 3.9199e+05
16665.2110 14.6307 3.6055e+05
16675.8710 16.5407 4.5163e+05
16686.7410 15.0427 1.9290e+05
16697.5310 19.6643 3.7782e+05
16707.9310 19.1924 3.5379e+05
16718.0610 17.8555 4.4908e+05
16728.1510 19.3551 2.6703e+05
16737.2410 12.5592 3.4856e+05
16738.2610 13.7947 3.2536e+05
16748.4810 20.0761 4.9017e+05
16755.7310 12.6285 3.9050e+05
16758.7910 17.8780 2.5576e+05
16768.8310 18.5810 1.9113e+05
16778.6210 19.2306 8.5048e+05
16788.4510 17.6019 1.8095e+05
16798.2910 18.4469 2.4822e+05
16808.2010 16.7378 3.7982e+05
16811.9510 10.7403 2.1934e+05
16818.1110 15.7693 1.7177e+05
16822.8410 15.6868 5.7777e+05
16828.0710 14.0091 4.5164e+05
16836.7410 11.7078 4.7296e+05
16838.0310 15.7036 3.1374e+05
16847.9210 18.6447 2.9659e+05
16857.8310 15.6696 2.9502e+05
16867.8310 18.0687 4.4581e+05
16877.9210 18.8014 2.5378e+05
16888.0410 16.6117 2.8017e+05
16897.9210 17.6390 2.0517e+05
16907.7210 17.7719 2.6992e+05
16917.4410 18.7816 3.5558e+05
16927.0710 17.8630 2.5414e+05
16936.3410 17.0756 4.9240e+05
16945.2210 19.6800 3.7046e+05
16953.6810 19.2776 4.5578e+05
16958.8710 11.9414 4.0416e+05
16961.8810 12.8417 2.0269e+05
16970.3410 19.3059 2.5720e+05
16978.8310 19.2531 3.9210e+05
16987.4310 17.8256 3.8214e+05
16996.1210 18.8771 1.7103e+05
17005.0410 18.7214 4.6594e+05
17014.3010 19.3820 2.1506e+05
17022.6410 18.1166 8.2922e+05
17023.5710 13.6958 3.1635e+05
17032.9510 17.8570 1.6300e+05
17042.4610 18.8919 2.7630e+05
17048.5310 12.4553 4.6919e+05
17050.9710 14.4563 3.6592e+05
17052.2610 14.1529 2.0569e+05
17059.2810 12.2267 3.1641e+05
17062.2510 18.0094 3.2970e+05
17071.7210 20.2394 5.2432e+05
17081.1910 19.8991 4.2186e+05
17091.1210 19.3427 7.7351e+05
17093.8310 13.2793 6.2219e+05
17101.4610 19.0969 2.8859e+05
17111.8310 20.3910 3.8292e+05
17121.7810 19.9052 2.1254e+05
17128.1310 12.2104 3.0011e+05
17131.8810 17.4390 1.6263e+05
17142.4110 16.8410 4.0019e+05
17153.2510 16.3686 1.9316e+05
17163.9110 20.0436 2.2161e+05
17174.5810 18.0926 2.3313e+05
17182.8510 15.5717 2.8640e+05
17185.3110 17.4582 2.3597e+05
17196.1010 20.0633 1.4942e+05
17207.0811 20.0618 3.8531e+05
17218.2511 20.5978 3.2141e+05
17229.4111 12.7359 3.9705e+05
17229.8111 16.4983 2.9601e+05
17241.6311 19.9389 5.4160e+05
17253.5711 19.0208 3.5143e+05
17265.4011 19.4126 3.5880e+05
17277.2611 21.4901 6.4458e+05
17289.0311 20.1939 2.1420e+05
17294.3011 10.6222 3.4982e+05
17300.9011 18.1742 3.7093e+05
17312.5111 19.4781 3.6730e+05
17318.2211 12.9550 3.3675e+05
17324.0411 17.4040 3.8746e+05
17335.5011 18.6607 2.4871e+05
17345.3511 12.8839 3.4048e+05
17347.2411 15.7847 1.9023e+05
17358.7811 18.0543 2.0883e+05
17370.5511 16.5024 2.6849e+05
17372.9211 10.8486 2.0282e+05
17381.4511 16.4379 5.7425e+05
17382.4611 13.7793 1.7495e+05
17394.3611 16.3006 4.7922e+05
17405.7411 16.5859 2.5077e+05
17417.3711 14.6829 2.5229e+05
17426.3511 11.8982 4.2754e+05
17440.3811 16.2317 2.9401e+05
17451.5211 16.7445 2.7801e+05
17462.3511 18.0049 4.2310e+05
17472.7611 15.8426 5.2999e+05
17482.8511 14.5612 3.9703e+05
17493.0511 17.7329 2.5258e+05
17496.3611 10.4137 2.7967e+05
17503.3611 16.4814 3.4547e+05
17513.7911 18.1480 2.1689e+05
17524.3911 18.2110 5.1178e+05
17529.3211 11.0176 4.6506e+05
17535.2111 17.8029 2.8264e+05
17546.1311 16.5921 2.4257e+05
17557.1011 15.8745 2.9862e+05
17560.6111 10.5613 3.0285e+05
17567.5411 12.2745 2.6696e+05
17575.5211 10.0222 4.1962e+05
17577.4711 12.7720 2.6056e+05
17582.2211 10.0043 3.1624e+05
17587.0511 11.8691 3.5942e+05
17595.6411 10.3048 3.9209e+05
17596.3211 13.0870 2.2172e+05
17605.3911 10.3604 3.5521e+05
17614.3111 14.2564 4.1388e+05
17623.1311 13.1166 3.7819e+05
17632.1511 15.8704 5.6647e+05
17640.8411 13.6220 3.8647e+05
17649.4411 13.7325 4.6876e+05
17657.8111 15.4376 5.3264e+05
17665.9011 17.2328 3.7804e+05
17673.8011 13.6059 2.0635e+05
17681.5111 15.9626 4.2200e+05
17689.0211 16.0661 5.6850e+05
17696.4311 17.4601 4.8428e+05
17703.6611 15.6498 4.1186e+05
17709.2411 10.5040 2.8030e+05
17710.8211 12.6122 2.1958e+05
17718.0811 16.5423 2.7018e+05
17725.4611 14.5994 4.9255e+05
17732.8511 14.9198 4.7087e+05
17740.2511 14.2171 4.5268e+05
17747.6011 16.3210 3.2581e+05
17754.8811 15.6950 2.9850e+05
17762.1211 13.3856 2.2838e+05
17769.2611 15.0790 2.3484e+05
17776.3111 15.4613 2.1536e+05
17783.2911 11.8623 3.2868e+05
17790.1111 11.4118 4.1915e+05
17796.9311 10.9969 3.0516e+05
17803.6211 13.0428 4.3396e+05
17810.1211 10.9971 5.6621e+05
17816.6011 10.5364 3.5696e+05
17823.1411 11.6194 2.3530e+05
17829.5811 12.5315 3.8056e+05
17835.8511 11.2822 2.4199e+05
17841.9611 11.9513 4.9134e+05
17847.9711 11.3548 4.2512e+05
17853.8211 13.7081 5.9156e+05
17855.9411 10.5887 5.4567e+05
17859.5911 12.5594 3.2512e+05
17865.2911 13.1801 4.7341e+05
17865.9511 10.5190 2.9346e+05
17871.0211 10.1998 2.5694e+05
17875.9711 14.5385 4.5208e+05
17885.5211 11.0169 4.1795e+05
17888.5511 10.5178 2.2869e+05
17894.4311 13.4918 4.6272e+05
17900.1111 13.0649 4.9481e+05
17904.5911 12.3082 4.5475e+05
17911.1511 10.1034 5.6944e+05
17914.3711 10.6981 4.7607e+05
17922.6811 15.7097 5.9781e+05
17928.2011 10.8432 2.6961e+05
17933.7711 10.5546 4.4612e+05
17939.2711 10.8747 4.9437e+05
17960.2711 10.2996 2.9779e+05
17965.3411 12.4370 2.8447e+05
17975.0711 10.4491 3.3200e+05
17990.7611 11.1129 5.0519e+05
18013.7611 12.0883 4.6015e+05
18022.7211 11.4630 5.9899e+05
18031.3511 12.9516 4.3119e+05
18036.4811 12.8369 2.3736e+05
18041.1311 13.8243 4.4263e+05
18045.8411 11.7874 3.2972e+05
18050.6711 12.1274 4.2986e+05
18055.5611 13.3992 4.4803e+05
18065.4111 14.9792 2.0972e+05
18070.4111 13.4130 4.9326e+05
18075.3911 12.9875 4.2676e+05
18080.4111 13.8318 4.1391e+05
18085.4311 12.6694 2.9688e+05
18090.4911 11.9110 2.7757e+05
18095.6311 14.7207 3.5876e+05
18100.6811 14.5281 3.2678e+05
18105.6611 14.2138 4.9090e+05
18110.7011 11.1741 6.4507e+05
18115.8711 11.6394 3.2901e+05
18121.0611 11.1318 6.2560e+05
18126.1411 10.8857 5.1970e+05
18131.2211 11.7263 6.0881e+05
18141.5511 12.1054 2.9892e+05
18146.5611 10.8806 4.6063e+05
18156.9811 12.5229 5.4675e+05
18167.0211 11.8327 4.6921e+05
18176.8411 10.9364 3.1255e+05
18181.7111 10.9524 2.7973e+05
18186.5511 11.5161 4.0917e+05
18191.9611 10.2235 2.8590e+05
18196.2011 10.2342 3.0833e+05
18201.0811 12.6706 4.5479e+05
18205.9711 10.4743 3.1871e+05
18210.3711 11.9294 4.3899e+05
18210.9011 10.5855 2.5290e+05
18215.9011 12.1435 3.9415e+05
18219.6011 12.2859 4.7992e+05
18225.9711 14.4328 5.4718e+05
18239.8211 11.6166 4.1210e+05
18246.3511 11.9923 2.1866e+05
18250.9511 13.6642 4.8251e+05
18256.7011 10.3834 3.5972e+05
18262.0611 14.1324 4.4560e+05
18267.4611 10.6429 2.4738e+05
18276.4911 12.2075 6.7704e+05
18284.0111 13.0609 3.5463e+05
18289.6911 12.5618 5.3847e+05
18295.4411 11.4127 2.4302e+05
18301.2011 14.6030 1.8388e+05
18305.3811 11.2742 4.2842e+05
18312.8211 11.3196 2.7741e+05
18318.6011 13.9086 6.1248e+05
18320.5611 13.1721 5.4899e+05
18324.4711 10.2945 3.2847e+05
18330.4011 13.4573 2.3619e+05
18336.2611 10.6148 4.7815e+05
18342.1811 13.4288 1.5182e+05
18348.0611 13.5239 2.4716e+05
18353.9311 13.9211 2.3879e+05
18359.8411 12.3949 2.0090e+05
18365.7811 14.7058 4.3465e+05
18371.6811 12.8687 2.0785e+05
18377.6411 11.3392 4.1128e+05
18383.5911 13.6941 6.3128e+05
18387.2611 10.9729 4.1280e+05
18389.5011 10.0360 2.5777e+05
18395.5011 14.3231 4.0561e+05
18401.6111 15.3509 6.5132e+05
18404.9811 10.7197 4.3015e+05
18407.8111 10.9236 2.6827e+05
18414.1411 14.4240 2.2545e+05
18420.5111 15.7114 3.9633e+05
18426.8911 10.9338 3.2153e+05
18433.3411 13.3155 3.4682e+05
18439.8211 15.6342 5.6505e+05
18442.5711 10.2578 4.4338e+05
18446.4011 11.8107 2.7281e+05
18453.1211 14.8188 3.1550e+05
18459.7711 15.1454 4.8096e+05
18461.8311 13.0339 2.3460e+05
18466.4711 13.7586 6.2952e+05
18473.3711 16.3998 3.3116e+05
18480.3811 17.2703 5.3998e+05
18481.8611 11.6749 2.2977e+05
18487.4911 14.2553 2.9628e+05
18494.8111 16.8190 4.4468e+05
18502.3411 16.0833 5.7129e+05
18503.0311 10.4389 2.5546e+05
18510.0011 15.8610 3.0615e+05
18517.8811 16.9594 3.1120e+05
18525.8511 13.5701 2.9606e+05
18533.7511 18.1807 4.5230e+05
18541.6811 15.4710 3.4183e+05
18549.1311 16.2553 3.4879e+05
18557.5011 15.0628 3.6973e+05
18565.4111 14.2541 4.3072e+05
18573.4711 14.6204 5.3134e+05
18574.1211 13.8901 3.9057e+05
18581.6911 16.1977 2.3910e+05
18589.9311 17.4106 2.8722e+05
18598.1911 15.0556 4.2118e+05
18606.5611 16.2916 1.9689e+05
18615.0411 18.0632 3.2944e+05
18623.5011 18.3369 4.2019e+05
18629.6911 17.8628 7.3702e+05
18632.0311 13.2190 1.6388e+05
18640.6811 19.4244 3.8561e+05
18645.7811 12.9678 4.6184e+05
18649.3411 14.2344 3.1990e+05
18657.9011 16.7912 5.0229e+05
18658.5711 10.0315 3.2953e+05
18666.3311 14.1004 3.8092e+05
18674.7611 15.5273 2.6134e+05
18683.3211 13.4347 3.1822e+05
18687.9011 15.4822 6.5357e+05
18692.0311 15.0086 2.5084e+05
18700.7311 17.4115 3.8265e+05
18709.5211 18.4579 2.7262e+05
18716.5511 16.5262 7.1501e+05
18718.4711 11.0887 3.0608e+05
18727.5811 15.1383 1.7531e+05
18736.6511 14.6204 3.2899e+05
18744.2311 14.6241 3.9592e+05
18745.4811 14.7364 2.3112e+05
18754.4011 19.3402 3.6516e+05
18761.1111 10.5277 4.1195e+05
18763.5611 13.9318 3.6475e+05
18771.5611 13.3876 5.3567e+05
18772.9611 14.1161 3.1527e+05
18782.5711 19.4511 4.1062e+05
18792.3111 17.9765 2.7379e+05
18799.7511 19.6639 5.3982e+05
18802.1811 12.2597 2.9808e+05
18812.2311 16.7413 2.3246e+05
18819.3211 12.7456 4.1167e+05
18822.4711 16.2645 4.4517e+05
18829.8411 16.7690 5.0769e+05
18832.8811 14.3308 5.5841e+05
18843.3112 18.1364 3.7890e+05
18845.4612 16.0943 3.5852e+05
18853.7112 16.8972 1.9413e+05
18861.9912 18.7508 6.2259e+05
18864.1412 11.6783 2.0690e+05
18874.7512 18.3820 1.7518e+05
18883.0112 11.0122 5.6369e+05
18885.6412 16.0037 5.6369e+05
18895.5812 20.8820 4.6726e+05
18907.9612 19.6899 1.9580e+05
18915.8112 14.7660 2.9488e+05
18919.1712 16.3492 3.2287e+05
18930.3512 19.4564 5.8657e+05
18930.7412 13.1396 3.6059e+05
18941.8212 20.1588 2.4235e+05
18953.5912 18.6962 3.1964e+05
18963.7112 18.6881 4.4034e+05
18965.5012 11.6411 4.3181e+05
18977.3512 18.4602 1.9372e+05
18989.2212 23.6485 6.6094e+05
19001.3212 18.1192 3.5020e+05
19004.4712 12.5170 2.0819e+05
19009.2512 10.3369 3.3147e+05
19013.6212 17.5786 2.1092e+05
19025.8812 21.3588 4.0530e+05
19038.2912 19.7507 1.9453e+05
19042.5712 14.3242 5.7047e+05
19050.7212 18.4021 3.0754e+05
19063.1712 20.6596 3.7643e+05
19075.2712 17.1415 3.7158e+05
19086.8912 19.3448 3.9995e+05
19090.8412 11.7240 3.7349e+05
19098.5112 17.8998 4.0863e+05
19110.3912 20.9883 3.3194e+05
19122.4612 15.5032 1.8751e+05
19134.5112 20.0305 3.4524e+05
19146.2612 19.0579 6.7993e+05
19149.4112 16.4490 2.7146e+05
19158.2112 17.4227 7.6690e+05
19166.8812 10.4394 4.5590e+05
19170.4612 20.5371 4.0300e+05
19175.9912 12.5201 3.7551e+05
19183.0912 19.5583 6.8958e+05
19184.8312 17.8880 5.1183e+05
19195.5612 16.9588 4.0364e+05
19208.1412 18.8004 1.8844e+05
19212.8712 11.2281 1.9570e+05
19219.1412 21.3793 4.4293e+05
19233.7312 19.1444 3.4830e+05
19247.1612 22.1780 3.6371e+05
19252.4212 17.7467 2.8137e+05
19260.9512 19.9031 2.5234e+05
19274.9912 18.2520 3.5471e+05
19288.5512 20.1394 2.9224e+05
19289.0612 11.0407 2.1636e+05
19303.4912 20.0569 3.4022e+05
19318.1012 21.1729 3.6231e+05
19322.2612 13.1312 2.0474e+05
19327.7712 15.0941 2.9496e+05
19332.8012 19.4377 2.1335e+05
19347.4512 22.3849 2.3328e+05
19360.3512 11.5682 2.8809e+05
19362.0612 17.2973 2.5083e+05
19370.3612 23.5542 4.1298e+05
19376.7812 17.0686 4.2784e+05
19380.3812 11.6731 3.7069e+05
19391.5912 18.2058 2.5008e+05
19406.5912 20.3087 2.5936e+05
19415.3512 17.6504 5.2628e+05
19421.4212 19.1287 2.5094e+05
19436.3512 20.1949 4.3461e+05
19451.5312 19.4387 2.9346e+05
19462.8912 21.3093 5.0216e+05
19467.0012 12.6448 2.0725e+05
19482.6412 20.6582 2.7659e+05
19494.8212 10.4688 2.8939e+05
19498.4212 19.3245 2.2677e+05
19512.4512 23.1995 6.8031e+05
19530.3612 19.8787 3.5050e+05
19540.6712 15.3754 8.6998e+05
19543.4112 14.1651 6.1691e+05
19546.8712 17.3178 2.5526e+05
19562.5112 18.8733 4.3733e+05
19563.5212 14.9961 2.7806e+05
19580.2312 22.8965 5.1293e+05
19592.9912 17.7695 4.8583e+05
19596.8012 19.4368 4.7344e+05
19613.1112 23.0339 4.7999e+05
19629.2412 18.1717 3.5794e+05
19645.4312 19.3982 3.8446e+05
19649.9412 12.4328 4.1563e+05
19660.3512 10.0377 3.7058e+05
19661.9012 19.9553 3.7058e+05
19672.9412 22.2607 5.4226e+05
19678.6812 14.5703 1.6227e+05
19695.7012 18.7614 3.7375e+05
19696.2612 10.1108 2.0374e+05
19713.0312 20.9599 3.0448e+05
19726.4912 17.5316 1.7771e+05
19730.6912 16.8177 4.1437e+05
19747.0412 12.4907 3.2721e+05
19748.5412 19.5975 3.5940e+05
19766.0712 20.4627 4.2718e+05
19783.7512 16.0312 2.5928e+05
19801.3512 18.6892 2.8540e+05
19819.4812 22.6215 2.9331e+05
19838.2712 21.9850 2.8135e+05
19857.2312 20.3221 3.0455e+05
19876.3012 22.2132 2.4432e+05
19895.8012 22.0743 3.2854e+05
19906.6012 18.0391 2.3835e+05
19915.5912 22.2991 4.1240e+05
19921.5212 10.6079 3.9176e+05
19935.2012 22.0011 4.1216e+05
19954.3912 20.3795 3.2844e+05
19965.9612 15.3502 3.2654e+05
19973.1112 21.5787 4.4340e+05
19992.2612 21.0876 3.1508e+05
20007.1912 21.2395 5.1734e+05
20011.9612 17.9735 2.4341e+05
20032.0012 22.5373 6.2363e+05
20050.2312 15.5834 4.1668e+05
20052.2012 16.7643 1.6952e+05
20059.3212 13.8526 2.7459e+05
20070.8012 24.3572 4.5424e+05
20091.1712 20.1490 2.5276e+05
20111.1712 21.1276 2.2623e+05
20131.8112 23.0281 4.4968e+05
20135.8712 14.9440 4.1634e+05
20141.8312 12.0015 1.4009e+05
20152.2912 22.9488 3.5531e+05
20173.4712 24.2543 3.0625e+05
20184.4012 11.7720 1.6604e+05
20195.3412 22.1947 3.9302e+05
20195.8912 11.6789 1.9294e+05
20201.7512 16.4066 3.3561e+05
20217.7312 21.1357 2.8908e+05
20232.1212 17.2866 3.3170e+05
20239.4812 10.2767 3.0117e+05
20240.5312 18.1641 3.0117e+05
20263.7912 23.3130 4.1697e+05
20268.0112 12.0944 2.1189e+05
20287.5312 22.9229 3.0944e+05
20309.2412 16.0700 3.5373e+05
20311.8312 22.6727 3.5373e+05
20336.3512 24.0458 3.7453e+05
20350.0712 14.3721 1.5830e+05
20361.1012 22.4024 3.0199e+05
20386.0612 24.0411 3.4507e+05
20394.4712 16.3256 3.3802e+05
20398.2712 15.3509 1.7147e+05
20411.5412 22.5287 4.1842e+05
20422.5412 16.0195 3.3471e+05
20436.5312 23.8075 3.8794e+05
20460.7612 23.1532 4.0034e+05
20485.6213 21.4054 3.9849e+05
20504.4213 12.4513 1.8919e+05
20511.4713 23.2075 4.0548e+05
20526.1013 18.9423 3.2520e+05
20536.8213 19.8877 3.9791e+05
20550.7413 19.0664 2.6683e+05
20562.8813 21.6867 3.5428e+05
20580.1413 21.2574 3.4096e+05
20589.1613 20.8319 1.9159e+05
20615.7713 21.2868 2.8894e+05
20642.8613 20.1175 2.7779e+05
20655.4313 14.5906 3.1527e+05
20668.9713 21.7484 2.7268e+05
20694.7713 21.4804 2.9940e+05
20720.9513 21.6204 3.1279e+05
20729.5713 10.2333 2.3706e+05
20746.4413 22.3414 3.3744e+05
20772.1313 22.7196 2.8901e+05
20788.4913 19.3120 3.7535e+05
20797.5113 21.0853 2.1036e+05
20819.7913 19.1891 3.4994e+05
20834.2713 13.2175 2.1609e+05
20841.1113 14.4717 2.5842e+05
20862.9713 18.1398 4.3810e+05
20882.1213 11.7427 4.4833e+05
20885.9813 21.4940 4.4609e+05
20908.6913 14.7710 4.5037e+05
20930.1813 20.2646 4.5222e+05
20946.4413 10.8871 2.1615e+05
20950.5413 18.3749 3.3238e+05
20963.9213 11.7713 2.4558e+05
20969.7113 14.7522 4.9945e+05
20987.5613 12.5218 3.5569e+05
21005.2013 19.0127 4.2068e+05
21022.1613 16.3901 3.0772e+05
21027.4913 10.4088 1.9147e+05
21039.3113 15.6259 3.2176e+05
21056.1513 16.1383 3.3093e+05
21066.1813 12.5910 2.9548e+05
21073.2313 15.5453 3.4085e+05
21090.8213 20.6157 2.4968e+05
21107.6213 14.9663 4.0979e+05
21108.9813 14.5292 1.9680e+05
21126.7113 20.2920 2.7163e+05
21143.9613 17.6758 2.1194e+05
21161.9913 19.7005 2.7311e+05
21171.9613 11.7168 4.0355e+05
21174.9013 10.5901 3.9740e+05
21180.9013 20.1147 2.8970e+05
21200.6913 10.5073 3.6839e+05
21220.5813 13.4882 1.8720e+05
21239.3213 17.4336 4.2675e+05
21257.5413 16.9022 7.1517e+05
21275.1613 17.7601 2.4096e+05
21279.6613 10.3372 4.5991e+05
21292.5113 18.1486 3.3238e+05
21304.9913 10.3898 3.2882e+05
21309.2613 16.0083 3.9305e+05
21325.0013 17.0230 2.1584e+05
21340.0013 16.2195 2.5613e+05
21354.4113 18.9734 2.2788e+05
21368.2613 15.0230 3.8280e+05
21381.8313 18.0310 3.7906e+05
21389.8813 14.2358 2.0519e+05
21395.0113 17.7466 1.8415e+05
21407.9013 15.6726 2.6956e+05
21420.7213 19.4734 4.2757e+05
21433.4913 20.5643 2.7748e+05
21446.0713 19.9101 4.3228e+05
21458.6913 20.6156 2.2701e+05
21471.4113 20.6772 3.2406e+05
21481.4013 12.6677 4.1727e+05
21484.2913 17.4838 2.5463e+05
21492.8213 12.5719 2.8034e+05
21497.3713 16.1021 3.5803e+05
21509.0513 12.3855 5.2160e+05
21510.6413 18.8128 4.1541e+05
21523.0713 12.9294 4.9143e+05
21523.9913 16.6370 3.0368e+05
21537.4513 17.4375 4.8369e+05
21550.8213 21.2186 3.8174e+05
21564.0913 20.8278 4.7688e+05
21567.1413 12.3451 3.8385e+05
21577.6613 19.3027 3.5926e+05
21582.5513 15.5578 3.7582e+05
21591.6013 17.4831 3.5610e+05
21598.3013 11.1122 1.7707e+05
21605.8613 19.7599 3.7269e+05
21611.7713 14.8675 2.3909e+05
21620.1413 18.8885 4.0548e+05
21631.9213 13.7711 7.4509e+05
21634.2413 14.7508 2.5122e+05
21648.3813 19.6192 3.0432e+05
21662.8113 17.6436 4.9612e+05
21677.1913 16.8266 2.7844e+05
21686.4913 12.0018 1.2421e+05
21691.7013 18.1098 3.9313e+05
21698.9313 17.1135 3.4538e+05
21706.2313 19.6431 5.1461e+05
21717.8013 10.6838 3.8691e+05
21720.9713 20.2975 3.8691e+05
21728.3613 14.8582 3.3231e+05
21735.9313 18.4221 2.5643e+05
21751.1713 20.8461 8.1551e+05
21766.5213 19.5412 2.9455e+05
21773.6613 11.4973 1.6113e+05
21782.2313 20.4435 2.7434e+05
21798.2613 17.8433 2.4840e+05
21814.6513 20.2536 2.7847e+05
21827.4913 13.4333 2.8528e+05
21831.3513 17.7360 2.3393e+05
21837.8613 18.5815 2.1648e+05
21847.8613 21.5054 1.3736e+05
21864.1513 19.7423 3.0515e+05
21880.3913 17.2648 2.8375e+05
21896.5313 21.8727 1.6898e+05
21912.6813 20.4129 3.0478e+05
21923.5313 15.4564 3.6076e+05
21926.7013 14.6166 4.6112e+05
21929.0413 19.3164 2.3077e+05
21936.5813 10.0742 3.1968e+05
21943.5013 11.0435 4.6029e+05
21945.6313 20.6347 4.6029e+05
21962.0813 20.2325 4.2385e+05
21978.4113 21.5029 4.4239e+05
21995.1813 21.7837 2.6907e+05
22005.3713 19.4181 3.9845e+05
22012.1613 18.3371 3.6430e+05
22028.9013 13.7314 4.0936e+05
22029.5213 11.7652 1.3612e+05
22047.1513 14.1964 5.0176e+05
22065.2713 18.2201 3.3550e+05
22083.5413 19.7652 5.0154e+05
22087.2713 12.4877 4.9004e+05
22101.5313 20.3224 2.9159e+05
22119.3814 18.5810 2.1743e+05
22129.0314 12.2978 2.4848e+05
22133.1214 12.7497 5.7424e+05
22136.9714 17.8124 1.9514e+05
22146.2814 10.1980 2.8272e+05
22154.4714 21.8230 3.7627e+05
22162.4014 10.4618 4.3914e+05
22170.4314 10.9596 5.8955e+05
22172.4314 18.0883 2.8947e+05
22182.8914 17.6029 3.5621e+05
22190.8214 21.5472 2.8598e+05
22209.4214 20.5915 3.7408e+05
22227.3414 20.5477 3.3010e+05
22236.5714 14.7812 3.1220e+05
22245.0414 20.0681 4.0139e+05
22259.7714 10.7332 6.1841e+05
22262.8114 20.5873 5.9609e+05
22274.5014 10.3539 1.8272e+05
22279.7214 16.4066 4.8298e+05
22280.7814 14.9619 2.6834e+05
22298.8314 20.1770 4.2099e+05
22316.7414 20.5379 4.0952e+05
22331.6614 16.5337 5.3705e+05
22334.3214 18.4306 2.2493e+05
22342.0914 13.0633 3.5352e+05
22351.9314 19.9344 4.7323e+05
22369.6714 17.9039 3.5370e+05
22381.2714 11.2482 3.2798e+05
22387.3914 17.6755 3.4632e+05
22404.3414 17.8717 2.5772e+05
22421.0214 17.6458 4.3322e+05
22427.6214 10.5447 3.7839e+05
22437.3614 12.1027 4.6238e+05
22437.9914 15.2306 3.1661e+05
22443.1214 13.2623 2.9741e+05
22453.8214 19.6615 5.8609e+05
22468.9414 17.4594 3.4442e+05
22483.9714 17.0920 2.8487e+05
22499.1414 18.6394 1.4936e+05
22514.1814 17.4266 2.5823e+05
22529.1814 19.4523 3.7599e+05
22544.2414 17.2604 2.9358e+05
22549.1014 14.0919 4.1788e+05
22551.8114 15.7234 3.0026e+05
22559.2814 18.9687 3.2602e+05
22574.5114 19.3404 4.4642e+05
22584.9714 12.8768 1.7555e+05
22589.9814 17.3587 3.2628e+05
22604.5314 15.4903 3.0435e+05
22605.5514 12.7414 2.5896e+05
22618.0514 14.3003 3.7764e+05
22620.9514 14.9148 2.3514e+05
22636.5414 18.3109 5.4252e+05
22652.0614 16.2080 4.4218e+05
22666.9214 16.4350 4.4892e+05
22668.2414 10.7546 1.9635e+05
22676.7514 11.2109 2.7240e+05
22684.6814 18.8187 2.4874e+05
22701.3014 17.4099 4.1166e+05
22717.3914 17.8828 2.1717e+05
22732.9714 18.4193 2.7702e+05
22748.8414 18.3595 1.9582e+05
22757.0214 10.6508 3.0354e+05
22764.9914 19.8011 4.2803e+05
22768.1514 11.2884 3.0414e+05
22780.9114 20.7024 4.8230e+05
22796.8214 19.1631 4.4369e+05
22812.7314 21.1724 4.2757e+05
22828.3114 20.7485 3.7856e+05
22843.7614 16.9770 2.6842e+05
22852.5514 12.3722 3.3972e+05
22857.2314 20.5142 4.8533e+05
22859.4514 13.1709 4.0906e+05
22865.7414 10.1774 4.2106e+05
22869.4314 14.2291 3.5148e+05
22870.8614 10.6807 2.4995e+05
22875.3314 16.4953 2.2113e+05
22891.3914 20.0003 3.5004e+05
22908.0114 20.9518 2.0690e+05
22925.0714 20.4203 4.3396e+05
22935.4914 11.9193 5.9990e+05
22942.5614 21.2468 2.7430e+05
22960.4814 22.0738 5.1205e+05
22963.5114 10.4642 4.6940e+05
22978.6614 20.8769 4.0094e+05
22996.2014 19.5596 3.1612e+05
23014.2114 20.9272 2.7112e+05
23032.7714 21.8533 4.5795e+05
23045.0714 13.6359 2.6095e+05
23051.5414 22.3846 4.7550e+05
23065.1714 13.6181 2.9312e+05
23070.8114 18.8648 3.6115e+05
23090.1814 19.6296 3.5385e+05
23107.3714 10.9190 3.8472e+05
23109.9114 16.5369 3.3629e+05
23123.8914 11.0816 1.9660e+05
23129.6514 19.3528 4.4808e+05
23149.2714 21.3177 4.4504e+05
23167.9314 15.5557 4.0179e+05
23169.1314 14.8727 2.9131e+05
23176.2814 11.4860 2.6028e+05
23188.4314 21.8767 3.8138e+05
23207.4014 20.4059 3.4563e+05
23224.2114 11.8031 3.2721e+05
23226.1714 16.6094 3.3762e+05
23233.4414 11.9995 1.9580e+05
23244.1214 18.3309 3.8355e+05
23262.0514 19.7315 3.5631e+05
23272.5214 14.7572 3.6031e+05
23280.6414 18.3358 3.5380e+05
23293.2814 10.1892 3.6022e+05
23299.7614 17.6936 3.3446e+05
23314.3514 10.4951 1.7154e+05
23318.6014 18.9227 4.1536e+05
23336.3214 17.4758 3.4422e+05
23353.1814 19.6315 2.3698e+05
23370.1914 20.3217 3.7461e+05
23377.3614 15.0062 2.3056e+05
23385.4214 13.2476 3.5760e+05
23387.1814 16.0930 3.5760e+05
23397.1214 15.3277 2.1679e+05
23404.1714 18.2077 3.3677e+05
23417.6814 13.3632 3.2518e+05
23420.3914 15.8141 2.4916e+05
23436.9014 20.1047 2.6312e+05
23447.5814 12.2788 1.3555e+05
23453.5614 18.1506 3.5839e+05
23469.9814 15.7400 3.6610e+05
23486.0614 18.1069 2.5678e+05
23502.2114 18.4860 2.1566e+05
23518.1314 19.1011 1.9360e+05
23529.3414 13.7322 5.3453e+05
23533.7214 15.6937 1.4786e+05
23549.0714 16.2401 3.4785e+05
23557.6614 11.6153 2.7111e+05
23564.2814 14.2511 3.3340e+05
23574.3714 14.3280 2.4773e+05
23579.2814 14.9494 2.3585e+05
23590.6914 11.5120 3.2187e+05
23593.8814 15.2365 7.5381e+05
23607.7514 12.8472 2.2263e+05
23620.6214 14.1637 4.7339e+05
23631.0714 11.3481 5.4688e+05
23632.8414 12.7501 2.8328e+05
23638.1114 10.1059 3.3009e+05
23642.5414 12.0324 3.4304e+05
23644.8314 13.1574 2.2538e+05
23656.8814 14.7190 4.1926e+05
23662.5014 12.6868 2.2453e+05
23668.8914 14.4344 3.7257e+05
23680.5914 10.7914 3.3273e+05
23692.4914 11.8566 2.2081e+05
23703.9814 11.7772 3.9029e+05
23715.0114 18.7239 3.9169e+05
23725.4714 14.4640 5.4276e+05
23735.9314 14.3314 5.7249e+05
23746.5114 15.9356 3.1264e+05
23757.1415 15.1899 3.6959e+05
23763.2115 10.6505 4.7804e+05
23767.9015 16.2990 4.1016e+05
23778.7115 16.9981 5.1894e+05
23789.7015 16.2731 3.2968e+05
23800.7015 16.3965 5.9818e+05
23811.4815 15.7488 2.9992e+05
23822.2415 12.9060 2.4072e+05
23832.8115 11.7724 2.6914e+05
23842.9215 11.8728 3.3586e+05
23887.7415 13.0997 2.4542e+05
23896.8315 11.5207 3.1870e+05
23906.2515 12.7105 4.3707e+05
23915.8515 13.7178 4.3839e+05
23925.6515 12.1928 2.9867e+05
23931.6415 10.5534 4.5701e+05
23935.6815 10.1326 3.5745e+05
23944.7515 13.1456 4.1725e+05
23964.7315 13.0076 2.5793e+05
23974.1515 12.1864 2.8134e+05
23983.4315 14.8382 4.1733e+05
23992.6715 12.7592 3.6317e+05
24001.6515 15.2181 2.5191e+05
24019.0715 11.7972 4.8183e+05
24027.8315 13.8496 4.3358e+05
24036.7215 11.5427 5.5349e+05
24045.6415 10.7001 6.9231e+05
24048.2115 11.9328 5.3126e+05
24054.4515 13.5720 4.1012e+05
24063.1815 13.2388 2.3479e+05
24071.9015 13.7631 2.5805e+05
24080.6115 15.4531 3.7423e+05
24089.1115 12.6993 2.8271e+05
24097.5615 14.2039 4.1703e+05
24102.9215 10.5829 5.9514e+05
24105.9215 18.7690 3.6272e+05
24122.7715 10.4376 2.8136e+05
24131.3915 14.0193 4.9686e+05
24140.2315 14.2549 6.5988e+05
24149.0815 16.0468 2.4296e+05
24157.9215 13.1005 2.1284e+05
24166.7115 15.3285 3.1733e+05
24171.4015 12.9938 6.3389e+05
24175.3515 12.1604 6.3389e+05
24184.1515 16.2233 4.2498e+05
24192.9915 14.8146 4.0730e+05
24201.8915 14.1179 3.7677e+05
24210.9315 12.7924 4.1280e+05
24219.8815 13.3930 4.9816e+05
24228.7515 13.9637 3.5394e+05
24237.3815 10.6054 3.6019e+05
24245.6715 10.3987 3.1772e+05
24249.3615 10.5500 4.2361e+05
24253.7315 10.8241 5.9932e+05
24261.2415 11.7482 3.3037e+05
24269.5215 10.7248 3.9217e+05
24284.8915 14.5935 4.1786e+05
24292.5915 12.6950 2.5193e+05
24300.0815 10.3040 5.3704e+05
24308.3715 13.6972 3.7818e+05
24316.3915 14.3974 3.0081e+05
24324.5815 11.5181 4.3271e+05
24332.7715 14.2856 2.8049e+05
24341.0015 15.7126 4.7838e+05
24349.3315 16.1470 4.3248e+05
24357.6315 15.2420 4.2621e+05
24366.1215 15.5390 3.6021e+05
24374.8015 12.9190 3.4013e+05
24383.5515 12.0210 1.7376e+05
24388.1215 12.4666 4.8179e+05
24392.5015 16.5419 3.5404e+05
24397.1915 10.2750 5.8661e+05
24401.5215 17.8281 3.2583e+05
24410.4515 16.9744 4.9219e+05
24419.3415 14.5914 4.5518e+05
24422.8815 12.9119 4.2651e+05
24428.2015 14.5969 2.7806e+05
24437.0215 15.8813 3.3999e+05
24446.0015 14.7138 3.5509e+05
24455.1715 16.4430 6.3035e+05
24463.4415 11.4179 4.1678e+05
24464.6015 10.6627 3.5363e+05
24474.1315 14.5820 2.9059e+05
24483.8315 17.3212 4.2106e+05
24493.6015 16.4590 5.0036e+05
24503.3115 14.9363 4.2405e+05
24511.2915 11.1859 4.2656e+05
24513.0415 10.3406 3.0829e+05
24522.8515 11.6705 3.8669e+05
24524.9715 13.1673 3.6206e+05
24532.4615 13.3776 4.6018e+05
24536.0715 10.8017 5.0703e+05
24542.0415 10.4089 2.8619e+05
24551.3915 11.4176 4.6224e+05
24560.3415 14.1752 5.5931e+05
24568.9715 10.6554 2.5887e+05
24577.4515 12.4556 4.6687e+05
24585.7415 12.0034 5.2621e+05
24593.8015 10.7085 4.2367e+05
24597.1915 10.5071 4.9351e+05
24601.4015 12.0139 4.6434e+05
24608.5815 10.8051 4.3924e+05
24615.5115 12.8694 2.4301e+05
24640.9015 11.9778 4.2002e+05
24652.9615 10.1733 3.4060e+05
24658.7615 10.3962 4.2345e+05
24670.0015 13.3003 3.2559e+05
24675.5215 10.3130 4.5201e+05
24686.5715 10.8304 3.2152e+05
24692.0715 12.6814 3.7329e+05
24697.5315 12.8391 2.9428e+05
24702.9415 10.7714 3.5292e+05
24719.4215 10.0677 3.8624e+05
24724.8315 11.3307 4.8777e+05
24730.1815 11.1223 2.2759e+05
24735.6115 11.6398 3.4692e+05
24758.0715 12.2623 3.8089e+05
24763.9115 13.8849 2.5453e+05
24769.8115 12.9732 3.3174e+05
24775.7415 11.6232 4.8889e+05
24781.6315 14.3964 2.9852e+05
24787.4915 12.3023 2.8461e+05
24793.3015 10.0797 3.6689e+05
24799.1515 13.6605 6.5844e+05
24810.9915 13.4631 2.9947e+05
24816.9015 12.4560 3.4908e+05
24822.8815 15.6217 4.3414e+05
24828.9015 11.0318 6.1754e+05
24834.9715 12.5029 1.8483e+05
24841.1015 12.7132 2.1105e+05
24847.2615 11.8431 3.5568e+05
24853.4415 13.1186 2.1001e+05
24859.6715 11.7182 2.3375e+05
24866.0315 10.7999 4.4768e+05
24872.5715 14.1380 4.0850e+05
24879.2115 13.9403 3.3189e+05
24885.9315 14.0187 2.5099e+05
24892.6215 13.1126 3.3488e+05
24901.7915 10.3561 3.7004e+05
24906.0715 10.6292 2.6626e+05
24912.9915 11.7923 2.2565e+05
24920.0215 15.3674 2.3659e+05
24927.1015 14.7689 9.1629e+05
24930.6415 11.5712 7.0355e+05
24934.0715 14.6190 3.2788e+05
24940.9115 10.9360 4.4242e+05
24947.8715 13.2886 3.1081e+05
24955.0815 11.7263 4.0974e+05
24962.3915 13.0509 2.4616e+05
24969.8015 15.9094 2.6268e+05
24977.2315 16.8503 2.9791e+05
24984.6415 13.0016 2.4384e+05
24992.1515 10.5256 2.7483e+05
24999.7515 14.1501 2.7876e+05
25007.3715 10.3616 5.0873e+05
25010.1115 10.5883 4.6584e+05
25014.8915 11.8887 2.4108e+05
25022.2915 14.7819 2.7789e+05
25029.7415 12.6274 2.8901e+05
25037.2515 10.9506 4.1182e+05
25042.6215 10.7208 3.4339e+05
25051.2115 12.1728 4.6386e+05
25052.5115 11.4539 1.7978e+05
25060.1715 15.2234 6.2483e+05
25062.8515 13.0010 3.1073e+05
25067.7115 10.5005 4.9517e+05
25075.1915 11.0235 2.6887e+05
25082.7315 12.9600 6.0324e+05
25090.3015 12.9353 4.4327e+05
25097.7915 12.7424 3.8954e+05
25105.0715 12.4410 2.4489e+05
25112.1615 13.4074 2.5130e+05
25126.4615 14.6668 2.6819e+05
25133.3815 11.8653 4.9155e+05
25141.1715 13.9057 3.0246e+05
25148.5115 14.1843 4.9465e+05
25163.1915 13.5053 4.2664e+05
25170.3115 13.7222 4.1006e+05
25177.0915 14.8126 4.6362e+05
25183.7715 13.5653 3.2820e+05
25190.2815 14.7953 3.6327e+05
25196.7115 15.0915 2.9395e+05
25203.3015 13.0909 3.8195e+05
25210.1115 13.5668 4.7353e+05
25217.0715 15.6243 2.7115e+05
25224.1915 15.5247 3.0277e+05
25231.4915 14.1543 3.5164e+05
25238.8715 15.0074 5.8453e+05
25246.2515 11.8117 3.5228e+05
25253.8015 11.2505 3.7370e+05
25261.5115 14.7414 2.2850e+05
25269.3815 12.1205 4.0806e+05
25277.3415 16.7767 3.3820e+05
25285.2215 16.0797 3.1812e+05
25293.0415 13.1691 3.4333e+05
25300.7315 14.9688 2.7965e+05
25307.2115 11.9617 3.4189e+05
25308.3215 11.6676 3.5568e+05
25315.6015 11.0986 3.8115e+05
25315.9315 10.4604 2.2946e+05
25323.6315 11.5324 3.8613e+05
25331.3415 13.5530 4.2186e+05
25339.0215 17.3835 3.7907e+05
25346.7115 13.0009 3.6195e+05
25354.1915 15.9594 4.0850e+05
25369.3215 11.7341 4.0994e+05
25383.9515 14.6043 2.8391e+05
25391.2615 13.9704 3.3233e+05
25398.5716 12.5692 5.4879e+05
25404.3516 10.6854 5.4454e+05
25405.8616 11.1419 5.4454e+05
25413.1216 13.5410 5.1241e+05
25420.4216 12.5335 3.2991e+05
25427.7816 13.0824 3.4053e+05
25435.1716 12.2143 3.7672e+05
25442.5516 12.1495 2.6644e+05
25449.8716 11.9436 4.1318e+05
25464.0716 14.8426 3.1830e+05
25470.8116 11.6612 3.2245e+05
25477.3816 13.4832 4.4553e+05
25483.7216 12.9371 3.4511e+05
25489.8716 10.9325 3.0261e+05
25495.8016 10.2954 4.4436e+05
25499.4216 11.5448 5.1707e+05
25501.7816 11.6223 4.9868e+05
25507.7316 13.2260 2.8109e+05
25513.6716 13.9989 4.7005e+05
25517.3716 11.8744 4.8113e+05
25519.6216 10.3857 3.4092e+05
25525.6316 13.4559 3.3417e+05
25531.7016 11.7942 3.2431e+05
25537.7616 11.7018 2.4656e+05
25543.7516 11.3775 3.4499e+05
25549.6516 12.4519 4.2645e+05
25561.3216 11.4224 3.7596e+05
25567.1816 12.3724 2.9210e+05
25573.0816 13.8200 2.5041e+05
25579.0316 13.1135 4.1113e+05
25591.2816 17.1620 2.7232e+05
25597.5016 12.8461 4.3585e+05
25603.7416 11.7858 3.8033e+05
25609.9216 11.0080 2.9895e+05
25616.4016 15.1742 4.8545e+05
25617.4316 10.8929 2.7816e+05
25623.1116 14.0564 3.3808e+05
25630.0316 11.9463 3.1082e+05
25637.1216 14.0849 2.9395e+05
25644.3616 14.8971 4.3599e+05
25651.7316 14.2014 3.0212e+05
25658.9116 15.4569 5.8559e+05
25665.9216 11.0291 3.9738e+05
25673.0316 14.3314 4.3982e+05
25680.3516 17.7791 4.0372e+05
25687.8616 16.9439 2.6674e+05
25695.4616 16.0842 2.4190e+05
25703.1516 14.7417 3.3663e+05
25710.8816 15.2781 3.9267e+05
25718.7116 15.6132 2.2007e+05
25726.5416 16.6051 2.4984e+05
25734.3816 12.4060 2.6635e+05
25741.0516 11.7517 3.6860e+05
25742.2516 10.1270 2.3253e+05
25750.0916 11.2749 3.7223e+05
25758.0416 12.5587 1.8721e+05
25766.1316 12.7793 3.4441e+05
25774.4216 15.3805 3.0675e+05
25780.4016 11.8306 3.7674e+05
25791.3616 16.7748 2.5678e+05
25799.9816 14.4663 2.7385e+05
25806.5816 11.1755 3.3165e+05
25808.5916 14.0759 2.8111e+05
25817.3016 16.3337 3.9385e+05
25826.2116 16.3568 2.9951e+05
25835.2016 14.2990 2.5868e+05
25844.1516 17.8974 3.8051e+05
25853.0516 18.5892 4.2517e+05
25862.0716 17.5242 3.4690e+05
25871.2316 14.9624 2.4934e+05
25880.5016 16.5969 4.0123e+05
25883.5416 10.6125 2.2146e+05
25889.9216 16.3519 2.9347e+05
25899.4316 18.0044 2.8728e+05
25908.9416 16.5145 3.7838e+05
25917.5216 11.7454 4.0247e+05
25918.1816 11.4883 4.0247e+05
25918.5316 12.6275 2.8923e+05
25928.2816 17.2404 4.7585e+05
25938.2516 18.1559 4.5133e+05
25948.2616 16.6402 1.9191e+05
25958.5016 18.7337 2.9804e+05
25969.0516 20.8433 4.2483e+05
25975.3416 10.9532 2.3981e+05
25979.8516 19.5984 4.3324e+05
25987.9316 14.8458 4.6313e+05
25990.8116 16.4748 4.2085e+05
25993.3816 14.0463 5.3321e+05
26001.8116 19.7976 2.5684e+05
26010.2216 14.4708 5.1053e+05
26012.8716 16.6482 2.6234e+05
26023.4916 19.1962 4.8985e+05
26025.8116 10.4047 1.9287e+05
26033.9516 19.4498 4.1759e+05
26044.0416 12.7409 4.4442e+05
26044.6416 16.1107 2.4075e+05
26055.6416 18.5799 4.6119e+05
26066.9816 17.1560 2.4582e+05
26078.5816 18.8301 3.6046e+05
26090.5016 19.1068 4.9463e+05
26102.6716 17.8858 4.5081e+05
26105.8316 11.4705 4.4011e+05
26115.0516 19.8306 3.0265e+05
26123.1816 11.4566 2.1070e+05
26127.2716 18.6129 4.0825e+05
26139.4016 19.9903 4.4608e+05
26149.8616 18.7210 4.3115e+05
26151.6016 14.0725 3.3229e+05
26163.7216 16.5270 2.6403e+05
26176.0616 18.9745 3.7161e+05
26188.5816 19.5492 3.5037e+05
26201.2816 19.3586 4.0367e+05
26203.9416 12.5320 3.6728e+05
26214.3416 20.6107 2.6333e+05
26227.6616 18.4608 2.9126e+05
26240.9716 19.5445 2.8543e+05
26254.5016 21.4304 2.9815e+05
26268.3616 20.4395 2.5975e+05
26282.5616 17.9384 3.0083e+05
26297.1116 20.8841 3.6999e+05
26312.0816 19.6648 4.2251e+05
26327.2116 15.5783 4.7609e+05
26342.9016 20.1303 2.9140e+05
26357.0116 14.7523 3.7265e+05
26358.0416 17.6276 3.7265e+05
26372.8116 20.8831 3.0968e+05
26387.5416 21.3065 2.3371e+05
26396.5416 16.7441 3.7243e+05
26402.5416 20.1938 2.1802e+05
26416.5116 15.5012 4.2851e+05
26417.8516 17.4824 2.0719e+05
26433.4016 21.7127 3.5080e+05
26449.1616 20.9843 4.3349e+05
26456.2016 12.9156 3.2607e+05
26465.1016 20.3831 3.2553e+05
26481.2516 22.6106 2.8961e+05
26491.7116 21.2293 8.5446e+05
26495.8116 11.2307 3.7247e+05
26497.5716 16.7153 2.6796e+05
26514.1216 20.6049 3.0142e+05
26530.8216 21.3454 2.6978e+05
26547.8116 21.9667 2.6619e+05
26557.4816 12.3544 1.5768e+05
26565.1516 21.5086 4.2910e+05
26580.3316 11.2460 5.0655e+05
26582.2216 16.1132 5.0655e+05
26582.6416 14.6992 2.3888e+05
26600.2316 22.4927 4.1487e+05
26617.6516 22.2512 3.3112e+05
26630.5316 18.0676 4.9918e+05
26634.5316 19.1781 2.6045e+05
26650.8016 11.8923 3.4803e+05
26651.4016 19.3779 3.4803e+05
26663.2016 19.2676 5.8556e+05
26668.6816 15.6783 2.8288e+05
26675.3516 11.5379 2.1907e+05
26685.6616 24.0174 3.5123e+05
26700.2216 13.8796 3.3452e+05
26701.7916 18.9837 3.3452e+05
26718.6016 23.0292 3.9510e+05
26725.4216 12.1280 2.6733e+05
26736.3516 22.8607 3.8934e+05
26751.2816 16.7346 2.8995e+05
26754.8016 19.1462 3.7778e+05
26761.6616 16.4976 2.6689e+05
26768.5616 10.9926 2.5879e+05
26773.3716 21.1374 3.3940e+05
26791.6316 21.5059 3.4278e+05
26804.0316 14.7374 1.7075e+05
26809.1916 20.2163 3.5588e+05
26825.8716 18.1106 2.9642e+05
26841.3416 15.9715 3.5362e+05
26852.3916 12.2930 3.8187e+05
26855.3216 14.1861 3.8650e+05
26862.0116 11.0881 3.5685e+05
26868.2316 18.7230 2.8343e+05
26880.4716 18.0129 3.7504e+05
26892.2316 18.1538 2.5171e+05
26903.5816 18.3061 2.9126e+05
26914.6516 19.1597 4.5429e+05
26920.1516 10.2867 1.8237e+05
26925.6916 15.8317 2.9594e+05
26936.9216 19.6541 3.2705e+05
26948.2116 20.4916 4.5323e+05
26951.5016 11.4177 3.8782e+05
26959.6116 17.5453 4.1569e+05
26971.2616 16.7435 2.3415e+05
26983.2516 16.8280 3.4263e+05
26993.1416 17.3517 5.0970e+05
26995.4016 16.8162 3.1960e+05
27007.5116 20.4639 3.5087e+05
27017.6816 10.8064 5.5483e+05
27019.3816 15.2283 5.3258e+05
27031.2716 18.7390 4.2134e+05
27040.2917 12.5339 4.0173e+05
27042.4317 16.6449 2.9806e+05
27053.5517 19.1296 4.5371e+05
27059.6617 11.0124 2.6875e+05
27064.9017 16.8319 2.6094e+05
27069.2717 12.8899 1.9782e+05
27076.3517 18.4732 6.1191e+05
27088.1517 18.6441 3.5427e+05
27099.2817 10.7549 4.6060e+05
27100.2717 14.5881 2.8965e+05
27112.4617 18.0296 4.0940e+05
27124.7117 18.7110 2.6767e+05
27130.1917 12.6956 3.9508e+05
27137.3017 17.9139 2.6299e+05
27150.0317 19.0760 3.1642e+05
27162.9217 18.3074 2.8720e+05
27175.9117 17.6223 3.2912e+05
27188.8017 19.9790 3.1494e+05
27201.4717 18.9994 5.3180e+05
27210.5217 12.9483 3.6030e+05
27213.7617 15.1554 2.8672e+05
27225.6317 18.1244 3.2482e+05
27236.7617 17.2617 6.1996e+05
27248.5117 14.4280 3.0515e+05
27260.3017 17.2109 3.9881e+05
27272.3817 17.9847 3.2756e+05
27284.6117 16.5768 2.5218e+05
27296.7817 13.2819 4.3749e+05
27308.5917 14.6763 2.0591e+05
27320.3217 16.7838 2.6268e+05
27332.2517 16.7195 2.0979e+05
27344.3717 18.6320 2.2222e+05
27356.5617 15.8744 2.6960e+05
27360.5217 10.3555 2.2917e+05
27368.7617 16.2382 2.2929e+05
27380.3017 13.4631 3.8013e+05
27380.7417 10.5707 2.4266e+05
27392.7217 12.2836 2.6610e+05
27404.7517 14.3111 2.6813e+05
27410.6617 13.4942 3.8667e+05
27416.6917 12.4798 3.9250e+05
27428.5317 17.1250 2.3099e+05
27440.3417 17.4117 5.7380e+05
27452.0117 10.7626 3.2642e+05
27463.5217 13.3912 4.8560e+05
27474.8917 18.0768 4.8099e+05
27480.2117 10.0675 1.6369e+05
27485.8917 16.4075 4.4940e+05
27496.4917 16.7583 4.1163e+05
27506.7117 15.6497 3.1534e+05
27516.4917 16.2880 5.2189e+05
27526.2417 17.9884 5.2706e+05
27535.8817 16.3591 3.0180e+05
27545.6217 17.5387 5.8493e+05
27555.3917 16.3346 3.3128e+05
27564.9217 18.0915 4.9070e+05
27573.9117 14.8406 3.0612e+05
27582.9917 11.4099 4.4422e+05
27592.2417 18.8550 6.6705e+05
27600.3217 11.4514 5.4450e+05
27601.5917 12.9546 4.3388e+05
27610.8717 17.8094 4.8366e+05
27620.0917 18.0734 4.5457e+05
27629.2517 18.6510 4.4483e+05
27632.3417 11.2112 4.5498e+05
27638.2217 15.8243 2.2970e+05
27643.5817 10.8111 4.6874e+05
27647.0417 16.1089 2.4329e+05
27654.8017 10.6591 5.5098e+05
27655.7417 15.3253 3.1233e+05
27664.3517 17.0051 4.8756e+05
27672.9617 13.5620 3.5356e+05
27681.4017 16.7940 2.6699e+05
27686.2217 10.1906 4.0568e+05
27689.7317 15.0668 4.2860e+05
27694.1317 10.8560 4.2868e+05
27698.2017 13.7325 2.7717e+05
27706.7717 14.6892 4.1029e+05
27715.4417 15.4290 3.1882e+05
27724.0117 16.5683 2.9890e+05
27732.4217 16.4340 4.8958e+05
27740.9317 14.1316 2.7273e+05
27749.5917 18.9586 3.6223e+05
27758.4517 17.6206 3.2480e+05
27767.3717 19.4899 4.4898e+05
27776.1517 15.3902 3.4123e+05
27784.8417 17.7538 3.6919e+05
27793.7017 16.3109 4.1812e+05
27802.7317 16.3585 4.5267e+05
27811.7917 15.9640 2.2352e+05
27820.8117 17.3505 3.2443e+05
27829.9317 15.1806 4.0383e+05
27839.1717 14.4966 3.3900e+05
27848.5417 18.0285 2.8575e+05
27853.1217 10.2506 3.2102e+05
27858.0017 13.2860 3.5209e+05
27867.5417 15.3828 3.1586e+05
27877.2517 15.0716 3.1942e+05
27887.0617 17.2128 6.4102e+05
27892.7917 16.7587 6.8142e+05
27896.8917 15.5188 4.5383e+05
27900.8317 11.0842 3.7967e+05
27906.6117 15.4208 3.1520e+05
27916.4417 14.6878 3.1287e+05
27925.2917 10.8895 3.7012e+05
27926.4817 14.9353 2.4041e+05
27934.6217 12.9837 3.6488e+05
27936.6917 15.1725 3.8363e+05
27942.5717 11.0004 2.9713e+05
27947.0617 15.8154 3.7488e+05
27957.4717 18.1498 2.4864e+05
27967.7717 18.0160 3.7119e+05
27978.1117 18.1408 2.7465e+05
27988.5617 13.7406 6.3323e+05
27998.8717 16.8701 3.3194e+05
28006.8617 10.0222 4.3127e+05
28008.9317 11.5729 2.1401e+05
28018.9917 16.6443 2.1855e+05
28029.2417 19.8742 3.2459e+05
28039.6017 15.7849 4.1342e+05
28050.0317 16.6500 3.4984e+05
28060.5517 14.5551 2.9060e+05
28071.1817 17.4417 2.3345e+05
28081.5817 13.7649 3.1971e+05
28084.0317 10.3540 2.6603e+05
28091.8617 16.5149 3.8858e+05
28101.6217 15.8034 5.9061e+05
28111.3717 17.4937 4.3761e+05
28121.3017 15.1998 2.6557e+05
28131.3817 16.5194 3.1352e+05
28141.3117 15.4070 4.7761e+05
28150.0317 13.0731 4.7476e+05
28151.8317 15.6025 6.3504e+05
28162.0817 14.2826 3.3645e+05
28172.1017 15.4007 3.4109e+05
28181.6617 13.1149 2.2710e+05
28190.9217 12.0034 3.5212e+05
28199.8417 15.8648 2.7669e+05
28208.4117 12.1728 3.6686e+05
28216.6417 12.7053 5.3008e+05
28237.7617 10.9192 3.8848e+05
28296.0317 10.7080 5.2941e+05
28333.6617 10.4140 4.4758e+05
28618.4117 10.2942 5.6985e+05
28978.5718 11.1765 3.8791e+05
28997.4718 12.3428 3.7388e+05
29001.3318 11.8198 3.8475e+05
29004.3418 10.5430 3.6017e+05
29018.8418 11.7794 3.3350e+05
29022.6718 12.4241 4.2175e+05
29042.1218 10.9583 7.5811e+05
29046.0318 12.1270 4.0186e+05
29050.0218 11.1803 5.3210e+05
29054.0218 11.0999 5.1868e+05
29058.0118 10.9162 3.5221e+05
29065.8318 12.0366 4.1943e+05
29077.2818 10.7269 4.0711e+05
29085.0618 11.5205 3.7311e+05
29088.9018 10.9377 4.8079e+05
29118.3118 10.2971 4.3481e+05
29121.9418 10.4103 4.5005e+05
29129.0718 10.5539 4.3611e+05
29132.7718 10.3550 5.0222e+05
29143.9318 11.4525 3.6138e+05
29147.6318 11.2451 3.5071e+05
29166.5718 11.4133 4.7853e+05
29170.3818 11.1167 8.1846e+05
29174.2318 11.0728 7.0830e+05
29182.0318 12.7837 4.0412e+05
29185.8618 10.6586 3.1023e+05
29189.6218 10.9919 3.6545e+05
29193.3418 11.4621 4.2068e+05
29208.1118 10.4389 5.1182e+05
29278.3418 10.0939 3.7639e+05
29297.2618 10.0069 4.0912e+05
29306.4518 10.8073 4.2106e+05
29312.9118 10.0624 4.8633e+05
29326.3818 11.7438 5.9955e+05
29337.0318 10.8227 5.0219e+05
29347.9718 10.4868 4.6754e+05
29362.0318 10.4128 3.3558e+05
29372.6218 10.3678 5.5769e+05
29376.1818 15.2526 4.5046e+05
29383.2718 11.7194 6.6283e+05
29386.8518 11.4324 4.1630e+05
29394.0418 11.2572 3.5749e+05
29401.0618 11.5167 3.9355e+05
29408.1818 11.1103 3.9056e+05
29451.0218 11.3185 6.1197e+05
29474.6618 10.8714 4.9681e+05
29482.3518 11.0928 4.9800e+05
29490.2818 10.1687 3.6846e+05
29498.0518 11.0251 4.4951e+05
29501.9618 12.2369 4.0710e+05
29505.9318 10.9435 4.4885e+05
29518.0418 10.9883 3.3352e+05
29526.1118 13.2590 3.7391e+05
29534.4018 11.0570 4.5262e+05
29551.7118 11.8958 3.6221e+05
29556.0718 11.6492 5.0414e+05
29560.3018 11.0173 3.9680e+05
29564.4618 11.6537 2.9288e+05
29568.6718 12.7496 4.1892e+05
29572.9618 12.3271 3.0183e+05
29581.9018 14.9935 3.3281e+05
29586.5718 13.1648 3.2206e+05
29591.4018 10.6037 3.0362e+05
29596.3718 12.6295 3.5559e+05
29601.4518 13.6030 5.5607e+05
29606.6218 12.2208 5.5821e+05
29611.8318 11.6926 3.2428e+05
29617.0518 13.2022 3.2018e+05
29622.3118 13.9468 3.9986e+05
29627.5618 13.8563 5.4909e+05
29632.8018 12.8658 4.5631e+05
29638.0118 12.1485 4.6914e+05
29643.1618 12.3464 2.5066e+05
29648.1618 10.9721 5.6413e+05
29653.1018 10.6225 3.5747e+05
29658.0318 14.2895 2.9909e+05
29662.9318 10.8130 5.0065e+05
29667.8918 10.4664 2.7700e+05
29672.9518 12.8849 3.2848e+05
29678.1418 12.1362 3.6312e+05
29683.4218 12.8183 2.6339e+05
29688.7918 14.6779 4.9498e+05
29699.6218 14.4346 5.0341e+05
29710.3618 12.6064 2.7828e+05
29715.5518 12.6083 3.0731e+05
29720.7118 11.4536 3.4470e+05
29745.5118 10.6802 4.3212e+05
29750.3518 12.6423 3.0930e+05
29760.1918 10.0496 4.2380e+05
29770.1218 10.0937 5.5269e+05
29775.0118 11.0708 3.8073e+05
29779.8818 10.7159 2.8672e+05
29784.7618 12.0437 3.1348e+05
29789.5918 15.2427 4.0389e+05
29794.3718 12.5045 5.7492e+05
29799.1518 10.5167 4.2177e+05
29803.9318 10.4629 3.1403e+05
29808.7518 13.2052 3.9416e+05
29813.5218 13.6361 4.1067e+05
29818.2918 11.2939 4.4865e+05
29823.1518 13.0541 4.8013e+05
29828.0418 12.8415 7.1481e+05
29833.0118 11.9267 3.3224e+05
29838.1018 10.7996 4.1042e+05
29843.2718 10.9580 5.7101e+05
29848.4918 12.2084 4.0621e+05
29853.6418 13.3404 3.0886e+05
29858.6718 14.3356 4.1046e+05
29873.6118 12.7138 2.5653e+05
29878.7318 13.1817 5.3167e+05
29889.2818 12.2532 6.4031e+05
29900.0318 11.1854 2.7263e+05
29905.2618 17.0038 5.6179e+05
29910.4218 12.8967 3.2327e+05
29915.4318 12.2115 7.2342e+05
29920.3318 11.5543 3.1738e+05
29929.3718 12.7255 5.0540e+05
29946.7718 11.2823 3.2897e+05
29951.0718 11.3930 3.3117e+05
29955.3418 11.0945 4.9475e+05
29963.8718 10.2395 4.3499e+05
29968.1518 10.1185 3.6689e+05
29976.8918 10.8650 4.6715e+05
29981.3218 11.1320 4.8187e+05
29990.4918 13.5175 2.6646e+05
29995.3118 12.3558 4.6920e+05
30000.2318 10.6894 3.7300e+05
30005.2818 10.8770 2.9474e+05
30010.4118 11.1147 3.8237e+05
30015.6218 10.8195 3.6418e+05
30026.3418 12.0862 2.8848e+05
30031.7318 13.2785 4.4188e+05
30037.1818 10.5616 3.8401e+05
30054.0518 10.3248 2.9966e+05
30059.7518 11.1323 4.7390e+05
30065.4718 14.0089 3.5566e+05
30071.2318 12.5507 6.3701e+05
30076.9718 12.6256 3.5339e+05
30082.5918 11.8990 5.3735e+05
30088.1818 11.5023 4.0980e+05
30099.1618 13.8199 4.5978e+05
30109.6918 13.1106 3.4991e+05
30114.8218 11.0516 5.0754e+05
30124.9118 10.7175 3.1507e+05
30139.8618 10.6156 2.7883e+05
30149.8118 15.2388 3.9476e+05
30154.4918 10.9979 6.2347e+05
30168.1118 10.3563 3.5754e+05
30177.3118 10.9220 3.7198e+05
30182.0818 12.9794 5.5640e+05
30186.9918 12.4932 3.5596e+05
30192.0218 11.8820 3.4681e+05
30197.1818 11.5072 3.0307e+05
30207.8118 12.8360 4.1391e+05
30213.2618 14.2422 4.3268e+05
30224.3818 10.9456 4.3366e+05
30230.0118 11.5715 5.8263e+05
30235.6818 12.0338 3.1827e+05
30241.3418 13.8695 4.7609e+05
30246.9418 13.5040 4.1982e+05
30252.4918 12.3450 4.0231e+05
30263.5018 11.1524 4.0508e+05
30268.8218 13.0116 4.6610e+05
30273.9618 11.2218 5.9812e+05
30278.9118 10.1327 4.4154e+05
30283.7118 11.9914 3.5522e+05
30297.9418 10.4826 4.4224e+05
30307.0518 11.6475 8.7784e+05
30336.6719 10.9802 5.1872e+05
30386.6719 11.3795 6.9988e+05
30390.0619 10.1448 4.8021e+05
30397.0419 10.0582 3.8433e+05
30400.5619 11.6269 4.3534e+05
30411.2819 10.7157 5.4894e+05
30418.4719 12.6025 3.7608e+05
30436.7319 10.6544 4.1678e+05
30459.3019 10.1888 5.2172e+05
30473.9219 10.0269 4.9898e+05
30481.2119 10.5216 5.1725e+05
30495.4419 10.7412 3.8884e+05
30502.3819 10.3892 3.7753e+05
30509.1119 11.0531 5.2639e+05
30519.2219 10.2482 5.5111e+05
30529.3319 10.9588 5.2814e+05
30599.2919 11.2949 4.2738e+05
30602.5319 10.6338 4.9895e+05
30612.5419 11.1140 4.6118e+05
30615.9719 14.5761 4.2526e+05
30619.5019 14.4240 5.0104e+05
30626.7919 10.3830 3.7172e+05
30630.5819 12.4511 3.7871e+05
30634.4419 11.3767 4.3829e+05
30642.4019 11.1281 3.9505e+05
30646.5019 12.1278 3.0280e+05
30650.6519 14.0035 4.8618e+05
30654.7619 11.9724 4.7494e+05
30658.8019 12.3080 4.1885e+05
30662.8119 10.0446 5.1384e+05
30666.8219 12.3394 2.9970e+05
30670.8719 12.4279 3.4988e+05
30679.1719 11.6540 2.6850e+05
30683.4519 14.0152 4.1791e+05
30687.8219 11.2266 4.8633e+05
30692.2419 12.6812 4.2417e+05
30696.7219 11.8114 5.8679e+05
30705.7119 13.3862 4.5347e+05
30710.2319 11.3731 6.4438e+05
30714.7519 12.5901 5.5291e+05
30719.2419 11.4867 4.1719e+05
30723.7319 12.5128 4.0742e+05
30728.2319 11.7883 4.4212e+05
30732.6819 13.6708 6.8284e+05
30741.7119 12.8359 5.2847e+05
30746.2219 10.6897 5.8259e+05
30750.7219 11.7431 5.1206e+05
30755.3019 13.0508 3.6018e+05
30760.0419 12.9704 4.2560e+05
30764.9219 12.7913 4.1563e+05
30769.9319 15.1077 4.8858e+05
30775.0119 12.9803 3.4709e+05
30780.1619 13.4181 4.0613e+05
30785.4319 13.1066 5.0067e+05
30790.7719 14.0285 5.0823e+05
30796.2419 13.3254 3.1657e+05
30801.8119 15.6508 3.6099e+05
30807.4319 13.6311 4.8583e+05
30813.0619 14.0829 2.9913e+05
30818.6419 13.2135 3.7853e+05
30824.1919 14.6839 4.8628e+05
30829.7019 14.3610 3.0552e+05
30835.2219 10.3958 4.2613e+05
30840.6719 11.6507 4.8983e+05
30846.0119 11.0188 4.7748e+05
30851.2619 13.0126 4.2314e+05
30856.4619 12.1636 3.8127e+05
30861.6519 12.1970 2.6253e+05
30866.8819 14.2135 3.1790e+05
30872.1619 14.5930 2.6208e+05
30877.5319 13.4061 3.2668e+05
30882.9719 14.1134 3.7855e+05
30893.9119 14.6785 5.4201e+05
30899.3219 13.4360 5.2361e+05
30904.6919 11.1264 3.9525e+05
30910.0619 13.5746 3.3870e+05
30915.5219 14.8380 5.4213e+05
30921.1119 11.9383 3.4965e+05
30926.8519 12.5858 2.8941e+05
30932.7119 12.1271 4.4015e+05
30938.7119 10.3820 3.9465e+05
30944.9019 12.7903 2.7664e+05
30951.2519 12.3752 2.5454e+05
30957.6519 13.2973 6.9293e+05
30964.1019 10.9872 3.8202e+05
30970.6419 11.6776 4.6249e+05
30977.2119 11.2482 2.8386e+05
30983.8219 11.9146 3.4497e+05
30990.3519 13.1655 3.2264e+05
30996.7919 10.6377 2.9535e+05
31003.1319 13.4271 2.5744e+05
31009.4019 12.8400 3.8778e+05
31015.5819 10.1087 4.5346e+05
31021.5219 11.7665 5.0252e+05
31027.3719 13.4358 2.7817e+05
31044.9519 12.4376 2.3451e+05
31049.0419 10.6279 3.9764e+05
31056.7719 14.4068 5.7191e+05
31062.7719 18.3953 6.5176e+05
31068.8419 14.2473 3.2805e+05
31074.9819 14.8223 3.7806e+05
31081.1719 14.8441 2.6364e+05
31087.3319 12.8752 4.7243e+05
31093.4719 15.4428 2.8301e+05
31099.5919 14.9598 3.6973e+05
31105.7119 12.6157 4.2852e+05
31111.8019 11.3672 4.3561e+05
31117.9619 12.3015 5.1725e+05
31124.0819 13.9097 6.5493e+05
31130.2819 10.8774 3.6273e+05
31136.5719 14.9360 3.5233e+05
31142.9719 14.0040 2.7014e+05
31149.4919 14.6932 4.9134e+05
31156.0719 12.1193 5.7655e+05
31162.5019 11.5928 3.4645e+05
31168.9019 12.2633 4.2637e+05
31175.1219 10.6291 5.1336e+05
31180.8819 12.7878 3.4089e+05
31186.4419 12.0542 4.0053e+05
31191.8919 11.5075 2.8193e+05
31197.3619 11.3031 3.7999e+05
31202.8519 12.1821 4.1788e+05
31208.2919 12.6235 2.7664e+05
31213.7319 10.6317 4.0117e+05
31219.2119 12.1346 3.5096e+05
31224.7019 12.3250 3.9263e+05
31230.1919 11.9095 3.3022e+05
31235.7419 12.1914 2.8753e+05
31241.2919 12.3179 4.7583e+05
31246.9119 11.1756 3.1104e+05
31252.6219 15.1318 4.6447e+05
31258.3319 12.4207 4.0718e+05
31264.0819 13.5475 3.5973e+05
31269.8919 14.3145 4.3946e+05
31275.8719 14.1322 2.9020e+05
31288.0019 14.4027 3.0407e+05
31293.9619 11.4048 2.5175e+05
31305.4819 14.0920 2.5728e+05
31311.1219 12.0938 3.0120e+05
31316.8319 12.1588 3.3607e+05
31322.6519 11.0911 4.1767e+05
31340.7019 12.1390 2.3334e+05
31346.7019 10.0034 2.7517e+05
31358.3619 11.7282 3.4577e+05
31369.3619 10.1735 5.4023e+05
31374.6919 10.9022 3.2426e+05
31380.0719 10.0007 3.1824e+05
31385.4919 10.7804 2.5587e+05
31391.0019 11.6128 3.0178e+05
31396.6219 12.7288 3.8594e+05
31408.2519 15.1129 3.6573e+05
31414.2219 10.8873 3.1514e+05
31420.2919 11.0991 1.7113e+05
31426.3619 11.7013 3.1808e+05
31430.5819 11.1127 4.8991e+05
31438.4419 11.7978 3.6346e+05
31444.4019 13.7799 5.6193e+05
31456.0319 10.4541 4.2501e+05
31461.8219 12.9786 3.2099e+05
31467.6919 12.5287 3.4071e+05
31473.6419 11.5516 2.6388e+05
31479.7119 13.7454 1.8186e+05
31485.8719 10.1820 4.7598e+05
31492.1519 14.1790 5.1232e+05
31498.4919 14.1861 2.9859e+05
31504.8519 13.9697 2.4955e+05
31511.2319 15.0775 4.3459e+05
31517.6219 13.7813 3.2829e+05
31524.0219 12.2078 2.2942e+05
31530.4819 14.2367 2.3605e+05
31537.1219 11.6783 2.4777e+05
31543.9019 15.2969 2.4433e+05
31550.4919 12.9669 2.2955e+05
31557.2019 13.7290 4.7807e+05
31564.0919 14.8784 6.2020e+05
31571.1419 11.9647 4.2310e+05
31578.2919 15.1891 2.5449e+05
31585.6119 14.1197 3.2591e+05
31593.1019 14.4824 2.3044e+05
31598.5519 10.8892 3.9321e+05
31600.6319 12.3385 3.1548e+05
31608.2619 12.8377 5.1684e+05
31615.8619 15.6267 3.3325e+05
31623.3319 13.3516 4.0084e+05
31630.8819 10.6487 1.8815e+05
31638.5019 12.5273 2.1247e+05
31646.2819 18.3201 2.8266e+05
31654.2719 16.8841 3.7410e+05
31662.2919 14.9876 6.0410e+05
31670.4019 16.5336 5.1076e+05
31678.5619 16.7093 2.6487e+05
31686.7819 16.7663 2.4907e+05
31695.1519 12.9829 2.1379e+05
31703.6319 16.7315 1.7368e+05
31712.2619 13.4150 3.2194e+05
31720.9719 13.5906 6.3390e+05
31729.3619 12.7930 3.6412e+05
31737.4519 11.7930 3.6390e+05
31745.3819 12.9131 3.4612e+05
31753.0819 12.8489 4.2564e+05
31760.5719 12.5745 2.7588e+05
31767.9119 15.0293 2.4944e+05
31775.3919 12.5466 3.5353e+05
31782.9319 15.1598 4.2608e+05
31790.5719 14.4466 2.3897e+05
31797.1119 13.0307 3.6504e+05
31798.4119 11.8760 2.7594e+05
31806.3119 15.3871 2.6218e+05
31814.2719 14.2477 4.5592e+05
31818.3119 14.1046 6.0605e+05
31822.3919 12.5494 2.0983e+05
31830.6519 14.0975 2.1962e+05
31839.0519 14.1322 3.5891e+05
31847.6219 15.4577 4.8268e+05
31856.2219 14.8459 1.8743e+05
31864.8919 13.7752 2.1678e+05
31873.7219 14.3071 3.3864e+05
31882.6519 12.9214 3.1478e+05
31891.6019 14.2313 2.6710e+05
31900.6219 14.1926 3.8992e+05
31909.6219 13.2809 2.7207e+05
31926.4719 10.3520 4.7135e+05
31934.4219 12.4929 4.6907e+05
31942.4619 11.5806 3.0487e+05
31958.8920 12.0910 4.0201e+05
31963.1020 12.0409 5.3240e+05
31966.7820 10.9298 5.9184e+05
31974.5720 12.0140 5.3343e+05
31982.2120 12.9817 3.2157e+05
31989.9420 11.2203 5.0703e+05
31997.8120 12.0282 3.9731e+05
32005.6720 11.7593 3.1799e+05
32013.2820 11.5415 2.7394e+05
32018.3720 10.8960 3.7830e+05
32027.9120 11.4004 3.0383e+05
32034.9520 11.7760 3.9236e+05
32055.4720 11.3958 1.8574e+05
32061.8020 11.1825 3.0340e+05
32074.1720 10.5809 6.5486e+05
32080.2020 11.5725 3.9537e+05
32086.1320 10.2944 6.4662e+05
32091.9920 12.5391 4.5610e+05
32109.2420 10.0929 2.5949e+05
32133.6720 10.8836 5.6393e+05
32139.5720 10.7906 2.8965e+05
32145.5820 10.9830 3.8228e+05
32151.7720 12.3612 3.6846e+05
32158.1920 10.4731 4.9972e+05
32178.6220 12.4782 5.0012e+05
32192.4820 10.7399 3.3118e+05
32212.8620 13.9137 3.9681e+05
32219.6320 12.3664 2.1289e+05
32226.4520 11.4707 2.5218e+05
32233.2520 11.8963 4.3429e+05
32236.2720 11.2162 3.7036e+05
32240.0720 10.4192 4.7157e+05
32260.6820 13.8336 4.5196e+05
32267.4020 10.2652 4.2816e+05
32274.0720 10.5290 4.1621e+05
32280.8020 10.9867 5.8788e+05
32287.4920 13.5831 2.9823e+05
32294.1420 11.2885 3.4863e+05
32300.7920 11.3722 2.5937e+05
32307.4320 11.4720 4.6022e+05
32314.1120 10.0460 2.6382e+05
32320.8020 11.0400 7.2352e+05
32327.5120 10.3631 3.6423e+05
32334.2020 14.8414 5.2137e+05
32340.7320 13.4078 4.0774e+05
32347.2920 11.1413 2.5040e+05
32353.8120 12.5479 2.8935e+05
32360.2820 12.7933 5.3155e+05
32366.7720 12.7605 3.2678e+05
32373.3120 13.0174 3.8473e+05
32379.9420 12.1486 2.9180e+05
32386.5820 10.0131 3.4152e+05
32393.0220 11.7728 3.0556e+05
32399.6320 14.8524 1.2013e+06
32403.3320 17.3005 8.9452e+05
32427.9520 15.1179 3.1220e+05
32435.4320 15.5618 3.1212e+05
32442.9920 13.2187 2.0056e+05
32450.4620 14.6758 2.9398e+05
32458.1420 11.5338 2.4147e+05
32466.0020 13.0130 2.3961e+05
32473.9420 15.3037 4.2909e+05
32481.9120 14.0765 2.1121e+05
32489.9420 16.9914 4.4060e+05
32498.0220 15.3347 1.9284e+05
32506.2220 17.1543 4.0130e+05
32514.5720 15.7708 6.2904e+05
32523.1120 15.6340 2.8021e+05
32531.8020 13.9521 4.9596e+05
32540.6620 14.8299 5.5449e+05
32549.4620 16.3211 5.7403e+05
32558.1820 16.2548 2.9814e+05
32566.7020 16.1272 3.3197e+05
32575.1420 16.3501 3.6569e+05
32583.5320 15.2826 2.7130e+05
32591.9220 14.9601 2.2313e+05
32600.4220 14.9628 4.8436e+05
32608.8820 12.8509 3.6829e+05
32617.3920 15.1101 3.4437e+05
32625.9120 13.7070 3.2250e+05
32634.6420 14.4771 1.9505e+05
32643.4820 15.1514 5.7599e+05
32649.1720 11.6361 4.0806e+05
32652.4720 14.9878 4.1901e+05
32661.2420 16.5474 3.5197e+05
32669.9620 13.6159 4.5546e+05
32678.5820 13.8117 4.2112e+05
32687.0620 16.5808 3.1078e+05
32695.7620 14.6438 3.4335e+05
32704.6820 14.2288 1.4583e+05
32713.8120 16.2100 6.1028e+05
32723.0520 16.7088 2.1736e+05
32732.3820 16.3434 4.7998e+05
32741.9320 15.4684 4.1176e+05
32751.5920 18.4549 2.8629e+05
32761.4020 16.2058 3.0159e+05
32771.3620 15.5303 3.8699e+05
32781.2820 14.7923 1.2193e+06
32784.6820 18.8471 1.0972e+06
32791.0720 14.5562 5.4680e+05
32800.8920 13.4726 2.3604e+05
32810.7820 17.9390 3.9549e+05
32820.8020 16.9227 2.2315e+05
32829.1820 10.2647 2.8426e+05
32830.9820 15.9783 2.1433e+05
32841.1120 15.2296 2.6689e+05
32849.4220 11.0662 4.4478e+05
32851.1220 14.9104 4.4478e+05
32861.1720 16.5402 2.7534e+05
32869.9220 11.0510 5.2821e+05
32871.4120 13.7176 2.4011e+05
32880.3320 10.2117 2.8382e+05
32881.7420 16.0300 2.8382e+05
32890.8920 10.4856 3.2591e+05
32892.3320 14.5253 2.3635e+05
32902.9120 15.4751 2.1904e+05
32913.5720 13.2331 2.8916e+05
32919.1620 10.6763 1.8896e+05
32924.4520 16.0634 2.8887e+05
32935.0320 10.2902 2.9650e+05
32935.3820 13.5467 2.7015e+05
32946.4920 15.2132 2.6479e+05
32957.2620 10.3276 4.4504e+05
32957.6920 17.5966 4.1930e+05
32961.2020 10.7021 2.5458e+05
32968.8620 14.7095 3.7045e+05
32980.0720 18.3935 2.2165e+05
32991.2620 17.4066 3.5904e+05
33002.8520 16.4475 3.1844e+05
33014.3820 18.7543 3.4904e+05
33026.0420 15.6350 2.3096e+05
33035.3920 10.7262 3.6148e+05
33037.7520 14.2105 2.4453e+05
33049.5620 21.4071 3.4561e+05
33060.8720 10.3213 3.4880e+05
33061.4920 12.6129 2.0978e+05
33069.5720 11.6934 3.6272e+05
33072.8720 10.6410 3.3258e+05
33073.6020 14.2439 2.4679e+05
33085.0520 12.1434 3.2823e+05
33085.8820 14.2182 1.6548e+05
33097.4120 13.4105 2.9206e+05
33098.2520 11.0199 2.0955e+05
33109.9920 12.9194 3.4332e+05
33110.5020 12.2462 2.7478e+05
33122.5720 17.7863 3.1340e+05
33134.7220 17.8209 4.0589e+05
33146.6620 15.4963 2.5531e+05
33158.4920 15.8186 3.9661e+05
33164.3220 10.1359 2.6052e+05
33170.1520 17.4394 4.0219e+05
33181.5020 16.1522 2.8400e+05
33192.4620 16.8656 3.8629e+05
33203.0020 16.5573 3.1499e+05
33213.0320 18.1094 1.1350e+06
33216.3020 18.6020 1.0541e+06
33223.1220 10.8260 1.8508e+05
33232.0520 10.9489 4.7136e+05
33233.2520 14.0365 4.7136e+05
33243.3520 13.7373 3.2368e+05
33253.5720 16.3046 2.8570e+05
33263.8920 11.5846 2.8428e+05
33274.2920 15.6367 2.5733e+05
33284.9020 18.1813 3.2355e+05
33295.5620 18.0543 3.5430e+05
33306.1920 16.1615 2.9458e+05
33316.9620 15.0652 3.0852e+05
33327.5720 18.5394 3.2381e+05
33336.9420 10.1616 3.5290e+05
33338.4420 16.8697 1.8402e+05
33349.1220 10.0814 4.0193e+05
33349.6020 13.2687 4.0193e+05
33352.9620 10.5467 2.8410e+05
33360.9620 18.0936 3.2061e+05
33372.3920 20.6695 3.0758e+05
33383.8520 17.5926 4.3669e+05
33395.3920 18.9008 3.2650e+05
33406.5920 17.5822 3.5789e+05
33412.7120 11.4982 1.9803e+05
33417.6120 18.5763 3.6156e+05
33425.9820 14.7776 3.9952e+05
33428.7720 17.2946 2.4668e+05
33439.3120 12.9170 3.5030e+05
33439.9620 13.0304 3.5030e+05
33451.7320 19.6545 4.0306e+05
33463.4020 17.1395 3.4268e+05
33475.0720 20.0568 4.8960e+05
33478.7120 11.8193 5.0567e+05
33486.8820 16.7881 3.5470e+05
33498.5820 17.7377 3.7905e+05
33509.6520 17.7921 4.4749e+05
33519.7620 10.0059 3.4564e+05
33520.4620 13.6441 4.0288e+05
33531.1220 17.5083 3.0122e+05
33541.5120 15.8026 4.0522e+05
33545.6820 10.3821 3.7394e+05
33551.5120 16.8351 2.9438e+05
33561.2720 18.0378 1.8536e+05
33570.8120 15.4326 3.2986e+05
33580.1720 11.1272 1.5315e+05
33589.2221 11.3827 5.6565e+05
33598.3221 14.5295 2.3250e+05
33606.9721 15.8252 4.0186e+05
33615.4821 14.7060 3.1318e+05
33623.8921 12.4497 2.8586e+05
33637.2621 11.5271 4.2185e+05
33640.6021 14.3971 2.4234e+05
33648.7621 16.6549 3.7383e+05
33655.0121 11.6358 5.0189e+05
33664.0121 14.5885 3.8191e+05
33671.0821 13.1384 2.9610e+05
33677.7621 16.1308 4.6381e+05
33684.1821 13.9156 3.2635e+05
33690.4521 13.1157 2.4742e+05
33696.4621 11.6455 3.4576e+05
33702.8721 13.6779 6.0032e+05
33706.4021 11.7113 3.9430e+05
33709.1221 10.5644 3.7040e+05
33715.4321 11.7131 3.9101e+05
33721.8021 13.2604 2.7759e+05
33728.2321 10.7412 3.3375e+05
33734.6721 11.6758 3.0407e+05
33741.0621 12.5047 2.7408e+05
33747.2221 11.2301 4.5272e+05
33752.1021 10.2228 4.2937e+05
33759.4921 10.8401 3.6859e+05
33765.7621 11.0485 3.1988e+05
33771.9821 11.7748 2.7749e+05
33778.1021 11.5811 2.3934e+05
33784.3221 12.2754 8.0967e+05
33790.4421 13.4199 3.5729e+05
33796.7321 11.2843 3.1761e+05
33803.0921 14.9484 2.1901e+05
33809.6421 13.9098 4.4104e+05
33816.2921 12.4970 3.4311e+05
33822.9721 11.0050 4.5959e+05
33829.7821 12.5619 2.9162e+05
33844.1121 13.8613 2.8318e+05
33851.5321 13.4555 4.5538e+05
33859.0621 14.2292 4.0041e+05
33866.7121 12.3637 5.6538e+05
33869.3321 11.1972 4.5327e+05
33874.3521 10.7453 2.1001e+05
33881.9721 10.7771 4.3012e+05
33889.5721 11.9071 4.5389e+05
33897.0521 10.0974 2.4035e+05
33904.1621 11.5064 3.7462e+05
33911.7321 13.7900 2.4689e+05
33919.1421 12.2001 2.5804e+05
33926.4621 11.4669 3.9999e+05
33933.9721 12.4819 5.2461e+05
33955.9921 12.1546 3.0162e+05
33962.8821 13.0772 2.5282e+05
33969.7021 10.5413 2.0557e+05
33983.4121 11.0762 3.7631e+05
33996.3021 12.0064 2.9710e+05
34001.0021 10.0373 3.4598e+05
34008.8921 10.4539 2.7832e+05
34021.6321 11.3244 2.2391e+05
34026.7921 11.3595 5.5551e+05
34034.7321 10.6995 2.5385e+05
34048.0121 13.5189 2.0336e+05
34054.7321 12.5021 4.3503e+05
34058.5021 10.4669 3.9301e+05
34061.3821 12.6065 4.3836e+05
34067.9321 12.6220 4.4899e+05
34074.3521 10.9734 1.8195e+05
34080.7521 12.2264 6.2821e+05
34087.3221 10.3717 6.3658e+05
34107.7621 12.3137 2.9911e+05
34114.7621 12.6065 3.2979e+05
34121.8221 11.9349 1.9776e+05
34128.6721 11.7799 2.4374e+05
34135.4621 12.9092 3.7469e+05
34149.4221 11.9897 1.6141e+05
34156.5421 12.6764 3.5684e+05
34163.7421 14.3447 3.6615e+05
34170.2821 11.0015 2.9407e+05
34170.9521 11.6965 2.8906e+05
34178.1021 11.6931 2.9758e+05
34192.3521 10.3056 3.0483e+05
34199.2921 10.9554 2.8926e+05
34205.9821 11.4157 4.6808e+05
34212.7021 10.3636 4.3258e+05
34219.3921 12.3563 3.3304e+05
34226.0621 13.6541 3.6614e+05
34232.5921 14.2462 1.9971e+05
34239.0121 14.6509 2.5859e+05
34245.5421 14.9689 3.5095e+05
34252.2021 15.1369 3.7775e+05
34259.0021 13.1216 3.1353e+05
34265.8621 16.3713 4.2914e+05
34272.6421 16.0986 2.9053e+05
34279.3421 14.6524 2.3035e+05
34286.1521 16.4505 3.5910e+05
34293.0621 12.6088 4.2687e+05
34299.9721 12.3819 2.8873e+05
34306.8021 13.8597 2.3892e+05
34313.9321 13.4261 2.1147e+05
34320.9721 14.6212 2.8287e+05
34328.1421 15.6786 5.5118e+05
34335.2421 12.7652 2.1143e+05
34342.3421 13.4596 2.9182e+05
34349.5321 12.6204 2.7543e+05
34356.5621 10.9893 3.4239e+05
34363.5321 12.0003 2.7744e+05
34370.5421 10.7856 5.0499e+05
34377.6421 14.5961 3.4089e+05
34384.7821 13.9894 4.1285e+05
34398.6421 13.3614 4.8642e+05
34405.3421 12.9535 4.3614e+05
34412.0721 14.0922 3.4264e+05
34418.8321 16.9716 2.8601e+05
34425.7021 14.5572 3.3990e+05
34432.5821 16.3189 3.1074e+05
34439.3821 13.8234 3.3620e+05
34446.1421 11.9979 2.4637e+05
34452.8421 12.5406 5.7001e+05
34459.4021 15.3828 4.2362e+05
34466.0121 15.1515 3.0240e+05
34472.5321 13.8215 5.3749e+05
34479.1121 15.2349 2.7240e+05
34485.7621 15.7758 4.5598e+05
34492.4921 14.5619 2.8539e+05
34499.2321 14.9417 4.3011e+05
34505.9321 15.0502 7.3588e+05
34512.5821 13.5414 3.3200e+05
34519.1321 14.2337 6.1466e+05
34525.5321 15.4800 2.9716e+05
34531.8021 12.9251 4.2956e+05
34538.0821 14.2272 4.0758e+05
34544.3921 14.2720 2.5342e+05
34550.6221 17.3749 3.6512e+05
34556.8321 14.6017 2.0357e+05
34563.1221 15.0106 3.1015e+05
34569.5621 10.3254 4.9307e+05
34575.9521 15.6073 2.4271e+05
34582.1621 13.1256 1.9612e+05
34588.4221 10.7523 2.4639e+05
34594.8521 12.5361 3.1425e+05
34601.5221 11.4001 2.9844e+05
34608.2621 13.8124 2.3998e+05
34615.0321 14.3750 4.5162e+05
34621.8221 14.4723 3.3692e+05
34628.6421 15.7483 5.0643e+05
34635.4821 15.3432 2.8559e+05
34642.3121 13.9029 3.8274e+05
34649.1321 13.0598 2.8841e+05
34655.9621 14.9476 3.0315e+05
34662.7921 13.8304 1.8963e+05
34676.8021 12.9102 4.7038e+05
34683.8521 11.8130 5.2058e+05
34691.1421 16.8457 5.0314e+05
34698.3621 13.9039 2.8029e+05
34705.6421 14.0900 3.1856e+05
34713.0221 14.5143 2.8958e+05
34720.4921 15.6391 4.2680e+05
34727.8821 11.3551 3.0770e+05
34735.1721 15.6678 4.4751e+05
34742.4721 12.5941 2.9048e+05
34748.4521 10.4266 3.5933e+05
34749.8421 15.0463 3.3311e+05
34757.3021 16.3283 3.1642e+05
34764.8021 13.6376 3.7857e+05
34772.1921 16.0089 2.5869e+05
34779.3221 14.5318 5.9015e+05
34783.0621 16.8299 5.6644e+05
34793.9921 14.4565 2.4002e+05
34801.3321 13.1897 1.9574e+05
34808.6921 18.7124 4.5110e+05
34816.1721 15.3160 2.9567e+05
34823.7121 15.8850 3.4124e+05
34831.2521 15.1242 3.4655e+05
34838.8121 16.5717 6.6075e+05
34846.3921 15.3390 3.3334e+05
34853.9921 15.0133 4.4118e+05
34861.5921 10.3536 2.5282e+05
34868.8621 13.2380 3.2980e+05
34876.0521 14.6043 2.2379e+05
34883.2621 10.6197 3.3460e+05
34890.5321 10.6215 3.3100e+05
34897.8121 12.7217 3.2067e+05
34905.0021 10.2275 3.7245e+05
34912.0121 13.1875 8.0664e+05
34918.8921 12.6938 2.5956e+05
34925.4921 10.7553 3.4085e+05
34931.9721 12.6661 3.9036e+05
34938.4521 13.4790 3.1648e+05
34944.9821 13.2571 2.2314e+05
34951.3621 11.1130 4.8092e+05
34964.0421 10.6834 5.1982e+05
34976.4221 10.5982 2.6043e+05
34982.6021 10.9226 4.1779e+05
34988.8421 11.8998 2.8487e+05
34995.1221 11.1402 2.8457e+05
35001.4321 13.0220 3.8864e+05
35007.6921 13.9524 3.6912e+05
35013.8521 12.0546 3.3550e+05
35019.9521 11.7401 3.3564e+05
35026.0021 11.5305 4.0098e+05
35032.0721 12.0182 5.7076e+05
35038.1521 10.5522 4.4545e+05
35044.1621 11.6031 2.7041e+05
35050.1221 11.5556 3.9503e+05
35056.1121 12.9198 4.1895e+05
35068.0321 13.9343 2.8630e+05
35090.8421 10.9806 5.5948e+05
35101.6721 11.7168 4.4221e+05
35106.8921 13.7315 3.5135e+05
35121.9721 10.1157 4.5095e+05
35126.7121 10.3957 6.0920e+05
35131.2821 10.7990 6.4740e+05
35139.7021 11.5402 4.0230e+05
35144.3821 11.4948 3.5365e+05
35157.3421 11.2469 4.7469e+05
35170.5221 12.3689 5.8066e+05
35178.5521 10.5197 3.5651e+05
35183.7521 11.0658 4.2117e+05
35197.3821 10.0869 4.9813e+05
35205.2821 11.2763 4.2458e+05
35216.3421 10.1373 2.8491e+05
35221.1021 10.6930 5.7705e+05
35225.7522 10.5014 3.0261e+05
35230.3422 11.7483 4.3906e+05
35234.9722 11.0054 4.5714e+05
35239.6622 14.2512 5.0799e+05
35244.2822 11.7013 4.7710e+05
35248.9222 12.9470 3.9480e+05
35253.5922 12.6533 4.0155e+05
35258.2422 10.0937 3.2491e+05
35262.9722 12.7510 2.8580e+05
35267.7622 12.5551 4.1079e+05
35272.6222 11.2468 5.8817e+05
35277.5022 11.1997 3.1663e+05
35282.3422 10.6682 3.0667e+05
35287.0822 10.8934 4.3788e+05
35305.7722 10.4041 5.8051e+05
35310.5422 12.6473 3.1862e+05
35315.3922 14.2793 3.2250e+05
35320.3122 13.4467 3.3530e+05
35325.2622 12.8507 2.9987e+05
35330.2422 10.3436 4.9203e+05
35335.2922 11.9517 4.4085e+05
35340.4022 12.4579 2.8098e+05
35345.5822 14.4778 4.5208e+05
35350.8322 12.2003 2.9291e+05
35356.0922 15.8147 6.2010e+05
35361.4422 13.3204 2.7949e+05
35366.7822 11.7468 7.8169e+05
35372.1422 12.0054 3.4507e+05
35377.5422 12.1869 5.3027e+05
35383.0122 13.1623 2.7330e+05
35388.5322 12.8192 5.8326e+05
35394.1222 11.2355 3.0408e+05
35399.7422 12.5358 2.8244e+05
35405.3622 13.6332 2.9417e+05
35410.8522 12.3159 2.7080e+05
35416.2622 16.0124 5.4901e+05
35421.7422 12.6871 1.8509e+05
35427.2722 15.3150 3.4252e+05
35432.8722 14.6394 3.3118e+05
35438.4822 13.1404 3.8885e+05
35444.1522 13.9118 6.4539e+05
35449.8222 14.7774 4.8616e+05
35460.9222 12.2185 6.3898e+05
35471.7722 11.8802 3.3570e+05
35477.2822 11.1474 5.1490e+05
35482.6322 11.5845 3.5127e+05
35488.0122 11.1181 4.0029e+05
35498.8622 11.1133 5.8989e+05
35504.3022 11.0870 3.1140e+05
35509.7822 10.8732 7.7704e+05
35515.2422 12.1100 2.8102e+05
35525.9822 10.1970 3.5539e+05
35531.3622 11.5831 3.3847e+05
35536.7922 11.4756 3.5594e+05
35542.2122 11.7056 5.3709e+05
35547.6322 11.4604 5.3189e+05
35558.4322 13.8432 4.2527e+05
35563.8022 13.5734 3.8031e+05
35574.2022 12.2418 5.2661e+05
35579.2322 12.5418 3.9225e+05
35584.1822 14.2007 4.2525e+05
35589.1122 10.3696 3.3095e+05
35594.0922 12.4805 3.6533e+05
35599.1122 11.8635 4.3832e+05
35604.1822 10.9591 3.4640e+05
35614.5322 12.7049 4.4644e+05
35619.7822 11.5995 3.2708e+05
35625.0222 11.5138 4.6801e+05
35640.3722 11.6693 3.0920e+05
35645.4722 14.5079 3.7601e+05
35650.5322 12.6691 3.8162e+05
35655.6022 11.2855 6.5730e+05
35660.6822 12.8676 2.7465e+05
35665.7622 12.4818 3.3180e+05
35670.8022 11.4222 4.4921e+05
35675.7222 11.1490 4.7394e+05
35685.2122 11.3112 2.6581e+05
35689.8922 11.4177 3.6532e+05
35694.6122 12.7878 3.9531e+05
35699.3422 12.5450 3.5246e+05
35704.1822 11.7009 4.4063e+05
35709.1322 13.6571 4.8165e+05
35714.1422 11.3853 4.7153e+05
35729.6022 11.7920 5.5362e+05
35734.7622 10.5620 2.6325e+05
35739.9222 10.2166 3.2942e+05
35745.1022 13.4844 2.8992e+05
35750.3022 13.5319 3.9411e+05
35760.8622 11.2989 3.5010e+05
35766.0222 10.3785 5.5154e+05
35771.0422 10.4167 2.6212e+05
35776.0722 10.7305 4.0574e+05
35781.0822 10.1338 3.3174e+05
35786.0422 10.2109 2.8951e+05
35790.8822 12.0221 5.1203e+05
35795.6722 11.8126 3.5542e+05
35805.2622 11.6392 3.0371e+05
35809.9922 11.0292 3.7988e+05
35814.6722 10.8525 3.8000e+05
35819.2722 11.6425 3.6139e+05
35823.8922 10.5150 8.7327e+05
35833.1822 11.5545 4.1289e+05
35842.5322 13.3621 5.6094e+05
35847.2722 11.8357 4.3673e+05
35852.0622 14.2715 3.1506e+05
35856.7922 10.1920 3.2462e+05
35861.5022 14.1648 5.4861e+05
35875.6822 11.1084 5.0525e+05
35880.4422 10.0858 3.8613e+05
35885.1922 12.0869 8.2280e+05
35889.9322 12.9352 4.2474e+05
35894.6722 12.9629 3.4069e+05
35897.9022 13.3608 4.1828e+05
35913.5722 10.6797 2.7933e+05
35918.4422 12.5046 3.9961e+05
35923.3722 10.0137 2.0617e+05
35928.2422 14.4121 3.7710e+05
35933.1422 13.0417 2.4526e+05
35938.0822 14.3601 3.7410e+05
35943.1022 12.5679 5.2283e+05
35948.1922 11.6983 3.8846e+05
35958.5122 13.3742 3.9371e+05
35969.0322 15.2073 3.5178e+05
35974.4322 16.2833 2.7032e+05
35979.8722 12.8791 2.8352e+05
35985.4122 10.5013 2.8556e+05
35991.0622 12.9031 3.1448e+05
35996.7722 14.1100 3.0747e+05
36002.4722 13.7007 4.5878e+05
36008.1622 11.2664 2.6251e+05
36012.7522 10.2826 3.3728e+05
36013.9022 12.1343 2.2595e+05
36019.6522 14.6284 3.0083e+05
36025.4922 12.8655 2.4829e+05
36037.1922 12.5946 2.3064e+05
36043.1022 11.3946 2.9501e+05
36048.9722 12.7825 5.1817e+05
36054.7222 14.1681 4.5424e+05
36060.4322 10.1092 2.7026e+05
36066.1322 13.8956 5.4370e+05
36071.8922 11.0584 4.0512e+05
36077.7422 11.2139 5.5435e+05
36083.6722 17.6013 3.2558e+05
36089.6522 13.2569 2.7297e+05
36095.7322 15.1941 2.5021e+05
36101.8822 15.2059 2.5698e+05
36107.9922 13.2466 3.0013e+05
36114.1922 12.9871 3.3809e+05
36120.5322 11.1585 6.0827e+05
36126.9722 15.6211 3.5518e+05
36133.4922 12.9908 2.7838e+05
36139.8422 13.1962 4.5945e+05
36146.6922 12.1631 1.9577e+05
36153.2922 13.1625 2.6468e+05
36159.9422 11.1418 4.2068e+05
36166.7022 14.9530 2.4676e+05
36173.5622 12.5897 4.1708e+05
36180.4922 12.9096 1.5459e+05
36187.3322 11.4869 3.8803e+05
36194.0522 14.4410 3.0669e+05
36200.8422 12.5198 2.3118e+05
36206.2922 10.2799 3.6915e+05
36207.6922 10.3166 1.9951e+05
36214.4722 11.4464 3.0312e+05
36221.1122 13.1766 2.3324e+05
36227.6322 14.5479 4.6374e+05
36234.1122 12.0313 3.7266e+05
36240.6222 15.0177 2.9487e+05
36247.2322 13.4566 2.5840e+05
36260.7322 12.4193 3.2072e+05
36267.5822 15.6925 3.2436e+05
36274.5422 14.6302 6.2098e+05
36281.5122 15.9123 3.5220e+05
36288.4922 13.5217 3.3343e+05
36295.3922 12.8007 4.8877e+05
36302.0122 11.7414 3.2412e+05
36308.5722 13.5453 2.6690e+05
36315.2122 13.1961 3.9946e+05
36321.9322 15.5851 4.3668e+05
36335.6622 13.9732 3.0776e+05
36342.7022 12.5351 2.9607e+05
36349.8522 11.7161 4.2702e+05
36357.0722 13.9627 6.0872e+05
36364.3122 13.7818 3.4547e+05
36371.5022 12.5014 2.3127e+05
36378.6822 12.8084 2.5767e+05
36385.8122 12.6467 3.4758e+05
36398.3222 11.8087 3.6850e+05
36407.1322 12.6543 3.1603e+05
36414.3822 12.0883 2.6366e+05
36421.1722 11.3906 4.3320e+05
36421.6422 14.0488 2.6961e+05
36428.9122 15.6952 4.1110e+05
36436.2322 14.6087 4.0932e+05
36443.3722 14.7723 2.4809e+05
36450.5222 11.4151 3.1162e+05
36457.7522 12.5824 3.1711e+05
36464.9622 15.2737 3.3283e+05
36472.0422 13.4377 4.4465e+05
36479.2422 12.5900 4.4558e+05
36486.4022 11.1422 7.4946e+05
36493.6722 14.0068 3.4271e+05
36500.9622 14.4737 3.0231e+05
36508.1922 13.2693 5.0882e+05
36515.3722 15.0475 2.8871e+05
36522.4622 15.9698 3.4312e+05
36529.3822 16.6640 4.5309e+05
36536.2522 17.4286 5.4060e+05
36543.2122 11.1820 3.0158e+05
36550.1722 13.0073 5.0862e+05
36557.0322 13.6677 3.2605e+05
36563.7222 14.8880 5.9357e+05
36570.3122 14.4124 3.3348e+05
36576.9322 14.9059 4.0917e+05
36583.5422 14.9993 3.4808e+05
36590.1322 14.9095 3.8138e+05
36596.8122 15.9133 4.8435e+05
36603.4822 14.1280 3.6676e+05
36610.1422 14.1238 4.8788e+05
36616.8422 15.0370 4.5858e+05
36623.6322 13.9235 4.4862e+05
36630.5022 16.8539 3.0363e+05
36637.3622 15.0857 3.7587e+05
36644.2622 13.0616 3.0878e+05
36649.4622 14.7373 4.1449e+05
36651.2122 10.6331 3.3131e+05
36658.2422 12.3134 3.1609e+05
36665.3422 16.0084 3.9710e+05
36672.3922 16.0284 4.5063e+05
36679.3722 15.3321 3.6275e+05
36686.3022 16.1735 3.3469e+05
36693.1922 14.3270 3.6828e+05
36700.0822 15.9474 6.4742e+05
36706.9822 15.0391 4.0035e+05
36713.7122 14.7924 3.5388e+05
36720.3222 13.7547 4.3392e+05
36726.9322 15.8784 4.0724e+05
36733.5322 15.6477 3.4700e+05
36740.1122 17.5338 3.9926e+05
36746.7522 14.1384 5.5682e+05
36753.4022 15.3296 6.0093e+05
36760.0422 14.2031 3.6710e+05
36766.7422 15.5783 5.5336e+05
36773.5322 15.0093 4.8055e+05
36780.4622 16.8649 3.7531e+05
36787.4822 15.5634 3.9368e+05
36794.5322 15.4157 4.4797e+05
36801.6522 13.6179 3.9597e+05
36808.7822 16.6987 4.5649e+05
36815.8222 15.4843 3.4493e+05
36822.7322 15.7936 3.9780e+05
36829.5922 16.8082 4.8263e+05
36836.5322 15.2142 3.8290e+05
36843.5922 10.4479 6.1033e+05
36850.7122 13.4978 4.0404e+05
36857.9022 16.7246 4.3158e+05
36861.7422 13.8400 4.2096e+05
36865.1723 10.8300 4.3835e+05
36872.4423 14.3622 3.9334e+05
36877.1223 10.1484 3.9201e+05
36879.5223 14.4162 4.2074e+05
36886.6023 11.7394 3.6570e+05
36893.3623 16.4511 4.0121e+05
36900.3223 15.2091 3.2718e+05
36907.4623 17.6401 3.8775e+05
36914.6923 17.3035 3.8656e+05
36921.8323 17.0089 3.7722e+05
36928.9223 16.3288 3.7524e+05
36936.0023 14.1040 3.8944e+05
36943.1423 16.8719 4.2192e+05
36950.3523 15.4615 3.5144e+05
36957.7123 15.7404 4.2808e+05
36965.2723 12.8895 3.6321e+05
36972.9623 17.2461 3.9609e+05
36980.6123 16.2010 3.2713e+05
36988.1123 17.6053 3.0601e+05
36995.6623 17.2664 3.4858e+05
37003.1423 16.2118 4.5269e+05
37010.5923 15.2283 3.7594e+05
37018.0523 15.4213 5.7359e+05
37025.5923 17.4654 4.0355e+05
37033.2423 16.0144 3.7989e+05
37041.0223 17.0846 3.9035e+05
37047.9823 14.2084 3.5681e+05
37048.9823 11.5179 3.5681e+05
37057.0223 15.7920 3.8699e+05
37065.1823 14.0675 4.7116e+05
37073.4523 19.1418 3.6565e+05
37079.6023 12.3089 4.9730e+05
37081.7723 15.1400 4.4081e+05
37090.0523 17.5167 3.6205e+05
37098.2623 17.5230 4.3637e+05
37106.2223 11.8009 4.1548e+05
37106.4923 12.9034 4.0289e+05
37114.8423 16.3562 5.2054e+05
37123.3023 17.9247 3.8069e+05
37131.6323 18.7359 4.0272e+05
37139.9123 15.8762 3.3783e+05
37148.2823 18.5818 2.7653e+05
37156.8023 16.6973 2.4765e+05
37165.4023 18.5192 3.7218e+05
37174.1723 19.5639 5.7411e+05
37183.1523 15.9142 6.1384e+05
37186.8223 10.2549 3.7986e+05
37192.2923 18.0080 4.0670e+05
37201.5523 19.1060 3.8102e+05
37207.3623 12.0447 4.0661e+05
37210.8123 18.5921 3.5157e+05
37220.2423 16.5920 3.8108e+05
37225.7623 11.2056 2.5651e+05
37229.8123 17.9992 3.8556e+05
37239.4823 18.8279 4.2936e+05
37248.7223 11.3862 4.0302e+05
37249.2923 14.3463 4.0175e+05
37259.0523 18.3406 4.9200e+05
37268.8023 18.2213 3.0147e+05
37278.6523 18.4822 3.5076e+05
37288.5523 18.1492 3.2697e+05
37298.4923 14.4494 2.8049e+05
37305.9523 10.9961 3.1207e+05
37308.5223 16.4157 2.8839e+05
37318.6123 15.6676 3.4020e+05
37328.6423 15.8944 2.5333e+05
37338.4023 17.3406 2.6527e+05
37347.9923 18.1478 2.1093e+05
37357.4923 19.1154 2.3626e+05
37366.4423 12.8851 3.4733e+05
37367.0323 13.2765 3.2954e+05
37376.6923 15.9673 2.3548e+05
37386.3923 15.1919 3.3671e+05
37396.1923 17.3068 4.4958e+05
37406.0523 17.1126 2.6721e+05
37415.9623 14.2261 4.8689e+05
37426.0023 14.4852 2.4687e+05
37432.8123 13.3389 3.7409e+05
37435.9823 16.7018 2.7683e+05
37442.6123 10.7555 6.0193e+05
37445.7423 15.2473 2.9991e+05
37455.3023 10.1257 4.0416e+05
37455.7323 16.3148 4.0416e+05
37465.9723 18.1161 2.8780e+05
37471.1223 11.3401 2.5713e+05
37476.5323 18.4650 3.4436e+05
37480.9023 11.1080 3.4197e+05
37487.3923 13.1354 3.3959e+05
37498.3923 20.1355 3.1887e+05
37509.5423 19.8154 2.6057e+05
37514.8523 11.1778 3.4485e+05
37520.9123 19.0646 2.6288e+05
37529.5523 11.1347 2.8394e+05
37532.4023 18.2411 4.1718e+05
37544.0123 16.4049 4.6416e+05
37555.6623 17.6171 2.7860e+05
37567.2823 19.5408 3.1983e+05
37578.9523 18.1800 5.4684e+05
37589.6523 13.4847 2.8104e+05
37590.6723 19.9493 2.2901e+05
37602.5223 21.1566 2.9670e+05
37614.5523 19.8727 3.7575e+05
37626.7823 19.2429 3.9540e+05
37637.9423 11.1444 3.2886e+05
37639.2323 16.5731 3.1163e+05
37651.1323 10.1375 3.0586e+05
37651.8823 18.6030 5.2487e+05
37664.6123 20.1035 2.9934e+05
37677.1823 10.2986 4.0332e+05
37677.5123 15.9218 3.0215e+05
37686.5523 12.0930 4.1392e+05
37690.4923 19.0692 4.0012e+05
37703.5723 21.8147 4.9962e+05
37716.7023 21.6427 4.2351e+05
37729.8423 21.3739 4.4728e+05
37742.9423 20.8327 4.0989e+05
37752.7723 14.3912 4.4511e+05
37755.9323 16.6371 4.0232e+05
37760.6023 10.2269 1.4426e+05
37768.9023 21.1051 4.1527e+05
37775.7423 10.8385 2.6040e+05
37781.9523 21.2135 4.1770e+05
37795.0323 20.3958 5.5922e+05
37808.3123 19.2503 4.4149e+05
37816.7523 18.2420 5.4754e+05
37821.3823 16.2647 4.0371e+05
37834.2823 21.0675 4.7499e+05
37847.4723 21.7692 3.8452e+05
37860.8723 19.8606 4.3709e+05
37874.4423 14.4783 4.2321e+05
37888.2023 17.9920 3.4632e+05
37900.1823 15.5473 3.7407e+05
37902.2123 14.0635 3.3509e+05
37916.5023 16.5317 3.1513e+05
37926.1523 13.1130 1.7514e+05
37930.9723 18.8575 1.9402e+05
37945.6123 20.0288 2.4644e+05
37960.4523 21.7352 3.7573e+05
37975.3723 18.5925 4.1308e+05
37990.4023 19.4979 2.8577e+05
37998.0623 12.4534 1.2578e+05
38005.3523 22.5857 4.2131e+05
38006.8623 10.7218 2.8879e+05
38020.4723 20.9777 2.5678e+05
38035.7823 20.3496 2.1903e+05
38040.3123 14.3881 2.9060e+05
38051.2923 17.9705 3.2123e+05
38066.5823 19.4808 3.9071e+05
38081.6423 19.4709 2.6814e+05
38095.9323 10.8142 4.2717e+05
38097.1923 16.9731 4.0743e+05
38112.8623 20.7805 2.5311e+05
38119.1423 14.9888 2.2089e+05
38126.3123 10.7504 3.0878e+05
38128.7123 18.9688 1.6067e+05
38145.1123 20.1946 3.0746e+05
38153.1023 17.1851 2.7538e+05
38162.0423 21.5893 2.2401e+05
38179.0223 19.6308 3.0230e+05
38196.3123 20.4871 2.4198e+05
38209.5623 17.4504 3.6832e+05
38214.0023 18.7761 2.4577e+05
38231.9923 19.3923 3.7651e+05
38239.8723 11.9871 1.4095e+05
38250.5623 17.8690 2.8210e+05
38268.7823 11.6592 2.8486e+05
38286.2123 15.3630 3.8090e+05
38303.4823 22.1050 2.3351e+05
38321.3423 22.6745 4.0366e+05
38340.0623 20.6531 4.5235e+05
38359.3823 23.8406 3.6635e+05
38376.4923 18.1810 4.0376e+05
38379.5223 21.4485 3.4289e+05
38400.3823 23.9647 3.0355e+05
38411.1223 20.0965 2.1432e+05
38421.8223 22.3653 4.1351e+05
38432.5023 11.1248 2.1221e+05
38443.5223 22.8160 5.0612e+05
38447.7923 17.0628 2.9503e+05
38449.4123 10.0575 1.6295e+05
38465.6523 23.7317 2.1528e+05
38487.9823 23.3017 2.0607e+05
38496.1923 10.3908 2.2502e+05
38510.3924 21.8110 2.1074e+05
38529.8024 13.6239 2.2563e+05
38532.9924 21.7294 2.2141e+05
38555.8624 24.2959 2.2172e+05
38569.7824 20.0201 3.2784e+05
38579.0024 24.0913 2.5003e+05
38598.5224 15.6800 4.1568e+05
38602.3024 21.7151 2.2585e+05
38613.8824 15.1849 1.2056e+05
38624.4924 11.6609 2.2794e+05
38625.8724 21.0930 1.9681e+05
38648.4224 11.6287 3.5268e+05
38649.5524 22.1601 3.4807e+05
38658.0724 17.8573 1.7040e+05
38672.5324 24.0360 6.4437e+05
38675.6524 16.4072 4.6883e+05
38695.4724 24.3668 3.2163e+05
38703.6724 18.6152 4.5901e+05
38706.9324 17.0007 3.6800e+05
38718.8024 24.1561 2.8872e+05
38742.7324 25.4417 3.6228e+05
38767.1524 24.5991 3.0578e+05
38791.9624 24.5823 2.5216e+05
38800.5224 10.6543 1.6024e+05
38817.1524 23.9829 2.3774e+05
38829.7124 11.3227 2.2082e+05
38842.8324 23.3796 2.9636e+05
38858.9824 21.7474 4.0735e+05
38868.9824 22.3757 4.1895e+05
38895.2224 23.3675 2.7703e+05
38904.0724 11.0228 1.4010e+05
38921.1424 21.4405 3.5799e+05
38945.9824 24.9616 3.4787e+05
38969.4424 24.9727 3.2944e+05
38992.6024 21.8393 2.5986e+05
38998.3024 11.9663 5.0314e+05
39005.8424 20.6367 4.4284e+05
39016.1324 23.5643 2.2519e+05
39023.5924 19.1001 3.5570e+05
39030.1824 10.5512 1.5664e+05
39039.8524 24.7166 2.6101e+05
39063.8724 22.8236 3.1997e+05
39076.7124 11.7447 1.3055e+05
39086.3124 20.5924 4.0578e+05
39088.3124 21.5644 3.8086e+05
39109.6724 11.7914 3.7165e+05
39112.5824 19.9906 3.4814e+05
39128.4624 12.5856 1.7804e+05
39135.7424 19.1709 3.4826e+05
39144.6524 14.1108 3.6968e+05
39158.3024 21.6386 2.7537e+05
39180.1124 16.9905 2.6022e+05
39199.9224 13.9317 2.1427e+05
39216.6124 15.1375 5.3699e+05
39231.7924 15.1191 2.4583e+05
39239.8624 10.0994 4.2633e+05
39241.8024 10.7035 4.6081e+05
39245.9324 17.7404 2.4287e+05
39259.9224 15.9296 4.5284e+05
39273.8224 15.5446 4.3000e+05
39287.2924 15.6569 5.6448e+05
39300.0224 13.7176 2.1953e+05
39312.0624 16.8091 4.1490e+05
39323.8124 17.4744 2.8481e+05
39335.7124 16.8839 2.6815e+05
39347.7724 12.7416 3.9487e+05
39358.6924 12.9683 2.7655e+05
39359.3624 12.6038 2.5138e+05
39370.9724 16.8559 2.4568e+05
39382.9224 14.0226 5.4361e+05
39395.2324 14.4539 1.7182e+05
39407.9824 17.7107 3.0980e+05
39414.4124 12.3241 3.4271e+05
39420.9824 18.9458 3.6919e+05
39433.9924 15.4654 3.1432e+05
39446.6824 12.7857 1.9239e+05
39458.4124 13.4776 4.1293e+05
39469.6724 13.7049 2.6110e+05
39480.8624 13.8860 4.0773e+05
39491.9824 16.1852 3.3904e+05
39503.2724 18.2487 5.0307e+05
39514.6824 16.7620 4.1007e+05
39526.3424 17.4480 5.5558e+05
39538.1124 17.5399 4.1633e+05
39550.0124 16.7173 3.9696e+05
39562.0824 18.9452 3.7046e+05
39574.3824 16.3446 4.2805e+05
39586.5924 14.2068 4.8897e+05
39598.1724 15.2149 3.6762e+05
39609.0424 16.5713 3.8390e+05
39619.8024 15.9573 3.3308e+05
39625.6424 14.5413 2.1059e+05
39630.6824 15.1722 4.8643e+05
39637.1524 10.8049 3.2009e+05
39641.3924 11.2261 4.7626e+05
39648.8224 11.6957 3.6918e+05
39652.3224 18.4102 2.8911e+05
39662.7524 15.9424 3.0639e+05
39672.6524 15.9484 3.0836e+05
39682.1124 15.4857 3.6742e+05
39691.4324 16.1965 3.1400e+05
39700.5724 14.6131 3.0725e+05
39709.6924 14.4895 3.9739e+05
39718.9424 16.7094 1.2367e+05
39724.4524 12.1390 3.1890e+05
39728.2524 17.4532 3.9945e+05
39737.6624 16.9570 4.6533e+05
39741.6124 10.5049 3.5877e+05
39747.1924 18.9950 3.8459e+05
39756.6324 15.8905 2.5388e+05
39766.1224 19.4663 4.6744e+05
39775.8924 18.5469 3.2918e+05
39785.9824 21.4266 2.9090e+05
39796.2824 18.2883 4.4614e+05
39806.5324 14.0060 3.0722e+05
39816.8024 17.4098 3.7771e+05
39827.1924 18.7818 1.6550e+05
39837.7924 15.5910 3.2282e+05
39845.3324 10.0670 6.0683e+05
39845.6424 12.6046 3.4649e+05
39848.6024 13.6401 1.9964e+05
39856.5724 13.9248 3.8189e+05
39859.5924 14.2113 3.5159e+05
39870.6124 15.6558 2.8081e+05
39881.7724 20.5724 2.0247e+05
39893.0024 18.6311 3.0032e+05
39898.7624 11.4593 3.5132e+05
39904.3124 15.2363 3.9786e+05
39915.5424 18.4070 3.5960e+05
39926.8424 15.6631 3.0676e+05
39938.4124 19.6569 4.7862e+05
39950.2124 18.3886 4.4989e+05
39962.2124 15.4623 3.3313e+05
39974.1324 15.0866 2.3677e+05
39984.7624 12.3081 3.7019e+05
39985.8624 16.8215 3.7008e+05
39997.4424 19.3880 2.4743e+05
40009.4224 21.1241 4.3888e+05
40020.6524 15.9450 3.8438e+05
40021.7524 16.1218 3.3913e+05
40029.0124 18.2304 3.1612e+05
40034.3824 17.4087 2.8302e+05
40047.3224 20.1428 4.6876e+05
40050.9124 10.3766 1.7278e+05
40060.4224 21.1391 2.3756e+05
40073.4024 19.3153 3.0037e+05
40086.5224 13.2046 2.6862e+05
40100.0024 20.8288 3.2096e+05
40103.5024 12.5970 3.7388e+05
40113.5624 21.2014 2.2242e+05
40127.2524 21.9707 3.8206e+05
40134.5924 11.2383 1.7123e+05
40141.1625 21.0159 2.7820e+05
40155.3025 20.5031 2.9690e+05
40169.6925 20.3762 2.8011e+05
40184.3225 22.5871 2.7458e+05
40196.3125 14.3738 2.9785e+05
40199.2325 21.5087 2.9785e+05
40208.3325 15.6639 3.9120e+05
40214.4025 21.2456 3.4422e+05
40229.7425 20.9718 3.2664e+05
40240.2725 15.5527 2.3133e+05
40245.3225 21.7212 3.2346e+05
40261.1725 21.8977 3.9867e+05
40276.2325 16.4092 3.1512e+05
40277.3125 14.9777 1.8898e+05
40286.0725 10.4940 1.0524e+05
40293.7025 21.9094 2.8531e+05
40310.3825 22.7094 2.3427e+05
40316.2525 15.6113 4.0533e+05
40327.3725 21.8641 2.4160e+05
40344.6025 23.3987 2.5428e+05
40362.1125 21.3804 3.5051e+05
40379.7425 20.6684 4.0210e+05
40385.6225 13.7498 1.8928e+05
40397.6425 23.2537 2.9742e+05
40412.2025 19.6816 3.4146e+05
40415.8525 23.9999 3.2806e+05
40421.9525 11.1695 6.1192e+05
40423.6625 13.3401 4.4838e+05
40434.3025 25.0196 3.2901e+05
40452.9825 25.3452 3.2332e+05
40471.9325 25.3078 3.1675e+05
40491.1925 24.8885 3.8817e+05
40510.6325 24.9325 3.2068e+05
40529.0525 13.2295 4.7804e+05
40530.3025 22.4342 4.7804e+05
40550.2125 23.6040 2.9887e+05
40560.6925 14.7849 1.9775e+05
40570.3025 24.4903 2.8591e+05
40590.4425 21.1028 2.6095e+05
40610.7125 24.8025 3.4696e+05
40625.7025 18.9306 2.6573e+05
40631.1325 21.3527 3.2045e+05
40635.7625 11.3896 3.0923e+05
40645.8425 22.3941 5.5407e+05
40651.1425 20.3690 3.2617e+05
40671.0025 24.5118 2.7159e+05
40690.9925 24.1990 2.6464e+05
40699.6925 19.3530 3.0860e+05
40711.3125 24.8464 3.3219e+05
40722.8925 11.8536 7.7427e+04
40731.4525 21.9514 2.4656e+05
40739.1025 19.7703 3.3684e+05
40751.7325 22.4495 2.7152e+05
40767.3025 22.5273 5.2187e+05
40772.6225 21.5419 2.8270e+05
40793.8725 24.6012 2.6915e+05
40815.4425 25.4840 2.8014e+05
40837.3625 26.1890 2.8150e+05
40853.8725 23.5894 2.4877e+05
40859.6525 25.9039 3.3323e+05
40873.1425 11.6359 3.0671e+05
40882.2525 25.5207 3.7525e+05
40898.5125 24.2149 5.7152e+05
40905.0325 25.4196 3.4738e+05
40928.1025 24.8652 2.9327e+05
40951.3725 25.6216 5.5068e+05
40974.9125 25.7774 3.7708e+05
40988.8825 12.1090 2.9300e+05
40998.6025 25.5825 4.3059e+05
41022.3325 26.4583 3.8635e+05
41039.0725 23.8523 5.1601e+05
41046.0425 24.4340 3.5746e+05
41059.5825 22.0020 1.2545e+05
41069.9925 25.4875 3.4649e+05
41094.1325 26.0651 4.1739e+05
41114.7625 10.5055 3.3674e+05
41118.5225 25.3219 3.0832e+05
41143.1925 24.8631 2.8222e+05
41168.1425 25.9358 2.7012e+05
41182.8525 22.9627 5.4088e+05
41193.3825 25.4152 3.1365e+05
41218.8725 25.7356 3.1981e+05
41244.6525 25.9096 3.5336e+05
41267.2125 17.0320 3.5292e+05
41270.7025 25.7369 3.1688e+05
41297.0125 26.2111 3.7487e+05
41323.0525 26.3303 3.4984e+05
41329.8525 18.1968 4.4059e+05
41340.7925 14.3027 1.6831e+05
41349.4125 26.2455 3.5453e+05
41376.4525 26.5185 3.6869e+05
41392.6125 12.1275 4.7292e+05
41404.1325 26.0959 4.2218e+05
41420.9825 11.7334 3.0631e+05
41432.0725 13.9034 4.2418e+05
41432.3625 24.2777 4.0816e+05
41447.1825 13.5431 4.6967e+05
41452.1825 11.4528 1.3615e+05
41461.0725 26.5800 4.5398e+05
41489.2225 23.3356 6.3842e+05
41490.2125 18.6795 3.3773e+05
41516.1525 10.5630 4.4989e+05
41519.5925 25.9670 4.3071e+05
41549.3025 25.6584 3.6764e+05
41579.3125 26.1060 4.2143e+05
41590.0925 10.2141 2.2209e+05
41609.6525 25.7948 4.4590e+05
41626.6725 10.2991 3.3251e+05
41629.5625 18.3005 3.1703e+05
41640.3025 26.7849 4.1591e+05
41655.7025 25.2386 5.0236e+05
41671.3325 26.5898 3.6875e+05
41702.7325 26.8365 4.2823e+05
41734.5225 26.0387 4.1337e+05
41763.3625 13.3752 4.5975e+05
41766.5725 26.3011 4.1322e+05
41789.7226 15.3279 3.2579e+05
41798.9326 27.0367 4.2098e+05
41815.4526 24.2744 6.8140e+05
41831.8226 26.1304 3.6613e+05
41860.1326 16.3520 2.7758e+05
41865.1226 25.6315 4.1666e+05
41898.7026 25.7858 4.1307e+05
41919.4626 21.5572 1.6980e+05
41931.9226 26.4334 3.3823e+05
41965.5326 26.6014 3.5825e+05
41989.9426 25.1978 5.2865e+05
41999.7826 25.7451 4.1318e+05
42034.7526 26.5017 4.2707e+05
42070.0826 25.8698 4.3966e+05
42096.9726 10.6500 4.7049e+04
42106.0426 26.8734 4.2528e+05
42132.9526 12.4503 2.5233e+05
42142.3126 24.4279 4.2242e+05
42158.5026 11.1563 2.1904e+05
42161.7826 16.3924 7.1737e+04
42173.1626 24.6874 5.5159e+05
42179.4826 25.8186 3.7601e+05
42203.9426 14.3930 6.1546e+04
42216.8426 26.3066 4.1703e+05
42240.7526 14.4188 3.0047e+05
42254.2926 26.7787 3.8763e+05
42279.4326 10.7671 6.9201e+04
42286.3926 10.5587 2.0363e+04
42292.2126 25.3730 3.6000e+05
42315.0626 11.7793 2.7320e+04
42330.7526 26.8457 3.9832e+05
42338.4926 14.9438 3.8958e+05
42341.0626 19.3817 2.1993e+05
42360.5226 16.1002 7.7363e+04
42369.9926 25.1021 4.0085e+05
42409.7026 26.0988 4.2742e+05
42430.7026 16.6076 3.2939e+05
42436.3426 15.2293 1.4385e+05
42439.3326 11.2126 1.1999e+05
42449.7926 24.6202 3.7887e+05
42470.4126 21.3617 2.3937e+05
42479.7226 10.2752 3.6447e+04
42490.1126 26.1683 4.1409e+05
42523.0126 12.5793 7.3690e+04
42530.9326 26.4672 4.5077e+05
42534.1926 11.4632 1.9534e+05
42572.3226 26.0068 3.6102e+05
42585.9726 10.4414 6.8550e+04
42610.9526 10.4874 4.1793e+05
42613.7526 12.7758 4.1793e+05
42614.1426 24.8897 4.0684e+05
42634.3026 14.2809 1.2228e+05
42656.3526 26.7737 4.3116e+05
42674.8926 16.7990 1.1941e+05
42698.8326 26.6711 3.9821e+05
42707.8826 21.8468 3.6185e+05
42741.8526 25.2057 3.4141e+05
42761.9326 10.4134 4.3408e+04
42775.0526 10.2878 4.4662e+04
42785.3426 26.6702 3.6453e+05
42797.5226 10.8373 7.7177e+04
42806.2026 14.3420 1.5735e+05
42829.1126 25.8327 4.1030e+05
42850.1126 20.2562 2.1987e+05
42873.8826 26.9472 3.9772e+05
42897.7626 11.1466 1.1752e+05
42901.1526 13.8233 9.0211e+04
42909.6026 25.9128 4.0946e+05
42919.5026 24.8113 3.5067e+05
42956.0226 10.0902 5.8211e+04
42965.7626 25.4356 3.8254e+05
43011.1526 26.9663 4.5249e+05
43056.1826 26.0865 4.4529e+05
43078.4626 11.5247 5.9302e+04
43086.3626 26.2393 3.7253e+05
43103.1226 26.0082 4.4588e+05
43134.9826 16.1363 8.9619e+04
43151.0326 27.0114 4.3926e+05
43199.9026 26.5162 4.4986e+05
43241.6926 10.5995 2.5565e+04
43249.6926 26.5345 3.1583e+05
43272.7726 19.0157 1.1451e+05
43280.6926 13.0496 3.8355e+04
43290.3526 24.5771 3.5676e+05
43300.6226 25.1406 3.6076e+05
43311.1326 15.8084 2.2224e+05
43352.3426 26.4797 4.7547e+05
43404.0726 25.4234 4.0799e+05
43438.5827 11.2355 9.3633e+04
43439.2327 13.7616 6.1317e+04
43456.9427 26.8044 4.4186e+05
43474.7227 10.3634 2.6472e+04
43489.0527 25.4527 4.4596e+05
43508.0227 11.2046 4.1022e+05
43510.6127 26.6535 4.1022e+05
43520.3827 18.0264 3.0040e+05
43544.4327 11.7679 3.4824e+04
43556.6127 14.0578 2.8986e+05
43565.0027 26.9124 4.0008e+05
43619.9427 24.9204 3.8632e+05
43638.6527 10.4797 3.1951e+04
43670.1727 17.0358 1.7731e+05
43675.9827 26.8729 4.5992e+05
43679.1027 10.1775 1.7018e+05
43721.8127 10.1934 1.5760e+05
43732.4227 25.5096 4.2154e+05
43747.7427 11.9737 4.8426e+04
43786.6127 15.1147 3.4222e+05
43789.7027 26.2529 3.4222e+05
43799.3727 12.1930 9.9532e+04
43810.1227 11.4715 2.9790e+04
43818.8227 10.8073 4.1674e+04
43849.2227 26.9509 3.4177e+05
43857.8027 13.1653 2.2351e+05
43875.8227 11.7854 3.9859e+04
43881.9827 12.3797 2.9050e+04
43896.0127 10.4173 1.8083e+04
43907.9727 24.5934 4.4406e+05
43910.0127 20.9151 4.3251e+05
43932.7427 11.4080 1.4721e+04
43954.3927 11.9790 9.8521e+04
43963.7727 22.6973 1.0771e+05
43971.4727 26.5111 4.3924e+05
44007.8627 19.0075 2.7770e+05
44016.8427 10.3174 3.4096e+04
44034.2127 26.6444 3.6006e+05
44053.1027 24.6657 1.4802e+05
44062.4327 17.6461 1.1622e+05
44094.8727 25.7084 3.7507e+05
44098.4227 21.3760 3.3639e+05
44127.2927 14.6996 2.5337e+04
44139.1827 13.8585 3.4038e+04
44164.2827 26.8639 4.0199e+05
44194.8727 10.2610 1.9295e+04
44204.1527 11.3611 3.2914e+04
44225.5327 17.2547 8.7160e+04
44230.7727 17.9930 4.0678e+05
44231.1527 24.9327 4.0050e+05
44253.2227 13.4639 2.8260e+04
44262.6627 10.8711 4.7990e+04
44264.4327 13.6382 3.0604e+04
44288.4727 26.3748 5.1919e+05
44298.1927 26.5656 4.1803e+05
44321.5727 10.8744 3.1324e+04
44361.2427 12.1463 4.6243e+04
44366.3027 26.2708 4.2010e+05
44409.6727 10.9419 2.3535e+05
44421.2527 13.6923 3.6191e+04
44435.2527 26.4818 4.0566e+05
44469.0427 13.8492 3.3036e+05
44472.7727 15.7559 3.3036e+05
44479.0627 11.1072 6.0502e+04
44491.5427 25.8747 4.3563e+05
44504.3627 26.8630 4.2455e+05
44524.1427 10.4351 5.3902e+04
44531.0827 17.5414 4.5125e+04
44537.7527 23.6277 3.2552e+05
44571.6127 17.4474 4.3128e+05
44574.2927 25.4263 4.3128e+05
44596.9627 11.3060 3.0437e+04
44604.1127 20.2448 3.0566e+05
44630.3127 10.9226 1.8148e+04
44636.2627 18.7839 1.4855e+05
44645.3127 26.1642 4.4936e+05
44654.2627 14.4973 1.5745e+05
44668.0627 12.2642 2.4024e+05
44671.9527 15.4564 2.4024e+05
44702.2627 14.2045 2.3013e+04
44717.3427 26.8256 3.8364e+05
44724.7627 18.1450 4.0540e+05
44735.4327 11.8070 1.1639e+05
44748.3527 13.0813 3.3017e+05
44751.8227 23.6107 3.1695e+05
44791.8427 26.4249 3.9468e+05
44811.5527 19.2131 2.7835e+05
44831.5227 15.1182 4.8384e+04
44853.7827 12.8119 2.0816e+04
44867.8327 26.7487 4.1177e+05
44882.4927 19.3025 1.4176e+05
44889.5527 14.4892 5.6682e+04
44898.2227 11.2747 1.3455e+05
44928.9727 10.9011 2.6793e+05
44931.7227 25.1385 2.5831e+05
44941.5027 25.5654 5.4029e+05
44944.8527 21.5946 4.0106e+05
44963.7527 10.8458 3.5485e+04
45020.5727 12.0921 3.9176e+05
45022.6927 24.3222 3.9176e+05
45055.6427 12.6560 2.5142e+04
45069.7428 12.6489 2.7329e+04
45098.7528 26.1693 3.9352e+05
45132.9728 24.9069 3.7970e+05
45176.6528 26.9391 3.9463e+05
45235.1628 16.6500 2.6416e+04
45253.7528 10.8986 4.3251e+05
45255.1528 14.7338 4.3251e+05
45256.4628 26.7217 4.0278e+05
45314.9028 10.9686 5.7544e+04
45326.4728 26.0477 5.5352e+05
45338.2528 26.7031 4.3370e+05
45378.6828 11.7620 6.8479e+04
45392.3828 25.5441 2.4471e+05
45409.5528 12.2234 3.1223e+04
45421.3028 24.7761 4.3527e+05
45441.1928 12.9698 6.3678e+04
45468.3128 15.1200 3.0384e+04
45489.5628 13.6677 2.7233e+04
45505.0928 10.5263 3.8515e+05
45506.3028 26.2192 3.8515e+05
45523.1128 25.8856 4.5960e+05
45540.7528 12.9754 3.5270e+04
45556.8228 12.3412 2.7086e+04
45563.1828 10.0191 1.7400e+04
45570.6628 12.4242 3.1265e+04
45584.8728 10.1883 1.3310e+04
45591.4828 15.3674 4.2002e+05
45593.0828 26.7407 3.7888e+05
45622.4728 12.1897 4.2193e+04
45653.3228 12.2542 3.7078e+04
45668.8328 10.9453 4.4038e+04
45680.8728 26.6154 3.9661e+05
45702.6928 10.7445 1.5038e+04
45715.4628 11.6420 2.2678e+04
45722.9828 26.7173 4.4747e+05
45737.8228 10.3796 2.2460e+05
45741.4028 19.1652 2.2460e+05
45769.8028 27.1309 3.7453e+05
45861.0628 26.4854 4.0393e+05
45877.3528 11.4673 1.4551e+05
45886.8928 10.8676 2.3212e+04
45922.0928 17.8580 5.1727e+05
45924.9328 26.1275 5.1727e+05
45942.2528 20.5564 4.9752e+04
45954.3828 26.6916 4.0355e+05
45983.4428 19.9207 1.0569e+05
46004.6728 13.3684 1.8459e+04
46019.8528 11.2269 3.0120e+04
46033.8728 11.2064 1.4670e+04
46049.0828 27.1223 4.0073e+05
46074.3528 12.8899 3.1968e+04
46095.8428 12.1160 7.0678e+04
46123.3628 12.4640 4.1655e+05
46127.3528 25.1956 3.9158e+05
46145.8828 27.0640 3.7794e+05
46169.3128 18.7591 3.9617e+04
46179.8928 14.8455 2.6966e+04
46185.2128 19.3901 1.1005e+05
46199.8128 11.3662 1.6078e+04
46207.4128 10.4158 2.9394e+04
46215.0828 19.1588 3.7066e+05
46220.0228 10.4215 1.4290e+04
46245.9628 26.5725 3.8113e+05
46314.9428 11.1958 2.5159e+04
46331.5328 26.7120 4.9593e+05
46348.7428 26.6119 3.7655e+05
46365.1728 12.9379 1.9453e+04
46386.5628 10.8030 4.7063e+04
46415.0928 12.5757 1.4404e+04
46427.4828 16.5955 3.4903e+04
46453.8228 27.0525 3.6651e+05
46470.2328 20.4644 1.3926e+05
46492.9428 23.2154 1.2122e+05
46513.3228 11.9637 3.0068e+04
46516.5428 11.7210 2.9327e+04
46524.7128 24.5162 2.5407e+05
46535.1528 25.3993 3.7227e+05
46561.5528 27.2640 3.5577e+05
46605.5328 15.9590 2.5788e+05
46636.2428 10.2207 1.8916e+04
46671.4328 26.5238 4.0912e+05
46724.4929 11.0098 1.6550e+04
46736.3229 11.5766 4.0067e+05
46737.9429 26.3353 3.9817e+05
46745.5429 13.9563 2.8717e+05
46753.9629 23.7942 1.4355e+05
46772.0029 11.3424 1.8511e+04
46783.2729 26.7847 4.2153e+05
46820.4729 13.1032 2.8319e+04
46869.3929 12.7995 1.8750e+04
46891.6829 24.3797 3.2330e+05
46898.1029 26.4245 4.0327e+05
46922.9129 21.6771 7.1982e+04
46945.8229 25.7679 4.3976e+05
46967.4329 14.0047 3.4299e+04
46989.2029 11.2394 4.7688e+04
46990.5129 12.4789 3.4651e+04
46996.7229 16.3449 3.2091e+04
47014.0929 27.2876 3.8417e+05
47044.6929 21.3846 2.7773e+05
47066.9629 11.7720 2.3251e+04
47095.8329 14.9743 2.7347e+04
47103.8729 15.0527 1.1415e+05
47117.3929 10.0667 2.5448e+04
47134.6329 27.2506 4.0686e+05
47168.0229 13.8575 4.9261e+05
47170.9829 25.9249 4.9261e+05
47207.8329 18.2873 2.6253e+05
47219.1829 10.5608 1.9932e+04
47258.0129 26.6112 4.2596e+05
47284.7929 16.7072 2.0260e+04
47296.9029 14.0132 5.2033e+04
47320.2229 10.4074 3.5631e+04
47382.8729 26.1551 3.6701e+05
47407.4529 25.9588 4.0863e+05
47444.6329 11.6875 1.7091e+04
47479.0129 11.0873 2.5633e+04
47511.7029 26.6750 3.8498e+05
47558.0229 14.5802 1.2158e+05
47582.7929 12.5106 3.9615e+04
47611.6929 17.0305 2.4877e+05
47642.1929 26.8122 3.9726e+05
47652.7129 21.5713 3.8648e+05
47749.7229 14.1987 3.4125e+05
47776.4829 27.0856 4.1323e+05
47803.0329 10.6393 1.7979e+04
47905.9429 25.8115 4.4372e+05
47914.5729 25.4295 4.0692e+05
47957.1229 11.1135 2.7766e+05
48024.4629 11.4810 2.9724e+04
48056.9129 25.5863 3.7965e+05
48169.1029 23.0804 3.5312e+05
48201.4129 25.5698 4.1761e+05
48223.1329 17.6807 4.9666e+04
48275.3929 13.2430 1.6896e+04
48346.8530 26.3309 3.8177e+05
48380.1030 13.3585 3.4217e+04
48432.0530 12.1606 9.5188e+04
48439.3930 25.5228 4.1408e+05
48496.2130 27.1527 3.9894e+05
48635.1130 12.8561 3.2369e+04
48649.5130 27.3342 3.2435e+05
48707.4530 19.3198 3.2020e+05
48717.1830 25.9411 4.6453e+05
48733.9630 11.3944 1.7021e+04
48767.0630 11.8990 2.3293e+04
48778.9930 10.6212 1.0016e+05
48779.8330 16.3321 1.0016e+05
48797.8630 12.5917 9.7245e+03
48810.7030 27.0487 3.5898e+05
48873.5330 11.6058 2.1315e+04
48880.5430 10.2599 3.3930e+04
48886.5030 10.9581 1.3588e+04
48907.8830 16.1030 1.5839e+04
48932.5030 10.5115 4.6630e+04
48952.6630 12.8528 2.6880e+04
48975.3230 27.2839 3.8470e+05
48996.2230 11.6992 1.8159e+04
49003.1930 26.1323 3.0286e+05
49019.6230 15.8651 3.0409e+04
49032.6830 13.3503 2.5976e+04
49088.3630 11.7588 1.6790e+04
49112.9630 18.1559 2.8881e+04
49119.0430 11.2762 2.3320e+04
49142.4330 12.3408 3.1605e+04
49146.5730 27.2281 3.5877e+05
49176.3430 10.8510 9.7107e+03
49202.7330 19.5277 3.2356e+04
49207.3430 12.0969 1.5545e+04
49226.0830 12.4014 2.8158e+04
49235.0930 10.8746 2.1591e+04
49264.7430 13.9064 1.2890e+04
49281.3830 19.2074 2.4887e+04
49295.5730 26.0894 4.5461e+05
49308.6430 15.0129 3.4943e+04
49324.3130 27.1397 3.9281e+05
49350.3330 10.3105 9.6397e+03
49355.9030 15.5652 2.1355e+04
49368.7030 15.4654 1.2809e+05
49382.0130 15.9541 3.7747e+04
49412.3930 10.3885 1.4150e+04
49420.7230 14.4520 2.0445e+04
49455.1030 20.6410 4.5327e+04
49507.4530 27.0694 3.5895e+05
49527.6730 14.6097 4.1180e+04
49561.8930 14.2934 1.6724e+04
49598.4730 26.5236 4.3472e+05
49609.9130 13.4022 4.4944e+04
49651.1030 18.6049 2.7706e+04
49667.1230 12.5994 1.2612e+04
49678.6430 14.7983 2.1979e+04
49690.6830 26.9629 3.9162e+05
49754.2530 16.1430 2.9242e+04
49763.2630 12.7316 2.2388e+04
49787.7830 23.9302 2.8598e+05
49830.1130 15.4724 2.4367e+04
49867.5830 10.5890 9.7932e+03
49872.3930 10.1052 1.4268e+04
49875.1930 11.9579 1.0927e+04
49889.0730 27.3036 4.0720e+05
49912.2830 26.3198 3.8161e+05
49951.5230 16.5692 2.0361e+04
49959.4830 14.7111 1.2992e+05
49983.7131 12.0062 2.6729e+04
50015.5131 11.9609 2.0479e+04
50040.7931 12.2214 4.0135e+04
50061.5731 13.2844 3.2963e+04
50076.4631 10.6650 1.2282e+04
50093.1431 15.8133 2.7845e+04
50097.7431 27.2621 4.3957e+05
50140.5531 16.2803 2.9254e+04
50158.3931 11.1003 2.2413e+04
50217.7431 11.1750 3.0514e+04
50242.4231 26.4292 3.7018e+05
50300.7931 10.2709 2.3907e+04
50317.9331 27.3057 4.0464e+05
50350.2231 25.4973 1.3273e+05
50381.5331 16.3412 2.9993e+04
50420.0631 18.1322 8.6977e+04
50461.0431 13.2874 3.5757e+04
50462.1431 11.3963 2.9811e+04
50520.7331 10.2153 1.1555e+04
50546.0631 12.8010 3.8347e+05
50546.3831 26.8815 3.8347e+05
50580.0331 26.4802 4.3237e+05
50604.6131 10.6010 2.4329e+04
50700.3231 12.3620 1.4225e+04
50712.5231 10.2100 2.9129e+04
50716.5631 11.9913 2.6385e+04
50727.8131 14.3844 1.6201e+04
50746.7431 14.9669 3.6064e+04
50786.4831 26.4678 3.7779e+05
50890.4031 12.9730 2.1126e+04
50921.8031 26.4872 3.9786e+05
50978.7831 18.4597 4.0635e+04
51034.0231 26.9613 3.5755e+05
51067.8431 14.8815 2.4878e+04
51101.5231 10.3776 2.5412e+04
51157.7231 16.7477 3.4746e+04
51158.8631 14.1994 1.5394e+04
51182.2831 10.1271 1.1328e+04
51195.1531 10.1393 1.3566e+04
51202.3731 24.0567 1.3214e+05
51241.1231 15.6583 2.0169e+05
51242.1231 23.5227 1.4319e+05
51263.1931 26.5258 4.5918e+05
51287.2431 26.8133 4.4735e+05
51340.3931 13.3479 2.7051e+04
51362.9131 12.9902 2.7874e+04
51395.2331 24.3825 1.0855e+05
51442.8831 17.7170 2.5042e+04
51489.4231 14.8019 4.1621e+04
51555.0131 25.5754 4.1422e+05
51580.2531 13.3134 4.1162e+04
51615.5832 26.5384 4.9797e+05
51645.7632 10.4374 1.4703e+04
51679.8032 10.4484 1.0215e+04
51805.7832 11.3078 1.0948e+04
51813.4232 16.5235 2.6420e+04
51840.8332 27.1423 3.9634e+05
51858.2232 16.2307 1.1462e+04
51887.9332 15.5301 4.0912e+04
51976.8632 26.9345 4.9246e+05
52105.5432 15.7396 3.3440e+04
52128.2632 26.9384 4.7950e+05
52157.1132 10.6758 1.7793e+04
52196.7732 15.8821 1.4373e+05
52205.3332 16.6338 2.5060e+04
52234.5432 16.9081 2.3123e+04
52248.2932 15.9264 1.9791e+04
52270.3032 12.1466 2.3289e+04
52275.7832 10.2122 7.8164e+03
52302.0832 13.8532 2.3078e+04
52306.1432 16.2911 2.3078e+04
52339.1432 26.9048 4.7880e+05
52406.6532 12.1287 2.1678e+04
52425.4432 27.1965 4.1468e+05
52497.6832 18.7130 4.0358e+04
52498.6332 16.2551 2.4904e+04
52510.0232 11.3394 1.6475e+04
52534.7032 19.8786 1.4646e+04
52582.5732 10.5975 1.3750e+04
52595.2332 12.2810 1.1459e+04
52602.4232 16.3389 1.2896e+04
52612.1332 16.7469 2.3392e+04
52690.8132 14.7481 2.8273e+04
52694.8132 16.1327 2.7492e+04
52705.1632 26.0225 4.9763e+05
52716.1932 10.7461 3.3645e+04
52736.8932 26.9779 4.6586e+05
52833.7432 10.4193 3.4089e+04
52931.0232 13.1625 2.5608e+04
53041.4232 14.2698 3.0869e+04
53049.3932 10.0542 1.9788e+04
53074.8032 27.0754 4.5260e+05
53079.3832 15.3369 2.5303e+05
53121.6432 17.6097 4.0340e+04
53146.3632 11.9597 6.0320e+03
53151.9432 17.3338 3.1814e+04
53223.3432 20.3604 1.7750e+04
53264.3333 20.1243 4.6990e+04
53271.3433 11.5558 2.6424e+04
53280.6033 20.0013 6.2527e+04
53302.5133 14.0315 1.3689e+04
53336.8433 25.7018 1.3061e+05
53352.2533 13.8943 3.6479e+04
53378.2233 14.3253 2.5381e+04
53391.7833 15.5943 1.2245e+04
53438.4733 27.3115 4.3836e+05
53466.8033 27.1300 4.8095e+05
53491.9733 16.8202 2.6382e+04
53552.8133 15.8477 1.9317e+05
53579.4533 10.9194 1.1755e+04
53606.9333 19.7114 2.6129e+04
53625.3333 14.5723 3.0232e+04
53685.2033 10.6777 8.4157e+03
53723.0733 11.5028 1.8549e+04
53735.4733 17.3464 1.1739e+04
53759.8633 10.1677 1.0722e+04
53777.0733 12.6077 2.0344e+04
53823.0233 27.1146 3.9428e+05
53863.6433 26.0176 5.2713e+05
53883.5033 16.5870 2.3347e+04
53928.2733 11.1955 1.3303e+04
53958.6333 10.3245 2.4430e+04
54077.1733 18.3753 3.4453e+04
54080.7633 10.4876 2.4732e+04
54161.1933 12.1826 2.6227e+04
54193.4633 17.0825 2.2332e+04
54202.2733 16.7651 2.6531e+04
54205.0133 15.0007 1.2787e+04
54229.7733 27.2561 3.8258e+05
54260.9933 26.7170 4.8028e+05
54275.9333 14.5725 2.0752e+04
54327.5733 11.9439 2.0116e+04
54355.7033 10.2611 1.0021e+04
54385.1633 18.7022 3.0986e+04
54439.0333 17.0539 1.4917e+04
54454.8033 18.3531 3.1900e+04
54492.4633 11.8219 9.9074e+03
54504.9133 10.3513 7.1470e+03
54541.8533 12.7880 1.3541e+04
54583.2633 21.4588 4.6440e+04
54646.8933 27.2046 5.0321e+05
54654.7233 21.2114 4.5280e+05
54710.7633 16.0361 3.1358e+04
54753.6533 10.9364 1.6631e+04
54785.7933 15.6441 1.8084e+04
54820.5833 15.9357 2.2545e+04
54838.2033 12.3985 2.8548e+04
54862.8233 12.5682 1.5637e+04
54910.3534 11.7752 1.5399e+04
54967.6834 12.7246 1.8801e+04
55008.3834 10.2742 2.1298e+04
55053.5534 13.7081 6.4527e+03
55064.7834 26.6734 4.7313e+05
55087.3534 12.5720 6.6780e+03
55099.3834 15.9574 2.5853e+04
55106.9334 27.0733 4.1670e+05
55153.1334 19.6932 1.8218e+04
55191.7634 14.8290 2.1500e+04
55233.6434 16.4646 2.9031e+04
55261.0234 10.2340 8.4836e+03
55302.6634 22.0096 2.5298e+05
55334.0934 10.1555 8.2843e+03
55369.2034 15.0104 3.3227e+04
55477.7534 15.5607 5.1535e+05
55481.6834 25.8015 5.1472e+05
55506.4634 16.3533 2.9789e+04
55512.7634 11.5460 2.1996e+04
55536.1934 10.4450 5.2367e+04
55561.6234 19.5191 1.8191e+04
55606.1534 27.0264 4.5097e+05
55645.8434 19.7768 2.8567e+04
55666.7734 10.8558 1.4966e+04
55694.8334 10.2548 1.7649e+04
55730.4334 14.7845 2.1567e+04
55770.4734 10.8714 1.6138e+04
55777.9534 14.4722 3.2306e+04
55786.4834 20.0337 2.2869e+04
55851.7234 22.3847 2.2272e+04
55898.9734 12.1675 1.2685e+04
55903.6934 26.5830 5.1951e+05
55928.5334 20.4406 2.2321e+04
55972.9734 14.3109 3.1547e+04
56051.8234 11.7679 9.3641e+03
56072.7034 19.6280 2.4087e+04
56096.8234 10.6099 2.4314e+04
56112.5234 27.0153 4.9130e+05
56162.1234 11.8860 1.5532e+04
56218.0834 13.5213 1.8421e+04
56258.6734 12.6374 2.3816e+04
56265.6834 14.2609 3.2761e+04
56270.4734 20.4938 6.2162e+04
56302.5434 13.8499 9.5840e+03
56308.6934 12.8207 3.8641e+04
56324.4734 26.8486 4.6098e+05
56347.7934 16.4928 1.1797e+04
56388.1934 13.7622 1.1738e+04
56405.7534 12.9033 1.2633e+04
56417.7934 13.9776 1.0276e+04
56456.6734 12.9518 1.0870e+04
56488.2834 10.0087 9.2603e+03
56502.6334 17.4923 2.4255e+04
56512.5434 10.6293 3.2287e+04
56534.0535 10.0938 1.7725e+04
56535.6135 13.9825 1.6163e+04
56553.8635 17.8117 1.2350e+04
56581.2035 11.1167 5.7635e+03
56614.9535 17.7321 3.5324e+04
56656.5335 27.3175 4.1812e+05
56671.4935 13.3102 5.3922e+04
56723.1635 15.9188 1.7611e+04
56747.2635 16.2596 5.1794e+05
56749.9835 26.8935 5.1794e+05
56779.4035 19.2861 1.5164e+04
56816.7535 17.5737 2.0435e+04
56827.8935 11.9902 1.7914e+04
56916.6635 10.2441 1.2297e+04
56923.3835 10.3909 7.3964e+03
56936.0635 15.9394 8.5645e+03
56968.3735 17.4514 3.2620e+04
57069.4235 10.5254 5.2634e+04
57073.4135 18.2749 5.2634e+04
57103.5535 14.4717 2.6993e+04
57112.0135 16.4918 1.5506e+04
57117.8235 10.5114 3.4830e+04
57119.3335 13.5102 3.4830e+04
57173.6635 10.7622 4.5442e+05
57175.7735 26.8601 4.5442e+05
57245.2135 20.8359 4.5396e+05
57247.7935 27.0349 4.5396e+05
57272.0435 20.1271 2.7399e+04
57312.5735 14.4607 1.0011e+04
57410.7435 10.9108 4.5547e+03
57425.6235 22.2320 3.8125e+04
57520.0135 12.4968 3.2041e+04
57521.3435 11.6625 2.5522e+04
57580.7935 19.9847 2.6722e+04
57584.6935 10.3421 1.4823e+04
57602.0635 26.5185 4.1743e+05
57617.8335 13.8511 1.4651e+04
57639.1435 19.1257 2.4845e+04
57644.9435 13.0508 1.8119e+04
57669.2935 25.7517 2.3440e+05
57736.9535 20.5401 3.2719e+04
57833.9735 10.4523 4.2002e+04
57848.2235 27.0866 4.5162e+05
57874.6435 12.8857 2.2073e+04
57892.3835 10.5591 1.8077e+04
57895.0635 13.2900 2.4211e+04
57898.9935 10.7433 2.4211e+04
57950.3335 12.3661 8.8890e+03
57958.8235 16.1379 1.8219e+04
57999.0435 21.9474 2.6495e+04
58024.8535 12.7944 6.5202e+03
58038.8735 27.0874 4.1574e+05
58052.8435 16.5390 3.8704e+04
58097.8035 23.4389 8.6072e+04
58105.5535 10.4571 1.4160e+04
58181.4536 15.0832 2.4328e+04
58193.4136 11.2783 7.3277e+03
58216.5536 19.7176 3.4976e+04
58244.9736 13.6696 7.6665e+03
58252.8336 10.7041 1.2768e+04
58281.1636 10.0359 9.6463e+03
58330.9736 14.6985 1.2159e+04
58377.8436 22.5127 4.2038e+04
58462.6736 27.1524 4.9427e+05
58506.0636 13.1961 7.4327e+03
58512.5436 27.2273 4.4724e+05
58531.2436 10.2929 1.5811e+04
58557.1836 15.3687 1.1111e+04
58562.3636 13.3142 7.0287e+03
58576.3736 10.6163 4.4836e+03
58592.5436 10.2229 9.7459e+03
58599.5036 10.0850 9.1231e+03
58619.3036 12.3169 6.1418e+03
58672.4836 22.3870 1.9443e+04
58705.8136 20.1400 3.5422e+04
58720.6136 11.9966 1.7347e+04
58776.2136 12.0384 5.0465e+03
58786.4336 26.7740 1.4081e+05
58817.3936 11.0512 5.9060e+03
58854.8836 12.3049 2.2418e+04
58857.1736 17.8828 2.2418e+04
58868.5336 21.5334 3.5331e+04
58875.0636 19.7648 3.2486e+04
58903.7936 27.1374 4.6478e+05
58942.8036 12.1643 1.7878e+04
59003.0536 10.6810 4.6405e+03
59007.9936 16.8702 1.6878e+04
59018.5436 13.4809 2.4309e+04
59031.2536 18.7439 2.4561e+04
59038.3836 13.4347 1.4273e+04
59049.9236 10.7611 7.5177e+03
59064.1536 11.7989 1.2541e+04
59113.6436 10.2721 4.0982e+03
59194.3836 19.1947 2.1028e+04
59216.7936 13.5618 1.9875e+04
59253.0236 27.1636 4.3055e+05
59347.4036 26.5853 4.5131e+05
59357.7836 16.2404 5.3078e+04
59388.4836 14.8198 1.1230e+04
59399.8036 21.3180 3.9375e+04
59478.9536 10.8290 7.6246e+03
59521.3936 13.9725 2.2654e+04
59594.2636 10.1002 2.4286e+04
59596.3136 12.2528 2.2583e+04
59617.7736 14.9739 1.9975e+04
59686.3736 20.1053 4.2598e+04
59707.6236 10.6543 9.3431e+03
59727.1936 20.3763 1.8531e+05
59769.0336 11.7124 7.7220e+03
59790.5236 26.2664 4.7611e+05
59840.2637 11.1603 1.5863e+04
59852.9437 17.9811 3.6178e+04
59926.1837 19.4854 2.1063e+04
60011.1237 13.2942 3.6650e+04
60034.2037 12.7674 4.4075e+04
60048.3237 11.0312 1.2619e+05
60059.3237 13.3269 2.8590e+05
60092.9837 25.6245 4.8360e+05
60127.3637 10.1832 2.3081e+04
60182.5437 12.0349 5.3154e+04
60216.5437 13.3658 9.8453e+04
60251.1237 10.6670 4.7411e+05
60254.7437 26.7355 4.7411e+05
60293.5437 12.2941 2.2856e+04
60326.8437 17.7136 2.6336e+04
60365.0737 16.3490 3.3023e+04
60425.7037 17.3681 1.9921e+04
60468.5037 11.1719 8.9929e+03
60548.3237 10.3808 2.5000e+04
60580.6337 10.4838 6.0354e+03
60596.1337 21.9000 1.6022e+04
60607.3237 13.3515 9.8036e+03
60629.5837 13.4880 8.6283e+03
60656.1137 10.1767 4.8362e+03
60659.7537 13.5773 9.2990e+03
60668.3737 10.4414 9.9859e+04
60710.0237 10.0077 9.7313e+03
60717.0337 13.2369 5.4999e+05
60717.4437 27.0851 5.4999e+05
60804.9637 17.1543 1.5497e+04
60814.6737 11.7304 9.7579e+03
60825.7037 14.1152 6.4681e+03
60860.2737 10.2198 5.5148e+03
60891.1037 16.8904 1.1357e+04
60896.7137 11.9613 2.8973e+04
60897.9137 11.1162 2.7670e+04
60937.4137 17.2024 3.2289e+04
61065.3637 15.3383 2.1215e+04
61080.8537 24.4573 7.8978e+04
61277.4737 16.1924 4.0354e+05
61279.6637 25.3403 3.4186e+05
61382.7137 16.4562 1.1300e+04
61477.5338 19.9370 4.6052e+04
61481.5938 17.4316 1.4559e+04
61572.8138 10.1937 1.3089e+04
61639.3738 10.2776 8.9843e+03
61684.3538 13.4320 2.1031e+04
61708.9638 11.6781 1.0898e+04
61758.4638 27.3478 4.3499e+05
61897.7438 14.8156 1.6915e+04
62001.7538 14.2002 1.5936e+04
62029.4138 14.7587 4.5473e+04
62096.9038 27.0924 4.8296e+05
62111.6738 19.7297 2.2335e+04
62254.6338 13.0706 9.4416e+03
62260.9038 12.2258 3.5408e+03
62280.3938 12.7780 1.7401e+04
62283.7938 11.8418 1.7037e+04
62330.2838 20.9476 2.3736e+04
62379.3438 21.7475 1.7300e+04
62395.1038 10.2587 4.5605e+03
62400.6938 11.9680 9.6477e+03
62449.3338 12.0567 1.0207e+04
62553.9738 15.4438 3.0467e+04
62648.8638 27.0921 4.1701e+05
62664.5938 10.2780 9.4972e+03
62702.0638 11.4026 7.1506e+03
62781.9238 21.2595 2.9925e+04
62855.0738 20.9837 5.5186e+04
62886.1638 11.1554 1.0226e+04
63018.3338 16.4650 1.4372e+04
63102.8839 12.8373 1.0684e+04
63106.6939 11.9023 6.0775e+03
63145.8439 21.1687 2.0029e+04
63174.1739 26.5846 4.2152e+05
63265.5239 22.6008 2.6968e+04
63315.9539 10.7083 7.6685e+03
63528.4539 10.4345 1.4562e+04
63713.2639 25.6309 5.0821e+05
63794.1239 21.0243 4.6406e+04
63841.2939 13.0444 5.2626e+03
63883.2539 10.2792 4.1782e+03
63944.3539 10.9371 1.5468e+04
63965.0939 13.0579 7.1219e+03
64064.0239 21.5283 1.9732e+04
64078.9839 20.1917 2.7696e+04
64262.8339 26.8535 4.3598e+05
64363.7039 23.1915 4.7487e+04
64486.0339 11.4865 1.3816e+04
64527.7739 12.8715 7.1310e+03
64600.5639 10.1798 1.4254e+04
64650.3839 20.6849 2.7445e+04
64750.3140 11.2743 1.0192e+04
64836.0540 27.0317 3.8649e+05
64848.0240 18.3154 2.2037e+04
64940.3340 21.1439 3.0190e+04
65012.7340 10.3323 1.0260e+04
65049.5140 11.7968 1.8271e+04
65076.9740 10.3481 9.2571e+03
65124.5440 14.2033 2.0348e+04
65149.2740 13.0713 5.4343e+03
65201.3740 14.6518 1.7731e+04
65237.8940 22.4545 4.0751e+04
65278.1940 15.6183 1.8095e+04
65297.6040 10.0938 5.1388e+03
65345.6040 11.2639 1.4833e+04
65425.1940 26.7676 4.6536e+05
65544.0940 22.6323 2.9192e+04
65607.0640 22.0197 1.9734e+04
65623.5940 13.1492 5.9748e+03
65842.3940 22.7381 4.4988e+04
65907.8640 13.7667 9.5065e+03
66035.4340 27.0294 4.2724e+05
66130.6940 10.7965 7.9916e+03
66162.7340 23.5010 3.0171e+04
66247.7040 11.3656 9.3888e+03
66382.8841 21.7110 1.8024e+04
66461.4941 12.6779 3.0202e+04
66462.9541 14.7119 3.0202e+04
66486.7041 19.6356 4.4611e+04
66718.4741 27.1381 4.7832e+05
66813.3341 11.2991 9.6426e+03
66822.3941 20.5441 3.0633e+04
66911.1141 15.3834 9.7991e+03
67142.8641 12.9114 5.5825e+04
67155.4341 14.4444 1.6467e+04
67164.9441 11.0191 2.4263e+04
67267.6141 14.4480 5.1393e+04
67278.9041 15.2758 4.1204e+04
67331.8541 12.6761 2.4091e+04
67486.7841 26.7658 4.1679e+05
67517.4941 21.7627 5.2736e+04
67558.3641 10.0077 2.0047e+04
67570.6541 11.3417 2.4132e+04
67587.1241 10.6885 2.2734e+04
67603.6541 14.3896 5.3636e+04
67629.2741 10.1659 5.9081e+04
67652.5341 12.7873 3.2950e+04
67677.5941 16.5270 4.3782e+04
67697.2841 11.5992 6.2828e+04
67748.4441 12.0534 4.5187e+04
67768.4341 10.2669 5.6512e+04
67832.4141 14.0563 1.2088e+04
67871.9941 10.1365 4.6089e+04
67911.1741 22.1623 1.9603e+04
67950.6141 12.2027 1.1537e+04
68086.2142 12.4929 8.2691e+03
68155.0242 17.8627 2.3971e+04
68243.0842 23.1450 3.5444e+04
68329.1442 10.4809 1.5726e+04
68345.9442 27.3347 5.1243e+05
68426.9542 10.3613 4.9782e+03
68500.3842 10.7037 7.8665e+03
68543.8942 11.7857 5.7759e+03
68626.9542 22.1006 3.7172e+04
68666.6442 22.2497 1.8676e+04
68774.0742 11.6920 1.0042e+04
68996.5442 10.6992 4.4873e+03
69012.3442 10.5854 6.7628e+03
69025.2142 18.4094 1.7773e+04
69046.1942 21.1208 1.1722e+04
69139.6342 10.3539 5.5001e+03
69160.3142 15.0176 1.0044e+04
69177.0842 12.4836 9.7164e+03
69234.8942 10.9238 6.4426e+03
69285.9242 12.1337 1.1213e+04
69415.8842 22.2070 1.8212e+04
69420.9842 26.9628 4.0550e+05
69437.6142 19.8382 2.3144e+04
69603.4242 11.4628 1.0917e+04
69859.4343 19.2160 2.7488e+04
70124.9343 15.0651 3.0108e+04
70249.3343 11.5828 1.5934e+04
70253.0143 10.2304 1.5607e+04
70293.8043 16.5887 1.8258e+04
70394.1743 10.2504 5.4711e+03
70650.3043 27.2507 4.5755e+05
70747.4743 21.7231 2.4175e+04
70859.9443 22.0822 1.8167e+04
71050.4143 21.6666 1.8283e+04
71212.5143 16.0498 3.5165e+04
71597.7544 13.0050 4.6265e+04
71618.2844 17.3593 1.5804e+04
71694.3944 21.5541 2.4633e+04
71837.1344 12.0851 4.8743e+04
71922.8844 11.1730 1.0345e+04
71993.0444 10.2002 1.1095e+04
72058.6044 10.1703 9.8289e+03
72115.7944 26.8036 4.0502e+05
72720.9144 21.1984 2.7843e+04
73169.1445 22.3955 1.9749e+04
73269.6045 22.9328 5.5378e+04
73655.6245 10.3840 7.2182e+03
73797.5145 17.7505 9.4984e+03
73842.4345 21.4611 2.0740e+04
73899.2845 11.2587 3.9078e+03
73953.5145 22.2742 1.6236e+04
74045.4945 11.3156 1.0610e+04
74413.6545 22.7868 3.5182e+04
74452.9345 12.2756 6.0174e+03
74518.4345 21.0843 1.2207e+04
74683.4446 14.6904 4.8153e+03
74718.8746 22.5138 1.7376e+04
74889.0546 27.1689 4.2656e+05
75005.0946 20.4892 2.4538e+04
75082.0846 12.8347 1.6585e+04
75214.6446 10.0881 9.8765e+03
75473.6346 20.5022 2.1219e+04
75630.2846 14.7701 2.9384e+04
75767.7546 11.7659 5.2958e+04
75776.6546 12.3096 3.8262e+04
76017.4146 10.7960 1.0116e+04
76241.6147 22.9879 1.7661e+04
76288.2447 20.7681 3.0345e+04
76411.8447 10.1951 1.6933e+04
76616.6747 16.1856 9.4303e+03
76960.1747 20.4747 2.6147e+04
77002.0247 22.3835 2.0825e+04
77441.0247 17.0142 1.4377e+04
77587.4547 10.8471 2.2174e+04
77682.3047 10.7525 7.1614e+03
77786.1147 23.4897 2.0420e+04
77975.3248 10.2957 7.7941e+03
78343.4548 11.6077 2.9592e+04
78451.8348 27.1332 4.1451e+05
78629.1548 10.3678 3.6212e+04
78641.6848 18.7836 1.8470e+04
78719.3348 11.8781 2.1883e+04
79048.6348 11.7531 2.1081e+04
79095.8448 20.0401 1.9013e+04
79344.7948 11.2540 4.0836e+04
79460.1748 23.2976 1.8841e+04
79549.3049 12.2909 3.2888e+04
79555.0449 10.9737 7.3213e+04
79884.7949 16.6314 1.5278e+04
80220.7249 13.6346 1.1672e+04
80262.5949 16.8279 1.4523e+04
80311.7949 13.3065 6.7128e+03
80494.3749 10.4592 1.6547e+04
80543.7249 12.9530 3.0734e+04
80584.9749 11.7037 4.2943e+04
80662.5449 13.8208 1.7706e+04
80863.4449 13.1641 9.6365e+03
81125.9950 19.2903 1.2806e+04
81166.6450 11.4226 1.3976e+04
81764.5350 22.5328 2.8430e+04
81832.7350 11.7889 1.5785e+04
81945.4550 10.3703 2.3430e+04
81975.3450 14.8438 3.8824e+04
81995.0550 22.0563 1.9166e+04
82031.0950 10.3494 1.4397e+04
82175.8150 13.4987 4.5174e+04
82650.1950 10.1536 4.9520e+03
82729.5550 11.3145 5.1933e+03
82823.2351 23.2190 2.9429e+04
83065.7551 12.0265 1.5878e+04
83078.3351 16.3210 1.7660e+04
83374.1351 10.5333 4.6917e+03
83510.7951 10.5870 2.4991e+04
83545.5251 10.1722 2.9218e+03
83660.0151 23.6238 1.8191e+04
84024.7351 20.1461 2.4478e+04
84038.6251 11.8118 7.8032e+03
84185.5751 11.8649 3.2069e+03
84485.4152 12.1558 1.0691e+04
84501.7452 23.4382 1.7395e+04
84723.2252 10.1638 6.8667e+03
84828.0552 11.9005 1.0234e+04
84899.1452 16.8268 9.0584e+04
84900.2052 11.4369 8.9040e+04
84934.7952 10.8028 1.8581e+04
85042.4952 17.8996 9.4200e+03
85226.0852 17.2179 1.1103e+04
85274.6852 10.8881 1.8950e+04
85337.7052 18.5546 3.6286e+04
85368.6952 20.7814 2.1218e+04
85489.8052 12.2583 7.4517e+03
85690.1952 13.4271 1.0038e+04
85748.5052 20.3079 4.4722e+04
85862.2352 14.4682 8.6600e+03
85992.7552 15.7268 1.1607e+04
86091.5253 11.4020 2.4591e+04
86095.0953 15.7076 4.1184e+04
86097.8353 10.3263 3.6356e+04
86178.6453 16.1434 1.4735e+04
86229.8053 22.9768 2.2093e+04
86247.7953 19.9816 1.6795e+04
86284.2753 11.5503 3.2473e+04
86285.6353 11.1559 3.1655e+04
86303.0953 11.9313 2.6324e+04
86328.1853 12.1636 1.1106e+04
