        1  27.928630   85.540479    15.764    -1563.6     1199.2     -732.3    124.8     74.5     48.0 2023  4 10  5 15 35.090  0.0   1
        2  27.913338   85.570581    16.543     1399.3     -495.3       47.1    164.1    102.7     65.0 2023  4 10 11 32 18.070  0.0   1
        3  27.919720   85.449976    15.728   -10472.4      211.9     -767.7     74.3     86.4     66.0 2023  4 10 14 12 29.210  0.0   1
        4  27.903835   85.501725    15.219    -5378.6    -1548.4    -1276.5    107.6    116.4     94.6 2023  4 10 16 53 33.750  0.0   1
        5  27.928668   85.495752    15.639    -5966.0     1203.5     -857.0     69.5     74.0     51.3 2023  4 10 17 27 53.760  0.0   1
        6  27.946041   85.484066    18.451    -7115.7     3128.8     1955.5    176.5    258.6    110.4 2023  4 10 18 30 15.080  0.0   1
        7  27.901304   85.556510    16.105       14.8    -1828.8     -390.9    144.7    116.6     88.1 2023  4 10 19 50 37.720  0.0   1
        8  27.957574   85.560376    19.071      395.2     4406.8     2575.5    380.0    158.4    121.7 2023  4 10 19 58 20.280  0.0   1
        9  27.982501   85.486882    19.171    -6837.3     7169.2     2675.3     63.9     75.7     37.1 2023  4 10 20  5 24.960  0.0   1
       10  27.923596   85.455477    15.916    -9930.6      641.4     -580.2     72.1     88.1     55.4 2023  4 10 21 45  5.560  0.0   1
       11  27.885323   85.635083    15.730     7749.7    -3600.0     -766.1    133.7    180.2     90.1 2023  4 10 22  6 42.960  0.0   1
       13  27.916471   85.459253    16.278    -9559.6     -148.1     -217.9     78.0     79.0     48.4 2023  4 10 23 21 46.060  0.0   1
       14  27.958832   85.542952    15.695    -1320.2     4546.1     -800.4    158.0     94.0     64.1 2023  4 10 23 22  9.000  0.0   1
       15  27.917320   85.463704    16.441    -9121.1      -54.0      -54.7     75.7     69.9     70.0 2023  4 10 23 23 28.380  0.0   1
       16  27.991740   85.490535    19.261    -6477.7     8193.1     2765.5     84.9    131.6     46.6 2023  4 11  0 23 10.980  0.0   1
       17  27.986011   85.497786    19.489    -5764.7     7558.1     2993.6     86.8    138.9     45.8 2023  4 11  0 29 30.300  0.0   1
       18  27.976986   85.488867    18.808    -6642.1     6558.0     2312.0     77.2    283.1     77.2 2023  4 11  1  3 49.050  0.0   1
       19  27.899898   85.574642    17.268     1799.5    -1984.6      772.1    137.6     69.4     75.8 2023  4 11  2 20 47.150  0.0   1
       20  28.012998   85.506494    19.855    -4906.8    10548.8     3359.5    230.2    426.6    117.3 2023  4 11  2 41 52.610  0.0   1
       21  27.899001   85.636580    17.670     7897.3    -2084.2     1174.2    152.4    104.8     78.4 2023  4 11  3  9 12.590  0.0   1
       22  27.986312   85.493848    19.031    -6152.4     7591.6     2535.5     89.2    147.7     44.3 2023  4 11  3 15 47.450  0.0   1
       23  27.996232   85.583480    15.568     2668.1     8690.8     -927.6    371.5    270.0    110.0 2023  4 11  3 55 10.190  0.0   1
       24  27.895487   85.665104    16.888    10704.7    -2473.5      391.7    122.7    118.6     75.3 2023  4 11  6  0  3.010  0.0   1
       26  27.920687   85.675968    18.830    11773.4      319.1     2334.2     83.2    102.0     62.1 2023  4 11  7 17 12.680  0.0   1
       27  27.927828   85.479386    16.073    -7576.8     1110.3     -422.7    115.0     75.3     63.6 2023  4 11  7 32 27.460  0.0   1
       28  27.959035   85.462923    16.185    -9196.2     4568.8     -310.5     77.0    109.2     67.7 2023  4 11 11 12 42.460  0.0   1
       29  27.946840   85.537069    16.194    -1898.8     3217.4     -302.1    154.7    131.4     62.4 2023  4 11 12 31  5.370  0.0   1
       30  27.963847   85.557715    16.087      133.0     5101.9     -408.8    201.3    200.7    101.2 2023  4 11 12 35 36.780  0.0   1
       31  27.942440   85.502108    15.659    -5340.3     2729.5     -837.3    137.6    191.6    116.0 2023  4 11 12 55 13.710  0.0   1
       32  27.977637   85.496875    22.523    -5854.3     6630.2     6027.1    254.7    677.5    141.0 2023  4 11 14 32 31.370  0.0   1
       33  27.922331   85.571110    16.721     1451.6      501.2      225.2    165.9     91.4     56.5 2023  4 11 15 16  7.410  0.0   1
       34  27.900301   85.583187    15.812     2640.6    -1940.0     -684.1    133.8    114.3     85.4 2023  4 11 17 31 49.680  0.0   1
       35  27.899017   85.582210    15.551     2544.5    -2082.3     -944.8    139.1     99.2     90.5 2023  4 11 17 31 57.220  0.0   1
       36  27.897150   85.577856    16.538     2116.0    -2289.4       41.9    145.5    107.9     79.2 2023  4 11 17 32  7.680  0.0   1
       37  27.918119   85.507340    17.099    -4825.4       34.6      602.7     82.8     78.6     74.1 2023  4 11 18 16 25.180  0.0   1
       38  27.918109   85.501799    16.967    -5370.9       33.3      471.3    144.5    125.3     73.5 2023  4 11 18 16 32.440  0.0   1
       39  27.917387   85.503141    16.662    -5239.1      -46.6      165.9     65.6     55.6     56.1 2023  4 11 18 28  6.160  0.0   1
       40  27.917802   85.499951    16.577    -5553.4       -0.7       81.1     91.7    102.5     47.2 2023  4 11 18 45 29.060  0.0   1
       41  27.919084   85.546053    17.099    -1015.0      141.3      603.6    118.2     79.3     56.6 2023  4 11 18 48 37.360  0.0   1
       42  27.917322   85.503377    16.747    -5215.7      -53.8      250.8     56.2     71.8     47.0 2023  4 11 19 13  0.920  0.0   1
       43  27.950684   85.533195    17.084    -2280.5     3643.1      588.0    141.6    108.0     72.0 2023  4 11 19 38 40.040  0.0   1
       44  27.918186   85.568197    16.172     1164.6       41.9     -323.5    166.9     99.0     75.7 2023  4 11 20 30 41.680  0.0   1
       45  27.991801   85.501115    19.879    -5436.7     8199.8     3383.6     85.0    221.7     50.2 2023  4 11 21 12 43.280  0.0   1
       46  27.947026   85.579989    15.902     2324.9     3237.8     -594.2    185.3    115.2     70.8 2023  4 11 22 39 42.680  0.0   1
       47  27.934717   85.581421    18.013     2466.6     1873.7     1517.2    266.0    162.6     57.2 2023  4 11 23  9 10.020  0.0   1
       48  27.939400   85.450293    17.662   -10440.6     2392.7     1166.4     80.1     88.3     85.8 2023  4 12  1  7 44.520  0.0   1
       49  27.926701   85.566195    17.725      967.5      985.5     1229.0    134.7    109.7     61.4 2023  4 12  1 49 34.970  0.0   1
       50  27.898216   85.672998    16.989    11481.8    -2171.2      493.2    105.1     96.1     79.6 2023  4 12  5 14 26.950  0.0   1
       51  27.900256   85.634245    18.432     7667.0    -1945.1     1936.1    174.9    127.3     70.4 2023  4 12 12  5 44.480  0.0   1
       52  27.982194   85.500431    19.198    -5504.3     7135.1     2702.4    100.1    161.4     49.8 2023  4 12 14  8 22.260  0.0   1
       53  27.791846   85.746045    21.406    18682.3   -13958.9     4910.2    179.6    242.5    178.9 2023  4 12 15 31 41.210  0.0   1
       54  27.898039   85.538053    16.785    -1802.9    -2190.8      288.9     86.9    127.2     69.2 2023  4 12 16 36  0.700  0.0   1
       55  27.932939   85.457585    17.901    -9722.7     1676.6     1405.0     98.8    178.6     98.2 2023  4 12 16 54 12.000  0.0   1
       56  27.931075   85.558488    18.817      209.1     1470.2     2321.2    197.7    322.7     92.7 2023  4 12 17 13 47.420  0.0   1
       57  27.929934   85.554517    19.017     -181.8     1343.8     2521.7    163.5    233.2     97.3 2023  4 12 17 57 17.520  0.0   1
       58  27.911094   85.541789    17.396    -1434.5     -744.0      900.4    123.9     99.7     77.3 2023  4 12 18 12  2.060  0.0   1
       59  27.907326   85.476807    16.546    -7831.5    -1161.6       50.6     66.3    133.2     49.6 2023  4 12 18 35 42.240  0.0   1
       60  27.932048   85.635295    16.680     7769.3     1578.1      184.0     90.0    127.5     54.0 2023  4 12 18 36 25.960  0.0   1
       61  27.912496   85.606104    16.930     4896.1     -588.7      434.5    145.0    140.5     33.0 2023  4 12 18 41 36.260  0.0   1
       63  27.926790   85.499634    16.009    -5584.4      995.4     -487.2     75.6     97.2     53.6 2023  4 12 20  2 25.200  0.0   1
       64  27.903186   85.521525    16.599    -3429.9    -1620.4      102.7     80.1    117.6     65.1 2023  4 12 20  3 53.940  0.0   1
       65  27.916781   85.583667    16.057     2687.4     -113.8     -438.9    235.3    118.4     83.2 2023  4 12 20 17 29.840  0.0   1
       66  27.917837   85.695093    17.044    13655.9        3.2      547.8     54.0     93.6     33.0 2023  4 12 20 22 12.280  0.0   1
       67  27.906008   85.476554    16.709    -7856.3    -1307.7      212.7     93.2    113.4     56.8 2023  4 12 21 16 23.760  0.0   1
       68  27.907088   85.476416    16.543    -7870.6    -1188.0       47.5     92.0    112.3     60.7 2023  4 12 21 22  7.920  0.0   1
       69  27.954380   85.467326    16.431    -8763.5     4052.9      -64.8     98.2    124.1     88.7 2023  4 12 21 41 27.980  0.0   1
       70  27.953448   85.438810    18.746   -11569.5     3949.6     2250.6    104.2    186.6    103.5 2023  4 12 21 46 32.440  0.0   1
       71  27.933803   85.567790    16.147     1124.8     1772.6     -348.9    179.0    107.1     61.7 2023  4 12 21 49 54.760  0.0   1
       72  27.932831   85.453060    15.926   -10168.3     1664.7     -569.8     67.6     73.6     71.0 2023  4 12 22  2 13.140  0.0   1
       73  27.920841   85.461589    15.896    -9329.1      336.2     -600.1     79.6     65.3     58.7 2023  4 12 22 33 38.280  0.0   1
       74  27.907117   85.476815    16.613    -7831.1    -1184.8      117.0     65.6    114.9     51.8 2023  4 12 23  2  9.640  0.0   1
       75  27.928174   85.487874    16.401    -6741.6     1148.7      -94.5     80.7     73.0     51.9 2023  4 12 23  4  9.180  0.0   1
       76  27.906258   85.476034    16.652    -7907.7    -1279.9      156.2     87.4    109.1     50.2 2023  4 12 23  6 21.660  0.0   1
       77  27.920620   85.476742    11.136    -7837.8      311.5    -5360.0    186.2    349.6    185.7 2023  4 12 23 28  9.400  0.0   1
       78  27.978833   85.546183    14.228    -1001.5     6762.8    -2268.0    206.2    180.1     72.4 2023  4 13  0 19  5.930  0.0   1
       79  27.932251   85.561825    18.606      537.5     1600.5     2109.8    216.7    160.2     91.6 2023  4 13  3 24  6.200  0.0   1
       80  27.985215   85.493075    19.320    -6228.0     7469.9     2823.8     86.9    216.0     47.6 2023  4 13  4 12 28.170  0.0   1
       81  27.918817   85.518970    15.153    -3681.2      111.8    -1342.5    168.1    106.6     80.7 2023  4 13  4 13 48.050  0.0   1
       82  27.886190   85.599935    17.102     4289.9    -3503.8      606.6    133.6    100.8     54.0 2023  4 13  5 40 42.930  0.0   1
       84  27.975820   85.455371    17.965    -9939.0     6428.9     1469.1     97.1    181.0     92.0 2023  4 13 10 39  5.160  0.0   1
       85  27.928133   85.642619    18.243     8490.6     1144.3     1747.5    128.7    114.8     77.2 2023  4 13 11 30 28.670  0.0   1
       86  27.975600   85.453190    17.846   -10153.1     6404.5     1350.4     96.7    176.6     68.8 2023  4 13 11 46 57.570  0.0   1
       87  27.976792   85.452238    17.797   -10247.0     6536.6     1301.2     97.2    171.9     75.8 2023  4 13 11 51 24.780  0.0   1
       88  27.956146   85.409342    15.754   -14470.0     4248.5     -741.3    105.8    187.5    120.6 2023  4 13 12 21  3.070  0.0   1
       89  27.963175   85.587419    15.379     3056.6     5027.6    -1117.0    278.2    204.1     72.2 2023  4 13 12 31 33.520  0.0   1
       90  28.010797   85.503019    19.657    -5249.1    10304.8     3161.4    202.9    409.4    112.5 2023  4 13 12 45 45.190  0.0   1
       91  27.914305   85.595199    16.894     3822.9     -388.2      398.4    132.9     89.0     53.2 2023  4 13 13  5 12.860  0.0   1
       92  27.963318   85.540153    13.648    -1595.6     5043.4    -2848.3     94.5    103.1     78.1 2023  4 13 13 30 16.620  0.0   1
       93  27.935832   85.578792    17.910     2207.8     1997.3     1413.8    198.4    143.1     73.4 2023  4 13 13 34 27.390  0.0   1
       94  27.930054   85.772705    20.153    21294.4     1356.9     3657.3    109.9     68.3    111.7 2023  4 13 13 35 36.100  0.0   1
       95  27.928733   85.771045    20.088    21131.1     1210.7     3592.2    111.3     78.7    111.1 2023  4 13 13 36 18.020  0.0   1
       96  27.919316   85.501717    16.464    -5379.4      167.0      -31.5     72.7    118.3     42.9 2023  4 13 14  7 23.070  0.0   1
       97  27.971185   85.594507    15.119     3753.5     5915.2    -1376.9    495.9    296.9     97.3 2023  4 13 14 19  5.210  0.0   1
       98  27.971672   85.601644    15.017     4455.9     5969.2    -1479.3    202.5    258.3     47.0 2023  4 13 14 24  7.600  0.0   1
       99  27.908508   85.554476    17.093     -186.1    -1030.6      597.2    102.3     94.2     62.5 2023  4 13 14 43 46.320  0.0   1
      100  27.970534   85.597575    14.984     4055.8     5843.0    -1511.8    255.7    221.9     67.2 2023  4 13 14 50 19.670  0.0   1
      101  27.964026   85.593888    15.058     3692.7     5121.8    -1437.7    292.3    200.3     71.2 2023  4 13 14 56  7.560  0.0   1
      102  27.940562   85.612207    18.811     5496.6     2521.6     2315.5    139.1     99.1     46.9 2023  4 13 18 27 17.140  0.0   1
      103  27.875515   85.753133    15.295    19372.7    -4686.9    -1200.9     97.8    142.4    109.3 2023  4 13 20 13 50.660  0.0   1
      104  27.892472   85.685881    16.692    12750.5    -2807.6      196.7     41.4     76.5     57.4 2023  4 13 21  0 50.660  0.0   1
      105  27.959560   85.552987    14.958     -332.0     4627.0    -1537.3     94.2    102.6     60.0 2023  4 13 22 12 10.320  0.0   1
      106  27.921438   85.554191    16.959     -214.1      402.1      463.4    111.1    123.7     56.3 2023  4 13 22 13 19.480  0.0   1
      107  27.909629   85.520280    15.588    -3552.2     -906.4     -907.4     91.9     78.6     52.4 2023  4 13 22 23 44.520  0.0   1
      108  27.936253   85.561808    17.326      536.1     2043.9      830.2    113.7    158.2     44.6 2023  4 13 22 33 31.440  0.0   1
      109  27.956891   85.563013    18.574      654.1     4331.0     2078.1    224.6    221.2    107.3 2023  4 13 23  4 45.240  0.0   1
      110  27.892985   85.685295    16.733    12693.3    -2750.9      236.8     69.2     89.9     50.5 2023  4 13 23  9 24.280  0.0   1
      111  27.902570   85.494515    16.033    -6088.6    -1688.7     -462.6     77.4    111.5     61.4 2023  4 13 23 30 45.680  0.0   1
      112  27.939069   85.451440    14.831   -10327.4     2356.1    -1664.7    115.4    113.9    107.3 2023  4 13 23 33  9.680  0.0   1
      113  27.942613   85.592513    19.119     3558.4     2748.9     2623.4    268.8    149.6     65.9 2023  4 14  1  4 15.930  0.0   1
      114  27.939817   85.593652    19.297     3670.4     2439.0     2801.5    154.6     98.5     59.2 2023  4 14  1 17  2.830  0.0   1
      115  27.948537   85.572404    19.740     1578.5     3405.2     3244.6    149.8    146.8     53.2 2023  4 14  6 16  5.630  0.0   1
      116  27.905625   85.725936    17.176    16693.4    -1350.2      680.4    108.7    170.5    102.6 2023  4 14  9 21  5.850  0.0   1
      117  27.868402   85.689510    17.686    13109.3    -5475.1     1190.0     73.4     70.8     50.9 2023  4 14 10 13 57.790  0.0   1
      118  27.928487   85.549056    19.180     -719.4     1183.5     2684.3    277.3    225.7    120.9 2023  4 14 10 14 40.830  0.0   1
      119  27.926078   85.481584    15.853    -7360.7      916.5     -642.5     76.1     87.6     92.9 2023  4 14 11 40 42.190  0.0   1
      120  27.927016   85.594417    18.798     3745.6     1020.4     2302.0    195.2    138.4     71.8 2023  4 14 11 45 55.020  0.0   1
      121  27.903404   85.505721    15.746    -4985.4    -1596.4     -749.7     81.3     85.2     46.5 2023  4 14 12 30 41.710  0.0   1
      122  27.906769   85.595003    17.352     3803.8    -1223.4      855.9    235.5    153.4     53.9 2023  4 14 13 49 38.680  0.0   1
      123  27.910384   85.510636    14.210    -4501.7     -822.7    -2286.2    101.0     94.9     99.1 2023  4 14 14 19 12.490  0.0   1
      124  27.851715   85.748633    17.373    18932.1    -7324.4      877.5    109.5    198.2    120.6 2023  4 14 14 40 14.840  0.0   1
      125  27.851817   85.745256    16.776    18599.4    -7312.9      280.4     87.9    120.1     94.6 2023  4 14 14 41 15.820  0.0   1
      126  27.850836   85.755257    15.747    19584.7    -7421.8     -748.9     77.5     96.8     92.9 2023  4 14 14 42 52.440  0.0   1
      127  27.836530   85.706177    17.792    14752.8    -9007.1     1296.1    107.0    129.3     82.8 2023  4 14 15  6 28.140  0.0   1
      128  27.903271   85.682300    20.662    12397.4    -1611.0     4165.9    130.4    158.4    119.9 2023  4 14 15 15 29.310  0.0   1
      129  27.913285   85.611068    16.031     5384.9     -501.1     -464.9    139.7    143.5     62.5 2023  4 14 15 48 51.550  0.0   1
      130  27.910797   85.702360    18.298    14371.9     -776.9     1802.6    135.5    121.3     86.7 2023  4 14 16 19 14.360  0.0   1
      131  27.985409   85.432048    15.093   -12233.3     7491.3    -1402.6    127.9    184.0    147.1 2023  4 14 16 20  1.870  0.0   1
      132  27.981600   85.436117    19.455   -11833.7     7069.3     2959.3     97.6    226.5     89.7 2023  4 14 16 33  7.740  0.0   1
      133  27.955652   85.686751    14.854    12833.0     4193.7    -1641.9     87.0    133.1     81.3 2023  4 14 17  7 55.700  0.0   1
      134  27.938413   85.633683    20.953     7610.5     2283.5     4456.9     84.2    176.1     70.3 2023  4 14 17  8 23.900  0.0   1
      135  27.918355   85.494124    14.482    -6126.6       60.5    -2013.6    125.0    205.7    106.8 2023  4 14 17 21 22.520  0.0   1
      136  27.922394   85.543937    16.864    -1223.5      508.1      368.2    110.4    138.1     79.2 2023  4 14 17 22 16.360  0.0   1
      137  27.956675   85.436995    15.282   -11748.3     4307.3    -1213.9     75.9     85.4     80.4 2023  4 14 17 45 23.920  0.0   1
      138  27.960156   85.433512    14.940   -12091.1     4693.0    -1555.6     84.8     95.0    108.9 2023  4 14 17 46 29.600  0.0   1
      139  27.955697   85.451497    16.413   -10320.8     4198.8      -82.8     68.4     77.2     42.3 2023  4 14 17 47 36.560  0.0   1
      140  27.955440   85.452083    16.513   -10263.3     4170.4       17.4     69.6     77.9     60.5 2023  4 14 17 53  7.280  0.0   1
      141  27.956030   85.451619    16.393   -10309.3     4235.7     -102.9     59.5     63.6     60.0 2023  4 14 17 57  5.500  0.0   1
      142  27.956557   85.456348    16.795    -9843.5     4294.0      299.4     96.0     88.6     94.5 2023  4 14 17 58 35.860  0.0   1
      143  27.952783   85.460799    17.859    -9405.3     3876.0     1363.3    112.1    172.7     96.1 2023  4 14 18  3  3.160  0.0   1
      144  27.955981   85.439673    15.311   -11484.6     4230.2    -1184.8     64.0     94.7     81.3 2023  4 14 18  3 28.400  0.0   1
      145  27.956195   85.452710    16.445   -10202.0     4254.0      -50.6     48.6     68.7     51.3 2023  4 14 18  8  7.920  0.0   1
      146  27.955686   85.450391    16.324   -10429.8     4197.6     -171.8     60.1     63.0     38.7 2023  4 14 18  8 41.680  0.0   1
      147  27.955216   85.437402    15.005   -11707.8     4145.6    -1490.6     98.6     89.4    101.1 2023  4 14 18 22  6.760  0.0   1
      148  27.956600   85.544124    20.278    -1204.4     4298.9     3782.0    177.0    157.1     74.3 2023  4 14 18 34 46.780  0.0   1
      149  27.905865   85.475863    16.565    -7924.4    -1323.5       69.4     62.9    112.1     59.0 2023  4 14 19  1 34.720  0.0   1
      150  27.959633   85.435563    15.112   -11889.1     4635.1    -1384.0     79.0     99.4    107.3 2023  4 14 19 42  2.340  0.0   1
      151  27.926678   85.506868    16.371    -4872.2      983.1     -125.0     72.5    103.8     50.0 2023  4 14 19 45 33.400  0.0   1
      152  27.955865   85.444889    15.929   -10971.2     4217.5     -567.1     66.4     67.0     52.4 2023  4 14 20 30 23.180  0.0   1
      153  27.955855   85.443522    16.009   -11105.6     4216.3     -487.3     75.0     74.0     70.5 2023  4 14 20 33  8.460  0.0   1
      154  27.904032   85.749813    16.818    19043.3    -1526.6      322.2     98.9    191.5     91.0 2023  4 14 20 46 12.840  0.0   1
      155  27.889374   85.606584    17.303     4944.1    -3151.0      807.0     65.9     90.5     68.9 2023  4 14 21 27 12.680  0.0   1
      156  27.944194   85.483740    16.131    -7147.7     2923.9     -364.8    118.1    149.3     92.3 2023  4 14 21 30 58.660  0.0   1
      157  27.945003   85.487231    16.343    -6804.3     3013.8     -152.3    100.8    138.2     80.9 2023  4 14 21 32 14.980  0.0   1
      158  27.949434   85.510710    18.345    -4493.8     3504.7     1849.1    168.9    158.7    114.0 2023  4 14 21 55 17.560  0.0   1
      159  27.927354   85.502067    16.527    -5344.4     1057.8       30.9     91.1    133.2     65.6 2023  4 14 21 59 18.760  0.0   1
      160  27.904592   85.620719    17.063     6335.2    -1464.5      567.4    128.3    135.4     39.9 2023  4 14 22 43 53.400  0.0   1
      161  27.903080   85.623079    17.080     6567.9    -1632.1      584.0     87.5    128.9     41.0 2023  4 14 22 44 31.200  0.0   1
      162  27.906986   85.579281    12.650     2256.1    -1199.1    -3846.1    470.7    305.2     89.3 2023  4 14 22 51  6.460  0.0   1
      163  27.894784   85.559709    17.285      329.4    -2551.5      789.5    156.6     98.9     54.2 2023  4 14 23 20 25.440  0.0   1
      164  27.904685   85.569116    17.025     1255.5    -1454.2      529.4    134.9     76.1     55.5 2023  4 15  0 20 20.660  0.0   1
      165  27.907595   85.653923    16.916     9603.9    -1131.8      420.1    177.0    252.7    123.1 2023  4 15  0 48  3.740  0.0   1
      166  27.953625   85.452181    16.320   -10253.5     3969.1     -176.1     79.1    112.6     69.5 2023  4 15  1 10  1.370  0.0   1
      167  27.954405   85.451375    16.400   -10332.9     4055.5      -96.2     48.1     66.4     49.3 2023  4 15  1 13  3.800  0.0   1
      168  27.868703   85.691040    17.591    13260.0    -5441.7     1095.0     84.3     74.5     41.6 2023  4 15  1 41  9.540  0.0   1
      169  27.914270   85.517798    16.980    -3796.3     -392.1      483.7    108.9    140.1     89.8 2023  4 15  1 49 34.960  0.0   1
      170  27.919279   85.521200    17.175    -3461.6      163.0      679.6     88.1     76.4     75.1 2023  4 15  9 46  7.520  0.0   1
      171  27.917904   85.519124    17.355    -3665.4       10.7      859.0     97.9    108.3     73.7 2023  4 15  9 48 33.420  0.0   1
      172  27.925087   85.534334    17.134    -2168.7      806.7      638.4     80.6    150.5     81.5 2023  4 15 13 48 49.490  0.0   1
      173  27.933169   85.557096    16.514       72.3     1702.3       18.2    114.4     95.2     54.8 2023  4 15 15 11 10.150  0.0   1
      174  27.914097   85.518921    15.589    -3685.8     -411.2     -906.6    104.0    128.7     75.8 2023  4 15 15 36 48.920  0.0   1
      175  27.933614   85.476204    15.344    -7890.0     1751.5    -1152.2     90.6     82.7     62.9 2023  4 15 15 57  6.000  0.0   1
      176  27.892924   85.598706    17.451     4168.2    -2757.7      955.1    144.0    105.3     49.5 2023  4 15 17 17 39.100  0.0   1
      177  27.930442   85.474406    13.878    -8067.0     1400.2    -2617.3     99.3    138.6    114.6 2023  4 15 18 21  5.840  0.0   1
      178  27.914740   85.521313    16.025    -3450.0     -340.0     -470.8    176.6    224.7     94.0 2023  4 15 18 24 53.600  0.0   1
      179  27.890436   85.579801    16.926     2307.7    -3033.4      430.5    405.8    242.2    120.4 2023  4 15 18 28 35.380  0.0   1
      180  27.941909   85.507332    15.624    -4825.9     2670.7     -871.8     85.7    112.7     55.5 2023  4 15 18 51 42.020  0.0   1
      181  27.897748   85.504028    16.024    -5152.0    -2223.0     -471.8     80.9     83.0     41.7 2023  4 15 18 52 23.880  0.0   1
      182  27.901337   85.499609    15.429    -5587.3    -1825.4    -1067.0     92.3    150.5     65.3 2023  4 15 18 53 21.940  0.0   1
      183  27.929358   85.689388     9.325    13093.9     1280.0    -7170.6    178.6    158.4    190.8 2023  4 15 18 57  6.800  0.0   1
      184  27.918300   85.556925    17.658       55.1       54.6     1161.7    113.5     89.0     79.8 2023  4 15 19 13 46.480  0.0   1
      185  27.887333   85.747607    16.811    18827.9    -3377.2      315.0    111.6    233.5     90.4 2023  4 15 19 34 38.840  0.0   1
      186  27.946973   85.491536    18.928    -6380.4     3231.9     2432.6    157.5    284.0    118.8 2023  4 15 19 45 45.000  0.0   1
      187  27.943805   85.433081    14.673   -12134.1     2881.0    -1822.6     81.5     90.1     94.3 2023  4 15 19 58 45.620  0.0   1
      188  27.896236   85.588053    16.568     3119.7    -2390.5       72.0    125.4    103.6     51.4 2023  4 15 20  4 20.600  0.0   1
      190  27.922223   85.463965    16.376    -9095.6      489.2     -119.8     50.9     70.9     67.4 2023  4 15 20  9 36.220  0.0   1
      191  27.923724   85.464396    16.174    -9053.1      655.5     -322.2     44.2     66.3     64.5 2023  4 15 20 10 52.000  0.0   1
      192  27.906120   85.586849    16.792     3001.2    -1295.3      296.2    165.3     94.5     44.8 2023  4 15 20 39 40.360  0.0   1
      193  27.930910   85.493766     9.613    -6161.2     1452.0    -6882.7    126.9     74.5     82.3 2023  4 15 21 10 17.600  0.0   1
      194  27.934316   85.601009    17.861     4394.2     1829.3     1364.8    129.2    107.4     57.7 2023  4 15 21 16 38.600  0.0   1
      196  27.929645   85.519702    17.566    -3608.5     1311.7     1069.9    168.8    176.8     77.4 2023  4 15 22 48  1.400  0.0   1
      197  27.939138   85.431689    16.102   -12271.3     2363.7     -393.7     92.1    132.4     72.7 2023  4 15 23 20 27.320  0.0   1
      198  27.942456   85.424447    15.591   -12983.9     2731.5     -905.3     77.2     93.9     79.4 2023  4 15 23 21 24.960  0.0   1
      199  27.934257   85.691781    15.588    13329.1     1822.9     -908.1    133.7    190.5     86.1 2023  4 15 23 22  0.440  0.0   1
      200  27.904112   85.468864    14.957    -8614.0    -1517.7    -1538.9    116.6    132.0     99.7 2023  4 15 23 23 55.740  0.0   1
      201  27.904515   85.490731    16.523    -6460.9    -1473.2       26.7    121.6    135.1    105.4 2023  4 15 23 24 37.200  0.0   1
      202  27.919539   85.583236    18.978     2644.8      191.8     2482.1    254.0    140.0    106.8 2023  4 16  1 54  5.380  0.0   1
      203  27.921519   85.435539    17.660   -11893.5      411.3     1164.1     86.2     91.9     70.7 2023  4 16  3  1 48.080  0.0   1
      204  27.925201   85.438314    16.961   -11620.4      819.3      465.5    126.6    144.3     65.0 2023  4 16  4 54  9.200  0.0   1
      205  27.900244   85.533472    16.211    -2253.8    -1946.4     -284.7     82.1     99.2     31.2 2023  4 16  5 55  5.920  0.0   1
      206  27.867584   85.691675    17.644    13322.9    -5565.6     1148.3     79.5     76.6     38.8 2023  4 16  7 22  6.990  0.0   1
      207  27.931156   85.524186    10.851    -3167.5     1479.3    -5645.3    134.1    105.6    116.6 2023  4 16  9  5 10.990  0.0   1
      208  27.933521   85.607821    17.420     5065.0     1741.3      924.2    114.5     87.1     59.4 2023  4 16 10 48 35.810  0.0   1
      209  27.892552   85.733455     9.223    17434.5    -2798.8    -7272.4    137.0    233.2    193.0 2023  4 16 13 20 24.360  0.0   1
      210  27.933980   85.616130    16.837     5882.4     1792.2      341.4     85.4     97.8     55.5 2023  4 16 13 21 54.650  0.0   1
      211  27.919037   85.589160    17.867     3228.4      136.1     1371.1    154.4    102.1     88.9 2023  4 16 13 58 32.410  0.0   1
      212  27.900488   85.527100    17.193    -2881.3    -1919.4      696.8    115.9     97.1     72.9 2023  4 16 14 54 27.710  0.0   1
      214  27.890474   85.575350    17.440     1869.5    -3029.0      944.4    215.7    141.8     55.7 2023  4 16 15 22 35.740  0.0   1
      215  27.937716   85.441610    14.961   -11294.8     2206.2    -1535.0    108.1    150.2     87.2 2023  4 16 15 46 35.040  0.0   1
      216  27.892063   85.569507    17.573     1294.1    -2853.1     1077.3    141.1    100.4     61.9 2023  4 16 16  5 39.870  0.0   1
      217  27.895343   85.565763    17.091      925.3    -2489.4      595.2    173.3    109.5     64.4 2023  4 16 16 51 33.480  0.0   1
      218  27.892580   85.567301    17.592     1076.9    -2795.7     1095.9    171.2    138.4     76.4 2023  4 16 16 52  6.530  0.0   1
      219  27.844639   85.698861    15.674    14031.5    -8108.4     -822.0     78.1    121.4     70.4 2023  4 16 17  4 49.400  0.0   1
      220  27.844263   85.696175    16.098    13767.5    -8150.2     -398.1     79.2    114.5     74.9 2023  4 16 17  6 52.440  0.0   1
      221  27.844159   85.700675    15.624    14210.6    -8161.6     -871.4     73.6    132.6     72.6 2023  4 16 17  7 19.800  0.0   1
      222  27.912740   85.710384    15.286    15161.4     -561.6    -1209.4    103.7    256.9     87.5 2023  4 16 17 19 25.560  0.0   1
      223  27.895583   85.566496    16.897      997.2    -2462.8      400.7    218.6    113.7     78.8 2023  4 16 17 19 32.040  0.0   1
      224  27.908010   85.714111    14.583    15528.8    -1085.7    -1912.6    103.4    238.7     90.3 2023  4 16 17 25 47.560  0.0   1
      225  27.897196   85.551302    16.998     -498.2    -2284.0      502.0     76.1    122.9     38.0 2023  4 16 17 32 32.320  0.0   1
      226  27.895746   85.568254    17.260     1170.2    -2444.9      763.8    150.2     98.0     56.8 2023  4 16 17 51  0.280  0.0   1
      227  27.909989   85.455046    17.530    -9973.7     -866.4     1034.3     97.5    102.3     96.5 2023  4 16 17 56 21.880  0.0   1
      228  27.895703   85.565625    17.298      911.4    -2449.5      801.8    190.8     97.6     38.1 2023  4 16 18 31 59.080  0.0   1
      229  27.892283   85.585864    16.844     2903.9    -2828.6      348.2    191.1    120.4     43.6 2023  4 16 18 34 59.480  0.0   1
      230  27.918587   85.460116    16.578    -9474.4       86.2       82.5     61.1     74.4     59.3 2023  4 16 18 47 13.160  0.0   1
      231  27.905876   85.691195    16.681    13273.1    -1322.4      185.0     50.0     87.9     43.3 2023  4 16 18 51 56.840  0.0   1
      232  27.943693   85.607324    21.403     5016.1     2868.6     4907.2    134.1    115.6     63.0 2023  4 16 19  7 48.560  0.0   1
      233  27.949733   85.594556    18.827     3758.9     3538.0     2331.4    213.6    169.6     61.0 2023  4 16 19 13 41.040  0.0   1
      234  27.896757   85.552555    17.013     -375.1    -2332.9      517.5     79.7    101.3     52.5 2023  4 16 19 16 47.800  0.0   1
      235  27.900022   85.563949    16.502      746.9    -1970.9        5.7    131.3    154.2     44.8 2023  4 16 19 39 25.400  0.0   1
      236  27.894635   85.567668    17.143     1113.0    -2568.1      647.0    180.0    109.9     67.8 2023  4 16 19 55  5.280  0.0   1
      237  27.899729   85.623429    16.518     6602.4    -2003.4       22.4    110.5    160.9     66.5 2023  4 16 20 18  9.040  0.0   1
      238  27.841099   85.661133    17.483    10317.1    -8500.7      987.6     78.0    126.1     67.7 2023  4 16 20 21 38.760  0.0   1
      239  27.971429   85.498787    16.299    -5666.2     5942.1     -196.4    108.2    131.6     74.1 2023  4 16 21  8 38.980  0.0   1
      240  27.913737   85.600163    15.983     4311.8     -451.2     -512.6    158.4    127.8     83.8 2023  4 16 21 15 52.800  0.0   1
      242  27.890653   85.594181    16.980     3723.2    -3009.3      484.2    109.2    120.0     47.5 2023  4 16 21 25 46.560  0.0   1
      243  27.909204   85.574967    16.583     1831.0     -953.5       87.6    136.2    100.9     43.6 2023  4 16 21 27 56.040  0.0   1
      244  27.952924   85.613314    18.213     5605.0     3891.5     1717.0    227.2    148.2     80.2 2023  4 16 21 45 28.000  0.0   1
      245  27.959165   85.537988    13.582    -1808.3     4583.2    -2914.3    148.2    165.1    118.1 2023  4 16 22  1 24.680  0.0   1
      246  27.895282   85.579801    16.319     2307.4    -2496.3     -176.8    177.4    126.0     74.3 2023  4 16 22 12 42.320  0.0   1
      247  27.896486   85.566081    17.420      956.5    -2362.7      924.5    258.9    206.7     54.9 2023  4 16 22 27 26.280  0.0   1
      248  27.916722   85.559212    18.088      280.2     -120.3     1592.5    135.1    103.0     84.3 2023  4 16 22 39  3.560  0.0   1
      249  27.929222   85.534326    15.868    -2169.0     1264.9     -627.6    168.0    132.1    129.0 2023  4 16 23 55 14.320  0.0   1
      250  27.944688   85.474870    15.710    -8021.0     2978.8     -786.0     87.2     95.2     81.4 2023  4 17  0 36 12.980  0.0   1
      251  27.906407   85.669751    15.929    11161.9    -1263.4     -567.3     85.5    126.0    110.2 2023  4 17  1 18 20.490  0.0   1
      252  27.914044   85.569613    16.433     1304.2     -417.0      -62.9    143.3    108.6     59.6 2023  4 17  1 33 17.050  0.0   1
      253  27.863774   85.702051    17.423    14344.1    -5988.0      926.8    115.8     88.2     58.8 2023  4 17  1 43 45.540  0.0   1
      254  27.939052   85.443921    15.260   -11067.7     2354.3    -1236.2     93.6    106.7    105.6 2023  4 17  2 33 39.050  0.0   1
      255  27.945795   85.426921    17.069   -12740.5     3101.4      573.6     79.0    174.9     65.3 2023  4 17  4 47 34.290  0.0   1
      256  27.943547   85.475594    15.508    -7949.7     2852.4     -988.2     75.2    156.1     63.4 2023  4 17  7 50  3.730  0.0   1
      257  27.945361   85.465999    13.834    -8894.3     3053.5    -2661.7     85.4    126.9    148.2 2023  4 17  7 51 12.080  0.0   1
      258  27.946749   85.474414    19.308    -8065.9     3207.1     2811.8    160.0    251.4    126.1 2023  4 17  7 57 41.600  0.0   1
      259  27.898531   85.640096    17.286     8243.3    -2136.3      790.2    105.4    123.2     84.6 2023  4 17  9 35 42.930  0.0   1
      260  27.947160   85.552279    16.890     -402.3     3252.8      394.2    178.7    123.6     92.7 2023  4 17  9 50 56.820  0.0   1
      261  27.902592   85.546086    16.573    -1011.6    -1686.2       77.4     95.7    104.1     60.3 2023  4 17 11 34 12.330  0.0   1
      262  27.921598   85.551522    21.261     -477.0      420.1     4765.0    275.3    193.3    116.4 2023  4 17 12 41 34.050  0.0   1
      263  27.921195   85.566007    16.210      949.6      375.3     -285.3     96.7     71.9     74.9 2023  4 17 13 53  3.000  0.0   1
      264  27.939736   85.593042    18.986     3610.0     2430.0     2489.7    146.7     94.2     49.8 2023  4 17 13 57 11.790  0.0   1
      265  27.928111   85.498307    17.306    -5714.6     1141.7      810.2     94.1    130.7     67.2 2023  4 17 14 15 42.600  0.0   1
      266  27.928625   85.502181    17.444    -5333.0     1198.8      948.1     85.7    124.4     68.2 2023  4 17 14 20 46.900  0.0   1
      267  27.942739   85.585116    18.832     2829.5     2762.8     2335.9    274.7    163.4     67.6 2023  4 17 14 24 52.550  0.0   1
      268  27.960423   85.502466    15.402    -5304.4     4722.6    -1093.5    131.6    141.1     68.7 2023  4 17 14 34 57.550  0.0   1
      269  27.939899   85.594043    18.811     3708.7     2448.0     2314.7    192.6    110.4     73.4 2023  4 17 14 37  0.890  0.0   1
      270  27.926263   85.499300    17.130    -5617.2      937.0      634.7     95.3    122.3     64.0 2023  4 17 15  0 12.000  0.0   1
      271  27.906419   85.485856    16.441    -6941.0    -1262.1      -54.8     94.9    120.5     71.0 2023  4 17 15 27 26.990  0.0   1
      272  27.904309   85.531681    16.255    -2429.8    -1496.0     -241.3     78.1    105.1     37.3 2023  4 17 15 45 38.330  0.0   1
      273  27.925466   85.677319    17.403    11906.0      848.7      907.2     84.7     92.5     54.0 2023  4 17 16 29 17.350  0.0   1
      274  27.901034   85.574520    17.420     1787.7    -1858.9      924.2    243.2    191.2     68.6 2023  4 17 17 10  2.160  0.0   1
      275  27.900869   85.550309    16.678     -596.2    -1877.2      181.7     88.4    102.0     48.6 2023  4 17 17 20 23.820  0.0   1
      276  27.898751   85.562313    17.039      585.6    -2111.9      542.8    116.8    113.5     49.9 2023  4 17 18 19 14.760  0.0   1
      277  27.944228   85.482690    16.450    -7251.2     2927.8      -46.3     82.9    124.8     56.0 2023  4 17 18 34  1.500  0.0   1
      278  27.801705   85.716431    22.933    15764.7   -12866.2     6437.4    176.7    237.8    147.9 2023  4 17 18 41 14.560  0.0   1
      279  27.925793   85.488737    15.744    -6656.6      884.9     -751.7     64.2     86.2     61.6 2023  4 17 19 41  8.220  0.0   1
      280  27.899815   85.551270    16.714     -501.8    -1994.0      218.0     89.1    101.5     50.0 2023  4 17 20  9 49.000  0.0   1
      281  27.918970   85.679321    15.040    12103.6      128.7    -1456.3     61.9    123.5     67.9 2023  4 17 20 19 36.560  0.0   1
      282  27.951526   85.452116    17.899   -10260.6     3736.5     1403.3    141.0    110.2    125.6 2023  4 17 20 36 50.560  0.0   1
      283  27.983628   85.566577    16.476     1005.0     7294.0      -20.3    296.7    324.8     89.3 2023  4 17 21 32 38.100  0.0   1
      284  27.919863   85.556283    16.762       -8.2      227.6      266.1     91.2     94.5     56.0 2023  4 17 21 47 32.780  0.0   1
      285  27.903566   85.552100    16.695     -419.6    -1578.1      199.1    132.9    186.1     80.3 2023  4 17 21 57 28.200  0.0   1
      286  27.959857   85.515430    18.080    -4028.5     4659.7     1584.0     94.3    123.7     55.5 2023  4 17 22 16  0.440  0.0   1
      287  27.898952   85.551506    16.650     -478.7    -2089.5      154.6     88.7    103.4     49.1 2023  4 17 22 39 37.820  0.0   1
      288  27.913295   85.547428    18.104     -879.6     -500.1     1608.5    169.2    205.8    137.4 2023  4 17 23 20 46.800  0.0   1
      289  27.898401   85.539860    16.937    -1624.9    -2150.7      440.7    129.3     99.5     87.1 2023  4 18  0 42 34.510  0.0   1
      290  27.919950   85.455314    15.206    -9947.2      237.5    -1289.9     80.7     84.8     64.2 2023  4 18  1  8 51.980  0.0   1
      291  27.915798   85.491235    11.977    -6411.4     -222.7    -4519.1    166.7    202.5    152.2 2023  4 18  1 14 14.670  0.0   1
      292  27.899642   85.551660    16.805     -463.2    -2013.2      309.6     87.7    103.9     39.1 2023  4 18  1 34 28.740  0.0   1
      293  27.910111   85.723275     9.474    16431.1     -852.8    -7022.2    126.1    199.1    139.8 2023  4 18  2 54 25.510  0.0   1
      294  27.924626   85.452490    16.347   -10224.8      755.5     -149.1    103.4     84.8     55.2 2023  4 18  5 14 57.820  0.0   1
      295  27.940725   85.509497    15.459    -4613.3     2539.6    -1035.4    118.6    100.8     76.2 2023  4 18  7 36 33.030  0.0   1
      296  27.951463   85.621029    21.673     6364.6     3729.5     5177.2    156.4    139.2     59.9 2023  4 18  9  6 55.090  0.0   1
      297  27.950250   85.620793    21.587     6340.9     3595.2     5091.1    164.2    151.8     72.5 2023  4 18  9 25 45.140  0.0   1
      298  27.898263   85.553011    16.966     -329.7    -2166.0      469.8     99.8     80.7     36.9 2023  4 18 13 21 43.830  0.0   1
      299  27.901597   85.549341    16.404     -691.2    -1796.5      -91.4    102.2    117.2     68.3 2023  4 18 13 31 51.950  0.0   1
      300  27.888088   85.607259    16.172     5010.5    -3293.5     -323.3    113.5    103.2     54.5 2023  4 18 15 33 20.750  0.0   1
      301  27.901683   85.587345    14.259     3050.2    -1786.9    -2236.8    141.5    142.1    113.1 2023  4 18 16 47 52.790  0.0   1
      302  27.911757   85.455965    17.312    -9883.2     -670.5      816.0    106.6    103.6     71.6 2023  4 18 17  1 15.520  0.0   1
      303  27.913247   85.502303    16.444    -5321.9     -505.4      -51.5     60.5     92.7     47.5 2023  4 18 17 37 41.560  0.0   1
      304  27.929970   85.477002    12.352    -7811.5     1347.8    -4143.8    174.2    276.9    177.3 2023  4 18 18  4  7.160  0.0   1
      305  27.945192   85.477710    15.974    -7741.3     3034.8     -522.2     81.2    143.8     66.9 2023  4 18 18  5 24.040  0.0   1
      306  27.944242   85.477344    15.985    -7777.6     2929.4     -511.3     69.3    105.9     47.6 2023  4 18 18 33 58.480  0.0   1
      307  27.890653   85.592887    16.988     3595.9    -3009.3      492.5    133.9    117.2     43.8 2023  4 18 18 46 42.520  0.0   1
      308  27.904203   85.548934    16.499     -731.7    -1507.6        2.9     84.3     96.3     57.7 2023  4 18 19 38 39.040  0.0   1
      311  27.902065   85.684383    16.011    12602.4    -1744.6     -484.4     68.7    115.7     55.2 2023  4 18 20 20 56.160  0.0   1
      312  27.902242   85.665690    19.463    10762.7    -1725.0     2966.9    276.4    488.5    204.0 2023  4 18 20 24  9.820  0.0   1
      313  27.903709   85.684774    15.882    12641.0    -1562.4     -614.3     69.4    102.9     45.1 2023  4 18 20 24 33.160  0.0   1
      314  27.903886   85.684212    15.878    12585.4    -1542.7     -618.1     69.6    110.8     42.0 2023  4 18 20 25 56.140  0.0   1
      315  27.900934   85.686694    15.757    12830.3    -1869.9     -739.1     59.8     87.4     62.1 2023  4 18 20 27 38.260  0.0   1
      316  27.910832   85.504525    13.971    -5103.0     -773.1    -2525.1     81.8    111.1     76.6 2023  4 18 21  1 21.200  0.0   1
      317  27.943374   85.561304    19.471      486.3     2833.1     2974.8    141.1    168.2     48.3 2023  4 18 21 15 24.240  0.0   1
      318  27.915340   85.521118    21.336    -3469.7     -273.5     4840.6    195.5    152.3     69.7 2023  4 18 21 24 56.920  0.0   1
      319  27.909436   85.556844    18.400       47.3     -927.8     1904.1    205.7    403.9    105.8 2023  4 18 21 34 43.380  0.0   1
      320  27.899717   85.538843    16.794    -1724.5    -2004.7      298.6    108.3    100.1     55.6 2023  4 18 22 15 10.820  0.0   1
      321  27.902358   85.524674    16.141    -3119.5    -1712.1     -354.6    134.9    164.9     56.2 2023  4 18 22 29 21.880  0.0   1
      322  27.905770   85.518123    15.722    -3764.3    -1334.0     -774.3     58.6    109.7     50.0 2023  4 18 22 34 41.720  0.0   1
      323  27.906934   85.519653    15.534    -3613.9    -1205.1     -961.7     79.5     92.5     69.2 2023  4 18 22 34 56.280  0.0   1
      324  27.914203   85.534701    17.105    -2132.5     -399.4      609.5    103.1    123.4     59.5 2023  4 18 23  6 57.720  0.0   1
      325  27.945054   85.476693    15.450    -7841.9     3019.4    -1045.4     71.0     88.3     72.4 2023  4 18 23 35 27.040  0.0   1
      326  27.902720   85.526652    16.670    -2925.1    -1672.1      174.2     77.0     73.0     71.4 2023  4 18 23 46 22.320  0.0   1
      327  27.941809   85.507080     9.064    -4851.1     2659.8    -7431.7    129.6     71.8     66.4 2023  4 19  0 14 48.270  0.0   1
      328  27.902049   85.546134    17.913    -1006.9    -1746.4     1417.5    131.2    186.6     97.6 2023  4 19  1 29 12.750  0.0   1
      329  27.922892   85.541488    17.120    -1464.4      563.4      624.4    105.8     74.5     43.4 2023  4 19  1 35 15.090  0.0   1
      330  27.902344   85.620312    17.501     6295.2    -1713.8     1005.1    140.8    126.2     60.7 2023  4 19  4 59 53.570  0.0   1
      331  27.948958   85.534855    15.370    -2116.8     3452.0    -1126.3     81.0     97.7     49.8 2023  4 19  5  2 42.980  0.0   1
      332  27.950421   85.538729    15.497    -1736.1     3614.1     -998.9    197.6    152.1     57.1 2023  4 19  5  4 39.660  0.0   1
      333  27.951646   85.538436    15.522    -1764.4     3749.9     -973.6    141.4    116.2     56.8 2023  4 19  5  6 42.200  0.0   1
      334  27.948879   85.536922    15.418    -1913.5     3443.3    -1077.9    111.3     87.1     59.7 2023  4 19  5 15 42.870  0.0   1
      335  27.950500   85.534839    15.516    -2118.8     3623.0     -979.6    164.6    103.5     72.2 2023  4 19  5 17 32.600  0.0   1
      336  27.949123   85.541463    15.069    -1466.7     3470.3    -1427.2    159.8    125.9     59.3 2023  4 19  5 18 53.650  0.0   1
      337  27.951046   85.537370    15.330    -1869.6     3683.2    -1166.2     73.5     99.5     46.7 2023  4 19  5 19 33.330  0.0   1
      338  27.948767   85.539079    15.023    -1701.5     3430.9    -1471.6    113.6     81.6     57.9 2023  4 19  5 20  6.020  0.0   1
      339  27.919287   85.546493    17.155     -971.5      163.9      659.6    105.4     88.1     63.2 2023  4 19 14 12  8.410  0.0   1
      340  27.850909   85.718262    18.075    15941.3    -7413.5     1578.7    135.0    184.4    112.3 2023  4 19 14 14  5.740  0.0   1
      341  27.912478   85.469686    16.525    -8532.6     -590.6       29.2     75.7     94.9     86.3 2023  4 19 14 15 12.420  0.0   1
      343  27.940692   85.572827    19.302     1620.0     2535.9     2805.9    157.7    179.6     58.5 2023  4 19 15 34 59.330  0.0   1
      344  27.946301   85.546965    18.266     -925.5     3157.7     1769.8    184.2    160.5     77.5 2023  4 19 17 15 46.240  0.0   1
      345  27.893976   85.562712    17.331      624.9    -2640.9      835.6    102.3     94.8     56.6 2023  4 19 18  6 18.340  0.0   1
      346  27.921785   85.452743    18.319   -10200.0      440.9     1823.5    109.8    118.4     91.3 2023  4 19 18  7 50.320  0.0   1
      347  27.925073   85.478296    15.676    -7684.4      805.0     -820.1     80.1     79.5     94.1 2023  4 19 18 23 38.040  0.0   1
      348  27.924754   85.477604    15.920    -7752.4      769.7     -576.2     60.3     78.2     72.5 2023  4 19 18 38 32.880  0.0   1
      349  27.926855   85.479289    16.160    -7586.6     1002.5     -335.7     60.2     74.9     45.8 2023  4 19 18 38 59.720  0.0   1
      350  27.936623   85.444849    11.526   -10976.0     2085.1    -4969.6    201.4    242.7    234.7 2023  4 19 18 44 19.580  0.0   1
      351  27.924581   85.480884    16.613    -7429.6      750.5      116.9     61.0     74.5     56.8 2023  4 19 18 47 27.820  0.0   1
      352  27.925519   85.481527    16.430    -7366.4      854.5      -65.9     71.0     64.8     29.3 2023  4 19 18 48 39.800  0.0   1
      353  27.925387   85.480827    16.370    -7435.3      839.9     -126.2     55.5     64.4     40.2 2023  4 19 18 49 25.920  0.0   1
      354  27.926308   85.482007    16.696    -7319.2      942.0      200.3     63.6     86.8     65.6 2023  4 19 19  5 31.160  0.0   1
      355  27.926717   85.483171    16.721    -7205.0      987.3      224.7     64.3     98.5     61.7 2023  4 19 19  5 40.120  0.0   1
      356  27.927645   85.480599    16.628    -7458.1     1090.1      132.1    116.8     89.7     58.4 2023  4 19 19 16 43.060  0.0   1
      357  27.926766   85.480070    16.220    -7509.9      992.6     -275.5     89.0     72.3     59.7 2023  4 19 19 22 47.720  0.0   1
      358  27.926371   85.478516    16.155    -7662.9      949.0     -340.6     62.5     78.8     55.6 2023  4 19 19 28 13.840  0.0   1
      359  27.925690   85.480151    16.411    -7502.2      873.5      -84.7     66.2     67.8     46.4 2023  4 19 19 30 37.340  0.0   1
      360  27.925529   85.479761    16.602    -7540.0      855.7      106.0     75.7    120.5     59.6 2023  4 19 19 32 46.960  0.0   1
      361  27.928473   85.478817    16.553    -7632.8     1181.9       57.5     93.9    136.4     59.5 2023  4 19 19 37 59.880  0.0   1
      362  27.924361   85.478581    15.737    -7656.3      726.2     -758.9     68.9     71.1     86.7 2023  4 19 19 39 33.080  0.0   1
      363  27.925149   85.479110    16.279    -7604.4      813.4     -216.7     74.1    115.2     56.1 2023  4 19 19 49 31.940  0.0   1
      365  27.920656   85.561743    17.429      529.6      315.6      933.3    107.3    118.3     66.7 2023  4 19 20 18 52.700  0.0   1
      366  27.926251   85.482788    16.474    -7242.7      935.7      -21.6     54.3     86.6     57.9 2023  4 19 20 24  7.520  0.0   1
      367  27.924827   85.480143    15.914    -7502.3      777.9     -581.7     75.2     81.2     70.8 2023  4 19 20 27  2.040  0.0   1
      368  27.868563   85.783268    21.343    22340.4    -5457.3     4847.6    609.3    912.9    634.2 2023  4 19 20 37 46.880  0.0   1
      369  27.924231   85.482585    16.241    -7262.4      711.8     -255.1     59.7     67.0     53.8 2023  4 19 20 39 33.640  0.0   1
      370  27.927604   85.475195    15.976    -7989.5     1085.6     -519.3     93.5    137.9     76.4 2023  4 19 20 40 54.780  0.0   1
      371  27.968848   85.440771    19.154   -11376.0     5656.1     2658.3     88.8    166.5     79.9 2023  4 19 21 20 35.520  0.0   1
      372  27.925710   85.481698    16.509    -7349.4      875.7       13.5     58.3     71.8     54.6 2023  4 19 21 46 58.880  0.0   1
      373  27.924642   85.481201    16.241    -7398.8      757.3     -255.0     58.9     67.6     34.1 2023  4 19 23 42 23.160  0.0   1
      374  27.924927   85.580591    17.042     2384.3      788.9      546.2    138.6    118.5     44.0 2023  4 20  0 12 13.320  0.0   1
      375  27.896822   85.522843    16.992    -3300.0    -2325.6      496.2    107.8     97.8     74.9 2023  4 20  0 46 29.360  0.0   1
      376  27.924424   85.485335    16.745    -6991.4      733.3      249.2     72.1    101.1     68.9 2023  4 20  0 55  9.630  0.0   1
      378  27.911926   85.525212    17.108    -3066.8     -651.9      612.4     80.1    143.9     65.0 2023  4 20  4 50 39.920  0.0   1
      379  27.921814   85.487378    15.406    -6791.0      443.9    -1089.4     78.0    104.1     92.8 2023  4 20 12 56  6.260  0.0   1
      381  27.925228   85.506136    15.426    -4943.7      822.1    -1070.1    148.0    125.4    118.3 2023  4 20 15 54 50.290  0.0   1
      382  27.944521   85.510050     8.287    -4558.3     2960.4    -8209.0     63.7     67.7     45.9 2023  4 20 16 14 12.060  0.0   1
      383  27.892391   85.611662    17.742     5443.7    -2816.6     1245.8     89.9     88.4     74.7 2023  4 20 16 27 57.300  0.0   1
      384  27.933400   85.616976    17.827     5965.9     1727.9     1331.5    120.0    102.7     75.9 2023  4 20 16 58 27.620  0.0   1
      385  27.945117   85.509847     8.036    -4578.7     3026.4    -8460.2     80.7     91.4     69.7 2023  4 20 17  5 31.060  0.0   1
      386  27.923948   85.450382    15.586   -10432.1      680.4     -909.6     72.5     83.1     77.7 2023  4 20 17 28 10.480  0.0   1
      387  27.885305   85.570996    17.196     1440.4    -3601.9      700.3    335.6    263.4     54.7 2023  4 20 17 36 44.600  0.0   1
      388  27.887667   85.567676    17.035     1113.6    -3340.2      538.9    271.6    214.3     57.4 2023  4 20 17 52  7.640  0.0   1
      389  27.928788   85.481673    16.762    -7351.7     1216.9      266.1    111.7    123.0     67.3 2023  4 20 17 54 55.020  0.0   1
      390  27.927956   85.512752    16.795    -4293.1     1124.7      299.0     82.1    120.0     52.4 2023  4 20 19 24 31.040  0.0   1
      391  27.939941   85.627799    21.098     7030.8     2452.7     4602.6    143.4    160.9     50.2 2023  4 20 19 47  1.220  0.0   1
      392  27.901160   85.552767    16.502     -354.3    -1844.9        6.5     86.3     96.7     41.9 2023  4 20 20  7 43.440  0.0   1
      393  27.902738   85.493888    14.598    -6150.3    -1669.9    -1897.4    118.9    155.1     89.0 2023  4 20 20 14 44.300  0.0   1
      394  27.936574   85.708586     7.709    14983.1     2079.7    -8787.1    147.4    162.6    150.4 2023  4 20 20 17 48.020  0.0   1
      395  27.944198   85.509733     8.238    -4589.7     2924.5    -8258.2     81.1     49.4     72.9 2023  4 20 20 22 19.040  0.0   1
      396  27.927940   85.488363    16.053    -6693.5     1122.7     -442.6     73.3     79.0     55.0 2023  4 20 20 29 50.840  0.0   1
      397  27.898372   85.550618    16.750     -565.8    -2153.9      253.8    117.3    116.9     35.4 2023  4 20 20 55 43.320  0.0   1
      398  27.897894   85.551619    16.732     -467.4    -2206.7      235.9    104.1    100.5     39.5 2023  4 20 20 56 16.440  0.0   1
      399  27.941974   85.675716    17.395    11747.3     2677.9      899.4     54.7     90.2     52.1 2023  4 20 20 57  9.080  0.0   1
      400  27.937183   85.604883    17.219     4775.7     2147.0      723.6    114.1     84.0     66.3 2023  4 20 21 16 25.700  0.0   1
      401  27.940552   85.677653    17.443    11937.9     2520.5      947.1    123.7    141.9     62.0 2023  4 20 21 22 43.920  0.0   1
      402  27.835710   85.630542    17.843     7304.3    -9098.1     1346.9    161.2    168.3    123.5 2023  4 20 21 24 46.560  0.0   1
      403  27.829354   85.730721    17.616    17170.3    -9802.4     1119.7    143.2    266.5    138.6 2023  4 20 21 35 14.480  0.0   1
      404  27.907072   85.473869    15.788    -8121.1    -1189.8     -708.3     72.2    115.0     69.7 2023  4 20 21 40 13.960  0.0   1
      405  27.951036   85.430493    14.926   -12388.6     3682.2    -1569.7     86.7     98.1     98.8 2023  4 20 23 13 19.740  0.0   1
      406  27.906348   85.714551     9.465    15572.3    -1269.9    -7030.4    111.5    202.9    134.6 2023  4 21  1 58  4.270  0.0   1
      407  27.924807   85.680021    16.680    12171.9      775.6      183.7    136.3     78.9    117.6 2023  4 21  2 25 34.920  0.0   1
      408  27.924864   85.477922    16.223    -7721.7      781.8     -272.4     74.3     72.9     64.4 2023  4 21  5 35 35.310  0.0   1
      409  27.896454   85.550342    17.141     -592.9    -2366.4      645.2    138.5     88.4     67.1 2023  4 21  6 30  4.610  0.0   1
      410  27.899825   85.550122    16.699     -614.4    -1992.9      202.7    101.2     96.6     55.0 2023  4 21  7 51 28.590  0.0   1
      411  27.905194   85.571574    16.931     1497.5    -1397.9      435.2    117.3     82.5     37.9 2023  4 21 13 16 41.440  0.0   1
      412  27.946554   85.458724    15.828    -9610.2     3185.5     -668.0     67.5     89.1     56.5 2023  4 21 14 19 55.680  0.0   1
      413  27.893949   85.777230    19.934    21743.4    -2643.9     3438.3    575.6    419.6    616.8 2023  4 21 14 26 41.960  0.0   1
      414  27.908858   85.601302    16.684     4424.0     -991.9      188.3    115.9    122.1     44.3 2023  4 21 15 10 10.220  0.0   1
      415  27.944861   85.509587     8.393    -4604.4     2998.0    -8102.4     52.2     56.2     50.7 2023  4 21 16  9 41.610  0.0   1
      416  27.911230   85.725106    17.207    16611.3     -728.9      711.5     96.1    179.3     86.5 2023  4 21 16 36 49.440  0.0   1
      418  27.944916   85.507723     8.317    -4787.1     3004.0    -8178.9     53.1     59.2     37.4 2023  4 21 18 39 33.600  0.0   1
      419  27.892857   85.602458    16.007     4537.9    -2765.0     -489.2    135.0    104.5     64.6 2023  4 21 19  6 53.200  0.0   1
      420  27.917670   85.462964    15.450    -9194.1      -15.3    -1046.3     81.6     86.1     64.4 2023  4 21 19 13 38.120  0.0   1
      421  27.915186   85.622941    16.214     6553.6     -290.7     -281.8    111.3    165.5     51.6 2023  4 21 19 18 15.400  0.0   1
      422  27.898425   85.570662    16.928     1407.3    -2148.0      431.8    173.7    122.5     51.9 2023  4 21 19 46 54.440  0.0   1
      423  27.890678   85.586051    16.702     2922.7    -3006.4      206.4    181.2    134.6     48.2 2023  4 21 20 34 27.720  0.0   1
      424  27.893398   85.585392    16.729     2858.0    -2705.0      233.7    176.5    186.6     38.1 2023  4 21 20 36 24.680  0.0   1
      425  27.894277   85.576603    16.815     1992.3    -2607.7      319.0    296.1    205.2     52.0 2023  4 21 20 37 54.640  0.0   1
      426  27.891976   85.575960    16.657     1929.0    -2862.6      161.5    307.7    176.7     84.3 2023  4 21 20 38 21.760  0.0   1
      427  27.894635   85.475928    12.290    -7919.1    -2568.0    -4205.9    187.5    464.6    171.7 2023  4 21 20 38 48.840  0.0   1
      428  27.892137   85.582975    16.670     2619.7    -2844.8      174.3    177.2    146.0     56.3 2023  4 21 20 39 31.080  0.0   1
      429  27.896729   85.573169    16.765     1654.4    -2336.0      269.6    164.0    143.0     45.0 2023  4 21 20 40 38.360  0.0   1
      430  27.893931   85.592708    15.939     3578.3    -2645.9     -557.1    148.8    173.5    120.6 2023  4 21 21 38 24.680  0.0   1
      431  27.918284   85.463786    16.937    -9113.3       52.8      440.7     52.7     99.3     70.7 2023  4 21 21 42 52.000  0.0   1
      432  27.904150   85.550505    16.853     -576.8    -1513.5      356.8    109.1    102.3     40.7 2023  4 21 21 50 32.500  0.0   1
      433  27.950466   85.585213    18.927     2839.0     3619.1     2430.7    252.5    185.5     52.8 2023  4 21 22 29 44.540  0.0   1
      434  27.934713   85.449032    16.331   -10564.8     1873.4     -164.6     82.9    151.7     71.3 2023  4 21 23 11 11.440  0.0   1
      435  27.933305   85.448722    16.478   -10594.8     1717.4      -17.4     55.0     96.8     63.8 2023  4 21 23 11 38.880  0.0   1
      436  27.936094   85.572729    17.558     1610.6     2026.5     1061.7    159.0    136.1     51.9 2023  4 22  0 52 31.110  0.0   1
      437  27.898836   85.505583    16.437    -4999.3    -2102.3      -58.5    100.6    173.3     85.0 2023  4 22  3  3 10.340  0.0   1
      438  27.899487   85.501090    16.176    -5441.1    -2030.3     -320.0     96.7    134.4     79.4 2023  4 22  3  3 26.570  0.0   1
      439  27.903316   85.552938    16.629     -337.3    -1605.9      132.7     97.6     91.4     52.1 2023  4 22  6 36 20.770  0.0   1
      440  27.942458   85.515649    15.782    -4007.1     2731.6     -713.5    105.9    107.2     67.9 2023  4 22  6 52 36.470  0.0   1
      441  27.951528   85.571208    19.678     1461.0     3736.8     3181.9    143.6    162.9     80.0 2023  4 22  7 54 53.280  0.0   1
      442  27.960958   85.563989    14.797      750.3     4781.8    -1698.7    120.3    101.3     56.9 2023  4 22 11  2 41.580  0.0   1
      443  27.919051   85.625545     8.529     6809.8      137.8    -7967.3    294.6    286.2    185.5 2023  4 22 15 14 49.460  0.0   1
      444  27.815507   85.716463    20.815    15767.2   -11336.8     4319.2    167.9    287.4    147.1 2023  4 22 16 29 23.220  0.0   1
      445  27.930263   85.460002    16.810    -9484.9     1380.3      313.8     71.7    145.3     64.1 2023  4 22 16 57  3.970  0.0   1
      446  27.947603   85.465967    15.115    -8897.0     3301.8    -1380.7    101.7    108.8    114.5 2023  4 22 17  1 40.060  0.0   1
      447  27.906374   85.540470    17.413    -1564.7    -1267.0      917.6    107.8    159.6     80.0 2023  4 22 18  3 20.640  0.0   1
      448  27.900680   85.591561    11.532     3464.7    -1898.2    -4963.8    319.3    272.6     95.2 2023  4 22 18 20 58.120  0.0   1
      449  27.897369   85.579036    15.533     2232.3    -2265.0     -962.9    114.2    119.1     90.6 2023  4 22 19 21 35.040  0.0   1
      451  27.966056   85.554549    14.657     -178.7     5346.7    -1838.8    118.5     83.5     62.7 2023  4 22 19 50 40.460  0.0   1
      452  27.896385   85.570304    15.258     1372.2    -2374.1    -1237.6    153.8    141.1     95.1 2023  4 22 19 52 49.660  0.0   1
      453  27.940059   85.592635    19.138     3570.3     2465.9     2641.8    180.3    107.0     53.7 2023  4 22 20 14 46.720  0.0   1
      454  27.907564   85.521069    15.361    -3474.4    -1135.2    -1135.0    113.1     88.7     57.1 2023  4 22 20 15 37.400  0.0   1
      455  27.925431   85.456893    14.980    -9791.4      844.8    -1515.5     50.2     85.3     72.9 2023  4 22 20 19 16.960  0.0   1
      456  27.963861   85.550480    14.615     -579.5     5103.5    -1880.4    169.0     76.7     88.6 2023  4 22 21 20  4.520  0.0   1
      457  27.894981   85.581502    16.935     2474.4    -2529.6      438.7    452.5    242.0    135.0 2023  4 22 21 27 52.760  0.0   1
      458  27.916333   85.577214    15.755     2052.2     -163.5     -740.9    160.4    115.8     77.1 2023  4 22 21 49  2.880  0.0   1
      459  27.908779   85.522884    14.927    -3295.9    -1000.7    -1568.6     87.2     76.6     54.3 2023  4 22 21 53 23.720  0.0   1
      460  27.943524   85.439884    20.576   -11464.5     2849.9     4080.6    113.6    319.8    111.5 2023  4 22 22 13 33.400  0.0   1
      461  27.953802   85.569417    19.859     1284.4     3988.7     3363.4    207.6    205.4     77.0 2023  4 22 22 27 39.720  0.0   1
      462  27.908126   85.519499    15.740    -3629.1    -1072.9     -755.6     75.9    114.3     55.4 2023  4 22 22 33 15.280  0.0   1
      464  27.944088   85.568766    19.805     1220.5     2912.3     3309.4    183.6    165.5     86.0 2023  4 23  4  5  7.230  0.0   1
      465  27.908675   85.601733    19.182     4466.5    -1012.1     2686.0    163.1    100.9     89.6 2023  4 23  4  6 12.830  0.0   1
      466  27.932711   85.559465    18.392      304.8     1651.4     1895.7    135.4    147.7     79.6 2023  4 23  4 52  0.960  0.0   1
      467  27.952411   85.527653    17.656    -2825.9     3834.6     1160.5    139.6    133.9     95.3 2023  4 23  5 13 32.260  0.0   1
      468  27.970062   85.551310    15.347     -497.2     5790.7    -1148.9    181.6    155.7    102.4 2023  4 23  5 40 16.140  0.0   1
      469  27.939927   85.484473    13.885    -7076.2     2451.2    -2610.8     88.0    247.3    112.2 2023  4 23  6 10 50.940  0.0   1
      470  27.953389   85.529940    17.773    -2600.9     3943.0     1277.1    136.4     91.0     59.6 2023  4 23 11  7 46.210  0.0   1
      475  27.886294   85.488444     0.605    -6687.1    -3492.3   -15891.2    349.5    801.4    353.7 2023  4 23 11 37 33.720  0.0   1
      481  27.951068   85.531592    17.799    -2437.7     3685.8     1303.1    138.3    122.3     84.8 2023  4 23 16 38 42.530  0.0   1
      483  27.951139   85.530990    17.866    -2497.2     3693.6     1370.6    121.4    104.3     42.2 2023  4 23 17  0  8.160  0.0   1
      485  27.956136   85.446305    18.892   -10832.0     4247.4     2396.5     94.9    142.1     81.6 2023  4 23 17 37 51.860  0.0   1
      486  27.927419   85.496891    15.320    -5854.0     1065.0    -1175.5     73.3     66.0     74.5 2023  4 23 17 42 41.240  0.0   1
      487  27.927657   85.497420    15.857    -5801.6     1091.4     -639.1    117.6     77.6     88.7 2023  4 23 17 42 47.160  0.0   1
      488  27.952496   85.533447    17.842    -2255.2     3844.1     1346.1    150.8    131.4     69.7 2023  4 23 17 43  8.040  0.0   1
      489  27.858618   85.635124    16.676     7755.2    -6559.4      179.9    168.4    157.1    106.9 2023  4 23 17 54  5.380  0.0   1
      490  27.950726   85.653670    14.962     9576.8     3647.9    -1533.4    211.8    235.5    139.4 2023  4 23 20 28 30.840  0.0   1
      491  27.893815   85.578385    16.376     2167.8    -2658.7     -119.6    165.5    131.0     62.4 2023  4 23 20 41 43.520  0.0   1
      492  27.954696   85.528906    17.734    -2702.3     4087.7     1237.9    133.6    103.5    103.9 2023  4 23 20 55 19.160  0.0   1
      493  27.931478   85.485018    16.092    -7022.5     1514.9     -404.3     64.4     66.2     45.8 2023  4 23 21  0 47.040  0.0   1
      494  27.879608   85.774048    14.921    21432.1    -4233.2    -1574.4    116.2    169.4    147.0 2023  4 23 21 20 41.960  0.0   1
      495  27.931541   85.484538    15.915    -7070.2     1522.0     -581.3     74.2     68.3     60.8 2023  4 23 21 25  1.200  0.0   1
      496  27.909031   85.518514    14.871    -3725.9     -972.6    -1625.2    154.1    122.1    111.3 2023  4 23 21 26 25.540  0.0   1
      497  27.933116   85.485050    16.154    -7019.0     1696.3     -341.5     65.1     92.1     72.5 2023  4 23 21 27 26.800  0.0   1
      498  27.945319   85.653304    18.037     9541.5     3048.7     1541.3     65.3    112.7     44.5 2023  4 23 21 56 48.040  0.0   1
      499  27.977856   85.552620    13.041     -368.3     6654.4    -3454.7    142.5    114.8     66.2 2023  4 23 22 30 15.800  0.0   1
      500  27.890501   85.604842    16.959     4772.5    -3026.1      462.9     95.0     91.5     53.9 2023  4 23 23 17  9.840  0.0   1
      501  27.899388   85.752018     7.128    19261.1    -2041.3    -9368.2    179.4    451.5    369.6 2023  4 23 23 20 28.520  0.0   1
      502  27.920024   85.461882    18.385    -9300.7      245.4     1888.9     90.4    120.6     78.0 2023  4 24  0 15 40.170  0.0   1
      503  27.937868   85.709766     7.807    15098.9     2223.1    -8689.0    113.0    153.5    158.4 2023  4 24  1 40 47.340  0.0   1
      504  27.901689   85.525244    16.824    -3063.7    -1786.4      327.9    149.2    165.7     67.7 2023  4 24  2  8 28.220  0.0   1
      505  27.903670   85.524333    16.774    -3153.3    -1566.7      278.5     76.9     98.3     69.7 2023  4 24  2  8 51.290  0.0   1
      506  27.918618   85.689063    17.266    13062.1       89.8      770.2     66.4     78.4     41.3 2023  4 24  2 45 43.050  0.0   1
      507  27.902085   85.553866    16.805     -246.3    -1742.3      308.8     98.5    110.9     42.0 2023  4 24  3 18  8.480  0.0   1
      508  27.896665   85.562280    16.871      582.7    -2343.1      375.0    124.3     82.8     51.8 2023  4 24  3 22  1.960  0.0   1
      509  27.901217   85.557479    16.742      109.6    -1838.7      246.4     82.6    107.8     37.1 2023  4 24  3 35 12.010  0.0   1
      510  27.892930   85.573193    17.130     1656.6    -2756.9      633.9    116.7    100.3     54.0 2023  4 24  3 38 24.860  0.0   1
      511  27.913652   85.596558    16.169     3956.9     -460.6     -327.0    136.1    104.5     55.3 2023  4 24  7 58 27.960  0.0   1
      512  27.919169   85.499186    16.782    -5628.1      150.8      286.1     67.4     68.0     57.3 2023  4 24 10 10  6.110  0.0   1
      513  27.907747   85.684985    14.541    12661.4    -1114.9    -1954.3     51.7    117.8     58.8 2023  4 24 14 34 18.230  0.0   1
      514  27.901992   85.534009    16.248    -2200.4    -1752.8     -247.4    167.2    104.4     68.1 2023  4 24 14 37 53.760  0.0   1
      517  27.907294   85.528174    15.017    -2775.4    -1165.2    -1478.8    158.0    114.2     90.7 2023  4 24 17  0 47.700  0.0   1
      518  27.961601   85.508309    18.243    -4729.7     4853.0     1747.3    104.7    133.0     58.0 2023  4 24 17 54 19.360  0.0   1
      519  27.914225   85.578231    17.825     2152.4     -397.0     1328.8    207.7    161.8     60.0 2023  4 24 18 12 36.180  0.0   1
      520  27.942704   85.500993    15.042    -5449.8     2759.0    -1454.1     93.2    101.1     58.2 2023  4 24 18 15 10.680  0.0   1
      522  27.852110   85.640625    21.168     8296.8    -7280.6     4672.6    203.1    274.1    106.4 2023  4 24 19 16 47.160  0.0   1
      525  27.918195   85.536312    15.061    -1974.2       42.9    -1434.3    295.7    209.6    121.0 2023  4 24 20 51 48.880  0.0   1
      526  27.833093   85.758968    17.187    19951.2    -9388.0      691.2     96.0    222.5    104.3 2023  4 24 21 28 53.560  0.0   1
      527  27.837612   85.754183    18.794    19480.0    -8887.3     2298.0    130.1    297.2    124.3 2023  4 24 21 34  9.780  0.0   1
      528  27.959182   85.448429    16.132   -10622.5     4584.9     -364.0     90.2     98.3     67.7 2023  4 24 21 49 31.240  0.0   1
      529  27.831848   85.760555    16.919    20107.4    -9525.9      423.3     98.3    233.9    115.5 2023  4 24 21 54  5.720  0.0   1
      531  27.906350   85.537207    15.357    -1885.6    -1269.7    -1138.8    152.7    170.7    138.8 2023  4 24 22 33 15.800  0.0   1
      532  27.928001   85.484123    16.701    -7111.0     1129.6      205.4     67.8     89.7     60.3 2023  4 24 22 37 45.080  0.0   1
      533  27.838332   85.752498    19.989    19313.9    -8807.3     3493.6    164.1    389.0    170.5 2023  4 24 22 38 18.060  0.0   1
      534  27.875151   85.657064    16.157     9914.8    -4727.3     -339.0    154.8    152.3     76.6 2023  4 24 22 40 37.700  0.0   1
      535  27.916077   85.539958    17.542    -1615.1     -191.8     1046.2    116.2    221.5     92.4 2023  4 25  0 13 29.680  0.0   1
      536  27.957658   85.431576    18.035   -12281.6     4416.0     1539.5    105.8    152.5     98.7 2023  4 25  1 18 11.910  0.0   1
      537  27.900598   85.567562    17.341     1102.3    -1907.3      845.3    146.3    117.5     70.9 2023  4 25  1 53 56.850  0.0   1
      538  27.906991   85.684066    14.558    12570.9    -1198.8    -1937.7     65.7    137.5     77.9 2023  4 25  2 11 18.830  0.0   1
      539  27.992369   85.591024    15.494     3410.4     8262.8    -1001.7    290.3    219.6     97.2 2023  4 25  2 44 20.960  0.0   1
      540  27.931854   85.605404    19.117     4827.1     1556.6     2621.0    162.0    113.7     54.2 2023  4 25  7 37 13.060  0.0   1
      541  27.907959   85.666854    16.673    10876.4    -1091.4      177.7    116.6    116.8     73.9 2023  4 25 10 57 10.400  0.0   1
      542  27.964673   85.508228    17.136    -4737.3     5193.4      640.1     87.2    155.9     67.5 2023  4 25 13 24 41.560  0.0   1
      543  27.902157   85.520524    16.993    -3528.2    -1734.5      497.3     92.0     91.2     63.6 2023  4 25 13 55 33.690  0.0   1
      544  27.902795   85.524674    17.002    -3119.4    -1663.7      506.4     76.0     97.9     70.0 2023  4 25 14 12 46.680  0.0   1
      545  27.925899   85.459570    16.198    -9527.7      896.6     -297.8     59.7     66.9     52.0 2023  4 25 14 44 16.510  0.0   1
      546  27.958596   85.531047    17.072    -2491.4     4519.9      576.6    118.4     92.1     61.6 2023  4 25 15  8 48.630  0.0   1
      547  27.913692   85.504020    16.016    -5152.5     -456.1     -479.5     62.6    104.7     55.9 2023  4 25 15 10 38.950  0.0   1
      548  27.901127   85.516667    16.588    -3907.7    -1848.6       92.6     86.0    107.9     47.9 2023  4 25 15 11 57.390  0.0   1
      549  27.950566   85.656388    22.195     9844.6     3630.2     5699.5    191.9    327.6     74.8 2023  4 25 15 32 36.600  0.0   1
      550  27.962846   85.536475    13.760    -1957.8     4991.0    -2735.6    115.1    117.9     78.3 2023  4 25 16 32 54.510  0.0   1
      551  27.931226   85.446387    15.932   -10825.5     1487.0     -564.2    148.1    107.4     72.3 2023  4 25 17 49 41.400  0.0   1
      552  27.908093   85.783683    17.104    22377.9    -1076.5      608.0    147.8    327.3    157.9 2023  4 25 18 15  3.260  0.0   1
      553  27.923350   85.586515    16.120     2968.1      614.2     -375.6    249.5    155.7     69.3 2023  4 25 18 21 38.600  0.0   1
      554  27.921757   85.463086    15.480    -9181.8      437.6    -1015.5     68.1     68.2     41.4 2023  4 25 18 26  5.480  0.0   1
      555  27.929289   85.448714    16.038   -10596.3     1272.2     -457.8     96.5     97.2     70.4 2023  4 25 18 35 12.520  0.0   1
      556  27.915045   85.521403    15.550    -3441.5     -306.2     -945.8     87.9    116.2     73.1 2023  4 25 21  6 49.060  0.0   1
      557  27.890706   85.757007    16.014    19752.7    -3003.3     -481.5     76.8    144.8     80.6 2023  4 25 21  8 25.960  0.0   1
      558  27.927336   85.508748    16.247    -4687.0     1055.9     -248.5     95.9     88.5     65.6 2023  4 25 21 10 49.280  0.0   1
      559  27.870007   85.658439    17.465    10050.4    -5297.2      969.3    137.7    131.6     81.2 2023  4 25 21 21  0.500  0.0   1
      560  27.895622   85.593311    16.633     3637.3    -2458.6      136.9    166.3    100.3     66.9 2023  4 25 21 50 34.960  0.0   1
      561  27.893119   85.588794    16.683     3192.7    -2735.9      187.1    174.3    109.2     46.9 2023  4 25 21 51 41.920  0.0   1
      562  27.921613   85.459106    16.318    -9573.2      421.6     -178.2     67.2     59.1     39.3 2023  4 25 22 16 20.120  0.0   1
      563  27.963428   85.715649    14.049    15676.2     5055.5    -2446.4    108.5    152.3    120.2 2023  4 25 22 17 20.720  0.0   1
      564  27.872524   85.756510    15.594    19705.8    -5018.4     -902.3    117.5    223.8    123.0 2023  4 25 22 26  6.360  0.0   1
      565  27.899546   85.560767    16.325      433.6    -2023.7     -171.0    159.5    166.6     77.0 2023  4 25 22 55 40.800  0.0   1
      566  27.941209   85.509741    15.127    -4588.8     2593.3    -1368.8     81.9    149.3     61.6 2023  4 25 23 14 56.720  0.0   1
      567  27.949733   85.489958    16.938    -6536.2     3537.9      441.8    132.7    185.1     90.3 2023  4 25 23 33 19.020  0.0   1
      568  27.857833   85.748356    14.312    18904.2    -6646.3    -2183.3     97.1    202.5     97.2 2023  4 25 23 45 40.380  0.0   1
      569  27.856234   85.739657    15.299    18048.0    -6823.5    -1196.4     83.1     85.7    102.3 2023  4 25 23 46 42.200  0.0   1
      570  27.856624   85.742578    14.661    18335.7    -6780.3    -1835.1     91.3    107.5    106.0 2023  4 25 23 46 54.860  0.0   1
      571  27.858329   85.742814    14.721    18358.8    -6591.2    -1774.8     99.8    125.7    121.9 2023  4 25 23 47 30.460  0.0   1
      572  27.857591   85.747607    14.507    18830.8    -6673.2    -1988.6     91.8    105.4     79.4 2023  4 25 23 49  1.860  0.0   1
      573  27.858830   85.748039    14.423    18873.2    -6536.0    -2072.4     89.3    158.2     88.8 2023  4 25 23 49 28.280  0.0   1
      574  27.919411   85.609432    17.390     5223.9      177.6      894.4    112.5     94.5     53.6 2023  4 26  0 22 23.460  0.0   1
      575  27.919641   85.602824    17.535     4573.6      203.2     1038.7    179.6    136.7     73.6 2023  4 26  0 24 16.970  0.0   1
      576  27.909479   85.610693    12.704     5348.1     -923.1    -3791.7    531.4    229.5    223.6 2023  4 26  1 12 30.900  0.0   1
      577  27.916248   85.574007    17.253     1736.6     -173.0      757.3    127.9    101.7     56.1 2023  4 26  4 16 10.810  0.0   1
      578  27.908527   85.498877    11.107    -5659.1    -1028.5    -5388.6    211.4    231.5    186.2 2023  4 26  5 11 33.950  0.0   1
      579  27.910018   85.519132    14.434    -3665.3     -863.2    -2062.3    113.6    117.0     76.3 2023  4 26  6 29 37.990  0.0   1
      580  27.898307   85.536654    17.086    -1940.3    -2161.0      590.5    137.1    100.6     82.2 2023  4 26  7  3 16.640  0.0   1
      581  27.901447   85.595597    10.986     3862.0    -1813.3    -5510.1    301.8    254.5    119.8 2023  4 26  9 25 54.710  0.0   1
      582  27.900631   85.597388    10.882     4038.2    -1903.7    -5613.8    285.7    242.5    108.7 2023  4 26  9 26 28.210  0.0   1
      583  27.859985   85.775789    14.715    21604.9    -6407.8    -1781.2    115.9    208.4    113.5 2023  4 26 11 14  5.240  0.0   1
      584  27.978090   85.524056    19.187    -3179.8     6680.3     2691.4    238.1    262.2    111.6 2023  4 26 12 17  8.840  0.0   1
      585  27.951078   85.544450    17.988    -1173.0     3687.0     1492.4    127.3    144.3     61.0 2023  4 26 12 39 37.150  0.0   1
      586  27.918984   85.529460    16.816    -2648.2      130.3      320.7    103.2    107.3     48.5 2023  4 26 15 15 22.660  0.0   1
      587  27.915318   85.539941    17.950    -1616.8     -276.0     1453.9    148.5    204.5    112.9 2023  4 26 15 33 16.970  0.0   1
      588  27.899162   85.559578    16.844      316.4    -2066.3      347.7    100.7     89.5     36.1 2023  4 26 16 40 57.350  0.0   1
      589  27.950269   85.578166    18.933     2145.4     3597.2     2437.0    141.9    187.1     50.1 2023  4 26 16 49 57.330  0.0   1
      590  27.910874   85.515332    14.356    -4039.5     -768.4    -2139.7    115.9     91.9     67.8 2023  4 26 17  4 15.760  0.0   1
      591  27.932967   85.450675    16.255   -10403.0     1679.8     -241.2     94.3     83.8     54.1 2023  4 26 17 16  5.820  0.0   1
      592  27.900696   85.546753    16.730     -946.1    -1896.4      233.9     80.4    104.0     73.6 2023  4 26 17 23 55.860  0.0   1
      593  27.915723   85.571948    15.230     1533.7     -231.1    -1266.2    200.5    110.5     88.7 2023  4 26 17 47 23.900  0.0   1
      594  27.867657   85.672013    17.756    11386.4    -5557.6     1260.1     95.5     71.9     54.5 2023  4 26 18 39 50.120  0.0   1
      595  27.916286   85.570996    15.372     1440.0     -168.6    -1123.3    115.3     80.5     79.5 2023  4 26 18 54 24.200  0.0   1
      596  27.903619   85.535815    16.316    -2023.1    -1572.4     -179.7     98.2    100.1     66.4 2023  4 26 19 16 20.320  0.0   1
      597  27.938674   85.637866    18.405     8022.4     2312.3     1909.0     79.2    139.2     45.9 2023  4 26 19 23  5.720  0.0   1
      598  27.903276   85.758716    17.476    19920.3    -1610.4      979.9    118.9    200.6     93.8 2023  4 26 19 25 50.520  0.0   1
      599  27.906801   85.543058    18.284    -1310.2    -1219.7     1788.1    132.9    133.0    101.5 2023  4 26 19 41  3.680  0.0   1
      600  27.898981   85.511426    15.954    -4424.2    -2086.5     -541.7    109.1    169.5     70.5 2023  4 26 19 54  3.780  0.0   1
      601  27.902415   85.506567    15.985    -4902.5    -1705.8     -511.2    102.2     99.0     81.5 2023  4 26 19 59 11.160  0.0   1
      602  27.897160   85.519377    16.851    -3640.9    -2288.1      354.9    128.1    113.0     51.1 2023  4 26 20  6  5.700  0.0   1
      603  27.902079   85.516439    16.738    -3930.6    -1743.1      242.3     98.1     86.4     73.1 2023  4 26 20 13 16.380  0.0   1
      604  27.900338   85.517326    16.732    -3843.2    -1935.9      236.2     79.2     99.3     51.5 2023  4 26 20 19 56.640  0.0   1
      605  27.902543   85.582869    16.047     2609.4    -1691.6     -449.2    125.8    116.3     90.5 2023  4 26 20 25  1.280  0.0   1
      606  27.903389   85.523568    17.022    -3228.6    -1597.9      526.1     77.7     99.0     76.5 2023  4 26 20 30 23.520  0.0   1
      607  27.902346   85.515763    17.129    -3997.2    -1713.5      633.6    141.2    134.9     85.9 2023  4 26 20 36 16.240  0.0   1
      609  27.921287   85.546769    17.765     -944.1      385.5     1269.6    104.9    140.4     64.3 2023  4 26 20 40 25.020  0.0   1
      610  27.941386   85.457463    15.719    -9734.2     2612.9     -776.7    123.2    191.3     99.4 2023  4 26 21 10 42.680  0.0   1
      611  27.890802   85.610742    17.707     5353.4    -2992.8     1211.6     91.4    111.9     62.1 2023  4 26 21 27 31.060  0.0   1
      612  27.929954   85.508911    18.478    -4671.1     1346.0     1982.3    127.6    171.2    108.6 2023  4 26 21 49 42.520  0.0   1
      613  27.917820   85.471395    15.278    -8364.0        1.3    -1217.4     72.5     94.7     72.6 2023  4 26 21 59 34.120  0.0   1
      614  27.948737   85.548511    16.975     -773.1     3427.5      479.3    117.4     99.6     59.9 2023  4 26 22  2 51.260  0.0   1
      615  27.906944   85.648446    16.500     9064.4    -1204.0        4.6    150.8    156.8     86.6 2023  4 26 22 33 52.560  0.0   1
      616  27.858256   85.681323    16.687    12303.6    -6599.4      190.9     97.8     89.6     55.3 2023  4 26 22 36 59.840  0.0   1
      617  27.851599   85.764844    17.796    20528.1    -7337.1     1300.4    130.2    197.3    127.4 2023  4 26 22 46 28.960  0.0   1
      618  27.912500   85.512158    14.221    -4351.3     -588.3    -2274.8    101.3    108.5     73.7 2023  4 26 23  8 49.760  0.0   1
      619  27.943050   85.625781    18.446     6832.1     2797.3     1950.0     92.9    105.9     62.3 2023  4 26 23 18 29.540  0.0   1
      620  27.907723   85.562931    16.618      646.6    -1117.6      121.8    143.3    134.8     68.2 2023  4 26 23 46 51.840  0.0   1
      621  27.908024   85.568595    16.894     1203.8    -1084.3      398.4    148.9    154.4     35.9 2023  4 26 23 48 27.680  0.0   1
      622  27.859607   85.753979    15.582    19457.9    -6449.6     -914.0    115.2    140.3    109.4 2023  4 27  0 45 24.220  0.0   1
      623  27.896189   85.566642    17.958     1011.7    -2395.7     1462.3    138.5     87.1     88.3 2023  4 27  3 23 44.810  0.0   1
      624  27.910803   85.593636    16.144     3669.0     -776.3     -352.1    154.2     90.0     99.0 2023  4 27  5  1  4.620  0.0   1
      625  27.899980   85.553215    16.765     -310.4    -1975.7      269.2     94.4    112.4     36.0 2023  4 27  7 11  2.320  0.0   1
      626  27.886525   85.654248    17.558     9636.4    -3466.7     1062.2    169.7    115.0     73.7 2023  4 27  8  9 21.460  0.0   1
      627  27.905448   85.522786    15.847    -3305.3    -1369.7     -649.1     77.6     96.3     49.5 2023  4 27  8 15 22.390  0.0   1
      628  27.882471   85.751432    15.017    19204.9    -3916.0    -1478.7     88.4    154.5    124.2 2023  4 27 10 48 41.630  0.0   1
      630  27.954061   85.530184    17.603    -2576.9     4017.6     1106.9    390.3    275.6    161.5 2023  4 27 12 31 46.250  0.0   1
      631  27.891665   85.498324    17.098    -5713.6    -2897.1      602.1    139.6    255.8    101.3 2023  4 27 12 34 35.420  0.0   1
      632  27.947479   85.535815    17.214    -2022.4     3288.2      718.4    151.4    124.5     77.0 2023  4 27 12 40 10.080  0.0   1
      633  27.921232   85.462394    15.808    -9249.5      379.4     -688.2     78.6     68.1     68.9 2023  4 27 14 53 46.750  0.0   1
      634  27.921790   85.461450    15.680    -9343.2      441.3     -815.4     77.6     67.8     58.6 2023  4 27 14 55  4.350  0.0   1
      635  27.921596   85.462874    15.829    -9202.5      419.9     -666.8     72.8     67.0     69.1 2023  4 27 14 57  2.370  0.0   1
      636  27.921283   85.460938    15.324    -9393.1      385.1    -1172.2     76.7     59.1     66.3 2023  4 27 15  0 43.870  0.0   1
      637  27.921590   85.460229    15.344    -9462.9      419.2    -1152.1     74.1     65.7     58.3 2023  4 27 15  1 24.770  0.0   1
      638  27.946539   85.557715    17.904      132.8     3184.0     1407.9    516.6    472.4    199.9 2023  4 27 15 26 42.940  0.0   1
      639  27.908244   85.477612    15.502    -7752.5    -1059.9     -993.8     71.6    101.0     59.5 2023  4 27 15 57 17.890  0.0   1
      640  27.910514   85.547062    16.498     -915.5     -808.2        2.3     98.8    168.2     54.6 2023  4 27 16  4  5.390  0.0   1
      641  27.907330   85.476709    15.789    -7841.1    -1161.2     -706.6     53.0     86.3     66.1 2023  4 27 16 11  2.380  0.0   1
      642  27.960413   85.421672    18.658   -13256.1     4721.4     2161.8    113.4    188.4     96.8 2023  4 27 16 34 18.490  0.0   1
      643  27.935885   85.613525    21.707     5626.6     2003.1     5211.6    171.4    127.4     48.0 2023  4 27 17  0  2.640  0.0   1
      644  27.893073   85.687272    16.854    12887.3    -2741.1      358.2     58.0    101.1     76.2 2023  4 27 17  6 20.180  0.0   1
      645  27.903206   85.515845    16.493    -3988.5    -1618.1       -2.8     72.7    119.4     53.4 2023  4 27 17 14 29.480  0.0   1
      646  27.901333   85.522721    16.420    -3311.7    -1825.7      -76.1     73.0    113.0     49.5 2023  4 27 17 34 25.200  0.0   1
      647  27.959204   85.535758    16.255    -2028.2     4587.4     -240.5    121.2     99.1     67.8 2023  4 27 18  1 58.520  0.0   1
      648  27.918514   85.566797    16.086     1027.3       78.3     -409.5    132.3    112.0     70.0 2023  4 27 19 11 11.440  0.0   1
      649  27.925604   85.454720    15.608   -10004.9      863.9     -887.4     56.1     82.7     68.8 2023  4 27 19 37  2.040  0.0   1
      650  27.909648   85.531128    16.434    -2484.6     -904.4      -61.6     77.4     92.3     63.6 2023  4 27 20 34  9.120  0.0   1
      651  27.894623   85.753003     7.868    19358.3    -2569.4    -8628.3    184.6    418.8    319.7 2023  4 27 20 55  8.780  0.0   1
      652  27.952504   85.466130    17.027    -8880.9     3845.1      531.5     84.4    100.9     74.1 2023  4 27 21 33 56.480  0.0   1
      653  27.953587   85.467383    16.953    -8757.4     3965.0      457.5     85.7     86.0     71.1 2023  4 27 21 34 48.960  0.0   1
      654  27.905090   85.651847    16.863     9399.8    -1409.4      367.1    136.9    126.2     50.9 2023  4 27 21 50 10.820  0.0   1
      655  27.928898   85.647803    18.405     9000.1     1228.9     1909.4     90.2    125.2     32.4 2023  4 27 21 50 31.600  0.0   1
      656  27.878772   85.673633    17.502    11545.4    -4325.9     1006.1    101.5    106.9     54.7 2023  4 27 21 50 37.720  0.0   1
      657  27.920087   85.492244    15.434    -6311.8      252.5    -1060.4     71.7    137.2     83.9 2023  4 27 21 58  1.960  0.0   1
      658  27.936995   85.645109    18.554     8735.1     2126.3     2058.4     85.8    158.5     43.8 2023  4 27 22  2 59.840  0.0   1
      659  27.934757   85.624292    16.944     6685.9     1878.3      447.9    123.4    124.6     52.9 2023  4 27 22 18 47.480  0.0   1
      660  27.924520   85.536987    16.421    -1907.4      743.9      -74.6     93.6     87.7     60.5 2023  4 27 22 32 44.400  0.0   1
      661  27.918724   85.556372    17.376        1.2      101.5      880.6    197.5    146.2     59.7 2023  4 27 22 45 22.760  0.0   1
      662  27.915460   85.491707    14.112    -6364.9     -260.3    -2383.8    157.3    191.3    145.6 2023  4 27 23 24 42.960  0.0   1
      663  27.906101   85.534896    16.454    -2113.5    -1297.4      -41.4    162.0    118.7    114.2 2023  4 27 23 40 11.520  0.0   1
      664  27.899249   85.562272    17.490      582.0    -2056.7      993.8    161.3    113.0     76.9 2023  4 28  0 12 55.020  0.0   1
      665  27.905654   85.723242    15.507    16428.2    -1346.9     -988.4     95.7    216.7     98.9 2023  4 28  1 16 53.700  0.0   1
      667  27.918467   85.508993    16.999    -4663.4       73.0      503.2     92.7    101.9    103.1 2023  4 28  5 18 59.250  0.0   1
      668  27.922500   85.459888    16.412    -9496.5      519.8      -83.7     81.3     76.9     55.9 2023  4 28  7 49 19.110  0.0   1
      669  27.903200   85.554329    16.664     -200.6    -1618.8      167.8    104.1     93.0     59.3 2023  4 28  9 41  8.110  0.0   1
      670  27.957251   85.586792    18.490     2995.0     4371.0     1993.7    228.4    155.0     96.0 2023  4 28 10 15 38.280  0.0   1
      671  27.917000   85.515283    17.424    -4044.2      -89.5      927.9    117.1     96.8     68.5 2023  4 28 10 32 11.890  0.0   1
      672  27.920583   85.511955    17.241    -4371.0      307.6      745.3    110.4     84.5     78.3 2023  4 28 15 35  8.990  0.0   1
      673  27.940625   85.624813    18.721     6736.9     2528.6     2225.4     93.4    167.8     52.3 2023  4 28 16  9 41.870  0.0   1
      674  27.913855   85.561605    17.108      516.3     -438.1      612.0    104.0     81.4     48.5 2023  4 28 17  3  2.560  0.0   1
      675  27.901357   85.512272    16.042    -4340.5    -1823.0     -454.2     85.3     91.0     62.6 2023  4 28 17 36 45.360  0.0   1
      676  27.902163   85.648633    16.912     9083.4    -1733.9      415.8    122.7    121.6     36.5 2023  4 28 18 37 57.160  0.0   1
      677  27.909066   85.484098    16.805    -7114.1     -968.8      309.6     85.2     92.3     58.3 2023  4 28 18 43  9.060  0.0   1
      678  27.930656   85.455485    16.094    -9929.3     1423.7     -401.4     62.9     84.8     60.9 2023  4 28 19 30 22.920  0.0   1
      680  27.936680   85.630078    18.712     7255.6     2091.3     2216.5    111.1    166.0     46.8 2023  4 28 19 40  2.280  0.0   1
      681  27.932434   85.588550    21.699     3167.9     1620.8     5203.5    174.4    102.2     89.7 2023  4 28 20 59 24.840  0.0   1
      682  27.934155   85.592643    21.652     3571.3     1811.7     5156.3    153.5     98.6     59.8 2023  4 28 21  0 38.500  0.0   1
      683  27.933624   85.591162    21.486     3425.2     1752.6     4989.7    152.3     78.5     91.0 2023  4 28 21 10 29.700  0.0   1
      684  27.938112   85.452629    15.376   -10210.2     2250.0    -1120.2     97.0    101.9     83.3 2023  4 28 21 13 17.640  0.0   1
      685  27.925785   85.569271    16.349     1270.7      884.1     -146.8    132.8    100.2     82.0 2023  4 28 21 23 37.340  0.0   1
      686  27.933698   85.590763    21.539     3386.3     1760.9     5043.1    167.4     77.4     65.1 2023  4 28 21 26 31.580  0.0   1
      687  27.948472   85.456885    15.709    -9791.0     3398.1     -787.3    107.3    133.0     88.5 2023  4 28 22  8 22.800  0.0   1
      688  27.953864   85.540169    17.989    -1593.7     3995.5     1492.7    124.3     98.9     66.1 2023  4 28 22 32 33.440  0.0   1
      689  27.896830   85.629134    17.770     7164.1    -2324.8     1273.9    171.6     94.2     59.4 2023  4 29  1 52  3.820  0.0   1
      690  27.923381   85.567700    17.661     1115.8      617.5     1165.3    154.3    110.8     59.6 2023  4 29  4 49 29.930  0.0   1
      691  27.918591   85.670801    19.919    11265.0       86.9     3422.8    105.5    132.4    101.7 2023  4 29  5 41 31.030  0.0   1
      692  27.897439   85.558854    16.978      244.8    -2257.4      482.0    101.2     87.1     57.3 2023  4 29  6 14  0.590  0.0   1
      693  27.909391   85.624341    16.566     6691.7     -932.8       70.7    116.9    126.0     54.4 2023  4 29  6 53 20.760  0.0   1
      694  27.919423   85.537858    17.175    -1821.9      179.0      679.4    102.4    113.7     51.3 2023  4 29  9 32 23.040  0.0   1
      695  27.913456   85.553483    18.223     -283.7     -482.2     1727.1    197.7    165.0    102.3 2023  4 29  9 59 46.570  0.0   1
      696  27.895353   85.558390    16.960      199.4    -2488.5      464.6    115.4    106.2     47.9 2023  4 29 12 31 30.510  0.0   1
      697  27.918591   85.603719    17.656     4661.2       86.9     1160.6    125.2    109.8     90.4 2023  4 29 13  1 54.420  0.0   1
      698  27.906191   85.516650    15.900    -3909.4    -1287.4     -595.5     66.5     86.3     35.8 2023  4 29 13 28 26.360  0.0   1
      699  27.905345   85.519808    15.932    -3598.5    -1381.2     -563.4     82.7     99.8     49.7 2023  4 29 13 28 34.290  0.0   1
      700  27.902663   85.549740    16.650     -652.0    -1678.4      153.9    107.9    121.4     61.9 2023  4 29 13 29 52.760  0.0   1
      701  27.906759   85.515560    15.683    -4017.2    -1224.5     -813.1     95.2    101.9     76.7 2023  4 29 14  5 46.830  0.0   1
      703  27.900173   85.550342    16.733     -593.0    -1954.2      237.5     86.7    105.3     46.3 2023  4 29 14 59 32.500  0.0   1
      704  27.838456   85.756877    17.665    19744.7    -8793.7     1169.4     99.9    198.7     96.5 2023  4 29 16 31  6.110  0.0   1
      705  27.990088   85.601864    14.739     4477.1     8009.9    -1757.0    271.4    220.8    155.6 2023  4 29 17  0 27.200  0.0   1
      706  27.929510   85.520630    16.253    -3517.4     1296.9     -242.9     93.2    118.6     57.4 2023  4 29 17 26 23.840  0.0   1
      707  27.904106   85.518840    16.075    -3693.8    -1518.5     -421.1     76.9     93.4     45.2 2023  4 29 17 26 53.520  0.0   1
      708  27.904795   85.516984    15.949    -3876.5    -1442.1     -546.7     96.7    115.6     45.9 2023  4 29 17 28 40.240  0.0   1
      709  27.905109   85.513200    15.558    -4248.9    -1407.3     -937.4     60.5     91.4     42.6 2023  4 29 17 29 54.640  0.0   1
      710  27.896352   85.510824    16.362    -4483.2    -2377.6     -133.5    104.8     99.5     79.4 2023  4 29 18 15 38.880  0.0   1
      711  27.902057   85.508097    15.696    -4751.9    -1745.5     -799.4     55.9     80.6     67.2 2023  4 29 18 15 46.280  0.0   1
      712  27.861119   85.745296    13.724    18603.0    -6282.2    -2772.1    129.3    180.2    133.5 2023  4 29 18 19 46.960  0.0   1
      713  27.928654   85.518262    15.374    -3750.8     1202.0    -1121.6    114.9    104.1    100.5 2023  4 29 18 33 18.220  0.0   1
      714  27.904169   85.581942    17.049     2518.1    -1511.4      553.2    209.8    131.5     52.6 2023  4 29 18 59 55.840  0.0   1
      715  27.897620   85.617554    15.037     6023.5    -2237.3    -1459.0    217.6    173.4    100.8 2023  4 29 19  7 27.460  0.0   1
      716  27.922396   85.450041    18.286   -10466.1      508.5     1790.5     95.7    160.3     93.5 2023  4 29 19 29 21.400  0.0   1
      717  27.839817   85.647982    18.270     9022.1    -8642.7     1774.0    109.7    152.7     87.1 2023  4 29 20  3 50.500  0.0   1
      718  27.935191   85.610579    18.871     5336.4     1926.4     2375.5    129.8    115.7     46.6 2023  4 29 20  9 15.600  0.0   1
      719  27.930481   85.523820    15.752    -3203.3     1404.5     -743.7    133.8    127.1    109.1 2023  4 29 20 28 38.700  0.0   1
      720  27.916779   85.600562    17.717     4350.4     -114.0     1221.4    204.0    175.7     92.4 2023  4 29 20 39  8.520  0.0   1
      721  27.924544   85.545068    15.561    -1111.5      746.6     -934.9    246.1    126.5    122.1 2023  4 29 21 19 23.040  0.0   1
      722  27.966768   85.503670    17.357    -5185.5     5425.7      861.2     98.5    144.5     60.0 2023  4 29 22 11 18.060  0.0   1
      723  27.926113   85.535042    16.495    -2099.1      920.4       -0.6    109.8    125.8     47.3 2023  4 29 23  8 45.880  0.0   1
      724  27.904885   85.535002    16.215    -2103.0    -1432.1     -280.7     74.8    140.3     65.0 2023  4 29 23 22  1.240  0.0   1
      725  27.866305   85.514543    15.718    -4117.7    -5707.5     -778.0    243.2    556.8    161.8 2023  4 29 23 27 49.080  0.0   1
      726  27.966803   85.605070    15.066     4793.8     5429.4    -1429.5    228.7    221.3     63.9 2023  4 30  0  3 48.890  0.0   1
      727  27.955961   85.537394    15.904    -1867.2     4227.9     -591.9    105.0    103.4     75.1 2023  4 30  0  6 29.110  0.0   1
      728  27.937781   85.500195     9.486    -5528.7     2213.3    -7009.6     90.9     76.3     67.6 2023  4 30  5 18 46.890  0.0   1
      729  27.901253   85.562484    16.586      602.7    -1834.5       90.4    110.0    120.9     63.2 2023  4 30  5 25  7.040  0.0   1
      730  27.904820   85.526644    16.792    -2925.5    -1439.3      296.1     98.2    120.1     51.5 2023  4 30  9 31 50.890  0.0   1
      731  27.918811   85.464860    16.134    -9007.5      111.1     -361.7     81.4     77.0     56.4 2023  4 30  9 34  6.860  0.0   1
      732  27.933856   85.614714    17.237     5743.0     1778.5      741.1    111.4     79.1     44.8 2023  4 30 10 23 27.960  0.0   1
      733  27.896242   85.579940    16.785     2321.1    -2389.9      289.1    172.7    102.8     50.9 2023  4 30 11 41 21.320  0.0   1
      734  27.927169   85.466414    17.801    -8854.2     1037.2     1305.3     69.3    123.0     76.0 2023  4 30 12 20 40.090  0.0   1
      735  27.937842   85.611369    18.276     5413.7     2220.1     1780.2    168.9    147.6     57.9 2023  4 30 14 49 26.330  0.0   1
      736  27.959239   85.570402    17.504     1381.6     4591.3     1007.8    226.5    110.8     68.3 2023  4 30 15  7  2.230  0.0   1
      737  27.949646   85.425163    14.362   -12913.1     3528.1    -2134.2     84.6    102.3    104.7 2023  4 30 15 23 38.260  0.0   1
      738  27.896663   85.580200    16.846     2346.6    -2343.3      350.6    150.3    125.1     45.1 2023  4 30 15 25 38.550  0.0   1
      739  27.928872   85.523722    16.446    -3213.1     1226.0      -49.7    119.1    163.4     69.6 2023  4 30 15 29 58.730  0.0   1
      740  27.950285   85.427051    14.632   -12727.0     3599.0    -1864.1     92.6    105.2    102.2 2023  4 30 15 45 49.780  0.0   1
      741  27.924605   85.512313    15.467    -4336.0      753.3    -1029.0     87.4    105.0     74.2 2023  4 30 15 50 36.940  0.0   1
      742  27.913810   85.522192    21.370    -3363.5     -443.0     4874.3    187.4    133.5     67.2 2023  4 30 15 59 53.950  0.0   1
      743  27.904667   85.527450    15.962    -2846.4    -1456.2     -533.7     81.7    118.7     65.3 2023  4 30 16 55  9.480  0.0   1
      744  27.910103   85.523812    15.297    -3204.6     -853.9    -1198.8     89.7    143.5     86.5 2023  4 30 16 55 24.340  0.0   1
      745  27.904995   85.532959    15.801    -2303.8    -1419.8     -695.1     81.7    128.2     93.4 2023  4 30 17  2  6.440  0.0   1
      746  27.911011   85.557121    16.540       74.6     -753.3       44.2    106.9    111.1     58.3 2023  4 30 17 27 14.080  0.0   1
      747  27.911155   85.509212    17.003    -4641.3     -737.2      506.7    102.1    120.1     83.2 2023  4 30 17 27 54.480  0.0   1
      748  27.907117   85.582983    14.787     2620.2    -1184.7    -1708.7    131.5    116.4    110.6 2023  4 30 18 11 12.480  0.0   1
      749  27.937671   85.504093    17.743    -5145.2     2201.1     1247.2    119.1    108.8     76.4 2023  4 30 18 24 11.480  0.0   1
      750  27.944318   85.544735    20.831    -1144.2     2937.8     4335.1    270.0    211.2    144.2 2023  4 30 18 29 31.520  0.0   1
      751  27.900781   85.549674    16.771     -658.5    -1886.9      274.7     90.6    118.3     46.1 2023  4 30 18 31 39.900  0.0   1
      752  27.937610   85.429142    16.036   -12521.9     2194.5     -460.0     66.7     93.3     74.1 2023  4 30 19 22 59.280  0.0   1
      753  27.909530   85.523405    16.195    -3244.3     -917.4     -301.2     67.0    104.1     51.5 2023  4 30 19 46 14.640  0.0   1
      754  27.910728   85.526449    16.107    -2945.0     -784.5     -388.3     73.7     91.7     60.1 2023  4 30 20 23  3.980  0.0   1
      755  27.949536   85.415527    18.307   -13861.1     3516.0     1811.6    118.6    176.2    101.9 2023  4 30 21  3 43.760  0.0   1
      756  27.909682   85.461873    16.844    -9301.8     -900.5      348.0     63.0    102.7     75.5 2023  4 30 21 19 25.760  0.0   1
      757  27.911092   85.462077    15.580    -9281.7     -744.3     -915.7     98.4    130.5     81.9 2023  4 30 21 20 22.420  0.0   1
      758  27.949898   85.558757    20.354      235.3     3556.2     3858.6    170.6    114.8     74.1 2023  4 30 21 22 17.380  0.0   1
      759  27.890896   85.609595    17.380     5240.2    -2982.3      884.4     86.9    104.0     45.5 2023  4 30 21 23 17.060  0.0   1
      760  27.952104   85.557552    20.599      117.0     3800.7     4102.7    151.5    182.4     98.3 2023  4 30 21 26 42.720  0.0   1
      761  27.921285   85.459823    15.586    -9503.2      385.3     -909.8     95.6     72.4     74.5 2023  4 30 21 36 36.760  0.0   1
      762  27.940961   85.405737    15.990   -14825.4     2565.8     -506.3    109.5    147.3     99.9 2023  4 30 21 42 44.120  0.0   1
      763  27.928298   85.520101    16.291    -3569.8     1162.4     -205.2    104.0     61.5     59.0 2023  4 30 21 47 12.780  0.0   1
      764  27.886475   85.608439    17.070     5126.5    -3472.4      573.9     81.4    107.2     99.3 2023  4 30 21 50  8.920  0.0   1
      765  27.948433   85.414795    18.791   -13933.2     3393.8     2295.6    131.4    201.7     91.4 2023  4 30 21 59 35.500  0.0   1
      766  27.925568   85.522127    16.081    -3370.2      859.9     -415.0     94.9    116.3     70.8 2023  4 30 22  0 57.820  0.0   1
      767  27.929665   85.527222    16.570    -2868.8     1314.0       74.3    107.9    131.6     56.5 2023  4 30 22  1 13.440  0.0   1
      768  27.924888   85.526343    15.857    -2954.8      784.5     -638.9    165.2    134.9     76.9 2023  4 30 22  5 11.360  0.0   1
      769  27.917708   85.682340    18.378    12400.9      -10.9     1882.2     62.3     87.7     59.0 2023  4 30 22 13 27.980  0.0   1
      770  27.889124   85.609310    17.140     5212.3    -3178.8      643.8     82.3     84.7     42.2 2023  4 30 22 37 40.080  0.0   1
      771  27.949003   85.414364    19.139   -13976.4     3456.9     2643.3    196.5    241.4    143.2 2023  4 30 23 17 25.280  0.0   1
      772  27.889827   85.610067    17.305     5286.7    -3100.7      809.0     85.9    107.6     44.5 2023  5  1  0  7 54.950  0.0   1
      773  27.906366   85.578735    17.150     2202.5    -1268.1      654.4    171.6     94.2     30.1 2023  5  1  2 47 59.610  0.0   1
      774  27.906350   85.580233    17.211     2349.4    -1269.8      715.0    135.6     80.6     67.8 2023  5  1  2 48 24.250  0.0   1
      775  27.903982   85.584383    17.176     2757.9    -1532.3      679.9    171.6     98.7     58.8 2023  5  1  2 55  7.100  0.0   1
      776  27.882576   85.707617    16.241    14891.2    -3904.4     -255.1     76.5    156.2     93.4 2023  5  1  4 55 58.440  0.0   1
      777  27.939461   85.529346    14.134    -2659.4     2399.5    -2361.7    127.9    139.2     57.5 2023  5  1 12 17 13.960  0.0   1
      778  27.913509   85.576742    17.962     2006.3     -476.3     1466.3    380.6    288.7    102.0 2023  5  1 13 23 39.550  0.0   1
      779  27.906104   85.558903    15.519      250.0    -1297.1     -976.8    131.8    180.1     76.0 2023  5  1 13 45 16.480  0.0   1
      780  27.938411   85.500716     9.248    -5476.9     2283.3    -7247.6    133.3     81.2     60.3 2023  5  1 15  6 22.510  0.0   1
      781  27.906081   85.552327    15.350     -397.4    -1299.5    -1145.9     90.0    109.2     76.2 2023  5  1 15 10 29.710  0.0   1
      782  27.921358   85.557682    16.359      130.2      393.5     -137.3    147.8     81.6     88.1 2023  5  1 15 43  0.290  0.0   1
      783  27.917424   85.566479    17.116      995.4      -42.7      620.0    142.6     95.3     57.1 2023  5  1 15 44  4.610  0.0   1
      784  27.949795   85.602181    20.113     4509.0     3544.6     3617.1    207.5    145.4     73.9 2023  5  1 16 21 11.390  0.0   1
      785  27.902482   85.544922    16.424    -1126.4    -1698.4      -72.3    105.8    118.7     70.2 2023  5  1 16 50  3.910  0.0   1
      786  27.931293   85.497347    15.865    -5809.3     1494.3     -630.6     69.5     72.0     58.7 2023  5  1 17  4 39.320  0.0   1
      787  27.888928   85.607397    17.171     5024.0    -3200.5      675.3     89.9    125.2     37.7 2023  5  1 18 28 14.500  0.0   1
      788  27.903392   85.541260    16.535    -1487.2    -1597.7       39.4    178.6     88.7     56.7 2023  5  1 18 38 39.920  0.0   1
      789  27.936981   85.446313    16.886   -10832.3     2124.8      390.0     92.7    142.8     67.4 2023  5  1 18 47 51.600  0.0   1
      790  27.904901   85.507332    15.769    -4826.6    -1430.4     -727.3     69.1     73.8     64.1 2023  5  1 19 44  6.720  0.0   1
      791  27.914724   85.525334    16.184    -3054.8     -341.9     -311.9     94.8     99.6     56.9 2023  5  1 20 29 54.000  0.0   1
      792  27.912038   85.569385    17.173     1282.0     -639.3      677.0    124.5    108.1     58.4 2023  5  1 20 30 44.900  0.0   1
      793  27.840869   85.659416    17.074    10147.9    -8526.3      578.5    128.7    114.8     92.3 2023  5  1 20 46 41.080  0.0   1
      794  27.849609   85.717456    17.203    15862.3    -7557.7      707.6    115.4    172.8    114.9 2023  5  1 20 50 38.220  0.0   1
      795  27.906537   85.577970    17.108     2126.8    -1249.0      612.0    177.4    140.4     43.4 2023  5  1 20 59 56.440  0.0   1
      796  27.906714   85.583154    17.496     2637.3    -1229.4     1000.4    135.7    109.2     50.2 2023  5  1 21  3 46.400  0.0   1
      797  27.905837   85.580029    17.199     2329.9    -1326.7      703.5    154.7     96.3     35.2 2023  5  1 21  6 17.300  0.0   1
      798  27.929028   85.503866    16.032    -5167.4     1243.4     -463.9     97.2     80.9     58.9 2023  5  1 21 21  2.420  0.0   1
      799  27.943315   85.635132    18.240     7752.4     2826.6     1744.3     75.3    133.9     43.9 2023  5  1 22 32  2.420  0.0   1
      800  27.915196   85.671818    12.744    11365.0     -289.5    -3751.9    153.6    494.4    103.1 2023  5  1 22 55  3.640  0.0   1
      801  27.897636   85.647184    14.744     8941.0    -2235.5    -1751.9    160.7    214.5     96.8 2023  5  1 23  4 20.600  0.0   1
      802  27.935913   85.432633    17.956   -12178.7     2006.5     1460.0     57.6     95.3     70.8 2023  5  1 23 53  8.240  0.0   1
      803  27.933728   85.574365    16.465     1771.6     1764.2      -30.8    117.7    109.7     55.3 2023  5  2  0  0  1.970  0.0   1
      804  27.928762   85.443620    17.790   -11097.9     1213.9     1293.7    106.8    101.4     85.5 2023  5  2  1 19 40.600  0.0   1
      805  27.935274   85.618416     8.830     6108.0     1935.5    -7666.2    327.4    353.2    179.1 2023  5  2  2 30 30.550  0.0   1
      806  27.955644   85.706242    14.295    14750.6     4192.8    -2200.8     94.1    144.2     92.6 2023  5  2  2 45 37.080  0.0   1
      807  27.936405   85.430420    17.671   -12396.3     2061.0     1175.0     68.5     83.7     52.5 2023  5  2  3 55 43.360  0.0   1
      808  27.923008   85.515812    17.549    -3991.8      576.2     1053.2     81.0     83.1     76.1 2023  5  2  4 20 46.720  0.0   1
      809  27.916482   85.621574    22.171     6419.4     -146.9     5675.3    208.6    252.5     63.3 2023  5  2  4 41 23.370  0.0   1
      810  27.937254   85.423201    16.909   -13106.7     2155.0      413.1     70.8     88.3     59.6 2023  5  2  5 56 28.760  0.0   1
      811  27.936196   85.430876    17.858   -12351.5     2037.6     1362.4     65.4     92.6     66.5 2023  5  2  6 55 58.810  0.0   1
      812  27.929637   85.510978    16.046    -4467.4     1310.9     -449.4     89.4    120.3     56.7 2023  5  2  9 33  6.040  0.0   1
      813  27.936609   85.434627    18.160   -11982.0     2083.5     1664.5     75.9     93.7     85.3 2023  5  2 12 42 29.600  0.0   1
      814  27.937274   85.430184    17.655   -12419.8     2157.1     1159.6     62.8     89.7     51.5 2023  5  2 12 57  8.170  0.0   1
      815  27.916728   85.481510    13.744    -7368.6     -119.8    -2752.2     99.2    191.9    108.7 2023  5  2 13 10 17.990  0.0   1
      816  27.939115   85.428223    17.691   -12612.5     2361.2     1194.7     68.7     81.1     53.8 2023  5  2 13 47 21.740  0.0   1
      817  27.908419   85.524870    16.690    -3100.7    -1040.4      193.7     90.5    130.0     60.7 2023  5  2 14 20 54.360  0.0   1
      818  27.988141   85.498014    19.225    -5741.7     7794.2     2729.2     93.9    140.7     40.6 2023  5  2 14 49 22.880  0.0   1
      819  27.861336   85.692017    18.321    13357.0    -6258.2     1825.0    132.2     79.1    110.2 2023  5  2 15  2 30.640  0.0   1
      820  27.886464   85.615641    18.319     5835.8    -3473.5     1822.7    105.4    156.2    118.2 2023  5  2 15 36 29.330  0.0   1
      821  27.917041   85.691593    17.353    13311.9      -85.0      856.8     53.7     92.8     36.7 2023  5  2 16 45 54.440  0.0   1
      822  27.839427   85.666211    17.324    10817.2    -8686.1      828.4    109.7    141.7     71.1 2023  5  2 17  2 13.320  0.0   1
      823  27.938434   85.635620    18.620     7801.3     2285.8     2124.3     79.0    108.3     45.0 2023  5  2 17  4 56.280  0.0   1
      824  27.937010   85.629053    18.592     7154.5     2128.0     2096.3    140.1    113.5     44.5 2023  5  2 17  7 48.100  0.0   1
      825  27.841319   85.658089    17.743    10016.6    -8476.5     1247.5    105.7    153.8     79.2 2023  5  2 17  9  2.960  0.0   1
      826  27.840238   85.665568    17.467    10753.5    -8596.1      971.3    109.4    132.2     82.9 2023  5  2 17 26 52.240  0.0   1
      827  27.842491   85.658512    17.822    10058.4    -8346.5     1326.3     57.6     82.1     50.0 2023  5  2 17 40 37.240  0.0   1
      828  27.912738   85.513102    17.203    -4258.7     -561.9      707.2     77.0     84.6     71.7 2023  5  2 18 18 36.320  0.0   1
      829  27.915676   85.472485    15.151    -8256.9     -236.2    -1344.5    103.1    159.9     85.9 2023  5  2 18 38 47.760  0.0   1
      830  27.927720   85.453833    14.925   -10092.4     1098.3    -1571.2     59.1     95.1     93.5 2023  5  2 19 39 57.200  0.0   1
      831  27.919794   85.459123    15.139    -9572.4      219.9    -1357.3     58.8     89.4     66.0 2023  5  2 20 11  4.880  0.0   1
      832  27.843412   85.658000    17.953    10008.1    -8244.5     1456.9    111.5    172.3     96.6 2023  5  2 20 22  4.160  0.0   1
      833  27.935227   85.434953    18.129   -11950.7     1930.4     1633.3     75.9     94.8     81.4 2023  5  2 21  6 25.200  0.0   1
      834  27.935746   85.433154    17.922   -12127.1     1987.8     1426.2     83.1     91.2     77.6 2023  5  2 21 24 59.760  0.0   1
      835  27.945099   85.423804    16.539   -13047.3     3024.2       43.3     80.2    123.4     76.9 2023  5  2 21 39 19.160  0.0   1
      836  27.944967   85.426326    16.939   -12799.2     3009.8      442.8     71.9    113.8     60.8 2023  5  2 21 42  8.580  0.0   1
      837  27.827252   85.722624    18.356    16373.1   -10035.2     1860.2    153.5    271.1    154.4 2023  5  2 21 56  2.160  0.0   1
      838  27.926878   85.459505    17.447    -9533.8     1005.0      951.6     67.4    134.4     73.3 2023  5  2 23 35 24.280  0.0   1
      839  27.926878   85.458431    17.449    -9639.9     1005.1      952.8     56.0    117.6     62.4 2023  5  2 23 40 11.980  0.0   1
      840  27.944704   85.551530    17.782     -475.5     2980.7     1286.7    103.4    183.3     71.6 2023  5  2 23 49  2.000  0.0   1
      841  27.896320   85.563314    17.376      684.2    -2381.3      879.9    143.5    130.2     56.8 2023  5  3  0 31 11.160  0.0   1
      843  27.943070   85.519474    15.243    -3630.9     2799.4    -1252.8    119.1     96.7     57.6 2023  5  3  3 38 24.730  0.0   1
      844  27.942299   85.520923    14.679    -3488.2     2714.1    -1816.6    107.9    127.2     57.0 2023  5  3  3 40 20.570  0.0   1
      845  27.943217   85.520125    14.839    -3567.0     2815.7    -1656.9     85.6    106.3     49.8 2023  5  3  3 40 35.530  0.0   1
      846  27.941575   85.519124    14.868    -3665.1     2633.8    -1628.1    115.4     88.6     62.6 2023  5  3  3 40 58.290  0.0   1
      847  27.898313   85.568473    17.462     1192.0    -2160.3      966.6    146.7    114.0     63.4 2023  5  3  6 27  9.420  0.0   1
      848  27.935111   85.450700    15.680   -10400.7     1917.5     -815.7     79.6     84.4     76.8 2023  5  3 15  3 16.850  0.0   1
      849  27.957599   85.567855    16.907     1130.6     4409.6      411.5    240.2    194.7    136.7 2023  5  3 16 32  2.380  0.0   1
      850  27.948171   85.446940    15.761   -10769.8     3364.8     -734.5     72.8     82.3     53.2 2023  5  3 16 40 54.910  0.0   1
      851  27.956647   85.451318    16.504   -10338.5     4303.9        8.0     62.2     90.3     61.5 2023  5  3 17  0  8.520  0.0   1
      852  27.928656   85.542716    16.405    -1343.5     1202.1      -91.2    161.2    103.3     95.7 2023  5  3 20 41 15.280  0.0   1
      853  27.920335   85.457642    15.211    -9717.9      280.0    -1284.4     92.9     84.6     97.4 2023  5  3 21  8 50.560  0.0   1
      854  27.923962   85.515869    15.989    -3986.0      681.9     -506.5    106.3    116.2     65.6 2023  5  3 21 19 51.640  0.0   1
      855  27.931014   85.485075    16.039    -7017.1     1463.5     -456.8     54.4     58.6     48.6 2023  5  3 23  5 15.180  0.0   1
      856  27.948362   85.499748    15.188    -5572.3     3386.0    -1307.9     94.4    128.9     63.5 2023  5  3 23 31 30.440  0.0   1
      857  27.902557   85.536377    16.769    -1967.6    -1690.0      272.8     72.8     99.9     61.3 2023  5  4  0 18 49.180  0.0   1
      858  27.857467   85.740828    17.643    18163.3    -6686.8     1146.7    104.9    165.6    109.3 2023  5  4  1  8 53.360  0.0   1
      859  27.903973   85.548739    21.075     -750.7    -1533.0     4579.0    270.8    231.9     71.8 2023  5  4  1 25 54.620  0.0   1
      860  27.885840   85.595109    11.951     3814.4    -3542.6    -4544.8    384.4    189.8     92.8 2023  5  4  1 28 41.050  0.0   1
      861  27.916351   85.465438    16.620    -8950.8     -161.5      123.9     55.5     70.7     68.1 2023  5  4  1 52 49.040  0.0   1
      862  27.916665   85.463371    16.358    -9153.7     -126.7     -137.5     63.1     72.2     73.0 2023  5  4  1 55 14.810  0.0   1
      863  27.908386   85.532178    21.956    -2380.8    -1044.0     5460.2    192.8    107.3     54.7 2023  5  4  3 15 41.110  0.0   1
      864  27.908046   85.532031    21.829    -2395.5    -1081.9     5333.6    227.4    198.7    100.0 2023  5  4  4 16 12.280  0.0   1
      865  27.925714   85.589274    16.224     3239.6      876.1     -271.6    202.8    141.0     68.1 2023  5  4  7 21  1.330  0.0   1
      867  27.942731   85.614404    17.604     5712.3     2761.8     1108.7    204.8    110.2     59.4 2023  5  4  8 53 35.510  0.0   1
      868  27.910583   85.629964    17.563     7245.1     -800.6     1067.2    125.3    140.5     62.6 2023  5  4 13 50 44.870  0.0   1
      869  27.912065   85.631624    17.579     7408.9     -636.4     1083.3    168.7    145.0     56.4 2023  5  4 14 38 42.320  0.0   1
      870  27.897703   85.559562    17.226      315.0    -2228.0      730.4    171.8    120.1     49.1 2023  5  4 14 58 29.770  0.0   1
      871  27.799620   85.734684    23.515    17562.9   -13097.4     7019.5    172.9    238.7    158.5 2023  5  4 15 31 44.100  0.0   1
      872  27.924868   85.625846    18.262     6839.4      782.3     1766.6    120.2    111.7     45.2 2023  5  4 15 45 24.400  0.0   1
      873  27.953436   85.463997    15.098    -9090.9     3948.2    -1398.1     83.1     86.8     84.3 2023  5  4 16 48 21.360  0.0   1
      874  27.904392   85.499910    15.754    -5557.4    -1486.8     -742.1     74.7    101.4     50.8 2023  5  4 17 53  2.840  0.0   1
      875  27.926084   85.460254    15.355    -9460.3      917.2    -1140.6     68.1     99.4     66.5 2023  5  4 18  6 23.680  0.0   1
      877  27.918565   85.576530    17.189     1985.1       83.8      693.0    157.7    114.4     51.6 2023  5  4 18 48 14.600  0.0   1
      878  27.938763   85.641724    18.383     8401.9     2322.1     1887.1    100.5    113.4     49.2 2023  5  4 18 49 26.320  0.0   1
      879  27.940830   85.636930    17.066     7930.1     2551.3      570.5     83.6    176.5     51.5 2023  5  4 19  4 51.040  0.0   1
      880  27.900574   85.551221    16.604     -506.7    -1909.8      108.0    134.4    110.9     73.6 2023  5  4 19 23 51.340  0.0   1
      881  27.905745   85.483708    16.023    -7152.5    -1336.7     -472.6     84.6    112.3     90.3 2023  5  4 19 51 16.620  0.0   1
      882  27.853308   85.667163    18.254    10909.9    -7147.8     1758.4    205.5    278.7     89.8 2023  5  4 19 51 56.260  0.0   1
      883  27.943132   85.636027    17.793     7841.1     2806.4     1297.5    109.5    111.3     56.9 2023  5  4 19 55  0.840  0.0   1
      884  27.926634   85.672933    18.698    11474.0      978.0     2202.1     84.1    111.6     82.1 2023  5  4 19 55  9.560  0.0   1
      885  27.917983   85.532487    16.886    -2350.6       19.4      390.0     96.9    101.8     47.5 2023  5  4 20  8 39.400  0.0   1
      886  27.933042   85.716829     8.592    15794.7     1688.1    -7903.4    186.4    144.3    156.7 2023  5  4 21  4 10.280  0.0   1
      887  27.914370   85.577979    16.483     2127.4     -381.0      -12.3    161.5    110.1     53.5 2023  5  4 21 35 30.600  0.0   1
      888  27.912071   85.582764    16.725     2598.8     -635.9      229.3    130.1     98.6     47.2 2023  5  4 21 35 57.740  0.0   1
      889  27.913072   85.580916    16.684     2417.0     -524.9      187.7    145.9    108.7     49.3 2023  5  4 21 36 41.880  0.0   1
      890  27.911133   85.582137    16.743     2537.3     -739.7      247.2    182.4    147.3     64.9 2023  5  4 21 40 45.680  0.0   1
      891  27.901512   85.551408    16.825     -488.0    -1805.9      328.7    130.5    107.0     42.6 2023  5  4 21 50  5.200  0.0   1
      892  27.840116   85.662020    17.118    10404.1    -8609.7      622.3    106.5    118.4     72.1 2023  5  4 21 53 31.880  0.0   1
      893  27.916555   85.612386    17.132     5514.7     -138.8      635.7    123.9    137.2     60.1 2023  5  4 21 56 55.620  0.0   1
      894  27.911192   85.712256     8.430    15345.8     -733.1    -8066.2    160.2    238.8    204.0 2023  5  4 22  8 29.220  0.0   1
      895  27.951652   85.530046    17.540    -2590.4     3750.4     1044.7    126.3     97.0     56.6 2023  5  4 22 25  1.320  0.0   1
      896  27.911839   85.524976    17.004    -3089.7     -661.5      508.6    127.9    104.3     68.0 2023  5  4 22 27  4.480  0.0   1
      897  27.912724   85.523429    17.100    -3242.0     -563.3      604.6     71.3    103.7     73.4 2023  5  4 22 27 16.480  0.0   1
      898  27.902606   85.639111     9.919     8146.2    -1684.6    -6576.6    270.5    325.2    188.9 2023  5  4 22 58 31.000  0.0   1
      899  27.925047   85.484424    15.749    -7081.3      802.3     -746.8     70.4     73.7     58.0 2023  5  4 23 45 52.880  0.0   1
      900  27.921415   85.492619    16.045    -6274.6      399.8     -451.3     62.4     99.2     59.5 2023  5  5  0 28 27.340  0.0   1
      901  27.895660   85.749772    14.309    19040.2    -2454.4    -2187.3    110.5    302.2    102.8 2023  5  5  2 54 23.750  0.0   1
      902  27.932798   85.588273    18.944     3140.4     1661.1     2448.0    181.4     97.0     58.0 2023  5  5  2 56 15.170  0.0   1
      903  27.913224   85.600936    17.122     4387.2     -507.9      625.9    145.1    104.5     69.7 2023  5  5  4 23 58.320  0.0   1
      904  27.906466   85.600960    18.030     4390.3    -1257.0     1533.7    202.0     83.8    104.2 2023  5  5  5 25 34.290  0.0   1
      905  27.921071   85.462842    15.431    -9206.1      361.6    -1064.9     75.3     66.8     43.2 2023  5  5  8 10 23.350  0.0   1
      906  27.920608   85.462109    15.214    -9278.1      310.2    -1282.2     62.8     61.2     64.8 2023  5  5  8 13 38.940  0.0   1
      907  27.922231   85.467505    15.270    -8747.0      490.2    -1226.0     51.7     66.8     80.5 2023  5  5  8 17 20.770  0.0   1
      908  27.919645   85.493172    22.056    -6220.1      203.5     5560.6    246.2    243.1    122.1 2023  5  5  8 33 19.450  0.0   1
      909  27.917749   85.548674    12.369     -756.6       -6.5    -4127.2    528.3    243.9    227.9 2023  5  5 10 37 55.250  0.0   1
      910  27.922339   85.462598    15.671    -9229.7      502.1     -825.2     69.4     70.4     56.7 2023  5  5 14  0 12.750  0.0   1
      911  27.934090   85.541935    17.135    -1420.2     1804.3      639.3    128.4    161.3     58.9 2023  5  5 14 36 54.380  0.0   1
      912  27.909975   85.544979    16.634    -1120.8     -868.0      138.5    105.5    100.0     42.3 2023  5  5 15 20 58.000  0.0   1
      913  27.911690   85.553328    16.820     -298.7     -677.9      324.6     90.0    100.1     67.4 2023  5  5 15 22 46.500  0.0   1
      914  27.908219   85.555135    16.743     -120.7    -1062.5      247.1    123.0    151.2     65.8 2023  5  5 15 24 47.520  0.0   1
      915  27.938239   85.455542    14.976    -9923.4     2264.1    -1520.1     68.0    113.4    110.6 2023  5  5 15 48 20.390  0.0   1
      916  27.841290   85.654565    17.667     9669.9    -8479.6     1171.1     93.9    100.4     56.0 2023  5  5 16 16  5.640  0.0   1
      917  27.930587   85.685636    16.750    12724.1     1416.0      254.1     74.8     87.6     45.9 2023  5  5 16 30 30.440  0.0   1
      918  27.922150   85.461613    15.083    -9327.1      481.0    -1412.4     58.4     64.1     77.0 2023  5  5 17 27 46.160  0.0   1
      919  27.919899   85.460929    15.386    -9393.9      231.7    -1109.7     75.9     69.0     56.0 2023  5  5 17 29 44.860  0.0   1
      920  27.922703   85.461694    15.097    -9319.1      542.5    -1399.0     90.8     91.5     66.2 2023  5  5 17 30 50.440  0.0   1
      921  27.936839   85.562622    16.410      615.8     2109.0      -85.4    123.7    116.2     59.6 2023  5  5 17 43 26.740  0.0   1
      922  27.896920   85.538924    16.739    -1716.9    -2314.9      242.9    147.8     86.8     61.1 2023  5  5 17 48 23.920  0.0   1
      923  27.936066   85.563354    16.433      687.7     2023.3      -62.7    114.1     88.7     59.7 2023  5  5 17 49 35.340  0.0   1
      924  27.952395   85.651066    15.340     9320.6     3832.9    -1156.3    210.8    234.8    137.7 2023  5  5 18  0 32.220  0.0   1
      925  27.958765   85.555135    14.563     -120.9     4538.8    -1933.3     96.9    108.1     49.8 2023  5  5 19 58  6.060  0.0   1
      926  27.906055   85.470947     0.993    -8408.5    -1302.4   -15502.7    356.2    622.0    353.7 2023  5  5 20 59 50.800  0.0   1
      927  27.951650   85.479940    16.556    -7521.8     3750.3       60.3     94.3    196.9     73.6 2023  5  5 21  6 11.680  0.0   1
      928  27.896069   85.748576    14.353    18922.3    -2409.0    -2142.5     89.8    237.4     95.3 2023  5  5 21 10 43.240  0.0   1
      929  27.967391   85.574715    14.433     1806.0     5494.6    -2062.6    320.9    188.5     54.0 2023  5  5 21 12 41.640  0.0   1
      930  27.921584   85.459733    15.671    -9511.8      418.6     -825.0     93.9     67.9     59.7 2023  5  5 21 44 20.600  0.0   1
      931  27.920789   85.462874    16.284    -9202.4      330.3     -212.1     79.7     68.7     64.2 2023  5  5 21 44 58.000  0.0   1
      932  27.958457   85.551839    14.816     -445.6     4504.8    -1679.7    132.1     97.5     95.5 2023  5  5 21 58 16.680  0.0   1
      933  27.944045   85.652799    17.915     9491.9     2907.6     1419.1     93.0     82.3     40.7 2023  5  5 22 51  8.600  0.0   1
      934  27.903078   85.527775    16.717    -2814.7    -1632.2      221.6     83.9     97.8     63.9 2023  5  5 23  7 53.980  0.0   1
      935  27.958282   85.432031    16.514   -12236.4     4485.4       18.3     65.0    169.8     63.0 2023  5  6  1 42 20.300  0.0   1
      936  27.915066   85.504020    16.539    -5152.8     -303.9       43.0     77.6     96.1     45.8 2023  5  6  4 27 23.300  0.0   1
      937  27.912144   85.520833    21.970    -3497.4     -627.6     5474.2    206.0    164.7     90.0 2023  5  6  9 52 22.040  0.0   1
      938  27.927710   85.637093    22.151     7946.1     1097.3     5654.9    139.6    211.1     66.6 2023  5  6 10 16 39.970  0.0   1
      939  27.929584   85.638778    22.175     8111.8     1305.1     5679.0    102.9    191.0     49.3 2023  5  6 10 47 27.930  0.0   1
      940  27.912339   85.571134    18.385     1454.0     -606.1     1889.2    256.5    137.7     78.0 2023  5  6 11 15 36.630  0.0   1
      941  27.948167   85.424211    17.168   -13006.8     3364.4      672.4     97.3    184.7     81.4 2023  5  6 11 36 35.150  0.0   1
      942  27.930292   85.639819    22.220     8214.9     1383.5     5724.0     98.7    165.5     55.1 2023  5  6 12 49 50.160  0.0   1
      943  27.917637   85.535295    16.934    -2073.9      -18.9      437.9     79.4    109.9     46.7 2023  5  6 13 22 29.530  0.0   1
      944  27.936251   85.634741    18.835     7714.3     2043.7     2339.2    104.9     83.8     84.2 2023  5  6 13 51 54.590  0.0   1
      945  27.925633   85.562052    17.060      559.7      867.2      564.4    140.2    115.0     48.6 2023  5  6 15  8  1.930  0.0   1
      946  27.922689   85.561841    18.154      539.4      540.8     1658.4    141.8    153.9     82.7 2023  5  6 15  8 14.910  0.0   1
      947  27.918309   85.452816    15.994   -10193.1       55.5     -501.4     48.8     67.8     65.7 2023  5  6 15 30  4.120  0.0   1
      948  27.889701   85.645028    17.853     8728.6    -3114.7     1357.1    167.1    213.6     69.1 2023  5  6 16 11  5.410  0.0   1
      949  27.890666   85.642000    18.078     8430.6    -3007.9     1582.4    362.8    273.1    100.5 2023  5  6 18  2 57.440  0.0   1
      950  27.967885   85.551937    13.359     -435.5     5549.4    -3136.9    109.6    103.3     60.4 2023  5  6 19 27 23.320  0.0   1
      951  27.927285   85.506502    19.024    -4908.1     1050.1     2528.4    163.4    193.9    128.0 2023  5  6 19 33  1.820  0.0   1
      952  27.935238   85.478052    16.369    -7708.0     1931.6     -126.3     88.8     93.5     74.4 2023  5  6 19 44 23.700  0.0   1
      953  27.911167   85.542977    16.425    -1317.8     -735.8      -70.7    112.4    145.7     57.7 2023  5  6 20 41 30.540  0.0   1
      954  27.891477   85.608577    17.613     5140.5    -2918.0     1117.5    111.2     93.2     55.8 2023  5  6 22 23 46.080  0.0   1
      955  27.911505   85.562939    18.016      647.5     -698.4     1520.1    137.0    200.3     83.5 2023  5  6 22 26 47.200  0.0   1
      956  27.918024   85.556209    18.142      -15.2       23.8     1646.1    183.8    212.4    110.9 2023  5  6 23 32 50.600  0.0   1
      957  27.897172   85.561882    17.080      543.3    -2286.9      583.7     99.1    121.4     66.5 2023  5  6 23 33 34.120  0.0   1
      958  27.897732   85.570280    16.935     1370.1    -2224.8      439.2    148.6    141.4     50.7 2023  5  6 23 35 48.960  0.0   1
      959  27.870597   85.609497    17.197     5231.3    -5231.8      701.5    147.1    130.9     68.9 2023  5  7  1 10 16.330  0.0   1
      960  27.946631   85.446476    18.319   -10815.5     3194.2     1823.0    103.6    118.2    107.5 2023  5  7  5 52 16.560  0.0   1
      961  27.925578   85.640243    22.181     8256.5      861.0     5685.1    104.5    209.8     56.2 2023  5  7  6  9 49.240  0.0   1
      962  27.940759   85.620955    21.256     6357.7     2543.5     4760.2    155.3    142.6     76.8 2023  5  7  8 19 49.910  0.0   1
      963  27.842997   85.717928    15.259    15909.6    -8290.5    -1236.7     97.1    151.3     95.4 2023  5  7 10 34 55.360  0.0   1
      964  27.942232   85.623486    20.984     6606.6     2706.7     4487.7    109.6    114.4     44.9 2023  5  7 13 33 18.950  0.0   1
      965  27.899225   85.564787    17.173      829.0    -2059.4      677.5    104.9     82.5     51.3 2023  5  7 14 28 39.210  0.0   1
      966  27.902834   85.559505    17.236      309.5    -1659.4      739.9    178.4    165.7     71.1 2023  5  7 14 34  5.010  0.0   1
      967  27.905381   85.554565    16.965     -177.0    -1377.2      468.9     74.6     90.7     36.5 2023  5  7 14 36 33.130  0.0   1
      968  27.895660   85.574243    17.034     1760.0    -2454.4      538.2    120.4     93.5     72.2 2023  5  7 16 23 19.750  0.0   1
      969  27.893947   85.728385    15.817    16934.9    -2644.3     -678.9    103.1    163.5     80.8 2023  5  7 17 22 40.360  0.0   1
      970  27.898964   85.565861    17.424      934.6    -2088.1      928.4    142.8    161.4     67.1 2023  5  7 17 52 36.480  0.0   1
      971  27.943479   85.461182    14.427    -9368.2     2844.8    -2069.2     93.1    104.5     76.4 2023  5  7 17 56 27.600  0.0   1
      972  27.943823   85.461800    14.014    -9307.1     2882.8    -2481.5    108.3    111.1     75.9 2023  5  7 18  8 39.760  0.0   1
      973  27.905430   85.501099    15.441    -5440.3    -1371.8    -1055.1     76.6     87.5     57.5 2023  5  7 19  4 58.700  0.0   1
      974  27.912691   85.479679    14.180    -7548.7     -567.1    -2315.5    105.9    212.0     75.9 2023  5  7 19 24 24.120  0.0   1
      975  27.977669   85.551318    13.658     -496.6     6633.8    -2837.8     96.1     89.2     69.5 2023  5  7 19 42 55.640  0.0   1
      976  27.921539   85.681185    17.861    12286.4      413.5     1364.9     91.5     95.2     61.8 2023  5  7 20 40 32.480  0.0   1
      977  27.917668   85.695223    17.373    13669.0      -15.5      877.2     72.3     86.1     51.9 2023  5  7 20 40 38.560  0.0   1
      978  27.947811   85.681396    17.579    12305.8     3324.9     1082.8     95.2    106.7     70.1 2023  5  7 21 44  8.160  0.0   1
      979  27.932802   85.466089    17.621    -8885.8     1661.6     1124.9     87.6    152.5     64.9 2023  5  7 22 13 27.360  0.0   1
      980  27.932998   85.464030    17.547    -9088.8     1683.2     1050.9     81.6     92.1     65.0 2023  5  7 22 14 12.840  0.0   1
      981  27.925844   85.480672    19.498    -7450.8      890.7     3002.5    118.7    255.1     88.5 2023  5  7 22 24 50.360  0.0   1
      982  27.938839   85.482487    16.022    -7271.7     2330.7     -473.7    111.8    139.3     73.0 2023  5  7 22 32 29.280  0.0   1
      983  27.894159   85.568604    18.725     1205.1    -2620.8     2229.3    390.1    588.3    126.8 2023  5  7 22 37 34.840  0.0   1
      984  27.905149   85.483472    18.410    -7176.1    -1402.7     1914.5     89.7    222.2     85.3 2023  5  7 22 39 29.660  0.0   1
      985  27.888198   85.595516    18.483     3854.6    -3281.4     1986.8    122.3    124.9     83.8 2023  5  7 23 27 14.820  0.0   1
      986  27.898069   85.647363    17.851     8958.4    -2187.4     1355.1    148.3    198.3     63.6 2023  5  7 23 51  4.480  0.0   1
      987  27.894517   85.583936    18.474     2714.2    -2581.0     1978.6    330.6    224.9     99.3 2023  5  7 23 53 40.580  0.0   1
