        1  27.927743   85.540169    15.728    -1594.4     1100.9     -767.6    479.3    277.7    144.6 2023  4 10  5 15 35.090  0.0   1
        2  27.913112   85.570532    16.517     1394.6     -520.4       20.9    289.6    170.6    146.7 2023  4 10 11 32 18.070  0.0   1
        3  27.919800   85.448934    15.771   -10575.2      220.7     -724.4    135.7    155.8    127.7 2023  4 10 14 12 29.210  0.0   1
        4  27.904694   85.501180    15.002    -5432.8    -1453.4    -1493.8    161.7    188.9    154.5 2023  4 10 16 53 33.750  0.0   1
        5  27.928741   85.494971    15.613    -6042.9     1211.7     -883.3    162.5    114.9    109.1 2023  4 10 17 27 53.760  0.0   1
        6  27.944120   85.483317    18.355    -7189.4     2915.9     1859.3    229.3    168.5    109.5 2023  4 10 18 30 15.080  0.0   1
        7  27.901314   85.558675    15.886      227.7    -1827.9     -609.8    552.6    324.8    154.2 2023  4 10 19 50 37.720  0.0   1
        8  27.958838   85.564331    19.440      783.8     4546.8     2944.5    565.6    341.2    200.3 2023  4 10 19 58 20.280  0.0   1
        9  27.983160   85.486279    19.159    -6896.6     7242.3     2662.7    188.0    253.6     82.8 2023  4 10 20  5 24.960  0.0   1
       10  27.923269   85.455322    15.905    -9946.0      605.1     -590.8    147.5    136.8     80.8 2023  4 10 21 45  5.560  0.0   1
       11  27.886829   85.632170    15.523     7462.8    -3433.1     -973.1    268.7    375.1    177.1 2023  4 10 22  6 42.960  0.0   1
       12  27.903387   85.635669    15.687     7807.3    -1598.1     -808.6    386.7    674.0    270.9 2023  4 10 22 16  7.240  0.0   1
       13  27.916107   85.458350    16.266    -9648.3     -188.6     -229.5    160.1    120.0     92.8 2023  4 10 23 21 46.060  0.0   1
       14  27.959550   85.542537    15.791    -1361.1     4625.8     -705.1    369.1    171.7    161.0 2023  4 10 23 22  9.000  0.0   1
       15  27.916819   85.465283    16.533    -8965.5     -109.6       37.2    153.7    140.0    128.6 2023  4 10 23 23 28.380  0.0   1
       16  27.991378   85.490373    19.331    -6494.0     8152.8     2835.1    188.4    202.1     97.7 2023  4 11  0 23 10.980  0.0   1
       17  27.985659   85.497510    19.541    -5791.3     7519.0     3045.3    196.0    221.8     76.4 2023  4 11  0 29 30.300  0.0   1
       18  27.977684   85.490454    18.819    -6486.3     6635.3     2322.9    130.8    226.2     85.5 2023  4 11  1  3 49.050  0.0   1
       19  27.900299   85.575106    17.400     1844.8    -1940.3      903.9    376.5    237.6    161.2 2023  4 11  2 20 47.150  0.0   1
       20  28.010421   85.506144    19.829    -4941.6    10263.2     3333.2    172.6    340.4     76.7 2023  4 11  2 41 52.610  0.0   1
       21  27.900130   85.637394    17.800     7976.9    -1959.1     1304.4    231.7    221.3    137.0 2023  4 11  3  9 12.590  0.0   1
       22  27.986646   85.491382    19.007    -6394.8     7628.4     2510.8    201.2    217.4     87.4 2023  4 11  3 15 47.450  0.0   1
       23  27.990597   85.579549    15.736     2281.4     8066.2     -760.2    320.3    335.7    170.9 2023  4 11  3 55 10.190  0.0   1
       24  27.894657   85.665885    16.812    10782.3    -2565.5      315.9    200.2    219.5    138.3 2023  4 11  6  0  3.010  0.0   1
       25  27.956734   85.480143    18.260    -7501.3     4313.8     1764.0    391.0    635.6    156.0 2023  4 11  6 30  6.710  0.0   1
       26  27.920414   85.676750    18.890    11849.9      288.7     2394.4    245.0    225.0    125.8 2023  4 11  7 17 12.680  0.0   1
       27  27.927905   85.476497    15.979    -7861.5     1118.9     -516.7    142.5    114.8    134.5 2023  4 11  7 32 27.460  0.0   1
       28  27.957987   85.462964    16.276    -9192.4     4452.5     -219.5    139.3    268.8    110.7 2023  4 11 11 12 42.460  0.0   1
       29  27.947148   85.536711    16.203    -1934.5     3251.5     -292.5    307.0    170.0    136.1 2023  4 11 12 31  5.370  0.0   1
       30  27.965430   85.562378    16.331      591.7     5277.2     -165.1    415.7    391.2    195.8 2023  4 11 12 35 36.780  0.0   1
       31  27.941659   85.504199    15.974    -5134.1     2643.0     -521.5    183.4    183.5    161.4 2023  4 11 12 55 13.710  0.0   1
       32  27.994969   85.498641    22.736    -5680.3     8550.8     6240.3    303.9    812.6    288.6 2023  4 11 14 32 31.370  0.0   1
       33  27.922380   85.571574    16.712     1497.5      506.7      215.9    285.0    158.0    101.3 2023  4 11 15 16  7.410  0.0   1
       34  27.900216   85.583203    15.769     2642.6    -1949.6     -727.0    382.0    242.4    173.2 2023  4 11 17 31 49.680  0.0   1
       35  27.899536   85.582503    15.389     2573.5    -2024.8    -1106.4    321.5    243.0    166.5 2023  4 11 17 31 57.220  0.0   1
       36  27.896753   85.578304    16.643     2159.9    -2333.3      147.2    282.0    262.6    152.2 2023  4 11 17 32  7.680  0.0   1
       37  27.918125   85.508838    17.254    -4678.2       35.1      757.7    182.1    137.1    142.8 2023  4 11 18 16 25.180  0.0   1
       38  27.919706   85.498568    17.071    -5689.4      210.3      574.9    212.0    166.4    104.2 2023  4 11 18 16 32.440  0.0   1
       39  27.917725   85.503182    16.739    -5234.7       -9.3      243.4    225.5    135.5    107.0 2023  4 11 18 28  6.160  0.0   1
       40  27.918724   85.498153    16.563    -5729.8      101.5       67.7    163.8    144.3    109.0 2023  4 11 18 45 29.060  0.0   1
       41  27.919427   85.546012    17.103    -1019.0      179.5      607.2    272.7    201.3    113.2 2023  4 11 18 48 37.360  0.0   1
       42  27.917627   85.503483    16.800    -5205.4      -20.1      304.3    105.2    127.6     97.0 2023  4 11 19 13  0.920  0.0   1
       43  27.950273   85.534790    17.170    -2123.0     3597.8      673.7    291.0    205.8    130.2 2023  4 11 19 38 40.040  0.0   1
       44  27.918781   85.566854    16.125     1032.6      107.8     -370.8    258.9    184.8    150.4 2023  4 11 20 30 41.680  0.0   1
       45  27.998545   85.501725    19.903    -5376.6     8947.1     3407.4    206.0    537.2    135.0 2023  4 11 21 12 43.280  0.0   1
       46  27.948004   85.578035    15.934     2133.0     3346.4     -561.4    329.6    206.8    105.1 2023  4 11 22 39 42.680  0.0   1
       47  27.934035   85.584351    18.051     2755.1     1798.3     1555.4    268.4    186.7    131.9 2023  4 11 23  9 10.020  0.0   1
       48  27.939811   85.450212    17.781   -10447.9     2438.4     1284.8    125.1    158.2    152.9 2023  4 12  1  7 44.520  0.0   1
       49  27.927374   85.566414    17.724      989.3     1060.1     1227.9    178.9    174.4    115.0 2023  4 12  1 49 34.970  0.0   1
       50  27.898558   85.672624    17.118    11445.1    -2133.3      622.3    165.8    255.1    136.9 2023  4 12  5 14 26.950  0.0   1
       51  27.900364   85.634725    18.597     7714.1    -1933.1     2100.9    243.0    259.6    130.6 2023  4 12 12  5 44.480  0.0   1
       52  27.983250   85.497453    19.181    -5797.5     7252.1     2684.9    185.4    198.0     73.9 2023  4 12 14  8 22.260  0.0   1
       53  27.790145   85.746745    21.310    18751.7   -14147.4     4813.9    269.4    404.5    255.5 2023  4 12 15 31 41.210  0.0   1
       54  27.898260   85.538037    16.859    -1804.4    -2166.2      363.6    214.9    290.1    142.4 2023  4 12 16 36  0.700  0.0   1
       55  27.932957   85.456274    18.126    -9851.4     1678.8     1630.2    212.7    167.8    221.6 2023  4 12 16 54 12.000  0.0   1
       56  27.930212   85.556714    18.851       34.7     1374.7     2355.7    398.4    280.7    144.7 2023  4 12 17 13 47.420  0.0   1
       57  27.930135   85.553369    18.977     -294.9     1366.0     2481.5    305.8    219.9    135.2 2023  4 12 17 57 17.520  0.0   1
       58  27.912207   85.539242    17.246    -1685.7     -620.8      749.9    225.7    260.6    147.7 2023  4 12 18 12  2.060  0.0   1
       59  27.907084   85.477051    16.550    -7807.7    -1188.3       54.1    123.1    159.7    110.8 2023  4 12 18 35 42.240  0.0   1
       60  27.933828   85.634237    16.688     7665.3     1775.3      192.6    209.6    333.7    129.3 2023  4 12 18 36 25.960  0.0   1
       61  27.912927   85.605127    16.947     4799.8     -540.9      451.1    278.7    297.0     80.2 2023  4 12 18 41 36.260  0.0   1
       62  27.821572   85.763151    24.077    20364.1   -10664.6     7581.5    461.9    735.1    421.0 2023  4 12 18 56 21.080  0.0   1
       63  27.926807   85.499211    16.023    -5625.8      997.2     -472.8    183.4    191.9    130.5 2023  4 12 20  2 25.200  0.0   1
       64  27.903800   85.521777    16.640    -3405.0    -1552.3      144.6    212.7    246.3    131.2 2023  4 12 20  3 53.940  0.0   1
       65  27.916433   85.581405    15.888     2465.3     -152.3     -607.4    400.2    189.4    144.4 2023  4 12 20 17 29.840  0.0   1
       66  27.918351   85.695703    17.085    13716.4       60.1      589.4    140.2    221.0    151.6 2023  4 12 20 22 12.280  0.0   1
       67  27.905302   85.476082    16.760    -7903.5    -1386.0      263.8    102.8    165.8    104.3 2023  4 12 21 16 23.760  0.0   1
       68  27.906167   85.478223    16.661    -7692.7    -1290.0      164.9    166.2    166.8    137.0 2023  4 12 21 22  7.920  0.0   1
       69  27.953857   85.469051    16.555    -8593.5     3994.8       59.3    200.6    214.6    159.4 2023  4 12 21 41 27.980  0.0   1
       70  27.954466   85.436800    18.766   -11767.1     4062.4     2270.1    139.0    177.4    136.2 2023  4 12 21 46 32.440  0.0   1
       71  27.934410   85.564771    16.066      827.8     1839.7     -429.6    248.8    241.5    108.6 2023  4 12 21 49 54.760  0.0   1
       72  27.932397   85.454264    15.996   -10049.5     1616.7     -499.3    146.4    136.9    120.0 2023  4 12 22  2 13.140  0.0   1
       73  27.920394   85.462622    15.931    -9227.6      286.6     -564.7    180.6    144.5    126.8 2023  4 12 22 33 38.280  0.0   1
       74  27.906765   85.476611    16.630    -7850.7    -1223.8      134.1     94.0    142.9    111.0 2023  4 12 23  2  9.640  0.0   1
       75  27.928520   85.487720    16.457    -6756.7     1186.9      -38.4    166.9    152.3     98.0 2023  4 12 23  4  9.180  0.0   1
       76  27.905729   85.475545    16.656    -7956.3    -1338.6      160.1    113.7    154.3    117.0 2023  4 12 23  6 21.660  0.0   1
       77  27.923348   85.476676    11.176    -7844.0      613.9    -5320.2    222.0    326.0    249.3 2023  4 12 23 28  9.400  0.0   1
       78  27.976640   85.542562    14.379    -1358.1     6519.7    -2116.5    303.1    313.0    191.2 2023  4 13  0 19  5.930  0.0   1
       79  27.931864   85.561727    18.828      527.9     1557.7     2332.5    357.6    282.6    153.7 2023  4 13  3 24  6.200  0.0   1
       80  27.983883   85.494222    19.310    -6115.3     7322.4     2813.7    135.7    303.0     99.0 2023  4 13  4 12 28.170  0.0   1
       81  27.919391   85.517033    15.181    -3871.9      175.4    -1314.9    322.0    220.0    166.9 2023  4 13  4 13 48.050  0.0   1
       82  27.885626   85.602490    17.126     4541.3    -3566.4      630.5    318.9    241.5    125.8 2023  4 13  5 40 42.930  0.0   1
       83  27.995085   85.397884    18.728   -15594.7     8563.5     2232.0    137.0    209.9    142.4 2023  4 13  8 30 24.720  0.0   1
       84  27.975238   85.455672    18.173    -9909.5     6364.3     1677.1    165.4    197.1    166.1 2023  4 13 10 39  5.160  0.0   1
       85  27.927106   85.641227    18.424     8353.2     1030.4     1928.0    314.5    287.5    148.4 2023  4 13 11 30 28.670  0.0   1
       86  27.975132   85.451628    17.824   -10307.3     6352.5     1327.8    153.1    196.7     99.6 2023  4 13 11 46 57.570  0.0   1
       87  27.977171   85.450073    17.778   -10459.7     6578.4     1282.5    160.8    200.2    102.4 2023  4 13 11 51 24.780  0.0   1
       88  27.957499   85.407218    15.624   -14679.0     4398.4     -871.8    222.4    288.9    274.6 2023  4 13 12 21  3.070  0.0   1
       89  27.958860   85.585417    15.506     2859.3     4549.3     -989.4    594.0    342.0    148.3 2023  4 13 12 31 33.520  0.0   1
       90  28.009108   85.503955    19.744    -5156.7    10117.8     3248.2    253.4    479.7    135.3 2023  4 13 12 45 45.190  0.0   1
       91  27.914691   85.593498    16.947     3655.3     -345.4      451.5    282.0    196.3    108.1 2023  4 13 13  5 12.860  0.0   1
       92  27.963953   85.541561    13.756    -1456.6     5113.7    -2740.0    216.7    242.0    164.9 2023  4 13 13 30 16.620  0.0   1
       93  27.936678   85.576839    17.992     2015.7     2091.2     1496.4    307.8    165.3    124.8 2023  4 13 13 34 27.390  0.0   1
       94  27.925873   85.774023    19.963    21424.8      893.8     3467.0    264.6    546.9    252.7 2023  4 13 13 35 36.100  0.0   1
       95  27.934639   85.769670    20.274    20995.4     1865.3     3778.4    250.1    604.9    211.4 2023  4 13 13 36 18.020  0.0   1
       96  27.919887   85.500326    16.448    -5516.0      230.3      -47.6    110.0    131.2     80.5 2023  4 13 14  7 23.070  0.0   1
       97  27.967017   85.587524    14.991     3067.0     5453.2    -1505.2    419.9    289.8    143.5 2023  4 13 14 19  5.210  0.0   1
       98  27.968927   85.599674    14.995     4262.7     5664.9    -1500.9    485.9    348.2    143.3 2023  4 13 14 24  7.600  0.0   1
       99  27.908695   85.554264    17.164     -206.9    -1009.7      667.7    229.1    207.4    122.0 2023  4 13 14 43 46.320  0.0   1
      100  27.964016   85.589722    15.003     3283.2     5120.6    -1492.4    501.0    341.9    107.6 2023  4 13 14 50 19.670  0.0   1
      101  27.963595   85.592301    15.169     3536.8     5073.9    -1327.0    377.7    260.5    143.3 2023  4 13 14 56  7.560  0.0   1
      102  27.940590   85.610840    18.823     5361.6     2524.8     2326.8    233.3    186.7    101.9 2023  4 13 18 27 17.140  0.0   1
      103  27.875244   85.751815    15.335    19242.9    -4716.7    -1160.7    179.1    303.3    190.4 2023  4 13 20 13 50.660  0.0   1
      104  27.892100   85.685856    16.746    12748.3    -2848.9      250.6    180.8    247.2    140.2 2023  4 13 21  0 50.660  0.0   1
      105  27.959528   85.552751    14.847     -355.7     4623.3    -1649.0    232.1    309.5    120.6 2023  4 13 22 12 10.320  0.0   1
      106  27.921777   85.554077    16.968     -225.3      439.8      471.8    223.9    229.7    105.0 2023  4 13 22 13 19.480  0.0   1
      107  27.909753   85.519076    15.579    -3670.7     -892.5     -916.6    161.7    169.2    100.6 2023  4 13 22 23 44.520  0.0   1
      108  27.935461   85.559408    17.288      299.9     1956.4      791.7    207.8    231.6     96.8 2023  4 13 22 33 31.440  0.0   1
      109  27.957070   85.563428    18.847      695.6     4350.9     2351.1    525.7    339.3    156.2 2023  4 13 23  4 45.240  0.0   1
      110  27.892883   85.686068    16.753    12769.0    -2762.1      256.9    178.0    296.7    116.1 2023  4 13 23  9 24.280  0.0   1
      111  27.901563   85.495752    16.123    -5967.0    -1800.3     -373.1    154.1    185.4    112.7 2023  4 13 23 30 45.680  0.0   1
      112  27.938214   85.453532    14.511   -10121.7     2261.4    -1984.7    227.4    481.2    190.0 2023  4 13 23 33  9.680  0.0   1
      113  27.942478   85.589469    19.049     3258.3     2734.0     2553.5    344.4    188.9     97.8 2023  4 14  1  4 15.930  0.0   1
      114  27.939795   85.593026    19.350     3608.4     2436.6     2854.0    256.4    205.3    111.3 2023  4 14  1 17  2.830  0.0   1
      115  27.948376   85.574634    19.753     1798.5     3387.6     3257.5    269.4    305.3    121.0 2023  4 14  6 16  5.630  0.0   1
      116  27.905853   85.728337    17.424    16929.2    -1324.8      927.8    203.8    363.2    195.8 2023  4 14  9 21  5.850  0.0   1
      117  27.868573   85.689429    17.682    13101.7    -5456.1     1186.6    187.6    250.7    135.7 2023  4 14 10 13 57.790  0.0   1
      118  27.932025   85.555151    19.153     -119.6     1575.6     2656.7    279.8    258.3    201.8 2023  4 14 10 14 40.830  0.0   1
      119  27.926172   85.480737    15.666    -7444.1      926.8     -830.1    129.6    162.5    176.3 2023  4 14 11 40 42.190  0.0   1
      120  27.926485   85.593831    18.877     3688.2      961.5     2381.4    299.1    243.8    144.7 2023  4 14 11 45 55.020  0.0   1
      121  27.903339   85.506706    15.740    -4888.5    -1603.4     -756.0    156.1    191.1     84.2 2023  4 14 12 30 41.710  0.0   1
      122  27.905943   85.596346    17.367     3935.6    -1314.9      871.4    314.0    200.0     94.7 2023  4 14 13 49 38.680  0.0   1
      123  27.910632   85.512118    14.408    -4356.0     -795.2    -2087.4    180.2    241.9    192.5 2023  4 14 14 19 12.490  0.0   1
      124  27.853302   85.751440    17.699    19208.0    -7148.3     1203.2    218.0    439.2    237.2 2023  4 14 14 40 14.840  0.0   1
      125  27.851841   85.744312    16.676    18506.8    -7310.3      179.8    165.3    324.5    178.7 2023  4 14 14 41 15.820  0.0   1
      126  27.850366   85.753630    15.723    19424.1    -7473.8     -772.9    195.9    270.4    172.9 2023  4 14 14 42 52.440  0.0   1
      127  27.835419   85.707951    17.965    14927.4    -9130.2     1469.2    218.9    324.8    190.6 2023  4 14 15  6 28.140  0.0   1
      128  27.903322   85.683317    20.562    12497.5    -1605.2     4066.4    156.4    212.0    132.5 2023  4 14 15 15 29.310  0.0   1
      129  27.913501   85.614315    16.000     5704.7     -477.2     -495.8    252.7    285.3    122.1 2023  4 14 15 48 51.550  0.0   1
      130  27.910868   85.704224    18.385    14555.6     -769.1     1888.7    159.0    330.2    117.6 2023  4 14 16 19 14.360  0.0   1
      131  27.986161   85.430599    15.182   -12376.3     7574.9    -1313.4    136.7    169.0    167.5 2023  4 14 16 20  1.870  0.0   1
      132  27.980857   85.436694    19.459   -11776.8     6987.1     2963.1    153.1    204.8    149.0 2023  4 14 16 33  7.740  0.0   1
      133  27.954730   85.688298    14.915    12985.1     4091.7    -1581.0    142.7    293.8    128.0 2023  4 14 17  7 55.700  0.0   1
      134  27.937587   85.632951    20.844     7538.4     2191.9     4347.8    204.2    282.8    124.8 2023  4 14 17  8 23.900  0.0   1
      135  27.919157   85.491846    14.419    -6350.9      149.4    -2076.8    391.5    564.2    233.4 2023  4 14 17 21 22.520  0.0   1
      136  27.924351   85.541968    16.720    -1416.9      725.0      223.8    256.2    253.2    141.3 2023  4 14 17 22 16.360  0.0   1
      137  27.956578   85.437956    15.265   -11653.6     4296.4    -1230.6    151.8    106.3    154.1 2023  4 14 17 45 23.920  0.0   1
      138  27.960522   85.431519    14.855   -12287.3     4733.4    -1641.1    159.5    125.1    221.2 2023  4 14 17 46 29.600  0.0   1
      139  27.955625   85.451099    16.390   -10360.4     4190.9     -105.8    140.9    158.4    113.6 2023  4 14 17 47 36.560  0.0   1
      140  27.955286   85.451449    16.574   -10326.0     4153.2       78.6    147.7    166.3     77.9 2023  4 14 17 53  7.280  0.0   1
      141  27.955876   85.451506    16.460   -10320.4     4218.7      -36.0     99.1    164.8     82.3 2023  4 14 17 57  5.500  0.0   1
      142  27.956193   85.458024    16.940    -9678.7     4253.8      443.8    178.2    149.9    178.9 2023  4 14 17 58 35.860  0.0   1
      143  27.952419   85.460319    18.038    -9452.7     3835.6     1542.2    211.9    191.5    203.0 2023  4 14 18  3  3.160  0.0   1
      144  27.955988   85.439730    15.214   -11478.7     4231.0    -1281.3    111.0    107.4    166.8 2023  4 14 18  3 28.400  0.0   1
      145  27.956132   85.452783    16.465   -10194.4     4246.9      -30.7     78.3    166.3     58.7 2023  4 14 18  8  7.920  0.0   1
      146  27.955634   85.450269    16.297   -10441.5     4191.8     -198.5     86.2    158.4     76.6 2023  4 14 18  8 41.680  0.0   1
      147  27.956415   85.434652    14.724   -11978.7     4278.4    -1772.2    159.6    169.6    197.9 2023  4 14 18 22  6.760  0.0   1
      148  27.957475   85.547998    20.217     -823.4     4395.9     3720.7    329.4    470.0    166.2 2023  4 14 18 34 46.780  0.0   1
      149  27.905467   85.476139    16.632    -7897.8    -1367.6      135.9    147.0    181.7    118.9 2023  4 14 19  1 34.720  0.0   1
      150  27.960537   85.435238    14.900   -11920.8     4735.1    -1595.8    151.1    143.6    217.8 2023  4 14 19 42  2.340  0.0   1
      151  27.926324   85.506958    16.427    -4863.2      943.8      -68.7    146.9    177.2    100.9 2023  4 14 19 45 33.400  0.0   1
      152  27.955752   85.445988    15.976   -10863.0     4204.9     -519.6    153.8    168.7    118.5 2023  4 14 20 30 23.180  0.0   1
      153  27.955965   85.444116    16.115   -11047.7     4228.6     -380.6    160.3    147.5    135.0 2023  4 14 20 33  8.460  0.0   1
      154  27.904954   85.749788    16.893    19041.1    -1424.4      396.8    160.7    390.3    164.9 2023  4 14 20 46 12.840  0.0   1
      155  27.889555   85.607186    17.206     5003.3    -3131.0      710.0    157.8    259.5    120.7 2023  4 14 21 27 12.680  0.0   1
      156  27.945624   85.485221    16.308    -7002.0     3082.6     -188.0    198.1    169.0    142.4 2023  4 14 21 30 58.660  0.0   1
      157  27.945408   85.488623    16.414    -6667.2     3058.5      -81.5    189.2    168.8    149.2 2023  4 14 21 32 14.980  0.0   1
      158  27.948183   85.513761    18.525    -4193.2     3366.1     2029.4    270.4    191.7    212.9 2023  4 14 21 55 17.560  0.0   1
      159  27.926467   85.503540    16.615    -5199.3      959.5      119.4    170.2    205.7    101.0 2023  4 14 21 59 18.760  0.0   1
      160  27.904828   85.619116    17.060     6177.5    -1438.5      564.6    237.5    207.2    104.4 2023  4 14 22 43 53.400  0.0   1
      161  27.902704   85.622095    17.109     6470.6    -1673.8      613.4    200.0    185.7    102.0 2023  4 14 22 44 31.200  0.0   1
      162  27.902824   85.588558    12.622     3169.6    -1660.5    -3874.1    297.9    243.8    174.3 2023  4 14 22 51  6.460  0.0   1
      163  27.896220   85.559863    17.253      344.5    -2392.3      757.2    214.1    244.3    103.8 2023  4 14 23 20 25.440  0.0   1
      164  27.904346   85.570630    17.080     1404.5    -1491.8      584.2    292.8    190.5     79.8 2023  4 15  0 20 20.660  0.0   1
      165  27.910394   85.658708    16.652    10074.5     -821.5      156.1    342.4    279.4    182.0 2023  4 15  0 48  3.740  0.0   1
      166  27.952816   85.450643    16.229   -10405.0     3879.4     -266.8    104.2    194.4     91.5 2023  4 15  1 10  1.370  0.0   1
      167  27.954366   85.451180    16.421   -10352.1     4051.2      -75.0    111.8    159.4     72.5 2023  4 15  1 13  3.800  0.0   1
      168  27.868793   85.690999    17.593    13256.2    -5431.8     1097.7    223.5    267.4    127.8 2023  4 15  1 41  9.540  0.0   1
      169  27.914378   85.519051    17.222    -3672.9     -380.1      725.8    199.6    192.3    152.3 2023  4 15  1 49 34.960  0.0   1
      170  27.919303   85.521053    17.186    -3476.2      165.7      690.0    207.1    170.3    134.4 2023  4 15  9 46  7.520  0.0   1
      171  27.917542   85.518424    17.452    -3734.5      -29.4      955.8    270.4    203.3    133.5 2023  4 15  9 48 33.420  0.0   1
      172  27.924624   85.535360    17.341    -2067.3      755.2      845.6    212.9    223.3    152.8 2023  4 15 13 48 49.490  0.0   1
      173  27.933622   85.556185    16.500      -17.5     1752.5        4.6    208.7    212.4    106.6 2023  4 15 15 11 10.150  0.0   1
      174  27.914980   85.519401    15.514    -3638.7     -313.3     -981.7    145.6    175.9    114.4 2023  4 15 15 36 48.920  0.0   1
      175  27.933258   85.475830    15.408    -7926.7     1712.2    -1087.4    138.5    102.4    114.9 2023  4 15 15 57  6.000  0.0   1
      176  27.892603   85.599186    17.495     4216.0    -2793.3      999.5    285.6    254.4    102.1 2023  4 15 17 17 39.100  0.0   1
      177  27.929283   85.474325    13.645    -8075.2     1271.5    -2850.8    169.5    237.3    234.0 2023  4 15 18 21  5.840  0.0   1
      178  27.918697   85.521444    16.022    -3437.5       98.6     -474.3    449.8    534.2    188.2 2023  4 15 18 24 53.600  0.0   1
      179  27.888560   85.577026    16.954     2034.0    -3241.3      457.8    686.5    425.2    158.8 2023  4 15 18 28 35.380  0.0   1
      180  27.942063   85.507601    15.650    -4799.9     2687.9     -846.0    144.2    201.3     94.5 2023  4 15 18 51 42.020  0.0   1
      181  27.897367   85.504232    16.040    -5132.0    -2265.3     -455.6    149.4    182.7     88.6 2023  4 15 18 52 23.880  0.0   1
      182  27.900378   85.497607    15.310    -5784.1    -1931.6    -1185.5    142.6    186.0    142.0 2023  4 15 18 53 21.940  0.0   1
      183  27.926023   85.685970     8.911    12757.6      910.3    -7584.6    266.2    370.3    274.5 2023  4 15 18 57  6.800  0.0   1
      184  27.919116   85.556242    17.675      -11.7      144.9     1179.4    250.9    180.7    137.7 2023  4 15 19 13 46.480  0.0   1
      185  27.886072   85.750610    16.659    19124.0    -3516.8      163.3    181.2    357.3    179.3 2023  4 15 19 34 38.840  0.0   1
      186  27.949497   85.489185    18.764    -6611.9     3511.8     2268.4    223.1    177.5    178.8 2023  4 15 19 45 45.000  0.0   1
      187  27.943913   85.433643    14.654   -12078.9     2892.9    -1841.7    151.9    135.1    187.8 2023  4 15 19 58 45.620  0.0   1
      188  27.895404   85.588298    16.565     3144.1    -2482.8       69.2    402.4    254.6    118.1 2023  4 15 20  4 20.600  0.0   1
      189  27.881337   85.597965     8.398     4095.8    -4041.5    -8097.6    387.5    297.4    244.7 2023  4 15 20  8 24.880  0.0   1
      190  27.921851   85.464201    16.442    -9071.9      448.1      -53.4    127.6    152.2    122.4 2023  4 15 20  9 36.220  0.0   1
      191  27.922929   85.464380    16.223    -9054.4      567.4     -272.8    137.4    191.1    120.9 2023  4 15 20 10 52.000  0.0   1
      192  27.905554   85.585262    16.751     2845.1    -1357.9      255.4    365.9    223.5     96.8 2023  4 15 20 39 40.360  0.0   1
      193  27.929860   85.489575     9.513    -6573.9     1335.5    -6982.9    231.8    249.1    187.3 2023  4 15 21 10 17.600  0.0   1
      194  27.933950   85.600854    17.942     4379.0     1788.8     1446.6    197.5    153.8    141.3 2023  4 15 21 16 38.600  0.0   1
      196  27.929075   85.517253    17.722    -3849.4     1248.5     1226.1    262.7    206.0    120.0 2023  4 15 22 48  1.400  0.0   1
      197  27.938806   85.430583    16.040   -12380.3     2327.0     -456.2    167.2    202.3    123.9 2023  4 15 23 20 27.320  0.0   1
      198  27.942084   85.424251    15.589   -13002.9     2690.1     -907.2    186.1    158.9    168.3 2023  4 15 23 21 24.960  0.0   1
      199  27.935756   85.695166    15.369    13661.8     1989.1    -1126.5    176.0    320.9    204.4 2023  4 15 23 22  0.440  0.0   1
      200  27.903638   85.466121    14.832    -8884.0    -1570.4    -1663.8    146.5    209.1    177.3 2023  4 15 23 23 55.740  0.0   1
      201  27.904140   85.496143    16.692    -5928.3    -1514.5      196.0    281.2    243.1    183.7 2023  4 15 23 24 37.200  0.0   1
      202  27.918807   85.574910    19.138     1825.4      110.6     2642.7    455.1    274.8    238.2 2023  4 16  1 54  5.380  0.0   1
      203  27.921039   85.433797    17.669   -12064.6      357.9     1173.6    127.7    178.6    127.1 2023  4 16  3  1 48.080  0.0   1
      204  27.923836   85.438704    16.975   -11581.3      668.1      478.9    223.0    157.4     88.3 2023  4 16  4 54  9.200  0.0   1
      205  27.900673   85.534172    16.213    -2184.8    -1898.7     -283.0    234.3    225.2     79.1 2023  4 16  5 55  5.920  0.0   1
      206  27.867426   85.691447    17.676    13300.3    -5583.3     1180.6    213.1    245.7    146.9 2023  4 16  7 22  6.990  0.0   1
      207  27.930670   85.526750    10.547    -2915.2     1425.3    -5948.9    367.5    247.9    260.6 2023  4 16  9  5 10.990  0.0   1
      208  27.933028   85.606063    17.493     4891.5     1686.6      996.9    238.7    191.3     84.1 2023  4 16 10 48 35.810  0.0   1
      209  27.894883   85.734644     8.994    17551.2    -2540.5    -7502.0    196.7    215.8    206.8 2023  4 16 13 20 24.360  0.0   1
      210  27.934658   85.615202    16.758     5791.4     1867.2      261.8    223.3    245.3    120.4 2023  4 16 13 21 54.650  0.0   1
      211  27.919513   85.588143    17.850     3128.2      189.0     1354.2    257.4    195.7    117.4 2023  4 16 13 58 32.410  0.0   1
      212  27.901003   85.526603    17.278    -2929.8    -1862.2      781.7    236.0    229.3    143.4 2023  4 16 14 54 27.710  0.0   1
      213  27.964063   85.751937    20.129    19247.5     5125.8     3632.9    189.9    483.8    189.7 2023  4 16 15  0  7.880  0.0   1
      214  27.891842   85.570321    17.380     1374.4    -2877.5      884.4    546.6    367.9    133.0 2023  4 16 15 22 35.740  0.0   1
      215  27.936953   85.443018    14.829   -11156.5     2121.5    -1667.3    184.2    202.8    148.7 2023  4 16 15 46 35.040  0.0   1
      216  27.893158   85.569564    17.661     1299.7    -2731.7     1165.1    359.8    314.9    133.0 2023  4 16 16  5 39.870  0.0   1
      217  27.897060   85.563265    16.972      679.4    -2299.3      475.9    323.8    244.3    114.2 2023  4 16 16 51 33.480  0.0   1
      218  27.893728   85.568107    17.553     1156.2    -2668.6     1056.9    533.7    404.4    145.4 2023  4 16 16 52  6.530  0.0   1
      219  27.843571   85.698649    15.544    14010.8    -8226.7     -951.5    222.4    309.6    189.2 2023  4 16 17  4 49.400  0.0   1
      220  27.843005   85.696126    16.170    13762.4    -8289.5     -325.6    183.4    304.1    143.6 2023  4 16 17  6 52.440  0.0   1
      221  27.843461   85.701587    15.519    14299.8    -8238.9     -976.7    195.0    324.2    182.3 2023  4 16 17  7 19.800  0.0   1
      222  27.912061   85.709847    15.297    15108.7     -636.8    -1199.3    193.4    277.4    121.3 2023  4 16 17 19 25.560  0.0   1
      223  27.896193   85.567188    16.724     1065.8    -2395.3      228.6    372.9    226.0    140.7 2023  4 16 17 19 32.040  0.0   1
      224  27.908498   85.714486    14.527    15566.0    -1031.8    -1969.0    182.2    468.7    162.8 2023  4 16 17 25 47.560  0.0   1
      225  27.897239   85.551082    16.953     -519.8    -2279.4      457.6    182.5    242.0     90.2 2023  4 16 17 32 32.320  0.0   1
      226  27.897744   85.565544    17.173      903.7    -2223.5      677.2    359.7    249.9    124.3 2023  4 16 17 51  0.280  0.0   1
      227  27.910189   85.454126    17.378   -10064.0     -844.3      881.9    207.8    150.8    187.3 2023  4 16 17 56 21.880  0.0   1
      228  27.897139   85.566667    17.279     1014.1    -2290.5      783.3    387.9    256.4    112.1 2023  4 16 18 31 59.080  0.0   1
      229  27.892259   85.586597    16.865     2976.1    -2831.4      369.7    415.6    235.0    112.1 2023  4 16 18 34 59.480  0.0   1
      230  27.918325   85.459253    16.613    -9558.9       57.2      117.6    141.3    156.0    107.5 2023  4 16 18 47 13.160  0.0   1
      231  27.905168   85.691040    16.715    13257.6    -1400.8      219.0    200.3    238.9    113.9 2023  4 16 18 51 56.840  0.0   1
      232  27.942385   85.609302    21.509     5210.1     2723.6     5012.9    287.1    197.4    168.8 2023  4 16 19  7 48.560  0.0   1
      233  27.950871   85.594271    18.785     3731.1     3664.0     2289.1    400.8    320.3    123.3 2023  4 16 19 13 41.040  0.0   1
      234  27.896641   85.551847    16.986     -444.6    -2345.6      489.9    193.7    319.4    110.7 2023  4 16 19 16 47.800  0.0   1
      235  27.900291   85.564266    16.503      778.0    -1941.1        6.8    284.8    273.8     89.2 2023  4 16 19 39 25.400  0.0   1
      236  27.896405   85.565885    17.021      937.2    -2371.9      525.2    392.8    239.8    127.3 2023  4 16 19 55  5.280  0.0   1
      237  27.899062   85.622673    16.504     6527.4    -2077.3        8.2    224.2    278.6    114.7 2023  4 16 20 18  9.040  0.0   1
      238  27.840623   85.662842    17.419    10484.7    -8553.6      922.7    173.0    281.9    150.7 2023  4 16 20 21 38.760  0.0   1
      239  27.971328   85.498885    16.302    -5656.9     5930.9     -193.8    154.3    199.4     91.8 2023  4 16 21  8 38.980  0.0   1
      240  27.912364   85.599512    15.922     4247.7     -603.3     -573.7    242.5    175.1    139.9 2023  4 16 21 15 52.800  0.0   1
      241  27.908472   85.363167    16.531   -19018.7    -1034.7       35.3    151.1    411.9    171.1 2023  4 16 21 16 49.360  0.0   1
      242  27.890737   85.592928    16.988     3599.5    -3000.1      492.7    325.1    346.1     87.5 2023  4 16 21 25 46.560  0.0   1
      243  27.909090   85.574967    16.553     1831.7     -966.2       57.0    309.0    258.4    104.3 2023  4 16 21 27 56.040  0.0   1
      244  27.954492   85.610734    18.230     5350.8     4065.3     1734.3    245.8    224.3     97.2 2023  4 16 21 45 28.000  0.0   1
      245  27.961674   85.536987    13.218    -1907.2     4861.1    -3277.6    269.4    247.8    242.3 2023  4 16 22  1 24.680  0.0   1
      246  27.894987   85.579443    16.175     2271.8    -2529.1     -320.4    425.8    373.9    157.6 2023  4 16 22 12 42.320  0.0   1
      247  27.902671   85.557869    17.415      148.4    -1677.5      919.6    479.8    364.2    126.8 2023  4 16 22 27 26.280  0.0   1
      248  27.916774   85.560132    18.176      371.2     -114.6     1680.1    256.8    183.3    143.6 2023  4 16 22 39  3.560  0.0   1
      249  27.931816   85.531665    15.588    -2431.2     1552.4     -907.4    334.9    454.2    237.6 2023  4 16 23 55 14.320  0.0   1
      250  27.945182   85.474707    15.564    -8037.1     3033.6     -931.9    172.6    150.7    110.9 2023  4 17  0 36 12.980  0.0   1
      251  27.907601   85.670402    15.590    11226.3    -1131.2     -905.5    276.5    250.5    211.0 2023  4 17  1 18 20.490  0.0   1
      252  27.914431   85.569865    16.390     1328.6     -374.2     -105.6    266.9    195.5    129.4 2023  4 17  1 33 17.050  0.0   1
      253  27.863578   85.705876    17.400    14721.2    -6009.6      904.2    197.1    225.2    139.8 2023  4 17  1 43 45.540  0.0   1
      254  27.939319   85.445052    15.396   -10956.3     2383.8    -1099.7    124.2    162.6    161.3 2023  4 17  2 33 39.050  0.0   1
      255  27.944786   85.427376    17.002   -12695.2     2989.6      506.0    141.0    170.9    116.3 2023  4 17  4 47 34.290  0.0   1
      256  27.943819   85.475073    15.459    -8001.0     2882.5    -1036.6    125.1    147.4     97.2 2023  4 17  7 50  3.730  0.0   1
      257  27.946252   85.465381    13.538    -8955.3     3152.3    -2958.3    180.0    163.2    305.4 2023  4 17  7 51 12.080  0.0   1
      258  27.946987   85.474618    19.360    -8045.6     3233.4     2864.0    204.6    202.2    220.8 2023  4 17  7 57 41.600  0.0   1
      259  27.899125   85.641821    17.134     8412.5    -2070.4      638.6    224.8    190.9    142.7 2023  4 17  9 35 42.930  0.0   1
      260  27.946092   85.555046    17.082     -129.4     3134.3      586.2    234.9    222.4    115.4 2023  4 17  9 50 56.820  0.0   1
      261  27.902366   85.545076    16.503    -1110.9    -1711.2        7.6    194.5    211.6    119.9 2023  4 17 11 34 12.330  0.0   1
      262  27.919598   85.546777    21.546     -943.6      198.4     5049.8    397.6    321.7    141.9 2023  4 17 12 41 34.050  0.0   1
      263  27.921511   85.566138    16.127      961.8      410.3     -368.8    275.4    207.5    145.0 2023  4 17 13 53  3.000  0.0   1
      264  27.939488   85.593953    18.981     3700.1     2402.5     2485.2    218.4    127.5     99.5 2023  4 17 13 57 11.790  0.0   1
      265  27.928550   85.498519    17.327    -5693.6     1190.4      831.3    223.2    170.2    117.9 2023  4 17 14 15 42.600  0.0   1
      266  27.928520   85.503784    17.556    -5175.7     1187.1     1060.4    176.8    200.1    111.6 2023  4 17 14 20 46.900  0.0   1
      267  27.941329   85.584513    18.937     2770.9     2606.6     2441.6    363.0    244.3    159.9 2023  4 17 14 24 52.550  0.0   1
      268  27.960510   85.504354    15.422    -5118.5     4732.3    -1073.5    188.3    172.7    109.4 2023  4 17 14 34 57.550  0.0   1
      269  27.940116   85.593791    18.743     3683.6     2472.2     2246.9    322.9    207.1    111.9 2023  4 17 14 37  0.890  0.0   1
      270  27.926581   85.500073    17.111    -5540.8      972.1      615.5    240.9    163.1    120.6 2023  4 17 15  0 12.000  0.0   1
      271  27.905656   85.486572    16.472    -6870.4    -1346.7      -23.9    180.4    195.5    121.3 2023  4 17 15 27 26.990  0.0   1
      272  27.904726   85.532210    16.239    -2377.4    -1449.7     -256.5    179.4    211.8     73.1 2023  4 17 15 45 38.330  0.0   1
      273  27.925667   85.676929    17.374    11867.6      871.0      878.1    232.6    294.6    120.8 2023  4 17 16 29 17.350  0.0   1
      274  27.903941   85.570597    17.513     1401.3    -1536.7     1017.3    418.7    270.0    123.6 2023  4 17 17 10  2.160  0.0   1
      275  27.900513   85.550423    16.652     -584.8    -1916.6      155.8    186.9    254.9     91.1 2023  4 17 17 20 23.820  0.0   1
      276  27.900368   85.560433    17.034      400.6    -1932.7      537.8    236.4    193.1     97.9 2023  4 17 18 19 14.760  0.0   1
      277  27.944828   85.481169    16.511    -7401.3     2994.2       15.3    153.6    156.2    113.2 2023  4 17 18 34  1.500  0.0   1
      278  27.806549   85.716626    22.881    15783.7   -12329.6     6385.4    390.1    713.3    300.4 2023  4 17 18 41 14.560  0.0   1
      279  27.926231   85.489071    15.654    -6624.3      933.5     -841.7    162.3    151.4    130.8 2023  4 17 19 41  8.220  0.0   1
      280  27.899327   85.551815    16.677     -448.1    -2048.1      180.7    190.0    256.9     97.3 2023  4 17 20  9 49.000  0.0   1
      281  27.919082   85.680216    15.000    12191.7      141.1    -1496.2    160.6    242.0    157.0 2023  4 17 20 19 36.560  0.0   1
      282  27.949896   85.456738    17.692    -9805.5     3555.8     1196.6    304.0    198.0    258.9 2023  4 17 20 36 50.560  0.0   1
      283  27.982387   85.567611    16.386     1106.4     7156.6     -109.8    385.1    343.8    158.7 2023  4 17 21 32 38.100  0.0   1
      284  27.920856   85.556014    16.704      -34.8      337.8      208.6    265.9    197.5     98.5 2023  4 17 21 47 32.780  0.0   1
      285  27.903823   85.550562    16.549     -571.0    -1549.7       52.9    275.0    326.2    152.7 2023  4 17 21 57 28.200  0.0   1
      286  27.959540   85.518229    18.099    -3752.8     4624.6     1603.1    337.2    225.6    126.3 2023  4 17 22 16  0.440  0.0   1
      287  27.898313   85.552791    16.640     -351.8    -2160.4      143.9    206.2    284.5     98.5 2023  4 17 22 39 37.820  0.0   1
      288  27.916937   85.549552    18.615     -670.3      -96.5     2119.2    287.6    273.2    221.4 2023  4 17 23 20 46.800  0.0   1
      289  27.898584   85.542057    17.178    -1408.8    -2130.3      682.6    281.9    243.1    179.2 2023  4 18  0 42 34.510  0.0   1
      290  27.920199   85.457536    15.192    -9728.5      265.0    -1304.2    170.7    244.1    120.5 2023  4 18  1  8 51.980  0.0   1
      291  27.915277   85.490381    11.618    -6495.5     -280.4    -4878.1    223.0    196.8    232.0 2023  4 18  1 14 14.670  0.0   1
      292  27.899288   85.552165    16.778     -413.8    -2052.3      282.0    191.9    253.1     79.1 2023  4 18  1 34 28.740  0.0   1
      293  27.912553   85.725244     9.663    16624.4     -582.4    -6832.7    265.7    264.1    352.1 2023  4 18  2 54 25.510  0.0   1
      294  27.924430   85.449300    16.291   -10538.3      733.8     -205.0    187.8    133.9     93.6 2023  4 18  5 14 57.820  0.0   1
      295  27.940601   85.511060    15.374    -4459.2     2525.7    -1120.3    145.8    194.0    130.3 2023  4 18  7 36 33.030  0.0   1
      296  27.950779   85.617098    21.684     5977.3     3653.9     5188.6    298.2    321.8    121.1 2023  4 18  9  6 55.090  0.0   1
      297  27.951485   85.615845    21.663     5854.3     3731.9     5167.0    231.1    336.0    156.0 2023  4 18  9 25 45.140  0.0   1
      298  27.898322   85.554036    16.992     -229.5    -2159.4      496.3    190.7    241.1     78.8 2023  4 18 13 21 43.830  0.0   1
      299  27.901615   85.549373    16.338     -687.8    -1794.5     -158.2    190.9    201.1    128.9 2023  4 18 13 31 51.950  0.0   1
      300  27.887988   85.606160    16.186     4902.9    -3304.5     -310.0    232.8    235.4    127.7 2023  4 18 15 33 20.750  0.0   1
      301  27.902155   85.585490    14.232     2867.6    -1734.6    -2264.2    264.9    236.8    199.9 2023  4 18 16 47 52.790  0.0   1
      302  27.911629   85.456226    17.338    -9857.9     -684.8      842.1    182.2    158.2    130.7 2023  4 18 17  1 15.520  0.0   1
      303  27.913472   85.501953    16.409    -5356.0     -480.4      -86.4    176.8    140.7     98.7 2023  4 18 17 37 41.560  0.0   1
      304  27.927171   85.477702    12.090    -7742.6     1037.5    -4406.0    293.7    315.6    329.0 2023  4 18 18  4  7.160  0.0   1
      305  27.945117   85.478035    16.078    -7709.2     3026.4     -418.0    184.1    168.1    113.9 2023  4 18 18  5 24.040  0.0   1
      306  27.944706   85.478361    16.021    -7677.2     2980.7     -474.4    147.2    148.1     99.5 2023  4 18 18 33 58.480  0.0   1
      307  27.892226   85.590999    16.996     3409.5    -2835.0      499.8    271.3    256.6     89.1 2023  4 18 18 46 42.520  0.0   1
      308  27.904207   85.548446    16.458     -779.2    -1507.2      -37.5    171.6    276.1    114.3 2023  4 18 19 38 39.040  0.0   1
      309  27.764136   85.525985    16.150    -2992.8   -17029.6     -345.5    471.1    359.9    263.1 2023  4 18 19 45 54.840  0.0   1
      311  27.901910   85.684123    15.918    12577.3    -1761.8     -578.3    183.6    302.7    139.8 2023  4 18 20 20 56.160  0.0   1
      312  27.897361   85.657072    19.749     9914.1    -2265.9     3252.8    440.1    366.8    313.6 2023  4 18 20 24  9.820  0.0   1
      313  27.903056   85.684497    15.828    12613.5    -1634.9     -668.3    162.5    239.4    125.6 2023  4 18 20 24 33.160  0.0   1
      314  27.903510   85.683968    15.850    12561.5    -1584.6     -646.0    135.7    216.7    123.6 2023  4 18 20 25 56.140  0.0   1
      315  27.900584   85.687533    15.636    12912.6    -1908.8     -859.8    146.7    207.1    140.3 2023  4 18 20 27 38.260  0.0   1
      316  27.910360   85.504753    14.031    -5080.8     -825.5    -2464.4    168.4    194.7    165.8 2023  4 18 21  1 21.200  0.0   1
      317  27.942662   85.561955    19.475      550.4     2754.1     2979.3    289.3    417.7    118.8 2023  4 18 21 15 24.240  0.0   1
      318  27.914665   85.523511    21.280    -3234.0     -348.4     4784.5    274.4    294.2    164.1 2023  4 18 21 24 56.920  0.0   1
      319  27.914602   85.555998    18.365      -35.7     -355.3     1869.2    531.7    270.4    151.2 2023  4 18 21 34 43.380  0.0   1
      320  27.900374   85.538330    16.785    -1775.2    -1932.0      289.1    278.0    232.7    117.4 2023  4 18 22 15 10.820  0.0   1
      321  27.901831   85.526221    16.153    -2967.3    -1770.5     -343.2    199.1    274.4     89.4 2023  4 18 22 29 21.880  0.0   1
      322  27.906114   85.517765    15.769    -3799.7    -1295.9     -726.3    160.7    201.5    117.9 2023  4 18 22 34 41.720  0.0   1
      323  27.907515   85.519474    15.517    -3631.5    -1140.6     -979.2    149.0    190.6    126.3 2023  4 18 22 34 56.280  0.0   1
      324  27.916418   85.535384    17.165    -2064.8     -154.0      669.6    216.9    254.0    114.4 2023  4 18 23  6 57.720  0.0   1
      325  27.945113   85.476855    15.362    -7825.3     3025.9    -1133.7    143.0    156.8    149.5 2023  4 18 23 35 27.040  0.0   1
      326  27.902917   85.527360    16.755    -2855.6    -1650.1      258.9    184.8    217.6    144.4 2023  4 18 23 46 22.320  0.0   1
      327  27.941103   85.505900     9.023    -4966.6     2581.5    -7473.2    224.3    156.0    168.2 2023  4 19  0 14 48.270  0.0   1
      328  27.900865   85.546989    18.057     -922.5    -1877.5     1561.1    268.4    250.0    161.9 2023  4 19  1 29 12.750  0.0   1
      329  27.923501   85.541699    17.146    -1443.1      630.9      650.4    278.4    201.3     84.2 2023  4 19  1 35 15.090  0.0   1
      330  27.902393   85.621940    17.607     6455.8    -1708.4     1110.7    220.7    330.1    114.9 2023  4 19  4 59 53.570  0.0   1
      331  27.949184   85.535018    15.378    -2100.5     3477.1    -1118.3    242.0    202.4    108.7 2023  4 19  5  2 42.980  0.0   1
      332  27.953229   85.540942    15.555    -1518.2     3925.4     -940.5    317.5    320.6    127.3 2023  4 19  5  4 39.660  0.0   1
      333  27.951202   85.537109    15.528    -1894.8     3700.6     -968.2    207.3    191.9     94.6 2023  4 19  5  6 42.200  0.0   1
      334  27.948954   85.536076    15.516    -1996.9     3451.5     -979.7    273.8    195.4    145.7 2023  4 19  5 15 42.870  0.0   1
      335  27.950612   85.533952    15.664    -2206.1     3635.3     -831.6    256.1    186.7    135.1 2023  4 19  5 17 32.600  0.0   1
      336  27.948818   85.541154    15.082    -1496.7     3436.5    -1413.8    276.9    189.0    123.3 2023  4 19  5 18 53.650  0.0   1
      337  27.950551   85.536686    15.345    -1936.6     3628.5    -1150.9    256.2    192.2    106.4 2023  4 19  5 19 33.330  0.0   1
      338  27.948623   85.537996    14.982    -1807.6     3414.8    -1513.8    362.3    246.1    122.8 2023  4 19  5 20  6.020  0.0   1
      339  27.920245   85.546053    17.184    -1014.9      270.1      688.0    219.9    180.6    114.3 2023  4 19 14 12  8.410  0.0   1
      340  27.849428   85.721411    18.033    16251.6    -7577.7     1537.5    258.3    294.6    202.7 2023  4 19 14 14  5.740  0.0   1
      341  27.911422   85.468693    16.740    -8630.1     -707.7      244.0    179.3    152.3    150.3 2023  4 19 14 15 12.420  0.0   1
      342  27.867013   85.643099    12.389     8539.5    -5629.1    -4107.3    174.5    377.0    157.1 2023  4 19 14 56  2.020  0.0   1
      343  27.940674   85.573104    19.251     1647.9     2533.9     2754.7    300.9    343.7    134.0 2023  4 19 15 34 59.330  0.0   1
      344  27.944698   85.545760    18.341    -1043.8     2979.8     1845.3    210.9    361.0     97.2 2023  4 19 17 15 46.240  0.0   1
      345  27.894895   85.561833    17.375      538.4    -2539.2      879.4    292.4    304.0    113.8 2023  4 19 18  6 18.340  0.0   1
      346  27.922176   85.452108    18.206   -10262.8      484.2     1710.5    178.7    158.0    167.0 2023  4 19 18  7 50.320  0.0   1
      347  27.924980   85.476261    15.434    -7884.5      794.9    -1061.9    182.2    215.7    181.4 2023  4 19 18 23 38.040  0.0   1
      348  27.925000   85.477466    15.880    -7765.8      797.1     -615.4    104.8    166.8    126.8 2023  4 19 18 38 32.880  0.0   1
      349  27.926609   85.479606    16.166    -7555.7      975.4     -329.8    119.4    127.9     84.7 2023  4 19 18 38 59.720  0.0   1
      350  27.934794   85.441284    11.345   -11327.6     1882.4    -5151.1    342.1    189.3    421.9 2023  4 19 18 44 19.580  0.0   1
      351  27.924790   85.480770    16.634    -7440.8      773.7      138.1    119.9    136.3     84.9 2023  4 19 18 47 27.820  0.0   1
      352  27.925584   85.481641    16.413    -7355.6      861.8      -83.3     99.8    125.6     69.7 2023  4 19 18 48 39.800  0.0   1
      353  27.925494   85.480713    16.344    -7446.8      851.8     -151.7    106.7    124.5     83.3 2023  4 19 18 49 25.920  0.0   1
      354  27.927175   85.481950    16.799    -7324.8     1038.0      302.7    105.5    136.8     82.7 2023  4 19 19  5 31.160  0.0   1
      355  27.927061   85.482796    16.809    -7241.3     1025.3      313.1    119.8    130.3     95.9 2023  4 19 19  5 40.120  0.0   1
      356  27.928477   85.478418    16.611    -7672.1     1182.4      115.6    182.2    167.2     94.4 2023  4 19 19 16 43.060  0.0   1
      357  27.926567   85.481242    16.145    -7394.2      970.7     -350.5    178.0    136.5    125.5 2023  4 19 19 22 47.720  0.0   1
      358  27.926707   85.479289    16.059    -7586.9      986.1     -436.7    145.8    152.1    128.0 2023  4 19 19 28 13.840  0.0   1
      359  27.925979   85.480306    16.439    -7486.7      905.6      -56.8    123.1    122.5     83.2 2023  4 19 19 30 37.340  0.0   1
      360  27.925144   85.480111    16.604    -7505.9      813.1      108.5    168.0    124.9     88.5 2023  4 19 19 32 46.960  0.0   1
      361  27.928782   85.477490    16.548    -7763.3     1216.2       52.6    185.5    151.1    105.4 2023  4 19 19 37 59.880  0.0   1
      362  27.923971   85.477718    15.578    -7741.5      683.0     -918.2    144.9    197.1    164.9 2023  4 19 19 39 33.080  0.0   1
      363  27.924638   85.478483    16.309    -7666.3      756.9     -186.3    155.8    168.9     97.2 2023  4 19 19 49 31.940  0.0   1
      364  27.940269   85.713680    20.467    15484.3     2489.0     3971.0    155.9    466.0    156.9 2023  4 19 19 55  7.660  0.0   1
      365  27.921781   85.561149    17.372      471.0      440.2      876.2    196.8    200.0    120.7 2023  4 19 20 18 52.700  0.0   1
      366  27.926575   85.483040    16.525    -7217.4      971.4       28.8     91.6    131.9     95.3 2023  4 19 20 24  7.520  0.0   1
      367  27.924959   85.478532    15.853    -7661.3      792.4     -642.4    150.6    154.7    134.0 2023  4 19 20 27  2.040  0.0   1
      368  27.882768   85.781356    21.110    22151.3    -3883.2     4614.3    236.0    517.4    243.7 2023  4 19 20 37 46.880  0.0   1
      369  27.924394   85.482869    16.237    -7234.7      729.9     -258.9    142.9    133.6     98.6 2023  4 19 20 39 33.640  0.0   1
      370  27.926624   85.475684    15.970    -7941.2      976.8     -525.5    192.2    140.2    129.8 2023  4 19 20 40 54.780  0.0   1
      371  27.967358   85.441227    19.115   -11330.7     5491.2     2619.5    235.6    203.2    156.0 2023  4 19 21 20 35.520  0.0   1
      372  27.925903   85.482015    16.531    -7318.5      897.1       34.9     92.9    118.9     89.3 2023  4 19 21 46 58.880  0.0   1
      373  27.924864   85.481909    16.243    -7329.0      782.0     -253.1    113.2    140.3     55.7 2023  4 19 23 42 23.160  0.0   1
      374  27.924406   85.581022    17.077     2426.9      731.2      581.1    364.3    230.9     92.5 2023  4 20  0 12 13.320  0.0   1
      375  27.897335   85.525106    17.085    -3076.9    -2268.8      589.4    238.1    222.1    141.0 2023  4 20  0 46 29.360  0.0   1
      376  27.924674   85.485026    16.778    -7022.2      761.0      282.3    125.2    154.4    110.8 2023  4 20  0 55  9.630  0.0   1
      377  28.013938   85.732642    21.192    17344.2    10653.0     4696.1    333.9    847.3    288.6 2023  4 20  1 41 58.910  0.0   1
      378  27.911672   85.526221    17.201    -2967.7     -680.0      705.4    190.3    258.9    127.4 2023  4 20  4 50 39.920  0.0   1
      379  27.922573   85.488053    15.545    -6724.0      528.0     -951.3    159.8    143.1    176.5 2023  4 20 12 56  6.260  0.0   1
      380  27.936383   85.737573    12.581    17836.0     2058.5    -3914.6    242.4    311.9    181.7 2023  4 20 15  3  5.040  0.0   1
      381  27.925179   85.503288    15.043    -5224.1      816.8    -1452.9    340.8    229.4    226.9 2023  4 20 15 54 50.290  0.0   1
      382  27.944873   85.510539     8.253    -4510.7     2999.3    -8243.2    164.1    147.5    112.8 2023  4 20 16 14 12.060  0.0   1
      383  27.893272   85.611654    17.923     5443.3    -2719.2     1427.7    204.6    217.6    136.0 2023  4 20 16 27 57.300  0.0   1
      384  27.932597   85.616610    17.940     5929.8     1638.9     1444.3    276.2    225.2    147.2 2023  4 20 16 58 27.620  0.0   1
      385  27.944407   85.510482     7.882    -4516.0     2947.6    -8613.7    178.9    164.7    178.3 2023  4 20 17  5 31.060  0.0   1
      386  27.924003   85.449056    15.547   -10563.1      686.6     -949.3    155.1    147.2    131.9 2023  4 20 17 28 10.480  0.0   1
      387  27.892920   85.559237    17.185      282.8    -2758.2      688.7    620.8    512.4    140.4 2023  4 20 17 36 44.600  0.0   1
      388  27.892544   85.560693    16.990      426.1    -2799.7      494.5    530.9    411.3    126.9 2023  4 20 17 52  7.640  0.0   1
      389  27.928044   85.482601    16.826    -7260.8     1134.3      330.7    135.1    161.2    105.0 2023  4 20 17 54 55.020  0.0   1
      390  27.928066   85.513354    16.838    -4233.2     1136.8      342.4    174.3    161.5     98.5 2023  4 20 19 24 31.040  0.0   1
      391  27.939091   85.628857    21.105     7135.6     2358.6     4609.1    257.4    260.8    113.7 2023  4 20 19 47  1.220  0.0   1
      392  27.900816   85.554565    16.537     -177.0    -1883.1       40.8    278.7    241.4     92.1 2023  4 20 20  7 43.440  0.0   1
      393  27.902169   85.490511    14.435    -6483.2    -1733.2    -2060.8    202.3    159.0    142.9 2023  4 20 20 14 44.300  0.0   1
      394  27.934574   85.706380     7.802    14766.0     1858.0    -8694.1    189.7    475.7    168.6 2023  4 20 20 17 48.020  0.0   1
      395  27.944623   85.511117     8.372    -4453.3     2971.5    -8124.3    276.3    135.9    168.0 2023  4 20 20 22 19.040  0.0   1
      396  27.928918   85.488005    16.024    -6729.1     1231.3     -472.3    121.5    126.4     98.2 2023  4 20 20 29 50.840  0.0   1
      397  27.897693   85.552091    16.757     -420.5    -2229.1      260.9    237.0    258.4     90.7 2023  4 20 20 55 43.320  0.0   1
      398  27.898590   85.550675    16.689     -560.4    -2129.8      193.2    219.8    240.4     77.6 2023  4 20 20 56 16.440  0.0   1
      399  27.941886   85.676237    17.439    11798.8     2668.3      942.7    212.9    242.3    120.4 2023  4 20 20 57  9.080  0.0   1
      400  27.937286   85.604639    17.108     4751.8     2158.6      612.3    291.6    250.4    111.9 2023  4 20 21 16 25.700  0.0   1
      401  27.943331   85.679712    17.501    12140.5     2828.5     1005.3    214.2    292.1    126.9 2023  4 20 21 22 43.920  0.0   1
      402  27.836387   85.634220    17.584     7667.1    -9023.0     1088.4    251.8    242.3    118.4 2023  4 20 21 24 46.560  0.0   1
      403  27.826790   85.730469    17.394    17145.1   -10086.5      898.3    199.2    357.5    220.3 2023  4 20 21 35 14.480  0.0   1
      404  27.907574   85.473747    15.685    -8132.6    -1134.2     -810.7    118.7    172.0    121.6 2023  4 20 21 40 13.960  0.0   1
      405  27.949567   85.432210    14.863   -12219.4     3519.5    -1632.8    190.1    286.7    183.4 2023  4 20 23 13 19.740  0.0   1
      406  27.905355   85.711768     9.814    15298.6    -1380.0    -6681.5    197.5    310.0    275.1 2023  4 21  1 58  4.270  0.0   1
      407  27.924624   85.677254    16.429    11899.5      755.4      -67.0    246.9    196.4    230.5 2023  4 21  2 25 34.920  0.0   1
      408  27.924982   85.478434    16.339    -7670.7      794.9     -156.8    116.8    120.6    127.2 2023  4 21  5 35 35.310  0.0   1
      409  27.895738   85.553019    17.263     -329.3    -2445.7      767.1    377.8    274.6    131.5 2023  4 21  6 30  4.610  0.0   1
      410  27.899251   85.550708    16.692     -556.7    -2056.4      196.3    189.9    252.8     96.0 2023  4 21  7 51 28.590  0.0   1
      411  27.906053   85.572404    16.933     1578.7    -1302.7      437.2    195.9    233.3     81.5 2023  4 21 13 16 41.440  0.0   1
      412  27.946425   85.459318    15.851    -9551.3     3171.3     -645.1    121.6    108.4     92.1 2023  4 21 14 19 55.680  0.0   1
      413  27.898474   85.775505    19.770    21573.4    -2142.5     3273.9    405.0    992.5    439.9 2023  4 21 14 26 41.960  0.0   1
      414  27.908262   85.600382    16.685     4333.1    -1057.8      189.3    251.9    245.4    100.1 2023  4 21 15 10 10.220  0.0   1
      415  27.945249   85.510278     8.342    -4536.3     3040.9    -8153.5    158.9    150.2    120.2 2023  4 21 16  9 41.610  0.0   1
      416  27.911509   85.725643    17.124    16663.9     -698.0      628.2    150.5    354.9    134.2 2023  4 21 16 36 49.440  0.0   1
      417  27.827248   85.706600    24.296    14794.7   -10035.6     7800.5    366.8    665.3    289.2 2023  4 21 17 52  4.680  0.0   1
      418  27.945508   85.508496     8.336    -4711.0     3069.6    -8159.6    246.2    153.1    141.5 2023  4 21 18 39 33.600  0.0   1
      419  27.891982   85.603524    15.959     4643.1    -2862.0     -536.8    275.2    195.2    150.7 2023  4 21 19  6 53.200  0.0   1
      420  27.917778   85.463786    15.446    -9113.1       -3.3    -1049.7    148.8    155.9    100.8 2023  4 21 19 13 38.120  0.0   1
      421  27.914978   85.622160    16.175     6477.1     -313.7     -320.6    232.1    332.9    113.4 2023  4 21 19 18 15.400  0.0   1
      422  27.898029   85.571875    16.873     1527.3    -2192.0      377.5    321.7    336.4     85.3 2023  4 21 19 46 54.440  0.0   1
      423  27.895017   85.579484    16.743     2276.4    -2525.7      246.9    495.0    403.6     97.9 2023  4 21 20 34 27.720  0.0   1
      424  27.895589   85.583724    16.746     2693.3    -2462.3      249.9    495.2    480.5    116.4 2023  4 21 20 36 24.680  0.0   1
      425  27.895575   85.576579    16.845     1989.8    -2463.8      348.9    728.1    484.6     94.0 2023  4 21 20 37 54.640  0.0   1
      426  27.895028   85.572607    16.493     1598.9    -2524.6       -3.3    761.1    485.4    189.7 2023  4 21 20 38 21.760  0.0   1
      427  27.901221   85.475431    12.078    -7967.4    -1838.2    -4417.8    235.3    391.3    266.7 2023  4 21 20 38 48.840  0.0   1
      428  27.897522   85.575732    16.723     1906.8    -2248.0      227.4    564.3    358.2     98.7 2023  4 21 20 39 31.080  0.0   1
      429  27.899349   85.570793    16.738     1420.4    -2045.6      242.5    599.2    434.9    101.9 2023  4 21 20 40 38.360  0.0   1
      430  27.892904   85.594914    15.545     3795.0    -2760.0     -950.6    360.9    374.8    226.7 2023  4 21 21 38 24.680  0.0   1
      431  27.916911   85.463631    17.024    -9128.7      -99.4      528.1    116.7    193.0    123.8 2023  4 21 21 42 52.000  0.0   1
      432  27.903408   85.553410    16.801     -290.6    -1595.8      305.6    226.8    279.3     84.0 2023  4 21 21 50 32.500  0.0   1
      433  27.951426   85.592847    18.860     3591.0     3725.5     2364.5    425.2    243.7    134.4 2023  4 21 22 29 44.540  0.0   1
      434  27.933624   85.448218    16.436   -10644.5     1752.6      -60.1    147.5    190.8    112.7 2023  4 21 23 11 11.440  0.0   1
      435  27.932668   85.448267    16.595   -10639.7     1646.8       99.5    151.3    130.8    128.4 2023  4 21 23 11 38.880  0.0   1
      436  27.935661   85.571712    17.562     1510.7     1978.3     1066.6    257.8    218.3    111.5 2023  4 22  0 52 31.110  0.0   1
      437  27.898102   85.508407    16.642    -4721.1    -2183.8      146.1    197.9    201.8    159.1 2023  4 22  3  3 10.340  0.0   1
      438  27.900144   85.502409    16.337    -5312.0    -1957.4     -159.2    212.1    239.6    154.4 2023  4 22  3  3 26.570  0.0   1
      439  27.903050   85.553841    16.623     -248.3    -1635.5      126.9    223.1    207.9     97.6 2023  4 22  6 36 20.770  0.0   1
      440  27.942670   85.515503    15.672    -4021.5     2755.2     -823.4    163.9    173.5    123.3 2023  4 22  6 52 36.470  0.0   1
      441  27.951469   85.568823    19.548     1226.4     3730.2     3052.5    359.1    424.7    149.8 2023  4 22  7 54 53.280  0.0   1
      442  27.960917   85.565015    14.834      851.7     4777.4    -1661.6    257.6    279.0     96.5 2023  4 22 11  2 41.580  0.0   1
      443  27.919570   85.624829     8.478     6739.8      195.2    -8018.0    407.9    378.5    192.7 2023  4 22 15 14 49.460  0.0   1
      444  27.817179   85.721346    21.146    16248.0   -11151.4     4650.5    312.7    611.0    249.7 2023  4 22 16 29 23.220  0.0   1
      445  27.929873   85.460262    16.758    -9459.2     1337.0      261.9     99.4    167.8    101.9 2023  4 22 16 57  3.970  0.0   1
      446  27.948132   85.467082    14.877    -8787.1     3360.4    -1619.3    241.2    193.1    231.4 2023  4 22 17  1 40.060  0.0   1
      447  27.906057   85.539494    17.357    -1660.8    -1302.4      860.8    288.9    249.8    164.5 2023  4 22 18  3 20.640  0.0   1
      448  27.901044   85.593343    11.583     3640.3    -1857.8    -4913.3    327.7    284.8    178.1 2023  4 22 18 20 58.120  0.0   1
      449  27.896584   85.579069    15.565     2235.4    -2351.9     -930.8    332.1    232.9    166.5 2023  4 22 19 21 35.040  0.0   1
      450  27.912553   85.530518    16.792    -2544.5     -582.3      295.9    386.3    195.7    186.3 2023  4 22 19 22 11.820  0.0   1
      451  27.966056   85.553800    14.700     -252.3     5346.7    -1795.3    236.0    252.0    108.0 2023  4 22 19 50 40.460  0.0   1
      452  27.896216   85.571281    15.282     1468.4    -2392.8    -1213.6    384.3    322.2    176.3 2023  4 22 19 52 49.660  0.0   1
      453  27.940371   85.592765    19.200     3583.1     2500.3     2704.0    391.4    188.9    116.4 2023  4 22 20 14 46.720  0.0   1
      454  27.908189   85.520117    15.443    -3568.3    -1066.0    -1052.5    250.1    206.6    109.7 2023  4 22 20 15 37.400  0.0   1
      455  27.925618   85.457251    14.940    -9756.4      865.5    -1556.0    131.5    191.0    141.4 2023  4 22 20 19 16.960  0.0   1
      456  27.963967   85.549430    14.413     -682.4     5115.2    -2082.5    258.2    251.9    185.3 2023  4 22 21 20  4.520  0.0   1
      457  27.891156   85.566097    16.976      958.1    -2953.5      480.2    694.1    349.6    162.5 2023  4 22 21 27 52.760  0.0   1
      458  27.916341   85.577262    15.773     2057.2     -162.5     -723.3    315.5    208.2    142.8 2023  4 22 21 49  2.880  0.0   1
      459  27.908838   85.522404    14.970    -3343.4     -994.1    -1525.7    176.8    180.1    103.9 2023  4 22 21 53 23.720  0.0   1
      460  27.946692   85.440503    20.439   -11403.3     3200.8     3943.3    137.2    220.8    165.6 2023  4 22 22 13 33.400  0.0   1
      461  27.952738   85.565470    19.779      896.1     3870.9     3282.7    355.8    478.7    143.4 2023  4 22 22 27 39.720  0.0   1
      462  27.908669   85.518392    15.722    -3738.3    -1012.8     -774.1    178.9    192.2     94.0 2023  4 22 22 33 15.280  0.0   1
      463  27.931150   85.500317    18.600    -5516.4     1478.6     2104.0    293.7    431.5    172.7 2023  4 23  2 52 38.340  0.0   1
      464  27.947164   85.577930    20.007     2122.4     3253.1     3511.6    385.8    259.4    164.3 2023  4 23  4  5  7.230  0.0   1
      465  27.909259   85.601709    19.230     4464.0     -947.4     2733.8    379.8    216.5    166.4 2023  4 23  4  6 12.830  0.0   1
      466  27.931189   85.559261    18.524      285.1     1482.9     2027.9    259.2    222.6    149.6 2023  4 23  4 52  0.960  0.0   1
      467  27.953143   85.528491    17.845    -2743.2     3915.8     1349.2    228.9    202.4    151.7 2023  4 23  5 13 32.260  0.0   1
      468  27.971212   85.551302    15.458     -498.2     5918.2    -1038.1    439.8    282.2    164.4 2023  4 23  5 40 16.140  0.0   1
      469  27.942635   85.483398    13.829    -7182.0     2751.3    -2667.1    227.6    314.7    303.2 2023  4 23  6 10 50.940  0.0   1
      470  27.953444   85.531136    17.651    -2482.6     3949.2     1155.0    209.0    182.3    160.8 2023  4 23 11  7 46.210  0.0   1
      471  27.944775   85.582983     8.213     2619.7     2988.5    -8282.7    898.2    390.7    269.6 2023  4 23 11 27 29.930  0.0   1
      472  27.950541   85.511247     0.411    -4440.3     3627.3   -16084.7    375.1    461.7    188.8 2023  4 23 11 33 45.150  0.0   1
      473  27.882381   85.533952     2.354    -2206.8    -3926.0   -14141.8    254.5    584.4    413.6 2023  4 23 11 35 32.280  0.0   1
      474  27.877035   85.535465    11.109    -2057.5    -4518.4    -5386.8    454.1   1094.4    277.6 2023  4 23 11 35 43.920  0.0   1
      475  27.892344   85.489006     0.651    -6631.6    -2821.8   -15844.6    299.0    431.1    293.2 2023  4 23 11 37 33.720  0.0   1
      476  27.848476   85.443050     1.235   -11157.4    -7683.2   -15261.0    339.9    666.4    324.4 2023  4 23 11 47  3.730  0.0   1
      477  27.820457   85.512280     4.376    -4341.3   -10788.3   -12120.3    301.5    250.8    441.0 2023  4 23 11 47 37.810  0.0   1
      478  27.930422   85.628312     1.128     7082.0     1397.9   -15367.8    487.5    436.2    391.6 2023  4 23 11 52 52.020  0.0   1
      480  27.786357   85.758016    33.857    19861.8   -14567.3    17361.5    459.1    817.4    374.8 2023  4 23 15 48 44.410  0.0   1
      481  27.949087   85.532707    17.686    -2328.4     3466.2     1190.2    260.3    227.8    142.3 2023  4 23 16 38 42.530  0.0   1
      482  27.898832   85.443050     0.493   -11155.4    -2102.8   -16003.3    395.8    620.2    368.8 2023  4 23 16 51  0.870  0.0   1
      483  27.951215   85.531079    17.862    -2489.0     3702.1     1366.2    201.9    170.4     99.6 2023  4 23 17  0  8.160  0.0   1
      484  27.943748   85.548307     1.266     -792.8     2874.5   -15230.2    656.1    471.6    449.2 2023  4 23 17 27 14.880  0.0   1
      485  27.956297   85.447827    18.857   -10682.2     4265.3     2360.8    214.8    200.2    164.2 2023  4 23 17 37 51.860  0.0   1
      486  27.927911   85.497518    15.368    -5792.2     1119.7    -1128.0    169.7    124.0    175.6 2023  4 23 17 42 41.240  0.0   1
      487  27.928040   85.496566    16.019    -5886.4     1133.8     -477.0    228.5    109.2    144.3 2023  4 23 17 42 47.160  0.0   1
      488  27.951644   85.535474    17.831    -2056.2     3749.6     1335.5    184.6    191.4    109.8 2023  4 23 17 43  8.040  0.0   1
      489  27.857389   85.636548    16.465     7895.0    -6695.5      -30.7    206.5    277.4    173.6 2023  4 23 17 54  5.380  0.0   1
      490  27.951434   85.654370    15.002     9646.2     3726.3    -1493.7    162.0    295.6    116.1 2023  4 23 20 28 30.840  0.0   1
      491  27.894194   85.577409    16.277     2072.2    -2617.0     -218.9    383.5    199.4    129.4 2023  4 23 20 41 43.520  0.0   1
      492  27.954588   85.526481    17.445    -2941.4     4075.8      949.5    277.8    234.0    213.3 2023  4 23 20 55 19.160  0.0   1
      493  27.932107   85.485409    16.121    -6984.3     1584.5     -374.4    142.2    125.5     77.1 2023  4 23 21  0 47.040  0.0   1
      494  27.878481   85.772404    15.079    21270.4    -4358.1    -1417.2    205.8    302.6    282.5 2023  4 23 21 20 41.960  0.0   1
      495  27.931919   85.485490    15.958    -6976.5     1563.9     -537.6    123.5    122.3    126.6 2023  4 23 21 25  1.200  0.0   1
      496  27.910105   85.520125    14.614    -3567.2     -853.6    -1882.2    286.2    220.1    188.9 2023  4 23 21 26 25.540  0.0   1
      497  27.932876   85.485270    15.993    -6997.9     1669.8     -502.4    178.9    224.0    143.7 2023  4 23 21 27 26.800  0.0   1
      498  27.947447   85.652938    17.998     9504.9     3284.5     1501.9    228.1    317.3    120.5 2023  4 23 21 56 48.040  0.0   1
      499  27.978603   85.553540    12.926     -277.9     6737.2    -3569.6    175.5    189.7    141.0 2023  4 23 22 30 15.800  0.0   1
      500  27.890098   85.606364    16.880     4922.4    -3070.8      383.7    262.3    233.0    115.4 2023  4 23 23 17  9.840  0.0   1
      501  27.889854   85.754614     6.297    19517.8    -3097.9   -10199.1    219.8    258.0    294.9 2023  4 23 23 20 28.520  0.0   1
      502  27.919358   85.460815    18.461    -9405.0      171.7     1964.9    127.2    185.6    156.3 2023  4 24  0 15 40.170  0.0   1
      503  27.937598   85.708317     7.859    14956.2     2193.1    -8637.3    161.6    385.8    173.1 2023  4 24  1 40 47.340  0.0   1
      504  27.900466   85.526383    16.898    -2951.0    -1921.8      401.9    227.8    234.3    138.2 2023  4 24  2  8 28.220  0.0   1
      505  27.903975   85.524764    16.839    -3111.1    -1532.9      343.3    199.2    208.8    143.1 2023  4 24  2  8 51.290  0.0   1
      506  27.918949   85.689168    17.282    13072.7      126.5      786.5    156.5    217.6    121.3 2023  4 24  2 45 43.050  0.0   1
      507  27.901442   85.555981    16.798      -38.0    -1813.7      301.7    209.6    279.9     94.1 2023  4 24  3 18  8.480  0.0   1
      508  27.897227   85.562337    16.963      587.9    -2280.8      467.4    210.1    265.3    112.4 2023  4 24  3 22  1.960  0.0   1
      509  27.901316   85.558407    16.773      200.9    -1827.5      276.9    245.4    212.7     87.6 2023  4 24  3 35 12.010  0.0   1
      510  27.895512   85.573543    17.215     1691.4    -2470.7      719.1    318.2    294.6    113.0 2023  4 24  3 38 24.860  0.0   1
      511  27.913094   85.595671    16.195     3869.0     -522.4     -300.5    367.4    216.5    124.1 2023  4 24  7 58 27.960  0.0   1
      512  27.919173   85.499251    16.784    -5622.2      151.2      288.2    150.3    119.8    115.1 2023  4 24 10 10  6.110  0.0   1
      513  27.906868   85.685514    14.531    12713.6    -1212.4    -1965.2    184.2    309.5    132.1 2023  4 24 14 34 18.230  0.0   1
      514  27.903280   85.528931    16.104    -2700.5    -1610.1     -391.5    376.5    245.9    141.0 2023  4 24 14 37 53.760  0.0   1
      515  27.790538   85.785783    31.185    22596.1   -14103.8    14689.5    485.6    973.5    433.8 2023  4 24 14 44 18.130  0.0   1
      516  27.817788   85.806820    24.610    24665.3   -11084.1     8114.2    363.1    819.3    370.4 2023  4 24 16 30 34.390  0.0   1
      517  27.907977   85.527246    14.984    -2866.0    -1089.5    -1511.5    302.7    297.5    161.2 2023  4 24 17  0 47.700  0.0   1
      518  27.962038   85.507153    18.190    -4843.5     4901.5     1694.0    179.9    215.7    112.7 2023  4 24 17 54 19.360  0.0   1
      519  27.912596   85.581527    17.888     2476.7     -577.6     1392.1    362.0    213.3    133.8 2023  4 24 18 12 36.180  0.0   1
      520  27.942682   85.501351    15.069    -5415.1     2756.5    -1427.1    193.6    157.8    115.0 2023  4 24 18 15 10.680  0.0   1
      522  27.858059   85.643856    20.974     8614.8    -6621.4     4478.5    275.8    287.3    150.3 2023  4 24 19 16 47.160  0.0   1
      523  27.827979   85.568970    17.945     1241.7    -9954.7     1449.2   1223.3    528.2    307.6 2023  4 24 20 16 28.400  0.0   1
      524  27.909098   85.518400     6.064    -3737.0     -965.1   -10431.5    229.6    240.8    174.0 2023  4 24 20 39  7.040  0.0   1
      525  27.918555   85.527116    14.727    -2878.8       82.8    -1769.2    518.7    332.5    230.9 2023  4 24 20 51 48.880  0.0   1
      526  27.833295   85.759725    17.250    20025.6    -9365.6      754.5    190.6    326.0    201.2 2023  4 24 21 28 53.560  0.0   1
      527  27.840116   85.757048    19.170    19761.5    -8609.6     2674.6    217.0    417.2    218.6 2023  4 24 21 34  9.780  0.0   1
      528  27.959108   85.448739    15.975   -10592.4     4576.7     -521.2    195.1    202.6    162.3 2023  4 24 21 49 31.240  0.0   1
      529  27.832825   85.761198    16.767    20171.0    -9417.6      271.0    192.1    333.6    205.5 2023  4 24 21 54  5.720  0.0   1
      530  27.847817   85.649235    24.251     9145.0    -7756.2     7755.0    429.4    369.0    294.5 2023  4 24 22  8 28.480  0.0   1
      531  27.909939   85.536523    14.929    -1953.2     -872.2    -1566.5    308.0    325.6    243.0 2023  4 24 22 33 15.800  0.0   1
      532  27.928619   85.484416    16.750    -7082.4     1198.1      253.9    147.0    154.2    105.7 2023  4 24 22 37 45.080  0.0   1
      533  27.843772   85.756006    20.489    19658.6    -8204.5     3993.5    248.4    497.7    261.8 2023  4 24 22 38 18.060  0.0   1
      534  27.874459   85.656559    16.075     9864.7    -4803.8     -421.3    263.8    376.4    157.4 2023  4 24 22 40 37.700  0.0   1
      535  27.915310   85.539608    17.781    -1649.4     -276.9     1285.2    175.5    210.0    160.0 2023  4 25  0 13 29.680  0.0   1
      536  27.955701   85.431787    17.861   -12260.8     4199.1     1364.8    143.9    335.2    153.1 2023  4 25  1 18 11.910  0.0   1
      537  27.900372   85.568180    17.503     1162.9    -1932.3     1006.7    261.7    284.4    139.6 2023  4 25  1 53 56.850  0.0   1
      538  27.905776   85.684684    14.638    12632.3    -1333.4    -1858.3    188.1    255.5    147.4 2023  4 25  2 11 18.830  0.0   1
      539  27.990084   85.592057    15.565     3512.5     8009.4     -931.1    412.4    314.3    104.5 2023  4 25  2 44 20.960  0.0   1
      540  27.931407   85.604826    19.084     4769.9     1507.0     2588.5    257.0    169.6    125.0 2023  4 25  7 37 13.060  0.0   1
      541  27.907855   85.667480    16.737    10938.3    -1103.0      240.7    209.3    222.7    134.7 2023  4 25 10 57 10.400  0.0   1
      542  27.966648   85.509196    17.268    -4641.8     5412.3      772.4    160.4    198.1    135.1 2023  4 25 13 24 41.560  0.0   1
      543  27.902203   85.520085    17.036    -3571.3    -1729.2      540.6    242.2    247.0    126.9 2023  4 25 13 55 33.690  0.0   1
      544  27.903204   85.524707    16.978    -3116.1    -1618.4      482.6    171.0    230.5    137.5 2023  4 25 14 12 46.680  0.0   1
      545  27.925503   85.458927    16.190    -9590.8      852.6     -306.2    145.4    144.4     88.4 2023  4 25 14 44 16.510  0.0   1
      546  27.959387   85.531462    17.130    -2450.7     4607.6      634.0    225.1    186.0    100.2 2023  4 25 15  8 48.630  0.0   1
      547  27.913690   85.504891    16.101    -5066.8     -456.3     -395.3    157.8    170.4    113.8 2023  4 25 15 10 38.950  0.0   1
      548  27.901467   85.516862    16.615    -3888.7    -1810.8      119.6    159.0    231.2    108.3 2023  4 25 15 11 57.390  0.0   1
      549  27.946783   85.660677    22.104    10267.1     3211.0     5608.1    227.4    313.2    162.4 2023  4 25 15 32 36.600  0.0   1
      550  27.963706   85.536141    13.879    -1990.1     5086.4    -2617.0    221.9    251.9    150.4 2023  4 25 16 32 54.510  0.0   1
      551  27.929653   85.448324    15.850   -10634.4     1312.7     -645.8    277.1    188.1    142.5 2023  4 25 17 49 41.400  0.0   1
      552  27.906785   85.785099    17.224    22517.4    -1221.6      728.5    184.8    463.5    179.8 2023  4 25 18 15  3.260  0.0   1
      553  27.922585   85.592147    16.190     3522.0      529.3     -306.2    313.0    192.5    112.8 2023  4 25 18 21 38.600  0.0   1
      554  27.921576   85.463379    15.487    -9152.8      417.5    -1008.7    139.5    159.8     88.8 2023  4 25 18 26  5.480  0.0   1
      555  27.929877   85.446460    15.931   -10817.9     1337.3     -565.1    177.0    178.1    108.2 2023  4 25 18 35 12.520  0.0   1
      556  27.914970   85.520671    15.538    -3513.8     -314.5     -957.7    167.4    242.5    132.6 2023  4 25 21  6 49.060  0.0   1
      557  27.890544   85.756901    15.961    19742.8    -3021.3     -534.7    189.3    344.9    228.0 2023  4 25 21  8 25.960  0.0   1
      558  27.926965   85.508480    16.361    -4713.7     1014.9     -135.1    217.9    164.3    130.6 2023  4 25 21 10 49.280  0.0   1
      559  27.869497   85.658634    17.453    10069.5    -5353.7      957.3    235.1    402.5    154.6 2023  4 25 21 21  0.500  0.0   1
      560  27.895304   85.596143    16.546     3916.0    -2493.9       50.5    220.8    253.8    136.3 2023  4 25 21 50 34.960  0.0   1
      561  27.893309   85.587476    16.644     3062.8    -2715.0      148.7    259.0    271.8     85.7 2023  4 25 21 51 41.920  0.0   1
      562  27.921460   85.457951    16.319    -9687.1      404.6     -177.1    132.4    128.0    100.8 2023  4 25 22 16 20.120  0.0   1
      563  27.965710   85.717627    13.793    15871.1     5308.3    -2702.4    153.8    299.1    173.3 2023  4 25 22 17 20.720  0.0   1
      564  27.871346   85.755282    15.572    19584.6    -5148.9     -923.9    188.4    369.2    204.7 2023  4 25 22 26  6.360  0.0   1
      565  27.901723   85.558529    16.260      212.9    -1782.6     -236.2    324.8    243.2    145.8 2023  4 25 22 55 40.800  0.0   1
      566  27.940951   85.510441    15.069    -4520.1     2564.5    -1426.8    125.7    171.7     77.4 2023  4 25 23 14 56.720  0.0   1
      567  27.950022   85.489380    17.124    -6592.6     3570.0      628.3    259.2    195.4    180.5 2023  4 25 23 33 19.020  0.0   1
      568  27.856134   85.749764    14.184    19042.7    -6834.7    -2311.4    197.5    287.7    235.8 2023  4 25 23 45 40.380  0.0   1
      569  27.856205   85.738452    15.498    17929.2    -6826.7     -997.7    185.8    305.8    187.6 2023  4 25 23 46 42.200  0.0   1
      570  27.855697   85.741390    14.763    18218.7    -6883.1    -1732.4    203.5    236.9    235.6 2023  4 25 23 46 54.860  0.0   1
      571  27.857003   85.741886    14.925    18267.1    -6738.4    -1571.2    181.6    242.9    222.6 2023  4 25 23 47 30.460  0.0   1
      572  27.857576   85.750155    14.347    19081.7    -6674.8    -2148.5    184.0    281.3    240.9 2023  4 25 23 49  1.860  0.0   1
      573  27.859094   85.749870    14.193    19053.2    -6506.5    -2303.2    188.4    256.9    237.0 2023  4 25 23 49 28.280  0.0   1
      574  27.919446   85.608952    17.480     5176.6      181.6      983.9    257.1    229.6     99.5 2023  4 26  0 22 23.460  0.0   1
      575  27.919582   85.602417    17.713     4533.1      196.5     1217.1    373.3    241.1    149.9 2023  4 26  0 24 16.970  0.0   1
      576  27.910824   85.602873    12.805     4578.1     -773.9    -3691.2    564.4    277.3    218.8 2023  4 26  1 12 30.900  0.0   1
      577  27.916437   85.574015    17.234     1737.2     -152.0      738.1    331.6    187.1     96.4 2023  4 26  4 16 10.810  0.0   1
      578  27.907735   85.504354    11.486    -5119.9    -1116.3    -5009.6    236.9    251.8    195.0 2023  4 26  5 11 33.950  0.0   1
      579  27.909031   85.521672    14.480    -3414.8     -972.6    -2015.5    224.4    213.0    157.6 2023  4 26  6 29 37.990  0.0   1
      580  27.897955   85.535352    17.226    -2068.7    -2199.9      730.0    254.5    210.6    159.7 2023  4 26  7  3 16.640  0.0   1
      581  27.902696   85.602726    10.949     4564.0    -1674.8    -5547.2    456.9    239.7    185.3 2023  4 26  9 25 54.710  0.0   1
      582  27.899192   85.599658    10.843     4262.4    -2063.1    -5652.6    407.6    218.0    181.5 2023  4 26  9 26 28.210  0.0   1
      583  27.857762   85.777661    14.696    21789.5    -6654.3    -1799.4    223.2    457.5    247.9 2023  4 26 11 14  5.240  0.0   1
      584  27.994686   85.539347    19.461    -1674.4     8519.5     2965.6    410.3    454.5    179.2 2023  4 26 12 17  8.840  0.0   1
      585  27.951172   85.545239    18.043    -1094.8     3697.4     1547.4    278.3    196.6    153.8 2023  4 26 12 39 37.150  0.0   1
      586  27.920007   85.527051    16.789    -2885.3      243.6      293.0    183.4    208.0    105.3 2023  4 26 15 15 22.660  0.0   1
      587  27.914260   85.542196    18.233    -1394.8     -393.2     1737.3    238.2    219.1    195.7 2023  4 26 15 33 16.970  0.0   1
      588  27.899550   85.560327    16.811      390.5    -2023.3      314.7    228.1    223.4     89.6 2023  4 26 16 40 57.350  0.0   1
      589  27.952065   85.582064    18.924     2529.5     3796.3     2428.3    420.4    280.1    102.9 2023  4 26 16 49 57.330  0.0   1
      590  27.910895   85.514591    14.398    -4112.5     -766.2    -2097.8    183.1    189.1    145.1 2023  4 26 17  4 15.760  0.0   1
      591  27.932442   85.448405    16.211   -10626.6     1621.7     -284.8    173.5    147.4     75.8 2023  4 26 17 16  5.820  0.0   1
      592  27.900533   85.546785    16.870     -942.6    -1914.4      374.2    208.1    334.1    136.0 2023  4 26 17 23 55.860  0.0   1
      593  27.914799   85.574414    15.259     1777.0     -333.4    -1236.6    329.6    210.4    173.3 2023  4 26 17 47 23.900  0.0   1
      594  27.867454   85.671541    17.679    11340.1    -5580.2     1182.9    238.0    273.3    182.3 2023  4 26 18 39 50.120  0.0   1
      595  27.916207   85.570549    15.322     1396.0     -177.3    -1174.3    277.9    246.7    168.9 2023  4 26 18 54 24.200  0.0   1
      596  27.904950   85.535327    16.189    -2071.2    -1424.9     -306.4    254.2    327.9    123.3 2023  4 26 19 16 20.320  0.0   1
      597  27.936951   85.638037    18.413     8038.9     2121.4     1917.5    224.1    231.5    109.7 2023  4 26 19 23  5.720  0.0   1
      598  27.898507   85.755306    17.397    19584.6    -2139.0      901.5    223.8    490.8    198.9 2023  4 26 19 25 50.520  0.0   1
      599  27.910288   85.542033    18.215    -1410.8     -833.4     1719.4    279.8    267.3    191.7 2023  4 26 19 41  3.680  0.0   1
      600  27.900684   85.508203    15.819    -4741.5    -1897.7     -677.2    233.5    183.9    152.6 2023  4 26 19 54  3.780  0.0   1
      601  27.902769   85.505086    15.853    -5048.3    -1666.6     -642.6    211.1    224.8    156.0 2023  4 26 19 59 11.160  0.0   1
      602  27.898142   85.517008    16.831    -3874.4    -2179.3      334.7    292.4    295.2     93.1 2023  4 26 20  6  5.700  0.0   1
      603  27.903166   85.516130    16.625    -3960.7    -1622.7      129.3    196.8    217.0    170.7 2023  4 26 20 13 16.380  0.0   1
      604  27.900854   85.516675    16.704    -3906.8    -1878.7      208.5    200.9    210.0    126.0 2023  4 26 20 19 56.640  0.0   1
      605  27.900932   85.583171    15.833     2638.7    -1870.2     -662.7    358.8    257.8    189.9 2023  4 26 20 25  1.280  0.0   1
      606  27.904091   85.523226    16.954    -3262.2    -1520.0      457.8    191.2    249.4    148.8 2023  4 26 20 30 23.520  0.0   1
      607  27.903365   85.510588    16.989    -4506.1    -1600.4      493.5    266.6    211.0    168.7 2023  4 26 20 36 16.240  0.0   1
      609  27.920856   85.545841    17.733    -1036.1      337.8     1237.1    237.1    202.0    137.9 2023  4 26 20 40 25.020  0.0   1
      610  27.942704   85.458439    15.817    -9638.2     2758.9     -678.6    149.9    159.5    130.4 2023  4 26 21 10 42.680  0.0   1
      611  27.891012   85.612150    17.652     5492.0    -2969.5     1156.0    275.1    189.8    131.6 2023  4 26 21 27 31.060  0.0   1
      612  27.928861   85.506152    18.259    -4942.4     1224.9     1763.5    218.7    246.4    214.5 2023  4 26 21 49 42.520  0.0   1
      613  27.918123   85.472485    15.269    -8256.8       35.0    -1227.2    171.4    161.9    133.4 2023  4 26 21 59 34.120  0.0   1
      614  27.947945   85.549007    17.013     -724.2     3339.7      517.2    244.2    192.5    107.1 2023  4 26 22  2 51.260  0.0   1
      615  27.907517   85.651636    16.320     9378.4    -1140.3     -175.6    284.0    203.5    163.4 2023  4 26 22 33 52.560  0.0   1
      616  27.857788   85.680729    16.675    12245.8    -6651.2      178.9    149.5    323.1    142.6 2023  4 26 22 36 59.840  0.0   1
      617  27.849542   85.763159    17.337    20362.3    -7565.0      840.8    203.8    358.9    215.2 2023  4 26 22 46 28.960  0.0   1
      618  27.912537   85.512240    14.306    -4343.4     -584.2    -2189.9    180.4    201.6    137.4 2023  4 26 23  8 49.760  0.0   1
      619  27.943530   85.627238    18.501     6975.5     2850.5     2005.7    330.5    213.7    117.9 2023  4 26 23 18 29.540  0.0   1
      620  27.908262   85.562036    16.552      558.1    -1057.8       56.0    271.4    262.9    126.0 2023  4 26 23 46 51.840  0.0   1
      621  27.908657   85.568685    16.869     1212.8    -1014.0      373.2    373.8    298.6     75.9 2023  4 26 23 48 27.680  0.0   1
      622  27.859432   85.755265    15.850    19584.8    -6469.1     -645.6    218.4    258.7    181.7 2023  4 27  0 45 24.220  0.0   1
      623  27.896326   85.566911    18.158     1038.6    -2380.7     1662.0    323.1    260.3    172.8 2023  4 27  3 23 44.810  0.0   1
      624  27.909853   85.592554    15.902     3562.4     -881.5     -593.3    331.5    163.3    178.7 2023  4 27  5  1  4.620  0.0   1
      625  27.901139   85.553206    16.746     -311.0    -1847.1      250.1    228.0    324.7     57.9 2023  4 27  7 11  2.320  0.0   1
      626  27.886302   85.654777    17.597     9688.9    -3491.4     1101.1    229.0    301.2    131.5 2023  4 27  8  9 21.460  0.0   1
      627  27.905802   85.524162    15.905    -3169.7    -1330.4     -591.3    192.8    235.3    105.3 2023  4 27  8 15 22.390  0.0   1
      628  27.882277   85.750594    15.451    19122.2    -3937.4    -1044.4    238.6    297.8    249.0 2023  4 27 10 48 41.630  0.0   1
      629  28.021598   85.689201     9.555    13069.4    11501.9    -6940.9    223.4    284.1    234.9 2023  4 27 12  2 52.670  0.0   1
      630  27.959058   85.539250    17.873    -1684.7     4571.2     1376.7    412.2    601.7    229.0 2023  4 27 12 31 46.250  0.0   1
      631  27.892576   85.496525    17.148    -5891.3    -2796.1      651.8    221.5    313.1    149.0 2023  4 27 12 34 35.420  0.0   1
      632  27.946645   85.537687    17.194    -1838.4     3195.6      698.3    260.8    188.0    123.0 2023  4 27 12 40 10.080  0.0   1
      633  27.920972   85.463501    15.881    -9140.9      350.6     -615.1    153.1    123.0    138.5 2023  4 27 14 53 46.750  0.0   1
      634  27.921531   85.462142    15.720    -9274.4      412.7     -775.4    158.0    174.2    128.7 2023  4 27 14 55  4.350  0.0   1
      635  27.921438   85.463249    15.912    -9165.8      402.1     -583.7    130.3    131.6    135.5 2023  4 27 14 57  2.370  0.0   1
      636  27.921423   85.460653    15.352    -9421.6      400.7    -1143.7    146.7    139.9    101.3 2023  4 27 15  0 43.870  0.0   1
      637  27.921334   85.461328    15.404    -9355.1      390.7    -1091.4    155.8    154.6    114.7 2023  4 27 15  1 24.770  0.0   1
      638  27.951563   85.543831    17.422    -1233.5     3740.5      925.7    401.8    565.5    293.8 2023  4 27 15 26 42.940  0.0   1
      639  27.908508   85.477612    15.473    -7752.1    -1030.6    -1023.0    115.7    141.7     87.9 2023  4 27 15 57 17.890  0.0   1
      640  27.909782   85.548918    16.527     -733.3     -889.5       31.6    209.8    267.6    100.7 2023  4 27 16  4  5.390  0.0   1
      641  27.907397   85.476392    15.693    -7872.8    -1153.7     -803.2    103.5    146.1     91.6 2023  4 27 16 11  2.380  0.0   1
      642  27.960325   85.419792    18.796   -13440.9     4711.6     2299.9    156.1    195.2    161.6 2023  4 27 16 34 18.490  0.0   1
      643  27.936261   85.610620    21.763     5340.1     2045.0     5267.1    244.9    187.4    144.5 2023  4 27 17  0  2.640  0.0   1
      644  27.892617   85.686654    16.989    12826.9    -2791.7      493.3    160.2    276.0    138.8 2023  4 27 17  6 20.180  0.0   1
      645  27.904354   85.516789    16.511    -3895.6    -1491.0       15.6    196.1    179.9    126.4 2023  4 27 17 14 29.480  0.0   1
      646  27.900883   85.523161    16.479    -3268.6    -1875.6      -17.1    289.2    226.9    120.1 2023  4 27 17 34 25.200  0.0   1
      647  27.959271   85.536060    16.182    -1998.3     4594.9     -314.3    195.3    205.1    121.7 2023  4 27 18  1 58.520  0.0   1
      648  27.918996   85.567928    16.093     1138.0      131.6     -403.0    270.1    196.9    151.5 2023  4 27 19 11 11.440  0.0   1
      649  27.925277   85.454126    15.520   -10063.5      827.6     -976.2    128.0    164.3    116.6 2023  4 27 19 37  2.040  0.0   1
      650  27.909442   85.531730    16.559    -2424.7     -927.0       62.7    175.3    212.4    133.2 2023  4 27 20 34  9.120  0.0   1
      651  27.894702   85.747559     8.303    18822.2    -2560.6    -8192.5    204.6    333.5    293.6 2023  4 27 20 55  8.780  0.0   1
      652  27.952173   85.465348    17.072    -8957.8     3808.3      575.8    168.7    150.5    150.7 2023  4 27 21 33 56.480  0.0   1
      653  27.952981   85.466007    16.981    -8892.8     3897.8      485.0    180.2    149.3    152.2 2023  4 27 21 34 48.960  0.0   1
      654  27.906632   85.652743    16.945     9487.4    -1238.4      449.5    278.4    232.2    152.7 2023  4 27 21 50 10.820  0.0   1
      655  27.931616   85.647990    18.415     9019.1     1530.2     1918.8    201.7    229.2    117.4 2023  4 27 21 50 31.600  0.0   1
      656  27.878286   85.672266    17.533    11411.4    -4379.8     1037.5    239.0    322.7    176.3 2023  4 27 21 50 37.720  0.0   1
      657  27.920799   85.492000    15.253    -6335.7      331.3    -1242.0    189.3    186.8    184.1 2023  4 27 21 58  1.960  0.0   1
      658  27.933868   85.645166    18.522     8741.1     1779.9     2026.3    284.4    307.6    145.4 2023  4 27 22  2 59.840  0.0   1
      659  27.936108   85.622770    16.870     6536.0     2028.1      374.0    248.8    297.3    118.9 2023  4 27 22 18 47.480  0.0   1
      660  27.924660   85.535677    16.440    -2036.1      759.4      -56.2    268.6    193.9    126.0 2023  4 27 22 32 44.400  0.0   1
      661  27.919389   85.551392    17.294     -489.7      175.3      797.9    535.4    259.3    173.7 2023  4 27 22 45 22.760  0.0   1
      662  27.914018   85.488761    13.908    -6654.7     -420.1    -2587.7    311.2    218.0    273.7 2023  4 27 23 24 42.960  0.0   1
      663  27.907682   85.527979    16.164    -2794.5    -1122.2     -332.2    290.4    224.8    224.5 2023  4 27 23 40 11.520  0.0   1
      664  27.900309   85.561035    17.455      460.2    -1939.3      959.4    238.7    281.7    145.6 2023  4 28  0 12 55.020  0.0   1
      665  27.902386   85.723291    15.574    16432.9    -1709.0     -921.8    203.3    372.2    217.6 2023  4 28  1 16 53.700  0.0   1
      666  27.883771   85.820207    15.908    25976.2    -3772.0     -588.3    202.7    331.1    273.8 2023  4 28  3  7 28.780  0.0   1
      667  27.918331   85.506771    16.710    -4881.7       57.8      213.9    187.5    154.3    171.6 2023  4 28  5 18 59.250  0.0   1
      668  27.922135   85.458325    16.457    -9650.7      479.5      -38.8    203.5    135.4     91.6 2023  4 28  7 49 19.110  0.0   1
      669  27.902795   85.554175    16.677     -215.8    -1663.7      181.1    191.5    228.3    101.9 2023  4 28  9 41  8.110  0.0   1
      670  27.957918   85.588005    18.740     3114.4     4445.0     2243.9    457.7    278.0    189.0 2023  4 28 10 15 38.280  0.0   1
      671  27.916742   85.513745    17.476    -4195.6     -118.2      980.3    218.4    162.5    142.2 2023  4 28 10 32 11.890  0.0   1
      672  27.920669   85.512370    17.187    -4330.4      317.0      691.1    143.2    137.6    139.7 2023  4 28 15 35  8.990  0.0   1
      673  27.938802   85.624829    18.766     6739.0     2326.4     2269.8    198.0    273.4     95.7 2023  4 28 16  9 41.870  0.0   1
      674  27.914353   85.561670    17.153      522.0     -382.8      657.0    204.1    212.2     89.6 2023  4 28 17  3  2.560  0.0   1
      675  27.902094   85.514176    16.085    -4153.1    -1741.5     -410.4    178.8    210.9    120.1 2023  4 28 17 36 45.360  0.0   1
      676  27.904246   85.650301    16.913     9247.3    -1503.0      416.9    185.5    217.6    112.7 2023  4 28 18 37 57.160  0.0   1
      677  27.908783   85.483171    16.798    -7205.2    -1000.0      302.4    196.0    138.3    132.6 2023  4 28 18 43  9.060  0.0   1
      678  27.930627   85.455314    16.145    -9946.8     1420.6     -350.5    139.7    135.6     65.0 2023  4 28 19 30 22.920  0.0   1
      679  27.811562   85.593604    18.348     3667.4   -11774.0     1852.0    437.6    349.1    259.8 2023  4 28 19 31 41.820  0.0   1
      680  27.937264   85.628963    18.698     7145.5     2156.0     2202.0    237.8    374.4     79.7 2023  4 28 19 40  2.280  0.0   1
      681  27.930271   85.586621    21.873     2978.3     1381.1     5377.6    343.6    231.8    119.8 2023  4 28 20 59 24.840  0.0   1
      682  27.932821   85.592936    21.667     3599.5     1663.7     5171.1    238.0    183.1    175.1 2023  4 28 21  0 38.500  0.0   1
      683  27.934371   85.592187    21.240     3526.4     1835.4     4743.8    240.1    213.3    185.8 2023  4 28 21 10 29.700  0.0   1
      684  27.938226   85.451457    15.236   -10325.9     2262.7    -1260.1    123.7    144.8    141.2 2023  4 28 21 13 17.640  0.0   1
      685  27.926432   85.567098    16.159     1056.8      955.8     -337.1    227.4    177.4    171.6 2023  4 28 21 23 37.340  0.0   1
      686  27.933276   85.589795    21.440     3290.9     1714.2     4944.2    303.1    182.7    167.6 2023  4 28 21 26 31.580  0.0   1
      687  27.949139   85.458464    15.513    -9635.7     3472.2     -983.2    200.8    249.8    156.4 2023  4 28 22  8 22.800  0.0   1
      688  27.953432   85.540869    17.865    -1525.3     3947.8     1369.0    225.5    312.5    156.6 2023  4 28 22 32 33.440  0.0   1
      689  27.898468   85.630981    17.788     7346.1    -2143.2     1292.4    221.9    260.9    116.6 2023  4 29  1 52  3.820  0.0   1
      690  27.923834   85.567725    17.691     1118.4      667.9     1194.9    292.8    211.1    108.7 2023  4 29  4 49 29.930  0.0   1
      691  27.921924   85.670190    20.169    11204.8      456.1     3673.2    295.8    231.5    170.3 2023  4 29  5 41 31.030  0.0   1
      692  27.898185   85.557674    17.063      128.7    -2174.7      567.5    249.0    230.4    131.1 2023  4 29  6 14  0.590  0.0   1
      693  27.908931   85.624194    16.544     6676.9     -983.6       47.9    227.5    275.6    137.4 2023  4 29  6 53 20.760  0.0   1
      694  27.919139   85.537109    17.142    -1895.2      147.5      646.6    231.8    218.6     98.2 2023  4 29  9 32 23.040  0.0   1
      695  27.914931   85.554093    18.550     -223.8     -318.8     2054.2    317.7    253.7    163.0 2023  4 29  9 59 46.570  0.0   1
      696  27.894926   85.559399    17.005      299.2    -2535.7      509.5    285.2    302.7     84.8 2023  4 29 12 31 30.510  0.0   1
      697  27.918939   85.602938    17.479     4584.8      125.4      983.1    260.6    225.0    146.1 2023  4 29 13  1 54.420  0.0   1
      698  27.906545   85.516130    15.910    -3960.7    -1248.2     -586.1    198.4    195.8     93.1 2023  4 29 13 28 26.360  0.0   1
      699  27.905514   85.519995    15.976    -3579.9    -1362.4     -519.6    139.4    197.0     91.5 2023  4 29 13 28 34.290  0.0   1
      700  27.902645   85.548747    16.558     -749.7    -1680.5       61.8    254.0    188.5    119.3 2023  4 29 13 29 52.760  0.0   1
      701  27.906171   85.515552    15.725    -4017.4    -1289.6     -770.8    177.2    321.0    129.3 2023  4 29 14  5 46.830  0.0   1
      702  27.799986   85.498210    13.797    -5727.6   -13056.8    -2698.9    288.8    325.3    233.6 2023  4 29 14 41 47.720  0.0   1
      703  27.899837   85.550960    16.704     -532.2    -1991.5      207.9    194.8    243.5     92.1 2023  4 29 14 59 32.500  0.0   1
      704  27.837699   85.755111    17.905    19571.0    -8877.5     1409.1    213.3    433.7    217.8 2023  4 29 16 31  6.110  0.0   1
      705  27.993252   85.603703    14.341     4657.9     8360.4    -2154.6    310.5    224.3    207.7 2023  4 29 17  0 27.200  0.0   1
      706  27.930033   85.520394    16.235    -3540.2     1354.9     -261.2    184.2    166.1    104.9 2023  4 29 17 26 23.840  0.0   1
      707  27.904397   85.519523    16.125    -3627.0    -1486.3     -371.1    214.8    212.9     86.6 2023  4 29 17 26 53.520  0.0   1
      708  27.905082   85.518034    15.968    -3772.9    -1410.3     -527.7    204.6    229.9     83.5 2023  4 29 17 28 40.240  0.0   1
      709  27.905194   85.513127    15.526    -4256.6    -1397.8     -969.5    186.3    160.0     93.4 2023  4 29 17 29 54.640  0.0   1
      710  27.897221   85.511751    16.262    -4392.3    -2281.5     -234.2    281.6    256.6    160.5 2023  4 29 18 15 38.880  0.0   1
      711  27.902311   85.508195    15.565    -4742.1    -1717.3     -931.1    293.6    166.3    162.0 2023  4 29 18 15 46.280  0.0   1
      712  27.860858   85.744198    13.137    18494.1    -6311.0    -3358.5    237.1    255.0    271.5 2023  4 29 18 19 46.960  0.0   1
      713  27.929633   85.518343    15.157    -3742.7     1310.3    -1339.3    282.2    315.0    169.9 2023  4 29 18 33 18.220  0.0   1
      714  27.901558   85.586523    17.000     2968.9    -1800.7      504.2    313.4    274.7     99.4 2023  4 29 18 59 55.840  0.0   1
      715  27.900181   85.607389    14.753     5023.5    -1953.3    -1742.9    286.0    238.2    150.9 2023  4 29 19  7 27.460  0.0   1
      716  27.921446   85.451335    18.454   -10338.7      403.1     1958.3    192.0    272.8    204.6 2023  4 29 19 29 21.400  0.0   1
      717  27.840027   85.646916    18.499     8916.9    -8619.7     2003.3    300.6    243.9    205.8 2023  4 29 20  3 50.500  0.0   1
      718  27.934469   85.609570    18.886     5237.2     1846.3     2390.4    266.3    200.5     96.1 2023  4 29 20  9 15.600  0.0   1
      719  27.932375   85.523055    15.633    -3278.8     1614.3     -862.8    321.0    246.8    190.6 2023  4 29 20 28 38.700  0.0   1
      720  27.918288   85.601587    17.950     4451.4       53.2     1454.5    265.8    296.9    190.6 2023  4 29 20 39  8.520  0.0   1
      721  27.925555   85.541040    15.347    -1508.3      858.6    -1148.9    517.2    321.0    212.8 2023  4 29 21 19 23.040  0.0   1
      722  27.967008   85.503573    17.399    -5195.6     5452.2      902.7    180.3    179.4    102.9 2023  4 29 22 11 18.060  0.0   1
      723  27.926522   85.533765    16.497    -2224.3      965.6        1.1    182.6    190.8     96.6 2023  4 29 23  8 45.880  0.0   1
      724  27.906464   85.535840    16.148    -2020.7    -1257.1     -347.4    248.7    318.0    120.6 2023  4 29 23 22  1.240  0.0   1
      725  27.869672   85.511068    15.348    -4459.6    -5334.4    -1147.4    185.4    217.6    188.8 2023  4 29 23 27 49.080  0.0   1
      726  27.963354   85.607080    14.943     4991.1     5047.4    -1553.0    243.3    289.8    119.1 2023  4 30  0  3 48.890  0.0   1
      727  27.955900   85.537166    15.803    -1889.4     4221.2     -692.6    198.9    162.5    130.7 2023  4 30  0  6 29.110  0.0   1
      728  27.936894   85.500187     9.535    -5529.2     2115.1    -6960.9    252.4    190.3    170.2 2023  4 30  5 18 46.890  0.0   1
      729  27.901298   85.562321    16.536      586.3    -1829.5       40.0    285.4    264.4    119.8 2023  4 30  5 25  7.040  0.0   1
      730  27.904946   85.526888    16.870    -2901.5    -1425.4      374.3    294.0    213.8    119.3 2023  4 30  9 31 50.890  0.0   1
      731  27.918488   85.463224    16.068    -9168.2       75.4     -427.8    163.0    132.4    118.0 2023  4 30  9 34  6.860  0.0   1
      732  27.933830   85.612964    17.229     5570.9     1775.6      733.4    212.3    183.0     91.5 2023  4 30 10 23 27.960  0.0   1
      733  27.896472   85.580916    16.831     2416.8    -2364.5      334.9    321.8    266.3    112.9 2023  4 30 11 41 21.320  0.0   1
      734  27.927545   85.466821    17.905    -8814.0     1079.2     1409.0    176.1    162.3    161.5 2023  4 30 12 20 40.090  0.0   1
      735  27.936564   85.610286    18.231     5307.4     2078.4     1735.5    221.4    224.1    101.1 2023  4 30 14 49 26.330  0.0   1
      736  27.959806   85.573145    17.526     1651.9     4654.2     1029.7    527.3    366.6    139.6 2023  4 30 15  7  2.230  0.0   1
      737  27.949530   85.425773    14.175   -12852.7     3515.3    -2321.1    153.3    143.9    205.2 2023  4 30 15 23 38.260  0.0   1
      738  27.896562   85.580632    16.855     2389.1    -2354.5      359.7    379.6    326.0    106.2 2023  4 30 15 25 38.550  0.0   1
      739  27.928009   85.524341    16.528    -3152.1     1130.4       32.2    239.1    195.3    132.6 2023  4 30 15 29 58.730  0.0   1
      740  27.951064   85.426554    14.625   -12776.1     3685.4    -1870.7    176.3    143.2    193.9 2023  4 30 15 45 49.780  0.0   1
      741  27.925071   85.512614    15.558    -4306.4      805.0     -938.3    150.9    200.0    132.6 2023  4 30 15 50 36.940  0.0   1
      742  27.913479   85.527433    21.454    -2847.8     -479.7     4958.3    255.8    307.1    158.4 2023  4 30 15 59 53.950  0.0   1
      743  27.904753   85.528158    16.026    -2776.8    -1446.7     -470.2    178.6    245.4    110.3 2023  4 30 16 55  9.480  0.0   1
      744  27.911407   85.523901    15.183    -3195.5     -709.3    -1313.2    235.8    306.1    162.3 2023  4 30 16 55 24.340  0.0   1
      745  27.906816   85.533219    15.602    -2278.1    -1218.2     -893.7    209.4    283.2    168.0 2023  4 30 17  2  6.440  0.0   1
      746  27.910553   85.559326    16.552      291.4     -804.1       56.0    294.8    286.4    107.6 2023  4 30 17 27 14.080  0.0   1
      747  27.911058   85.508846    16.933    -4677.6     -748.1      437.2    230.8    238.1    165.9 2023  4 30 17 27 54.480  0.0   1
      748  27.907593   85.584277    14.489     2747.7    -1132.1    -2006.5    286.5    238.9    215.8 2023  4 30 18 11 12.480  0.0   1
      749  27.937170   85.506299    17.798    -4927.9     2145.7     1302.5    194.5    184.0    131.3 2023  4 30 18 24 11.480  0.0   1
      750  27.939172   85.546737    20.553     -947.5     2367.6     4056.7    310.9    328.8    218.9 2023  4 30 18 29 31.520  0.0   1
      751  27.900574   85.550358    16.704     -591.5    -1909.8      207.8    274.4    338.6    118.7 2023  4 30 18 31 39.900  0.0   1
      752  27.937500   85.429989    16.018   -12439.2     2182.2     -478.0    129.2    149.4    133.4 2023  4 30 19 22 59.280  0.0   1
      753  27.909591   85.523625    16.168    -3223.1     -910.7     -328.2    175.7    240.0     99.4 2023  4 30 19 46 14.640  0.0   1
      754  27.911056   85.527116    16.075    -2879.4     -748.2     -420.7    170.1    241.2    122.3 2023  4 30 20 23  3.980  0.0   1
      755  27.949017   85.416715    18.345   -13744.6     3458.6     1848.8    145.4    163.5    147.2 2023  4 30 21  3 43.760  0.0   1
      756  27.909184   85.461108    16.821    -9377.0     -955.7      325.2    174.7    140.1    145.0 2023  4 30 21 19 25.760  0.0   1
      757  27.911076   85.464242    15.571    -9068.2     -746.0     -924.3    159.0    199.3    110.4 2023  4 30 21 20 22.420  0.0   1
      758  27.950669   85.562109    20.243      565.8     3641.7     3747.5    335.0    489.8    168.1 2023  4 30 21 22 17.380  0.0   1
      759  27.890184   85.609912    17.441     5271.6    -3061.3      944.7    219.0    261.3    109.4 2023  4 30 21 23 17.060  0.0   1
      760  27.953630   85.555452    20.309      -89.4     3969.7     3813.5    289.3    219.7    241.1 2023  4 30 21 26 42.720  0.0   1
      761  27.921206   85.457796    15.476    -9702.7      376.6    -1019.5    218.5    176.0    132.8 2023  4 30 21 36 36.760  0.0   1
      762  27.941821   85.408162    16.045   -14587.0     2661.0     -451.1    204.7    260.7    138.2 2023  4 30 21 42 44.120  0.0   1
      763  27.928070   85.518953    16.205    -3682.1     1137.2     -291.0    172.3    199.4    128.3 2023  4 30 21 47 12.780  0.0   1
      764  27.886692   85.609668    16.826     5247.8    -3448.3      330.5    275.1    265.2    165.8 2023  4 30 21 50  8.920  0.0   1
      765  27.947699   85.415316    18.810   -13882.5     3312.4     2314.4    212.3    179.0    198.8 2023  4 30 21 59 35.500  0.0   1
      766  27.926410   85.521395    16.047    -3442.1      953.3     -448.4    181.1    227.7    136.0 2023  4 30 22  0 57.820  0.0   1
      767  27.929140   85.526310    16.501    -2957.9     1255.9        5.6    238.3    224.5    120.2 2023  4 30 22  1 13.440  0.0   1
      768  27.925018   85.522998    15.838    -3284.6      799.1     -657.4    265.6    281.2    129.4 2023  4 30 22  5 11.360  0.0   1
      769  27.917957   85.682210    18.453    12387.5       16.4     1956.8    161.8    311.0    121.1 2023  4 30 22 13 27.980  0.0   1
      770  27.890194   85.608610    17.179     5143.3    -3060.1      683.4    254.0    240.5     85.7 2023  4 30 22 37 40.080  0.0   1
      771  27.947367   85.409408    19.445   -14463.8     3275.8     2949.1    229.8    176.0    175.7 2023  4 30 23 17 25.280  0.0   1
      772  27.890011   85.610311    17.307     5311.2    -3080.5      811.7    335.8    219.2    108.7 2023  5  1  0  7 54.950  0.0   1
      773  27.906946   85.581185    17.153     2443.2    -1203.8      656.8    521.9    276.1     92.7 2023  5  1  2 47 59.610  0.0   1
      774  27.906165   85.579647    17.092     2291.6    -1290.4      595.7    291.1    173.9    132.1 2023  5  1  2 48 24.250  0.0   1
      775  27.903790   85.584285    17.124     2748.7    -1553.5      628.0    386.4    204.2     96.1 2023  5  1  2 55  7.100  0.0   1
      776  27.881962   85.708903    15.986    15017.6    -3972.4     -509.7    190.1    380.2    206.5 2023  5  1  4 55 58.440  0.0   1
      777  27.939827   85.527311    14.144    -2859.2     2440.1    -2352.2    270.3    215.2    129.3 2023  5  1 12 17 13.960  0.0   1
      778  27.916022   85.563810    17.947      732.7     -197.9     1450.7    618.8    560.8    149.0 2023  5  1 13 23 39.550  0.0   1
      779  27.907564   85.558480    15.467      208.5    -1135.2    -1028.5    263.3    228.7    140.4 2023  5  1 13 45 16.480  0.0   1
      780  27.938206   85.502987     9.286    -5254.0     2260.5    -7209.4    164.8    160.2    123.2 2023  5  1 15  6 22.510  0.0   1
      781  27.906423   85.553003    15.320     -331.1    -1261.6    -1175.5    297.6    279.9    154.5 2023  5  1 15 10 29.710  0.0   1
      782  27.922107   85.556120    16.158      -24.0      476.3     -337.4    367.9    227.4    185.4 2023  5  1 15 43  0.290  0.0   1
      783  27.917672   85.565552    17.086      904.6      -15.1      590.3    257.2    213.8    103.7 2023  5  1 15 44  4.610  0.0   1
      784  27.950492   85.604028    19.990     4691.3     3622.1     3493.9    408.5    350.5    153.4 2023  5  1 16 21 11.390  0.0   1
      785  27.903017   85.545768    16.331    -1043.4    -1639.0     -164.9    218.1    292.7    135.6 2023  5  1 16 50  3.910  0.0   1
      786  27.931478   85.497396    15.775    -5804.2     1514.8     -720.7    136.9    139.4    119.9 2023  5  1 17  4 39.320  0.0   1
      787  27.890023   85.608366    17.157     5119.7    -3079.0      661.3    234.7    225.6    121.7 2023  5  1 18 28 14.500  0.0   1
      788  27.903422   85.538298    16.536    -1778.4    -1594.3       40.5    376.8    209.4    121.8 2023  5  1 18 38 39.920  0.0   1
      789  27.935938   85.447274    16.856   -10737.8     2009.1      360.6    271.8    174.2    124.2 2023  5  1 18 47 51.600  0.0   1
      790  27.904545   85.508602    15.896    -4702.1    -1469.7     -599.3    170.3    168.4    149.7 2023  5  1 19 44  6.720  0.0   1
      791  27.913957   85.525879    16.281    -3001.2     -426.8     -215.3    161.6    204.1    108.8 2023  5  1 20 29 54.000  0.0   1
      792  27.912484   85.569767    17.235     1319.8     -590.1      739.4    332.0    228.7    110.1 2023  5  1 20 30 44.900  0.0   1
      793  27.840605   85.659188    16.814    10125.4    -8555.5      318.6    240.9    203.6    190.7 2023  5  1 20 46 41.080  0.0   1
      794  27.847803   85.714787    17.252    15599.4    -7757.9      756.5    199.7    270.2    199.2 2023  5  1 20 50 38.220  0.0   1
      795  27.906718   85.578996    17.053     2227.7    -1229.0      557.2    368.0    337.0    103.9 2023  5  1 20 59 56.440  0.0   1
      796  27.907322   85.584163    17.465     2736.8    -1162.0      969.5    303.6    206.9    129.3 2023  5  1 21  3 46.400  0.0   1
      797  27.905853   85.580037    17.192     2330.2    -1324.7      696.4    303.1    177.1    109.2 2023  5  1 21  6 17.300  0.0   1
      798  27.929742   85.501750    15.939    -5375.8     1322.6     -556.5    234.4    188.9    151.4 2023  5  1 21 21  2.420  0.0   1
      799  27.944489   85.635042    18.199     7744.0     2956.8     1703.2    283.0    214.9    117.4 2023  5  1 22 32  2.420  0.0   1
      800  27.907125   85.669678    12.751    11155.0    -1183.8    -3744.5    313.3    273.9    154.3 2023  5  1 22 55  3.640  0.0   1
      801  27.898991   85.647119    14.770     8934.8    -2085.2    -1726.3    224.5    241.8    124.6 2023  5  1 23  4 20.600  0.0   1
      802  27.936678   85.432292    18.030   -12211.9     2091.1     1534.2    107.0    186.3    122.5 2023  5  1 23 53  8.240  0.0   1
      803  27.934025   85.572518    16.411     1590.3     1797.1      -84.6    257.6    209.3    107.1 2023  5  2  0  0  1.970  0.0   1
      804  27.928577   85.441976    17.996   -11259.5     1193.3     1500.3    198.7    190.8    170.9 2023  5  2  1 19 40.600  0.0   1
      805  27.944088   85.620272     8.917     6289.9     2912.2    -7578.7    424.2    758.2    283.5 2023  5  2  2 30 30.550  0.0   1
      806  27.953249   85.704468    14.501    14576.5     3927.6    -1995.3    242.5    295.7    222.9 2023  5  2  2 45 37.080  0.0   1
      807  27.936589   85.430550    17.646   -12383.8     2081.3     1150.6    121.1    192.2     91.3 2023  5  2  3 55 43.360  0.0   1
      808  27.922656   85.515796    17.614    -3992.9      537.2     1118.1    219.5    211.3    132.1 2023  5  2  4 20 46.720  0.0   1
      809  27.909076   85.616585    22.073     5928.3     -967.8     5577.1    393.7    428.9    146.6 2023  5  2  4 41 23.370  0.0   1
      810  27.937329   85.423063    16.847   -13120.9     2163.3      351.2    110.7    155.8     99.9 2023  5  2  5 56 28.760  0.0   1
      811  27.936147   85.430819    17.882   -12356.9     2032.3     1386.3    113.2    238.4    118.4 2023  5  2  6 55 58.810  0.0   1
      812  27.929437   85.510197    15.946    -4544.0     1288.7     -549.6    169.5    180.1    119.2 2023  5  2  9 33  6.040  0.0   1
      813  27.936420   85.434717    18.312   -11973.7     2062.6     1815.8    133.6    178.4    146.6 2023  5  2 12 42 29.600  0.0   1
      814  27.937301   85.430257    17.657   -12412.6     2160.1     1160.8     99.3    153.5     86.4 2023  5  2 12 57  8.170  0.0   1
      815  27.917281   85.482625    13.777    -7258.3      -58.3    -2718.6    169.9    162.0    197.9 2023  5  2 13 10 17.990  0.0   1
      816  27.939256   85.428003    17.663   -12634.1     2376.8     1167.4     87.2    223.2    118.4 2023  5  2 13 47 21.740  0.0   1
      817  27.909554   85.525570    16.730    -3031.5     -914.7      233.8    172.4    214.8    116.4 2023  5  2 14 20 54.360  0.0   1
      818  27.988133   85.496729    19.182    -5868.3     7793.2     2685.8    240.6    181.7     88.6 2023  5  2 14 49 22.880  0.0   1
      819  27.861289   85.692220    18.633    13377.0    -6263.3     2137.3    290.8    226.4    240.0 2023  5  2 15  2 30.640  0.0   1
      820  27.884560   85.615243    18.678     5797.1    -3684.6     2181.8    347.9    296.2    219.9 2023  5  2 15 36 29.330  0.0   1
      821  27.917061   85.691862    17.341    13338.0      -82.8      845.2    141.5    267.1    123.1 2023  5  2 16 45 54.440  0.0   1
      822  27.839315   85.668669    17.293    11058.6    -8698.6      797.1    226.5    363.7    196.2 2023  5  2 17  2 13.320  0.0   1
      823  27.938554   85.634961    18.578     7736.4     2299.1     2082.4    278.7    346.1    111.8 2023  5  2 17  4 56.280  0.0   1
      824  27.937813   85.632463    18.539     7490.1     2217.0     2042.9    378.2    251.3    133.7 2023  5  2 17  7 48.100  0.0   1
      825  27.841720   85.657422    17.921     9951.2    -8432.0     1425.4    241.2    241.8    164.0 2023  5  2 17  9  2.960  0.0   1
      826  27.840361   85.666154    17.465    10811.2    -8582.5      969.3    177.5    203.2    176.3 2023  5  2 17 26 52.240  0.0   1
      827  27.842291   85.658211    17.861    10029.2    -8368.7     1365.7    173.9    231.1     96.7 2023  5  2 17 40 37.240  0.0   1
      828  27.912337   85.512590    17.159    -4309.1     -606.2      662.7    133.2    150.2    155.7 2023  5  2 18 18 36.320  0.0   1
      829  27.914903   85.473332    15.202    -8173.6     -321.9    -1293.4    183.9    177.0    139.3 2023  5  2 18 38 47.760  0.0   1
      830  27.928141   85.453361    14.753   -10138.9     1145.0    -1742.8    120.5    134.3    164.0 2023  5  2 19 39 57.200  0.0   1
      831  27.919501   85.459489    15.142    -9535.8      187.6    -1354.1    132.8    140.9    138.7 2023  5  2 20 11  4.880  0.0   1
      832  27.845626   85.655347    18.122     9746.8    -7999.1     1626.1    188.7    212.1    138.5 2023  5  2 20 22  4.160  0.0   1
      833  27.935449   85.435718    18.175   -11874.8     1954.9     1679.6    124.5    150.5    141.3 2023  5  2 21  6 25.200  0.0   1
      834  27.936039   85.434106    17.898   -12033.4     2020.5     1402.5    171.1    163.8    149.5 2023  5  2 21 24 59.760  0.0   1
      835  27.945154   85.423999    16.411   -13028.0     3030.5      -84.9    121.8    156.7    149.5 2023  5  2 21 39 19.160  0.0   1
      836  27.945494   85.426408    16.981   -12790.6     3068.0      484.8     97.7    191.6     80.0 2023  5  2 21 42  8.580  0.0   1
      837  27.826575   85.722404    18.489    16351.0   -10110.2     1993.1    184.7    419.1    176.6 2023  5  2 21 56  2.160  0.0   1
      838  27.927150   85.460124    17.541    -9473.1     1035.3     1044.8    138.2    187.5    141.4 2023  5  2 23 35 24.280  0.0   1
      839  27.926622   85.458081    17.475    -9674.0      976.7      978.9     70.4    163.9    127.0 2023  5  2 23 40 11.980  0.0   1
      840  27.944027   85.550806    17.887     -546.8     2905.6     1390.8    292.0    186.5    160.0 2023  5  2 23 49  2.000  0.0   1
      841  27.897693   85.563672    17.346      719.6    -2229.1      849.9    330.8    279.4    126.3 2023  5  3  0 31 11.160  0.0   1
      842  27.744309   85.555135    14.189     -120.9   -19226.8    -2307.3    332.1    266.9    258.7 2023  5  3  3  2 44.500  0.0   1
      843  27.943345   85.519165    15.259    -3661.6     2829.9    -1236.9    251.8    172.9    108.6 2023  5  3  3 38 24.730  0.0   1
      844  27.942826   85.520768    14.695    -3503.9     2772.5    -1801.2    215.6    185.6    112.6 2023  5  3  3 40 20.570  0.0   1
      845  27.943626   85.520516    14.815    -3528.0     2861.1    -1680.4    190.1    205.8    102.6 2023  5  3  3 40 35.530  0.0   1
      846  27.942523   85.518848    14.956    -3692.3     2739.0    -1539.6    212.3    145.7    158.4 2023  5  3  3 40 58.290  0.0   1
      847  27.898527   85.568644    17.409     1209.2    -2136.8      913.6    222.4    211.8    132.2 2023  5  3  6 27  9.420  0.0   1
      848  27.934267   85.452124    15.636   -10260.2     1824.0     -859.5    167.4    180.5    126.1 2023  5  3 15  3 16.850  0.0   1
      849  27.957324   85.567529    16.552     1098.9     4379.1       56.3    577.4    378.2    174.3 2023  5  3 16 32  2.380  0.0   1
      850  27.948893   85.448128    15.753   -10652.7     3444.8     -743.1    128.8    154.7    104.2 2023  5  3 16 40 54.910  0.0   1
      851  27.956911   85.450903    16.594   -10379.7     4333.5       98.3    135.0    152.4    113.1 2023  5  3 17  0  8.520  0.0   1
      852  27.929842   85.541797    16.123    -1434.0     1333.6     -373.0    518.1    251.3    178.6 2023  5  3 20 41 15.280  0.0   1
      853  27.920154   85.455615    14.980    -9917.5      260.0    -1515.9    151.5    195.7    140.8 2023  5  3 21  8 50.560  0.0   1
      854  27.924685   85.516089    15.901    -3964.4      762.0     -594.6    209.7    250.1    122.2 2023  5  3 21 19 51.640  0.0   1
      855  27.931517   85.485392    16.030    -6985.7     1519.3     -466.2    131.4    120.9     88.5 2023  5  3 23  5 15.180  0.0   1
      856  27.949052   85.500610    15.203    -5487.8     3462.3    -1292.9    152.0    200.1    111.8 2023  5  3 23 31 30.440  0.0   1
      857  27.903097   85.536532    16.833    -1952.0    -1630.4      337.3    190.0    282.0    131.8 2023  5  4  0 18 49.180  0.0   1
      858  27.857212   85.740845    17.906    18165.0    -6715.1     1410.5    209.4    309.4    208.2 2023  5  4  1  8 53.360  0.0   1
      859  27.904622   85.549463    21.024     -679.2    -1461.2     4528.5    328.8    257.4    186.7 2023  5  4  1 25 54.620  0.0   1
      860  27.884167   85.598861    11.787     4184.0    -3728.0    -4709.0    249.0    265.0    176.9 2023  5  4  1 28 41.050  0.0   1
      861  27.915729   85.465031    16.707    -8990.4     -230.4      211.7    129.5    126.5    123.5 2023  5  4  1 52 49.040  0.0   1
      862  27.916457   85.462516    16.324    -9237.9     -149.7     -171.4    128.3    107.4    133.5 2023  5  4  1 55 14.810  0.0   1
      863  27.908162   85.534945    21.903    -2108.6    -1068.9     5407.1    303.3    282.5    199.7 2023  5  4  3 15 41.110  0.0   1
      864  27.909119   85.530770    21.559    -2519.5     -963.0     5063.3    299.9    276.3    245.9 2023  5  4  4 16 12.280  0.0   1
      865  27.925716   85.591064    16.193     3415.6      876.5     -302.9    352.7    235.8    107.4 2023  5  4  7 21  1.330  0.0   1
      866  27.801306   85.598494    12.698     4149.1   -12910.4    -3797.7    267.2    334.6    262.1 2023  5  4  7 37 28.040  0.0   1
      867  27.942340   85.611068    17.565     5384.2     2718.7     1069.4    230.0    182.2     94.5 2023  5  4  8 53 35.510  0.0   1
      868  27.911884   85.632332    17.605     7478.0     -656.6     1109.7    261.4    270.3    134.9 2023  5  4 13 50 44.870  0.0   1
      869  27.913302   85.633748    17.596     7617.5     -499.3     1100.5    290.7    272.5    141.0 2023  5  4 14 38 42.320  0.0   1
      870  27.899288   85.559115    17.178      271.2    -2052.4      682.2    313.0    271.3     91.8 2023  5  4 14 58 29.770  0.0   1
      871  27.797939   85.732552    23.473    17353.2   -13283.7     6977.2    284.9    391.7    267.9 2023  5  4 15 31 44.100  0.0   1
      872  27.926316   85.625602    18.230     6815.2      942.8     1734.0    269.7    310.8    142.1 2023  5  4 15 45 24.400  0.0   1
      873  27.954494   85.462703    14.965    -9218.4     4065.5    -1530.7    106.9    180.6    138.0 2023  5  4 16 48 21.360  0.0   1
      874  27.904285   85.500016    15.711    -5546.8    -1498.7     -785.3    141.4    203.6    106.1 2023  5  4 17 53  2.840  0.0   1
      875  27.925547   85.461117    15.430    -9375.9      857.6    -1066.0    125.3    128.6    119.2 2023  5  4 18  6 23.680  0.0   1
      876  27.882680   85.543026     8.854    -1312.9    -3892.9    -7641.5    324.7    338.2    158.5 2023  5  4 18 30  4.020  0.0   1
      877  27.919232   85.576538    17.239     1986.2      157.9      743.5    308.2    188.1     87.0 2023  5  4 18 48 14.600  0.0   1
      878  27.938637   85.641577    18.324     8387.2     2308.3     1828.1    237.0    244.5    117.1 2023  5  4 18 49 26.320  0.0   1
      879  27.942493   85.636808    17.074     7918.1     2735.6      578.1    251.9    242.0    118.1 2023  5  4 19  4 51.040  0.0   1
      880  27.900092   85.551799    16.532     -449.8    -1963.4       36.2    210.1    299.1    127.3 2023  5  4 19 23 51.340  0.0   1
      881  27.907204   85.481934    15.838    -7326.7    -1175.0     -657.3    184.6    359.8    134.4 2023  5  4 19 51 16.620  0.0   1
      882  27.850354   85.662297    18.252    10430.8    -7475.0     1756.4    441.6    503.6    192.7 2023  5  4 19 51 56.260  0.0   1
      883  27.943011   85.638175    17.726     8052.5     2793.0     1230.0    203.5    230.5    136.0 2023  5  4 19 55  0.840  0.0   1
      884  27.926711   85.673177    18.873    11498.1      986.7     2377.0    206.5    299.6    171.9 2023  5  4 19 55  9.560  0.0   1
      885  27.917759   85.531673    16.949    -2430.1       -5.5      453.6    136.7    149.3     84.4 2023  5  4 20  8 39.400  0.0   1
      886  27.934731   85.721965     8.353    16299.7     1875.4    -8142.8    263.0    400.2    272.2 2023  5  4 21  4 10.280  0.0   1
      887  27.914594   85.578711    16.418     2200.0     -356.2      -77.7    380.5    218.0    108.2 2023  5  4 21 35 30.600  0.0   1
      888  27.911479   85.582528    16.751     2575.5     -701.4      255.3    310.2    197.5     93.5 2023  5  4 21 35 57.740  0.0   1
      889  27.912992   85.580762    16.626     2401.7     -533.7      130.4    333.0    176.4     99.0 2023  5  4 21 36 41.880  0.0   1
      890  27.911462   85.582747    16.852     2597.3     -703.2      356.0    376.7    247.3    116.4 2023  5  4 21 40 45.680  0.0   1
      891  27.901695   85.549430    16.781     -682.8    -1785.6      285.3    167.4    288.9     81.9 2023  5  4 21 50  5.200  0.0   1
      892  27.839872   85.661792    16.972    10381.3    -8636.7      476.2    144.1    209.1    142.6 2023  5  4 21 53 31.880  0.0   1
      893  27.916923   85.612435    17.057     5519.8      -98.1      561.0    262.6    265.4    122.9 2023  5  4 21 56 55.620  0.0   1
      894  27.913059   85.712858     8.146    15405.3     -526.3    -8349.8    214.4    383.0    226.9 2023  5  4 22  8 29.220  0.0   1
      895  27.951998   85.531405    17.600    -2456.6     3788.9     1104.3    223.8    162.0     93.1 2023  5  4 22 25  1.320  0.0   1
      896  27.910583   85.523494    17.077    -3235.7     -800.5      581.3    285.4    212.7    140.2 2023  5  4 22 27  4.480  0.0   1
      897  27.913092   85.523584    17.105    -3226.5     -522.5      609.0    159.8    196.9    143.0 2023  5  4 22 27 16.480  0.0   1
      898  27.901359   85.638005     9.879     8037.3    -1822.9    -6616.9    279.8    534.6    221.1 2023  5  4 22 58 31.000  0.0   1
      899  27.925374   85.484831    15.744    -7041.4      838.4     -751.7    177.7    139.5    110.0 2023  5  4 23 45 52.880  0.0   1
      900  27.922066   85.492546    16.066    -6282.1      471.9     -430.1    119.2    129.5    132.8 2023  5  5  0 28 27.340  0.0   1
      901  27.899941   85.751090    14.251    19169.8    -1979.9    -2244.8    177.4    255.8    166.0 2023  5  5  2 54 23.750  0.0   1
      902  27.932041   85.589168    19.003     3228.8     1577.4     2507.3    294.6    207.8    108.0 2023  5  5  2 56 15.170  0.0   1
      903  27.913062   85.599251    17.271     4221.9     -526.1      774.7    304.8    231.0    128.8 2023  5  5  4 23 58.320  0.0   1
      904  27.907467   85.595280    18.275     3831.1    -1146.0     1779.1    603.1    261.5    211.6 2023  5  5  5 25 34.290  0.0   1
      905  27.920998   85.463493    15.454    -9141.5      353.5    -1041.4    164.6    160.0    103.6 2023  5  5  8 10 23.350  0.0   1
      906  27.920514   85.462142    15.201    -9274.7      299.9    -1295.1    170.0    164.1     98.9 2023  5  5  8 13 38.940  0.0   1
      907  27.922331   85.467725    15.077    -8724.9      501.2    -1418.7    124.4    150.0    132.5 2023  5  5  8 17 20.770  0.0   1
      908  27.918123   85.498617    22.271    -5684.6       34.9     5775.2    320.9    416.6    253.2 2023  5  5  8 33 19.450  0.0   1
      909  27.922282   85.543660    12.234    -1250.2      495.9    -4262.1    458.4    527.2    244.8 2023  5  5 10 37 55.250  0.0   1
      910  27.922011   85.463265    15.731    -9164.3      465.9     -764.5    142.1    157.9    122.6 2023  5  5 14  0 12.750  0.0   1
      911  27.935832   85.542424    17.187    -1372.4     1997.3      690.8    177.4    238.8     98.0 2023  5  5 14 36 54.380  0.0   1
      912  27.910697   85.545549    16.629    -1064.5     -787.9      133.0    171.6    222.9     85.9 2023  5  5 15 20 58.000  0.0   1
      913  27.912146   85.554704    16.949     -163.6     -627.4      452.8    214.8    370.9    128.4 2023  5  5 15 22 46.500  0.0   1
      914  27.908828   85.559155    16.849      275.1     -995.3      353.6    307.8    316.8    124.7 2023  5  5 15 24 47.520  0.0   1
      915  27.938572   85.455518    14.700    -9925.9     2301.0    -1795.6    177.0    153.6    203.7 2023  5  5 15 48 20.390  0.0   1
      916  27.840767   85.654614    17.729     9674.8    -8537.5     1232.9    212.1    228.5    131.4 2023  5  5 16 16  5.640  0.0   1
      917  27.930587   85.684977    16.786    12659.9     1416.1      289.9    175.3    238.3    111.8 2023  5  5 16 30 30.440  0.0   1
      918  27.922396   85.461898    14.964    -9298.8      508.4    -1531.3    143.3    137.8    137.5 2023  5  5 17 27 46.160  0.0   1
      919  27.920062   85.461255    15.415    -9362.1      249.8    -1081.0    137.5    126.5     85.2 2023  5  5 17 29 44.860  0.0   1
      920  27.922841   85.464771    15.106    -9016.2      557.7    -1389.9    172.8    220.0    143.2 2023  5  5 17 30 50.440  0.0   1
      921  27.936532   85.561613    16.362      516.6     2074.9     -134.0    233.4    243.3    124.3 2023  5  5 17 43 26.740  0.0   1
      922  27.897544   85.537174    16.721    -1889.1    -2245.6      224.8    378.0    231.0    129.5 2023  5  5 17 48 23.920  0.0   1
      923  27.936554   85.561914    16.464      546.5     2077.4      -32.1    218.8    229.7    116.3 2023  5  5 17 49 35.340  0.0   1
      924  27.951428   85.651847    15.349     9397.3     3725.7    -1146.4    230.1    303.2    115.9 2023  5  5 18  0 32.220  0.0   1
      925  27.958221   85.555485    14.513      -86.4     4478.6    -1983.0    207.6    249.1    120.4 2023  5  5 19 58  6.060  0.0   1
      926  27.904604   85.470361     0.947    -8466.4    -1463.3   -15549.3    310.0    944.9    304.2 2023  5  5 20 59 50.800  0.0   1
      927  27.953831   85.481136    16.585    -7403.7     3992.0       89.6    167.3    222.3    115.6 2023  5  5 21  6 11.680  0.0   1
      928  27.898747   85.748503    14.341    18915.5    -2112.4    -2155.2    181.1    323.2    202.1 2023  5  5 21 10 43.240  0.0   1
      929  27.966225   85.575366    14.437     1870.3     5365.6    -2058.9    345.0    328.6    112.7 2023  5  5 21 12 41.640  0.0   1
      930  27.921169   85.458114    15.651    -9671.0      372.5     -844.9    130.1    169.1     83.6 2023  5  5 21 44 20.600  0.0   1
      931  27.920351   85.462850    16.320    -9205.2      281.8     -175.9    101.9    144.1    114.9 2023  5  5 21 44 58.000  0.0   1
      932  27.959172   85.555949    15.002      -40.5     4583.9    -1494.1    252.6    271.7    141.5 2023  5  5 21 58 16.680  0.0   1
      933  27.941992   85.653613    17.950     9572.0     2680.1     1454.2    202.1    234.6    124.1 2023  5  5 22 51  8.600  0.0   1
      934  27.903029   85.527596    16.789    -2832.4    -1637.7      292.8    163.2    309.7    125.9 2023  5  5 23  7 53.980  0.0   1
      935  27.957538   85.431999    16.423   -12239.8     4402.8      -72.9    121.4    130.3    124.9 2023  5  6  1 42 20.300  0.0   1
      936  27.914990   85.503597    16.515    -5194.5     -312.3       18.9    138.3    168.1     76.2 2023  5  6  4 27 23.300  0.0   1
      937  27.912118   85.516829    22.138    -3892.0     -630.6     5642.4    283.5    304.5    141.8 2023  5  6  9 52 22.040  0.0   1
      938  27.927612   85.637590    22.052     7995.4     1086.4     5556.3    240.6    314.5    149.1 2023  5  6 10 16 39.970  0.0   1
      939  27.924638   85.639046    22.187     8138.5      756.9     5691.5    277.9    273.5    117.3 2023  5  6 10 47 27.930  0.0   1
      940  27.912681   85.572607    18.489     1599.2     -568.2     1993.1    353.9    229.1    153.4 2023  5  6 11 15 36.630  0.0   1
      941  27.949579   85.422583    17.271   -13167.0     3520.9      775.6    137.9    272.8    122.3 2023  5  6 11 36 35.150  0.0   1
      942  27.927203   85.639290    22.286     8162.3     1041.2     5790.0    201.6    300.8    115.9 2023  5  6 12 49 50.160  0.0   1
      943  27.917682   85.535384    16.992    -2065.3      -13.9      496.1    202.9    201.9     87.3 2023  5  6 13 22 29.530  0.0   1
      944  27.936782   85.635596    18.985     7798.2     2102.7     2489.4    276.8    205.7    157.4 2023  5  6 13 51 54.590  0.0   1
      945  27.926426   85.558903    17.008      249.6      955.0      512.5    199.3    201.1     91.9 2023  5  6 15  8  1.930  0.0   1
      946  27.923887   85.560669    18.126      423.4      673.6     1630.5    376.3    172.9    145.8 2023  5  6 15  8 14.910  0.0   1
      947  27.917969   85.452759    16.107   -10198.5       17.8     -389.0     94.5    131.0    126.5 2023  5  6 15 30  4.120  0.0   1
      948  27.888133   85.644434    17.830     8670.7    -3288.6     1334.0    267.6    315.7    125.2 2023  5  6 16 11  5.410  0.0   1
      949  27.889939   85.637598    18.081     7997.4    -3088.3     1585.3    258.5    322.2    138.4 2023  5  6 18  2 57.440  0.0   1
      950  27.967871   85.551733    13.290     -455.3     5547.9    -3206.2    254.4    325.0    132.3 2023  5  6 19 27 23.320  0.0   1
      951  27.924620   85.511287    19.278    -4437.2      754.8     2781.8    208.5    241.3    167.8 2023  5  6 19 33  1.820  0.0   1
      952  27.935138   85.479085    16.257    -7606.8     1920.5     -239.2    193.8    167.0    154.7 2023  5  6 19 44 23.700  0.0   1
      953  27.910612   85.542733    16.387    -1341.8     -797.5     -108.5    294.3    341.2    148.0 2023  5  6 20 41 30.540  0.0   1
      954  27.891766   85.609701    17.680     5250.5    -2885.9     1184.3    294.7    266.6    115.3 2023  5  6 22 23 46.080  0.0   1
      955  27.913149   85.560677    18.013      424.2     -516.3     1517.4    319.0    209.8    147.2 2023  5  6 22 26 47.200  0.0   1
      956  27.917869   85.557446    18.395      106.9        6.7     1898.9    251.6    211.9    213.7 2023  5  6 23 32 50.600  0.0   1
      957  27.897286   85.563371    17.195      690.0    -2274.3      699.6    334.7    292.4    131.9 2023  5  6 23 33 34.120  0.0   1
      958  27.898851   85.570752    16.997     1416.1    -2100.9      501.1    344.2    275.1    105.6 2023  5  6 23 35 48.960  0.0   1
      959  27.871584   85.610636    17.198     5343.4    -5122.3      702.4    228.4    189.0    143.9 2023  5  7  1 10 16.330  0.0   1
      960  27.946169   85.448592    18.366   -10607.5     3142.9     1870.1    194.9    175.0    219.3 2023  5  7  5 52 16.560  0.0   1
      961  27.925260   85.638159    22.230     8051.4      825.9     5733.9    202.4    318.6    106.3 2023  5  7  6  9 49.240  0.0   1
      962  27.934774   85.622192    21.404     6479.1     1880.2     4908.0    297.4    310.6    133.1 2023  5  7  8 19 49.910  0.0   1
      963  27.842470   85.717253    15.280    15842.9    -8348.8    -1216.0    181.7    234.2    181.5 2023  5  7 10 34 55.360  0.0   1
      964  27.941113   85.623177    20.982     6575.9     2582.6     4486.4    198.6    339.8     88.2 2023  5  7 13 33 18.950  0.0   1
      965  27.900789   85.562866    17.233      640.0    -1886.1      737.2    282.8    265.7    105.7 2023  5  7 14 28 39.210  0.0   1
      966  27.904608   85.555257    17.334     -108.7    -1462.7      837.9    234.2    278.1    122.7 2023  5  7 14 34  5.010  0.0   1
      967  27.906093   85.554159    16.981     -217.5    -1298.2      485.6    182.6    298.1     78.3 2023  5  7 14 36 33.130  0.0   1
      968  27.896930   85.573071    17.165     1645.0    -2313.7      668.8    281.2    243.1    146.9 2023  5  7 16 23 19.750  0.0   1
      969  27.892218   85.727254    15.662    16823.8    -2835.8     -833.6    197.7    310.8    217.9 2023  5  7 17 22 40.360  0.0   1
      970  27.902523   85.562590    17.376      613.1    -1693.8      879.9    256.6    215.3    113.2 2023  5  7 17 52 36.480  0.0   1
      971  27.943022   85.462386    14.474    -9250.2     2794.2    -2021.9    194.9    128.0    106.2 2023  5  7 17 56 27.600  0.0   1
      972  27.942269   85.463371    14.028    -9152.9     2710.8    -2467.5    201.4    202.2     73.9 2023  5  7 18  8 39.760  0.0   1
      973  27.905292   85.499805    15.428    -5568.0    -1387.1    -1067.6    147.5    190.6    122.1 2023  5  7 19  4 58.700  0.0   1
      974  27.912168   85.480119    14.207    -7505.1     -625.0    -2288.6    163.5    288.3     97.8 2023  5  7 19 24 24.120  0.0   1
      975  27.977433   85.552490    13.531     -381.6     6607.5    -2964.9    278.7    185.2    135.4 2023  5  7 19 42 55.640  0.0   1
      976  27.921566   85.680046    17.899    12174.7      416.5     1403.0    164.0    242.4    138.5 2023  5  7 20 40 32.480  0.0   1
      977  27.917159   85.694344    17.346    13582.0      -71.9      850.5    189.2    300.1    124.1 2023  5  7 20 40 38.560  0.0   1
      978  27.947949   85.682275    17.535    12392.9     3340.2     1039.0    152.1    294.3    103.7 2023  5  7 21 44  8.160  0.0   1
      979  27.931191   85.465959    17.606    -8898.6     1483.1     1109.8    130.6    197.8    101.0 2023  5  7 22 13 27.360  0.0   1
      980  27.932536   85.463981    17.481    -9093.1     1632.0      985.2    145.4    170.8    111.2 2023  5  7 22 14 12.840  0.0   1
      981  27.919619   85.479744    19.515    -7542.3      200.6     3019.5    250.5    310.9    157.4 2023  5  7 22 24 50.360  0.0   1
      982  27.938222   85.483870    15.924    -7135.4     2262.3     -571.7    133.1    169.8    120.9 2023  5  7 22 32 29.280  0.0   1
      983  27.888171   85.587231    18.857     3038.7    -3284.2     2361.4    478.2    418.2    193.7 2023  5  7 22 37 34.840  0.0   1
      984  27.902539   85.484945    18.410    -7030.7    -1692.1     1913.8    180.3    206.9    157.8 2023  5  7 22 39 29.660  0.0   1
      985  27.889886   85.597648    18.681     4064.6    -3094.3     2185.3    276.6    352.0    136.9 2023  5  7 23 27 14.820  0.0   1
      986  27.898533   85.649023    17.911     9122.1    -2136.1     1415.1    196.6    281.8    127.0 2023  5  7 23 51  4.480  0.0   1
      987  27.894910   85.582886    18.735     2611.0    -2537.6     2239.1    552.5    309.1    193.6 2023  5  7 23 53 40.580  0.0   1
