        1  27.929390   85.548039    15.840     -819.7     1283.6     -655.8    102.6     45.6     35.5 2023  4 10  5 15 35.090  0.0   1
        2  27.914028   85.569108    16.541     1254.4     -418.9       45.4     41.6     35.2     16.8 2023  4 10 11 32 18.070  0.0   1
        3  27.920168   85.451888    15.820   -10283.8      261.5     -675.7     32.5     38.3     26.2 2023  4 10 14 12 29.210  0.0   1
        4  27.904226   85.501912    15.330    -5360.7    -1505.3    -1165.7     23.1     30.4     23.1 2023  4 10 16 53 33.750  0.0   1
        5  27.928961   85.494816    15.679    -6058.0     1236.0     -816.7     20.2     32.4     15.6 2023  4 10 17 27 53.760  0.0   1
        6  27.946324   85.486393    18.473    -6887.0     3160.1     1976.7     27.5     13.0     18.5 2023  4 10 18 30 15.080  0.0   1
        7  27.904146   85.557682    16.281      130.1    -1514.0     -214.6     68.8     41.1     26.4 2023  4 10 19 50 37.720  0.0   1
        9  27.982595   85.488127    19.161    -6715.4     7179.6     2665.3     28.8     44.9     16.0 2023  4 10 20  5 24.960  0.0   1
       10  27.924032   85.455127    15.847    -9964.9      689.6     -649.0     18.3     29.2     20.3 2023  4 10 21 45  5.560  0.0   1
       13  27.916821   85.460531    16.317    -9434.0     -109.3     -178.8     28.8     26.8     17.4 2023  4 10 23 21 46.060  0.0   1
       14  27.960411   85.539852    15.655    -1625.3     4721.2     -840.9     56.1     37.6     19.4 2023  4 10 23 22  9.000  0.0   1
       15  27.917853   85.463770    16.416    -9114.4        5.0      -79.9     28.0     31.2     22.9 2023  4 10 23 23 28.380  0.0   1
       16  27.991054   85.490218    19.236    -6509.1     8117.1     2739.8     24.2     28.5     12.4 2023  4 11  0 23 10.980  0.0   1
       17  27.985608   85.497827    19.455    -5760.6     7513.4     2958.8     21.5     24.6      9.4 2023  4 11  0 29 30.300  0.0   1
       18  27.974070   85.488615    18.769    -6667.6     6234.9     2273.6     35.2     48.3     21.8 2023  4 11  1  3 49.050  0.0   1
       19  27.898966   85.574316    17.192     1767.6    -2088.0      696.1     47.1     20.7     17.2 2023  4 11  2 20 47.150  0.0   1
       20  28.014764   85.508512    19.877    -4707.9    10744.4     3381.5     75.2    121.3     37.6 2023  4 11  2 41 52.610  0.0   1
       21  27.898387   85.638005    17.570     8037.2    -2152.1     1073.9     49.0     34.4     23.3 2023  4 11  3  9 12.590  0.0   1
       22  27.986265   85.494303    19.034    -6106.8     7586.4     2538.1     19.6     27.4      9.2 2023  4 11  3 15 47.450  0.0   1
       23  27.993972   85.584131    15.498     2732.2     8440.3     -997.4     74.8     64.2     21.9 2023  4 11  3 55 10.190  0.0   1
       24  27.896006   85.664722    17.068    10667.7    -2415.9      571.8     30.9     30.4     25.7 2023  4 11  6  0  3.010  0.0   1
       26  27.922402   85.673918    18.931    11571.1      509.2     2435.1     34.0     42.5     26.4 2023  4 11  7 17 12.680  0.0   1
       27  27.928302   85.481307    16.124    -7388.2     1163.0     -371.4     31.0     28.8     18.3 2023  4 11  7 32 27.460  0.0   1
       28  27.958923   85.463680    16.141    -9121.9     4556.3     -354.4     24.4     27.9     17.2 2023  4 11 11 12 42.460  0.0   1
       29  27.947650   85.539388    16.274    -1671.1     3307.1     -221.5     52.5     38.0     25.8 2023  4 11 12 31  5.370  0.0   1
       30  27.962565   85.554313    15.995     -201.5     4959.8     -501.0     75.6     79.8     30.0 2023  4 11 12 35 36.780  0.0   1
       31  27.942365   85.503866    15.538    -5167.5     2721.3     -957.9     40.1     34.8     24.3 2023  4 11 12 55 13.710  0.0   1
       33  27.921680   85.574325    16.655     1767.8      429.1      159.6     73.1     35.9     18.2 2023  4 11 15 16  7.410  0.0   1
       34  27.900458   85.581592    15.844     2483.9    -1922.7     -651.6     47.8     33.8     18.4 2023  4 11 17 31 49.680  0.0   1
       35  27.900075   85.580680    15.643     2393.6    -1965.2     -852.4     46.9     57.5     22.1 2023  4 11 17 31 57.220  0.0   1
       36  27.896855   85.576742    16.521     2006.3    -2322.0       24.7     48.6     38.3     14.7 2023  4 11 17 32  7.680  0.0   1
       37  27.917887   85.505884    17.013    -4969.2        8.9      517.4     19.2     27.5     17.2 2023  4 11 18 16 25.180  0.0   1
       38  27.916052   85.502466    16.869    -5305.7     -194.6      373.3     18.9     29.7     18.0 2023  4 11 18 16 32.440  0.0   1
       39  27.917255   85.502450    16.647    -5307.1      -61.4      151.5     21.3     25.2     14.7 2023  4 11 18 28  6.160  0.0   1
       40  27.917295   85.500203    16.600    -5528.0      -56.7      104.0     25.0     29.5     15.2 2023  4 11 18 45 29.060  0.0   1
       41  27.919668   85.547013    17.100     -920.7      206.1      604.2     42.2     26.6     13.6 2023  4 11 18 48 37.360  0.0   1
       42  27.917143   85.502344    16.751    -5317.7      -73.7      254.8     28.3     27.0     11.9 2023  4 11 19 13  0.920  0.0   1
       43  27.950393   85.533293    17.043    -2271.1     3611.1      546.8     43.0     38.6     17.3 2023  4 11 19 38 40.040  0.0   1
       44  27.917847   85.568343    16.181     1178.9        4.3     -314.7     44.8     27.6     17.7 2023  4 11 20 30 41.680  0.0   1
       45  27.991882   85.500244    19.874    -5522.3     8208.8     3378.0     30.4     60.6     16.3 2023  4 11 21 12 43.280  0.0   1
       46  27.947235   85.577612    15.846     2091.5     3261.1     -650.1     89.6     87.7     30.9 2023  4 11 22 39 42.680  0.0   1
       47  27.937431   85.574202    18.135     1756.1     2174.6     1638.8     74.5     41.2     21.4 2023  4 11 23  9 10.020  0.0   1
       48  27.939423   85.449691    17.671   -10499.6     2395.2     1174.8     29.1     39.3     23.5 2023  4 12  1  7 44.520  0.0   1
       49  27.926884   85.564771    17.699      827.8     1005.8     1203.0     54.3     30.3     17.7 2023  4 12  1 49 34.970  0.0   1
       50  27.897990   85.674284    16.836    11608.7    -2196.1      340.4     23.6     25.5     19.3 2023  4 12  5 14 26.950  0.0   1
       51  27.899585   85.633146    18.415     7558.5    -2019.5     1919.3     42.9     38.7     21.8 2023  4 12 12  5 44.480  0.0   1
       52  27.981036   85.501465    19.249    -5402.6     7006.9     2752.9     34.9     28.7     17.4 2023  4 12 14  8 22.260  0.0   1
       54  27.899150   85.539193    16.786    -1690.3    -2067.7      290.3     47.0     60.3     23.4 2023  4 12 16 36  0.700  0.0   1
       55  27.934257   85.458757    17.834    -9607.2     1822.8     1337.9     24.1     41.8     16.8 2023  4 12 16 54 12.000  0.0   1
       56  27.931014   85.553532    18.784     -278.6     1463.6     2287.9     47.3     49.9     19.4 2023  4 12 17 13 47.420  0.0   1
       57  27.931439   85.551481    19.080     -480.2     1510.6     2584.1     43.4     41.7     22.0 2023  4 12 17 57 17.520  0.0   1
       58  27.910258   85.544002    17.466    -1216.8     -836.6      970.3     39.5     70.1     18.7 2023  4 12 18 12  2.060  0.0   1
       59  27.906980   85.476286    16.518    -7883.2    -1199.8       22.0     19.5     29.1     16.5 2023  4 12 18 35 42.240  0.0   1
       60  27.936399   85.634440    16.685     7684.6     2060.2      189.2     39.0     83.9     21.9 2023  4 12 18 36 25.960  0.0   1
       61  27.912126   85.605501    16.876     4837.2     -629.7      380.3     46.8     51.5     18.1 2023  4 12 18 41 36.260  0.0   1
       63  27.928160   85.499357    16.017    -5611.3     1147.2     -478.6     27.7     37.8     16.7 2023  4 12 20  2 25.200  0.0   1
       64  27.904531   85.523291    16.629    -3255.6    -1471.3      133.6     36.0     64.4     18.0 2023  4 12 20  3 53.940  0.0   1
       65  27.914785   85.589819    16.116     3293.0     -335.1     -380.1     73.5     61.0     29.0 2023  4 12 20 17 29.840  0.0   1
       66  27.917802   85.695296    17.058    13675.9       -0.6      561.8     24.4     38.8     15.7 2023  4 12 20 22 12.280  0.0   1
       67  27.906281   85.477425    16.700    -7771.0    -1277.5      204.5     19.2     26.7     14.3 2023  4 12 21 16 23.760  0.0   1
       68  27.906801   85.475610    16.510    -7949.5    -1219.6       13.9     19.8     30.9     14.1 2023  4 12 21 22  7.920  0.0   1
       69  27.955131   85.465625    16.432    -8930.5     4136.2      -64.3     29.0     31.8     26.3 2023  4 12 21 41 27.980  0.0   1
       70  27.957428   85.439486    18.786   -11502.9     4390.5     2290.2     25.9     52.3     22.3 2023  4 12 21 46 32.440  0.0   1
       71  27.934361   85.566813    16.142     1028.4     1834.3     -354.0     56.2     33.5     15.5 2023  4 12 21 49 54.760  0.0   1
       72  27.933032   85.452547    15.932   -10218.3     1687.2     -564.2     19.1     37.2     17.2 2023  4 12 22  2 13.140  0.0   1
       73  27.920874   85.461312    15.900    -9356.3      339.8     -595.3     22.1     27.7     17.4 2023  4 12 22 33 38.280  0.0   1
       74  27.906059   85.476449    16.595    -7867.3    -1302.1       99.4     20.5     27.0     14.5 2023  4 12 23  2  9.640  0.0   1
       75  27.927352   85.487370    16.369    -6791.2     1057.7     -126.9     20.5     28.0     18.4 2023  4 12 23  4  9.180  0.0   1
       76  27.906295   85.477108    16.658    -7802.1    -1275.8      162.3     18.0     24.2     11.0 2023  4 12 23  6 21.660  0.0   1
       78  27.982035   85.548633    13.983     -760.7     7117.6    -2512.5     47.9     33.9     29.2 2023  4 13  0 19  5.930  0.0   1
       79  27.934090   85.559953    18.528      352.9     1804.4     2032.5     53.3     37.6     23.3 2023  4 13  3 24  6.200  0.0   1
       80  27.989606   85.492415    19.337    -6293.2     7956.5     2840.8     20.5     51.8     13.1 2023  4 13  4 12 28.170  0.0   1
       81  27.918138   85.518962    15.134    -3682.0       36.5    -1361.3     28.6     43.4     18.5 2023  4 13  4 13 48.050  0.0   1
       82  27.886686   85.597664    17.120     4066.4    -3448.9      624.6     50.4     42.5     16.0 2023  4 13  5 40 42.930  0.0   1
       84  27.976253   85.453931    17.858   -10080.4     6476.8     1361.7     25.0     27.5     21.3 2023  4 13 10 39  5.160  0.0   1
       85  27.924139   85.640723    18.059     8303.5      701.6     1563.0     61.3     58.6     33.3 2023  4 13 11 30 28.670  0.0   1
       86  27.975793   85.453556    17.874   -10117.7     6425.9     1378.5     19.5     27.1     14.6 2023  4 13 11 46 57.570  0.0   1
       87  27.976158   85.453337    17.868   -10139.2     6466.3     1372.3     21.1     27.8     17.3 2023  4 13 11 51 24.780  0.0   1
       89  27.965068   85.581136    15.288     2438.0     5237.1    -1207.8     97.7     70.5     26.7 2023  4 13 12 31 33.520  0.0   1
       90  28.008594   85.501449    19.634    -5403.5    10060.8     3138.6     69.5    154.2     37.7 2023  4 13 12 45 45.190  0.0   1
       91  27.912988   85.596069    16.855     3908.4     -534.2      359.4     52.0     37.1     20.8 2023  4 13 13  5 12.860  0.0   1
       92  27.962878   85.537158    13.624    -1890.1     4994.7    -2871.6     54.4     43.0     24.5 2023  4 13 13 30 16.620  0.0   1
       93  27.932621   85.577140    17.817     2045.3     1641.5     1321.0     64.3     57.1     19.6 2023  4 13 13 34 27.390  0.0   1
       94  27.929858   85.772103    20.187    21235.3     1335.4     3691.6     19.7     13.5     13.2 2023  4 13 13 35 36.100  0.0   1
       95  27.928943   85.771647    20.054    21190.9     1234.0     3557.8     19.7     13.7     13.3 2023  4 13 13 36 18.020  0.0   1
       96  27.919126   85.501416    16.498    -5408.6      146.2        2.5     22.3     34.5     12.5 2023  4 13 14  7 23.070  0.0   1
       97  27.968451   85.595605    15.118     3862.1     5612.2    -1377.7     33.2     60.4      7.7 2023  4 13 14 19  5.210  0.0   1
       98  27.967183   85.599487    15.007     4243.8     5471.8    -1488.5     38.7     56.1     12.6 2023  4 13 14 24  7.600  0.0   1
       99  27.908260   85.555273    17.017     -107.3    -1058.2      521.0     57.7     58.3     24.5 2023  4 13 14 43 46.320  0.0   1
      100  27.970166   85.598527    14.991     4149.6     5802.3    -1504.5     40.2     53.6     11.1 2023  4 13 14 50 19.670  0.0   1
      101  27.964447   85.595288    15.044     3830.7     5168.5    -1451.7     58.8     47.2     11.9 2023  4 13 14 56  7.560  0.0   1
      102  27.941005   85.610636    18.805     5341.9     2570.8     2308.9     39.1     30.9     17.3 2023  4 13 18 27 17.140  0.0   1
      103  27.873751   85.752100    15.354    19271.3    -4882.3    -1141.9     37.4     53.4     42.0 2023  4 13 20 13 50.660  0.0   1
      104  27.893205   85.686792    16.724    12840.5    -2726.5      228.6     31.7     33.4     24.3 2023  4 13 21  0 50.660  0.0   1
      105  27.959662   85.550928    15.016     -535.4     4638.2    -1479.4     69.5     41.4     27.1 2023  4 13 22 12 10.320  0.0   1
      106  27.921586   85.553361    16.921     -295.9      418.6      425.1     40.3     33.5     13.2 2023  4 13 22 13 19.480  0.0   1
      107  27.910494   85.521558    15.616    -3426.7     -810.5     -879.8     18.3     29.6     11.4 2023  4 13 22 23 44.520  0.0   1
      108  27.935199   85.561523    17.311      508.2     1927.2      815.6     32.2     39.0     14.0 2023  4 13 22 33 31.440  0.0   1
      109  27.961949   85.560596    18.451      416.4     4891.7     1955.1     75.8    109.0     34.1 2023  4 13 23  4 45.240  0.0   1
      110  27.892806   85.685596    16.726    12723.0    -2770.7      230.6     20.8     29.8     18.5 2023  4 13 23  9 24.280  0.0   1
      111  27.903695   85.495239    15.985    -6017.0    -1564.0     -510.9     29.0     37.1     18.5 2023  4 13 23 30 45.680  0.0   1
      113  27.941349   85.593441    19.140     3649.0     2608.8     2643.8     98.4     57.0     12.8 2023  4 14  1  4 15.930  0.0   1
      114  27.939417   85.597038    19.276     4003.2     2394.7     2779.8     87.9     52.0     12.5 2023  4 14  1 17  2.830  0.0   1
      115  27.952954   85.574780    19.699     1812.3     3894.9     3203.3     33.6     31.4     17.1 2023  4 14  6 16  5.630  0.0   1
      116  27.906179   85.725789    17.092    16678.9    -1288.7      596.0     41.2     63.8     38.1 2023  4 14  9 21  5.850  0.0   1
      117  27.868337   85.689681    17.705    13126.4    -5482.2     1208.8     23.4     16.8     12.0 2023  4 14 10 13 57.790  0.0   1
      118  27.923126   85.552612    19.157     -369.2      589.5     2660.8     51.4     50.3     22.4 2023  4 14 10 14 40.830  0.0   1
      119  27.926060   85.481038    15.967    -7414.2      914.6     -528.6     35.3     31.3     26.9 2023  4 14 11 40 42.190  0.0   1
      120  27.928597   85.585669    18.714     2884.8     1195.6     2218.1     89.2     70.3     25.8 2023  4 14 11 45 55.020  0.0   1
      121  27.903678   85.504834    15.731    -5072.5    -1565.8     -765.0     21.0     29.4     14.5 2023  4 14 12 30 41.710  0.0   1
      122  27.908824   85.592822    17.313     3588.7     -995.5      817.3     74.8     47.7     22.6 2023  4 14 13 49 38.680  0.0   1
      123  27.909906   85.511035    14.228    -4462.5     -875.8    -2268.0     19.5     24.1     16.2 2023  4 14 14 19 12.490  0.0   1
      124  27.851597   85.747534    17.226    18824.0    -7337.5      730.3     21.4     64.2     24.1 2023  4 14 14 40 14.840  0.0   1
      125  27.851129   85.746029    16.954    18675.7    -7389.2      458.5     26.2     60.8     29.8 2023  4 14 14 41 15.820  0.0   1
      126  27.850590   85.754915    15.845    19550.4    -7449.1     -650.8     36.4     53.2     41.9 2023  4 14 14 42 52.440  0.0   1
      127  27.838883   85.705379    17.741    14674.1    -8746.4     1245.1     37.0     83.5     36.0 2023  4 14 15  6 28.140  0.0   1
      129  27.912903   85.606413    15.995     4926.6     -543.6     -500.8     45.9     52.6     20.7 2023  4 14 15 48 51.550  0.0   1
      130  27.912569   85.700122    18.255    14151.7     -580.6     1759.3     50.7    118.9     29.9 2023  4 14 16 19 14.360  0.0   1
      132  27.982686   85.437565    19.369   -11690.7     7189.7     2873.4     45.0     78.3     38.8 2023  4 14 16 33  7.740  0.0   1
      134  27.929665   85.631087    20.997     7355.0     1313.9     4501.2     64.4     68.5     19.6 2023  4 14 17  8 23.900  0.0   1
      136  27.920424   85.545085    16.969    -1110.0      289.9      473.6     33.3     41.2     21.6 2023  4 14 17 22 16.360  0.0   1
      137  27.956854   85.437142    15.273   -11733.4     4326.9    -1223.2     19.4     26.6     15.5 2023  4 14 17 45 23.920  0.0   1
      138  27.959580   85.433667    14.945   -12075.2     4629.2    -1550.5     20.8     23.5     22.2 2023  4 14 17 46 29.600  0.0   1
      139  27.955998   85.451408    16.418   -10329.9     4232.0      -77.4     10.9     23.3      8.4 2023  4 14 17 47 36.560  0.0   1
      140  27.955562   85.452271    16.457   -10245.1     4183.8      -39.1     21.8     16.9     16.5 2023  4 14 17 53  7.280  0.0   1
      141  27.955971   85.451424    16.358   -10328.2     4229.2     -137.6     17.5     33.8     16.2 2023  4 14 17 57  5.500  0.0   1
      142  27.956834   85.456177    16.789    -9860.6     4324.7      293.0     15.5     24.3     11.9 2023  4 14 17 58 35.860  0.0   1
      143  27.953750   85.461621    17.838    -9325.0     3982.9     1341.7     25.0     40.7     18.1 2023  4 14 18  3  3.160  0.0   1
      144  27.956262   85.439307    15.333   -11520.4     4261.4    -1163.1     19.0     25.6     16.3 2023  4 14 18  3 28.400  0.0   1
      145  27.956281   85.452620    16.428   -10210.5     4263.5      -68.2     14.0     16.1     11.6 2023  4 14 18  8  7.920  0.0   1
      146  27.955979   85.450407    16.341   -10428.0     4230.1     -154.7     14.9     21.6     10.1 2023  4 14 18  8 41.680  0.0   1
      147  27.954779   85.438989    15.139   -11551.6     4097.2    -1356.4     27.5     33.5     28.4 2023  4 14 18 22  6.760  0.0   1
      149  27.906067   85.476383    16.551    -7873.6    -1301.1       54.8     22.0     25.9     14.3 2023  4 14 19  1 34.720  0.0   1
      150  27.957849   85.435482    15.176   -11897.3     4437.3    -1319.9     22.6     33.5     22.1 2023  4 14 19 42  2.340  0.0   1
      151  27.929478   85.508643    16.307    -4697.0     1293.3     -189.0     44.3     42.9     21.7 2023  4 14 19 45 33.400  0.0   1
      152  27.956012   85.444377    15.911   -11021.9     4233.7     -585.1     20.9     20.3     16.5 2023  4 14 20 30 23.180  0.0   1
      153  27.956142   85.443026    15.986   -11154.6     4248.1     -509.8     16.4     27.1     15.3 2023  4 14 20 33  8.460  0.0   1
      154  27.904462   85.749569    16.932    19019.5    -1479.0      436.1     33.4     47.1     30.2 2023  4 14 20 46 12.840  0.0   1
      155  27.889445   85.605648    17.352     4852.2    -3143.2      856.4     32.6     35.9     18.6 2023  4 14 21 27 12.680  0.0   1
      156  27.943781   85.483838    16.017    -7138.5     2878.2     -478.8     29.9     25.5     20.8 2023  4 14 21 30 58.660  0.0   1
      157  27.946075   85.487044    16.344    -6822.8     3132.5     -151.9     19.7     26.9     17.1 2023  4 14 21 32 14.980  0.0   1
      158  27.947978   85.510002    18.389    -4562.9     3343.4     1893.1     56.7     71.1     38.1 2023  4 14 21 55 17.560  0.0   1
      159  27.927299   85.500716    16.434    -5477.8     1051.7      -61.9     25.7     36.6     24.7 2023  4 14 21 59 18.760  0.0   1
      160  27.903227   85.624618    17.019     6719.2    -1615.9      522.7     41.1     48.8     15.9 2023  4 14 22 43 53.400  0.0   1
      161  27.902437   85.622575    17.071     6518.2    -1703.2      575.1     26.2     44.7     10.9 2023  4 14 22 44 31.200  0.0   1
      163  27.893717   85.559806    17.290      339.2    -2669.6      794.0     27.2     46.5     10.6 2023  4 14 23 20 25.440  0.0   1
      164  27.904504   85.568758    16.978     1219.9    -1474.2      482.1     74.0     33.2     19.3 2023  4 15  0 20 20.660  0.0   1
      166  27.953947   85.453084    16.390   -10165.1     4004.8     -105.9     24.4     39.3     19.9 2023  4 15  1 10  1.370  0.0   1
      167  27.954079   85.452295    16.397   -10242.5     4019.6      -98.9     20.5     37.0     15.2 2023  4 15  1 13  3.800  0.0   1
      168  27.868545   85.691146    17.629    13270.3    -5459.3     1133.5     24.1     16.7     14.6 2023  4 15  1 41  9.540  0.0   1
      169  27.915361   85.516121    16.895    -3961.5     -271.2      399.3     26.6     31.7     19.9 2023  4 15  1 49 34.960  0.0   1
      170  27.920182   85.520247    17.202    -3555.0      263.1      706.6     24.2     32.4     20.1 2023  4 15  9 46  7.520  0.0   1
      171  27.918998   85.518449    17.318    -3732.1      132.0      821.9     33.4     43.3     18.1 2023  4 15  9 48 33.420  0.0   1
      172  27.926477   85.533016    17.038    -2297.9      960.7      542.1     33.9     63.6     22.8 2023  4 15 13 48 49.490  0.0   1
      173  27.934827   85.557170    16.465       79.2     1885.9      -30.4     49.7     45.5     18.1 2023  4 15 15 11 10.150  0.0   1
      174  27.913515   85.520801    15.735    -3500.9     -475.8     -760.5     31.6     31.3     28.3 2023  4 15 15 36 48.920  0.0   1
      175  27.933956   85.476115    15.319    -7898.5     1789.5    -1177.2     23.9     25.2     13.9 2023  4 15 15 57  6.000  0.0   1
      176  27.893608   85.596484    17.429     3949.5    -2681.9      933.1     55.6     41.5     16.2 2023  4 15 17 17 39.100  0.0   1
      177  27.928825   85.474528    13.979    -8055.3     1220.9    -2516.6    101.0    122.3     87.2 2023  4 15 18 21  5.840  0.0   1
      178  27.914181   85.520744    15.890    -3506.0     -402.0     -605.8     73.7     64.3     40.8 2023  4 15 18 24 53.600  0.0   1
      179  27.891449   85.580054    16.983     2332.1    -2921.1      487.2     46.9     25.7     22.8 2023  4 15 18 28 35.380  0.0   1
      180  27.943260   85.506763    15.588    -4881.7     2820.5     -908.0     30.7     26.0     15.6 2023  4 15 18 51 42.020  0.0   1
      181  27.897740   85.503784    16.035    -5175.9    -2223.9     -461.2     36.3     42.0     20.6 2023  4 15 18 52 23.880  0.0   1
      182  27.902104   85.500163    15.456    -5532.8    -1740.3    -1039.6     24.6     28.6     18.2 2023  4 15 18 53 21.940  0.0   1
      184  27.918258   85.556844    17.655       47.2       49.8     1158.7     41.7     48.8     22.7 2023  4 15 19 13 46.480  0.0   1
      185  27.889634   85.747591    16.816    18826.5    -3122.2      320.6     59.8    100.1     60.9 2023  4 15 19 34 38.840  0.0   1
      186  27.946761   85.488371    18.926    -6692.3     3208.5     2430.1     27.4     12.9     18.2 2023  4 15 19 45 45.000  0.0   1
      187  27.942653   85.433317    14.671   -12110.6     2753.3    -1824.4     23.3     35.1     19.8 2023  4 15 19 58 45.620  0.0   1
      188  27.896651   85.588265    16.604     3140.6    -2344.5      108.0     31.9     27.3     12.8 2023  4 15 20  4 20.600  0.0   1
      190  27.922174   85.463493    16.324    -9141.8      483.9     -171.7     22.1     29.7     18.3 2023  4 15 20  9 36.220  0.0   1
      191  27.924095   85.464355    16.130    -9057.1      696.8     -366.0     16.5     28.9     17.9 2023  4 15 20 10 52.000  0.0   1
      192  27.906864   85.589730    16.815     3284.5    -1212.7      319.5     73.3     43.2     15.8 2023  4 15 20 39 40.360  0.0   1
      193  27.931270   85.497282     9.757    -5815.2     1492.0    -6738.6     37.0     31.1     23.4 2023  4 15 21 10 17.600  0.0   1
      194  27.934060   85.599902    17.816     4285.6     1801.0     1320.1     45.5     31.4     14.7 2023  4 15 21 16 38.600  0.0   1
      196  27.929966   85.518368    17.475    -3739.9     1347.3      979.5     37.3     42.5     23.1 2023  4 15 22 48  1.400  0.0   1
      197  27.938434   85.431209    16.069   -12318.3     2285.8     -427.3     24.6     40.2     24.5 2023  4 15 23 20 27.320  0.0   1
      198  27.940192   85.425171    15.684   -12913.1     2480.5     -811.8     23.9     39.6     24.6 2023  4 15 23 21 24.960  0.0   1
      199  27.932711   85.689022    15.606    13057.4     1651.5     -889.5     44.0     49.8     24.2 2023  4 15 23 22  0.440  0.0   1
      200  27.905627   85.471061    14.974    -8397.8    -1349.9    -1521.4     31.2     62.4     29.8 2023  4 15 23 23 55.740  0.0   1
      201  27.901982   85.489771    16.399    -6555.5    -1753.9      -96.5     34.5     58.8     39.0 2023  4 15 23 24 37.200  0.0   1
      202  27.919309   85.586629    18.905     2979.2      166.3     2408.9    110.5     52.0     29.9 2023  4 16  1 54  5.380  0.0   1
      203  27.924392   85.436084    17.539   -11839.6      729.5     1042.8     28.9     23.6     21.8 2023  4 16  3  1 48.080  0.0   1
      204  27.929041   85.437622    17.063   -11687.9     1244.8      567.5     32.4     25.0     26.4 2023  4 16  4 54  9.200  0.0   1
      205  27.900983   85.533496    16.205    -2251.1    -1864.6     -290.5     22.4     28.1     11.3 2023  4 16  5 55  5.920  0.0   1
      206  27.867979   85.691121    17.631    13267.8    -5521.9     1135.3     31.6     24.0     19.9 2023  4 16  7 22  6.990  0.0   1
      208  27.933203   85.608065    17.389     5088.7     1706.0      893.3     35.4     31.4     14.0 2023  4 16 10 48 35.810  0.0   1
      210  27.934416   85.619116    16.854     6176.8     1840.3      357.9     53.7     31.2     16.4 2023  4 16 13 21 54.650  0.0   1
      211  27.916429   85.589893    17.920     3300.7     -152.9     1424.5     84.3     62.7     29.8 2023  4 16 13 58 32.410  0.0   1
      212  27.899666   85.527612    17.232    -2830.7    -2010.4      735.9     33.8     39.1     21.3 2023  4 16 14 54 27.710  0.0   1
      214  27.891359   85.574023    17.500     1738.3    -2930.9     1004.2     68.5     38.3     17.8 2023  4 16 15 22 35.740  0.0   1
      215  27.935655   85.440885    15.082   -11366.1     1977.8    -1414.3     36.6     35.7     29.3 2023  4 16 15 46 35.040  0.0   1
      216  27.891697   85.569979    17.518     1340.5    -2893.6     1022.4     39.7     33.1     17.8 2023  4 16 16  5 39.870  0.0   1
      217  27.895091   85.564624    17.175      812.8    -2517.6      679.2     48.5     42.8     19.8 2023  4 16 16 51 33.480  0.0   1
      218  27.893642   85.565885    17.634      937.5    -2678.0     1138.6     64.7     50.0     26.1 2023  4 16 16 52  6.530  0.0   1
      219  27.844493   85.698958    15.679    14041.4    -8124.6     -817.3     18.4     18.8     11.2 2023  4 16 17  4 49.400  0.0   1
      220  27.844450   85.696297    16.035    13779.5    -8129.4     -460.5     19.9     20.4     25.9 2023  4 16 17  6 52.440  0.0   1
      221  27.844067   85.700505    15.681    14193.5    -8171.9     -814.4     20.7     22.7     26.6 2023  4 16 17  7 19.800  0.0   1
      222  27.911639   85.710490    15.267    15171.9     -683.6    -1228.8     37.4     77.8     35.0 2023  4 16 17 19 25.560  0.0   1
      223  27.896000   85.559977    17.012      355.6    -2416.6      516.4     73.9     37.0     21.3 2023  4 16 17 19 32.040  0.0   1
      224  27.904751   85.713932    14.615    15511.7    -1447.0    -1880.4     32.6     66.7     31.4 2023  4 16 17 25 47.560  0.0   1
      225  27.896670   85.550895    16.987     -538.0    -2342.4      491.1     23.7     44.4     12.0 2023  4 16 17 32 32.320  0.0   1
      226  27.894944   85.569466    17.289     1290.2    -2533.7      793.1     41.9     28.7     12.3 2023  4 16 17 51  0.280  0.0   1
      227  27.910746   85.455819    17.636    -9897.3     -782.5     1140.4     36.7     45.4     23.3 2023  4 16 17 56 21.880  0.0   1
      228  27.895243   85.564225    17.306      774.1    -2500.6      809.9     34.5     28.9     11.4 2023  4 16 18 31 59.080  0.0   1
      229  27.892169   85.587077    16.852     3023.6    -2841.3      355.9     50.5     41.9     13.1 2023  4 16 18 34 59.480  0.0   1
      230  27.918557   85.461475    16.589    -9340.4       83.0       93.4     26.3     30.9     18.6 2023  4 16 18 47 13.160  0.0   1
      231  27.904738   85.692407    16.572    13392.1    -1448.3       76.5     45.3     58.1     21.8 2023  4 16 18 51 56.840  0.0   1
      232  27.942975   85.605160    21.470     4802.4     2788.9     4974.4     38.0     33.9     18.0 2023  4 16 19  7 48.560  0.0   1
      233  27.951681   85.596126    18.800     3913.3     3753.6     2304.0     92.1     55.2     21.1 2023  4 16 19 13 41.040  0.0   1
      234  27.897628   85.552352    16.970     -395.3    -2236.4      474.4     32.2     36.0     16.5 2023  4 16 19 16 47.800  0.0   1
      235  27.896946   85.566895    16.477     1037.0    -2312.0      -18.3     54.1     82.5     21.7 2023  4 16 19 39 25.400  0.0   1
      236  27.894472   85.563151    17.217      668.5    -2586.1      720.7     62.8     40.8     18.5 2023  4 16 19 55  5.280  0.0   1
      237  27.904447   85.622266    16.635     6487.4    -1480.7      139.6     34.0     55.3     22.0 2023  4 16 20 18  9.040  0.0   1
      238  27.840666   85.660905    17.497    10294.6    -8548.8     1001.3     17.6     21.5      9.7 2023  4 16 20 21 38.760  0.0   1
      239  27.973342   85.498421    16.290    -5702.2     6154.2     -205.5     43.2     60.4     24.2 2023  4 16 21  8 38.980  0.0   1
      240  27.912030   85.602572    15.980     4548.9     -640.3     -516.0     66.0     49.3     37.3 2023  4 16 21 15 52.800  0.0   1
      242  27.889952   85.595182    16.975     3821.8    -3087.0      479.5     48.4     49.6     10.7 2023  4 16 21 25 46.560  0.0   1
      243  27.909499   85.573885    16.579     1725.1     -920.8       83.1     63.4     50.8     14.0 2023  4 16 21 27 56.040  0.0   1
      244  27.954083   85.614331    18.077     5705.1     4020.0     1581.6     55.9     72.8     32.9 2023  4 16 21 45 28.000  0.0   1
      245  27.954195   85.540771    13.852    -1534.4     4032.3    -2643.4     40.8     46.4     31.2 2023  4 16 22  1 24.680  0.0   1
      246  27.892828   85.580729    16.384     2398.5    -2768.1     -112.0     57.6     58.8     17.0 2023  4 16 22 12 42.320  0.0   1
      247  27.894836   85.567782    17.414     1124.3    -2545.7      918.0     44.2     37.3     14.3 2023  4 16 22 27 26.280  0.0   1
      248  27.917885   85.557487    17.981      110.8        8.6     1485.4     57.2     44.3     22.4 2023  4 16 22 39  3.560  0.0   1
      250  27.944902   85.474422    15.739    -8065.4     3002.5     -756.5     19.0     23.7     16.9 2023  4 17  0 36 12.980  0.0   1
      251  27.900360   85.663623    16.054    10558.9    -1933.5     -441.9     44.7     46.6     27.0 2023  4 17  1 18 20.490  0.0   1
      252  27.913914   85.567904    16.451     1136.1     -431.6      -44.7     49.1     28.9     15.3 2023  4 17  1 33 17.050  0.0   1
      253  27.863336   85.700594    17.473    14201.3    -6036.4      977.3     18.7     24.5     15.7 2023  4 17  1 43 45.540  0.0   1
      254  27.938767   85.442643    15.103   -11193.6     2322.8    -1393.2     31.7     41.4     28.5 2023  4 17  2 33 39.050  0.0   1
      255  27.946446   85.427043    17.084   -12728.5     3173.7      588.5     23.1     36.8     29.3 2023  4 17  4 47 34.290  0.0   1
      256  27.943453   85.476375    15.577    -7872.7     2842.0     -918.9     22.4     45.9     21.1 2023  4 17  7 50  3.730  0.0   1
      257  27.947003   85.466064    13.946    -8887.3     3235.4    -2549.7     20.9     33.6     31.0 2023  4 17  7 51 12.080  0.0   1
      258  27.951585   85.472550    19.321    -8249.3     3743.1     2825.4     24.6     27.1     19.6 2023  4 17  7 57 41.600  0.0   1
      259  27.898222   85.639836    17.407     8217.8    -2170.5      911.2     32.1     32.9     22.1 2023  4 17  9 35 42.930  0.0   1
      260  27.948816   85.552743    16.894     -356.1     3436.3      397.7     39.6     47.1     17.9 2023  4 17  9 50 56.820  0.0   1
      261  27.902608   85.545988    16.632    -1021.8    -1684.5      136.3     33.0     29.3     19.8 2023  4 17 11 34 12.330  0.0   1
      263  27.921067   85.564901    16.260      840.2      361.3     -235.5     46.9     30.0     21.5 2023  4 17 13 53  3.000  0.0   1
      264  27.939927   85.593522    19.023     3657.4     2451.2     2527.1     54.8     32.5     10.4 2023  4 17 13 57 11.790  0.0   1
      265  27.927264   85.498527    17.259    -5692.7     1048.1      763.0     24.8     40.2     20.0 2023  4 17 14 15 42.600  0.0   1
      266  27.928430   85.500879    17.380    -5461.4     1177.1      883.9     26.3     44.0     21.7 2023  4 17 14 20 46.900  0.0   1
      267  27.943500   85.583919    18.794     2712.5     2847.1     2297.7     82.2     50.3     21.5 2023  4 17 14 24 52.550  0.0   1
      268  27.959627   85.505444    15.361    -5011.1     4634.4    -1134.6     58.7     54.0     29.0 2023  4 17 14 34 57.550  0.0   1
      269  27.939834   85.596143    18.875     3915.4     2440.9     2379.6     68.5     43.4     16.9 2023  4 17 14 37  0.890  0.0   1
      270  27.926601   85.498494    17.191    -5696.4      974.5      695.6     27.3     37.7     24.1 2023  4 17 15  0 12.000  0.0   1
      271  27.905275   85.486825    16.492    -6845.2    -1388.8       -4.2     41.0     51.2     28.6 2023  4 17 15 27 26.990  0.0   1
      272  27.905184   85.532422    16.286    -2357.3    -1398.9     -209.5     29.8     28.2     13.6 2023  4 17 15 45 38.330  0.0   1
      273  27.925140   85.677287    17.267    11902.5      812.5      770.7     23.1     26.0     26.2 2023  4 17 16 29 17.350  0.0   1
      274  27.906301   85.565479    17.319      897.1    -1275.2      823.2     60.9     62.1     20.4 2023  4 17 17 10  2.160  0.0   1
      275  27.900478   85.550529    16.693     -574.6    -1920.4      197.4     27.3     33.1     10.7 2023  4 17 17 20 23.820  0.0   1
      276  27.898704   85.563550    17.033      707.1    -2117.1      537.2     41.2     34.3     13.7 2023  4 17 18 19 14.760  0.0   1
      277  27.944344   85.482983    16.439    -7222.1     2940.6      -56.6     17.3     24.2     13.6 2023  4 17 18 34  1.500  0.0   1
      278  27.802722   85.715739    23.020    15696.8   -12753.6     6524.4   1343.6   1737.9   1161.8 2023  4 17 18 41 14.560  0.0   1
      279  27.925203   85.488696    15.759    -6661.0      819.6     -737.2     22.1     27.7     16.8 2023  4 17 19 41  8.220  0.0   1
      280  27.899221   85.551375    16.745     -491.1    -2059.8      248.9     27.2     32.5     12.4 2023  4 17 20  9 49.000  0.0   1
      281  27.918750   85.675008    15.253    11679.3      104.3    -1242.9     49.3     50.4     32.4 2023  4 17 20 19 36.560  0.0   1
      282  27.954683   85.452913    17.848   -10181.8     4086.4     1351.8     30.1     44.5     27.7 2023  4 17 20 36 50.560  0.0   1
      284  27.920190   85.556421    16.826        5.4      264.0      329.8     42.2     47.0     18.8 2023  4 17 21 47 32.780  0.0   1
      285  27.902069   85.554932    16.777     -140.8    -1744.1      281.4     54.1     52.9     23.1 2023  4 17 21 57 28.200  0.0   1
      286  27.961519   85.514771    18.188    -4093.1     4843.9     1692.2     23.0     40.8     17.6 2023  4 17 22 16  0.440  0.0   1
      287  27.899900   85.551017    16.668     -526.7    -1984.4      172.1     33.1     52.6     13.9 2023  4 17 22 39 37.820  0.0   1
      288  27.912227   85.547030    17.969     -918.6     -618.5     1473.6     43.5     42.6     32.4 2023  4 17 23 20 46.800  0.0   1
      289  27.897461   85.541211    16.886    -1492.0    -2254.7      389.9     40.8     42.6     28.4 2023  4 18  0 42 34.510  0.0   1
      290  27.919415   85.455143    15.190    -9964.1      178.2    -1305.4     24.2     43.5     20.1 2023  4 18  1  8 51.980  0.0   1
      291  27.915039   85.492969    12.224    -6240.6     -306.8    -4272.1     50.7     49.9     46.1 2023  4 18  1 14 14.670  0.0   1
      292  27.898932   85.552026    16.810     -427.2    -2091.7      314.7     32.9     38.4     11.0 2023  4 18  1 34 28.740  0.0   1
      293  27.908787   85.722274     9.587    16332.0     -999.7    -6908.7     32.4     76.6     39.8 2023  4 18  2 54 25.510  0.0   1
      294  27.924388   85.454777    16.362    -9999.5      729.1     -134.0     28.0     33.0     19.4 2023  4 18  5 14 57.820  0.0   1
      295  27.940444   85.509082    15.506    -4653.9     2508.5     -988.8     26.1     37.4     15.3 2023  4 18  7 36 33.030  0.0   1
      296  27.950954   85.621883    21.602     6448.1     3673.2     5106.2     53.1     55.9     26.9 2023  4 18  9  6 55.090  0.0   1
      297  27.950370   85.620996    21.670     6361.2     3608.6     5174.0     56.5     68.7     28.4 2023  4 18  9 25 45.140  0.0   1
      298  27.898995   85.551335    16.925     -494.9    -2084.8      429.0     53.6     42.9     16.1 2023  4 18 13 21 43.830  0.0   1
      299  27.901864   85.547388    16.468     -883.6    -1766.9      -27.5     50.0     31.2     20.4 2023  4 18 13 31 51.950  0.0   1
      300  27.889484   85.606006    16.206     4887.5    -3138.9     -290.0     40.1     49.4     14.0 2023  4 18 15 33 20.750  0.0   1
      301  27.903798   85.586247    14.290     2941.6    -1552.6    -2205.8     60.5     44.4     26.1 2023  4 18 16 47 52.790  0.0   1
      302  27.912933   85.455298    17.275    -9949.1     -540.2      779.2     34.2     41.0     17.7 2023  4 18 17  1 15.520  0.0   1
      303  27.911916   85.501880    16.486    -5363.2     -653.0       -9.9     17.3     40.3     13.1 2023  4 18 17 37 41.560  0.0   1
      304  27.928874   85.476742    12.401    -7837.3     1226.2    -4094.8    104.1    126.0     99.0 2023  4 18 18  4  7.160  0.0   1
      305  27.945730   85.477271    15.933    -7784.9     3094.2     -562.5     21.7     30.7     15.1 2023  4 18 18  5 24.040  0.0   1
      306  27.944810   85.476799    15.975    -7831.2     2992.2     -521.0     18.2     29.0     11.8 2023  4 18 18 33 58.480  0.0   1
      307  27.889943   85.594002    16.977     3705.9    -3088.0      481.5     39.2     44.2     10.5 2023  4 18 18 46 42.520  0.0   1
      308  27.903333   85.550570    16.520     -570.7    -1604.1       24.3     38.8     43.5     14.7 2023  4 18 19 38 39.040  0.0   1
      311  27.902960   85.685107    16.016    12673.9    -1645.3     -479.7     14.3     38.7     12.7 2023  4 18 20 20 56.160  0.0   1
      313  27.903762   85.684408    15.903    12605.3    -1556.5     -593.1     25.7     29.3     12.8 2023  4 18 20 24 33.160  0.0   1
      314  27.904350   85.683936    15.885    12558.8    -1491.5     -611.2     15.7     37.7     13.3 2023  4 18 20 25 56.140  0.0   1
      315  27.900275   85.685457    15.804    12708.9    -1943.0     -692.0     20.6     31.2     14.0 2023  4 18 20 27 38.260  0.0   1
      316  27.912146   85.504972    13.988    -5059.0     -627.4    -2508.1     28.7     26.7     18.1 2023  4 18 21  1 21.200  0.0   1
      317  27.946200   85.552979    19.426     -332.8     3146.2     2930.2     49.9     50.7     21.0 2023  4 18 21 15 24.240  0.0   1
      318  27.916144   85.520996    21.449    -3481.5     -184.4     4953.3     32.1     26.0     18.4 2023  4 18 21 24 56.920  0.0   1
      319  27.906425   85.558366    18.584      197.4    -1261.5     2088.4     70.2     57.7     36.0 2023  4 18 21 34 43.380  0.0   1
      320  27.899819   85.540186    16.797    -1592.7    -1993.6      301.1     32.4     37.0     15.3 2023  4 18 22 15 10.820  0.0   1
      321  27.905385   85.522664    16.064    -3317.5    -1376.6     -432.2     44.7     34.5     18.5 2023  4 18 22 29 21.880  0.0   1
      322  27.907583   85.518278    15.682    -3749.5    -1133.1     -814.0     23.2     30.2     18.9 2023  4 18 22 34 41.720  0.0   1
      323  27.908584   85.520695    15.575    -3510.9    -1022.2     -921.0     25.6     49.5     15.5 2023  4 18 22 34 56.280  0.0   1
      324  27.914463   85.534310    17.074    -2170.8     -370.6      578.1     21.2     47.3     16.7 2023  4 18 23  6 57.720  0.0   1
      325  27.944393   85.476562    15.534    -7854.3     2946.0     -961.4     18.3     26.3     20.8 2023  4 18 23 35 27.040  0.0   1
      326  27.901648   85.526001    16.648    -2989.2    -1790.9      151.7     23.4     32.9     16.7 2023  4 18 23 46 22.320  0.0   1
      327  27.941693   85.507007     9.079    -4858.0     2646.8    -7416.9     28.4     13.7     19.3 2023  4 19  0 14 48.270  0.0   1
      328  27.899953   85.546118    17.789    -1009.0    -1978.6     1293.3     49.6    106.7     30.0 2023  4 19  1 29 12.750  0.0   1
      329  27.922805   85.539347    17.072    -1675.3      553.8      575.8     38.8     46.6     17.8 2023  4 19  1 35 15.090  0.0   1
      330  27.902620   85.618205    17.438     6087.7    -1683.2      941.9     30.1     40.2     14.0 2023  4 19  4 59 53.570  0.0   1
      331  27.949500   85.536971    15.415    -1908.3     3512.0    -1081.1     39.5     31.7     14.5 2023  4 19  5  2 42.980  0.0   1
      332  27.950293   85.538590    15.446    -1749.4     3599.9    -1049.4     27.9     32.1     18.2 2023  4 19  5  4 39.660  0.0   1
      333  27.951501   85.539071    15.499    -1702.2     3733.8     -997.1     22.8     18.6     12.8 2023  4 19  5  6 42.200  0.0   1
      334  27.947294   85.535840    15.344    -2020.4     3267.6    -1151.8     44.2     38.0     17.1 2023  4 19  5 15 42.870  0.0   1
      335  27.950574   85.536344    15.418    -1970.5     3631.0    -1078.2     30.5     23.4     23.4 2023  4 19  5 17 32.600  0.0   1
      336  27.949109   85.537646    15.169    -1842.4     3468.7    -1326.9     36.8     24.9     25.4 2023  4 19  5 18 53.650  0.0   1
      337  27.950852   85.537272    15.325    -1878.8     3661.8    -1171.3     41.1     33.1     15.4 2023  4 19  5 19 33.330  0.0   1
      338  27.949473   85.539893    15.108    -1621.0     3509.1    -1386.9     32.5     24.3     19.0 2023  4 19  5 20  6.020  0.0   1
      339  27.919826   85.543351    17.132    -1280.7      223.6      636.4     55.5     39.8     21.1 2023  4 19 14 12  8.410  0.0   1
      340  27.850562   85.716447    18.081    15762.5    -7452.2     1585.6     32.8     39.6     28.7 2023  4 19 14 14  5.740  0.0   1
      341  27.912606   85.469963    16.419    -8505.6     -576.4      -76.4     24.0     36.0     22.0 2023  4 19 14 15 12.420  0.0   1
      343  27.941695   85.572127    19.319     1551.8     2647.1     2823.2     79.8     63.9     26.8 2023  4 19 15 34 59.330  0.0   1
      344  27.949595   85.545044    18.237    -1113.9     3522.6     1741.3     45.8     53.8     22.4 2023  4 19 17 15 46.240  0.0   1
      345  27.893746   85.563590    17.285      711.3    -2666.5      789.0     40.1     45.4     20.3 2023  4 19 18  6 18.340  0.0   1
      346  27.921242   85.452922    18.439   -10182.7      380.6     1943.4     34.0     37.9     24.6 2023  4 19 18  7 50.320  0.0   1
      347  27.925108   85.478451    15.765    -7669.4      808.9     -730.5     29.5     27.4     25.6 2023  4 19 18 23 38.040  0.0   1
      348  27.924705   85.478125    15.977    -7701.5      764.3     -519.2     22.3     28.9     21.0 2023  4 19 18 38 32.880  0.0   1
      349  27.926988   85.479850    16.168    -7531.7     1017.3     -327.7     14.9     15.2     10.7 2023  4 19 18 38 59.720  0.0   1
      351  27.924416   85.480713    16.597    -7446.7      732.2      101.1     20.3     23.3     16.3 2023  4 19 18 47 27.820  0.0   1
      352  27.925460   85.480550    16.415    -7462.2      848.1      -80.9     20.6     19.3     14.8 2023  4 19 18 48 39.800  0.0   1
      353  27.925254   85.480949    16.379    -7423.0      825.1     -117.1     20.1     22.2     12.9 2023  4 19 18 49 25.920  0.0   1
      354  27.925574   85.481787    16.654    -7340.6      860.5      158.0     35.3     39.8     21.3 2023  4 19 19  5 31.160  0.0   1
      355  27.926300   85.483561    16.693    -7165.8      941.1      197.0     20.2     27.7     19.5 2023  4 19 19  5 40.120  0.0   1
      356  27.926713   85.482316    16.615    -7288.7      986.7      119.0     32.6     24.8     20.5 2023  4 19 19 16 43.060  0.0   1
      357  27.925838   85.479582    16.251    -7558.1      889.9     -245.0     24.3     34.8     16.3 2023  4 19 19 22 47.720  0.0   1
      358  27.925537   85.478638    16.199    -7650.8      856.6     -296.6     21.7     29.5     16.5 2023  4 19 19 28 13.840  0.0   1
      359  27.925391   85.480241    16.392    -7492.7      840.4     -104.2     16.4     25.5     14.2 2023  4 19 19 30 37.340  0.0   1
      360  27.925993   85.480469    16.569    -7470.7      907.1       73.3     22.3     23.8     16.5 2023  4 19 19 32 46.960  0.0   1
      361  27.926593   85.478849    16.505    -7629.6      973.6        9.1     26.3     26.2     17.4 2023  4 19 19 37 59.880  0.0   1
      362  27.925264   85.478426    15.777    -7672.0      826.2     -719.1     27.3     30.5     26.6 2023  4 19 19 39 33.080  0.0   1
      363  27.925358   85.479346    16.252    -7581.1      836.7     -243.9     24.2     30.3     14.3 2023  4 19 19 49 31.940  0.0   1
      365  27.920219   85.561841    17.440      539.3      267.2      944.0     41.8     30.3     13.5 2023  4 19 20 18 52.700  0.0   1
      366  27.925889   85.482788    16.455    -7242.0      895.6      -41.1     19.5     26.6     16.2 2023  4 19 20 24  7.520  0.0   1
      367  27.925464   85.480656    15.980    -7452.4      848.5     -515.5     24.2     30.8     23.2 2023  4 19 20 27  2.040  0.0   1
      369  27.925340   85.481673    16.253    -7352.3      834.7     -243.1     34.6     48.1     18.9 2023  4 19 20 39 33.640  0.0   1
      370  27.927865   85.475846    15.993    -7925.7     1114.4     -503.2     23.7     37.4     19.3 2023  4 19 20 40 54.780  0.0   1
      371  27.969942   85.440658    19.238   -11386.9     5777.5     2741.7     39.2     69.1     30.4 2023  4 19 21 20 35.520  0.0   1
      372  27.925387   85.481519    16.478    -7366.9      839.7      -17.3     16.4     23.7     16.0 2023  4 19 21 46 58.880  0.0   1
      373  27.923881   85.480892    16.247    -7429.2      673.1     -249.2     18.0     28.4     13.2 2023  4 19 23 42 23.160  0.0   1
      374  27.926575   85.583187    16.978     2640.0      971.4      481.9    119.3     70.6     24.0 2023  4 20  0 12 13.320  0.0   1
      375  27.896633   85.522461    16.958    -3337.3    -2346.5      461.7     26.3     46.1     18.2 2023  4 20  0 46 29.360  0.0   1
      376  27.925559   85.485002    16.708    -7024.4      858.9      212.1     20.7     26.9     20.0 2023  4 20  0 55  9.630  0.0   1
      378  27.910592   85.524292    17.063    -3157.3     -799.7      567.5     32.4     58.1     20.3 2023  4 20  4 50 39.920  0.0   1
      379  27.920791   85.486515    15.367    -6875.6      330.5    -1129.1     30.3     34.0     17.7 2023  4 20 12 56  6.260  0.0   1
      381  27.925525   85.505103    15.509    -5045.5      855.2     -987.0     39.3     35.9     20.6 2023  4 20 15 54 50.290  0.0   1
      382  27.944413   85.510555     8.301    -4508.7     2948.4    -8194.9     29.9     15.6     16.1 2023  4 20 16 14 12.060  0.0   1
      383  27.893178   85.611491    17.628     5427.1    -2729.5     1131.7     26.0     38.2     20.8 2023  4 20 16 27 57.300  0.0   1
      384  27.934391   85.616813    17.772     5950.1     1837.8     1275.7     65.4     55.2     25.2 2023  4 20 16 58 27.620  0.0   1
      385  27.945260   85.509155     8.128    -4646.1     3042.1    -8368.0     17.9     28.4     19.8 2023  4 20 17  5 31.060  0.0   1
      386  27.923834   85.451994    15.647   -10273.8      667.7     -849.2     30.7     30.7     24.2 2023  4 20 17 28 10.480  0.0   1
      387  27.883628   85.571989    17.191     1538.7    -3787.8      694.8     68.3     49.2     16.1 2023  4 20 17 36 44.600  0.0   1
      388  27.883968   85.570907    17.076     1432.1    -3750.1      579.7     73.1     56.6     17.3 2023  4 20 17 52  7.640  0.0   1
      389  27.928796   85.480916    16.714    -7426.2     1217.6      218.6     23.7     33.5     22.5 2023  4 20 17 54 55.020  0.0   1
      390  27.928247   85.512044    16.767    -4362.5     1156.8      270.8     29.7     35.4     17.5 2023  4 20 19 24 31.040  0.0   1
      391  27.940021   85.629631    21.041     7211.4     2461.5     4544.7     38.6     51.9     18.8 2023  4 20 19 47  1.220  0.0   1
      392  27.901829   85.551921    16.487     -437.1    -1770.9       -8.6     27.5     29.2     10.2 2023  4 20 20  7 43.440  0.0   1
      393  27.904934   85.495101    14.738    -6030.6    -1426.8    -1758.1     26.1     35.0     28.6 2023  4 20 20 14 44.300  0.0   1
      394  27.936690   85.708244     7.732    14949.4     2092.4    -8763.9     17.8     23.7     20.2 2023  4 20 20 17 48.020  0.0   1
      395  27.944147   85.509375     8.146    -4624.6     2918.7    -8349.6     14.1     13.6     21.0 2023  4 20 20 22 19.040  0.0   1
      396  27.926687   85.488761    16.069    -6654.6      983.9     -427.1     32.3     36.0     16.8 2023  4 20 20 29 50.840  0.0   1
      397  27.899827   85.549259    16.690     -699.8    -1992.7      194.0     33.2     42.5     17.0 2023  4 20 20 55 43.320  0.0   1
      398  27.898214   85.551343    16.705     -494.5    -2171.3      208.7     28.3     47.3     14.3 2023  4 20 20 56 16.440  0.0   1
      399  27.943500   85.677295    17.361    11902.5     2847.2      865.5     39.2     48.4     23.8 2023  4 20 20 57  9.080  0.0   1
      400  27.936216   85.599618    17.241     4257.1     2039.9      745.6     61.0     40.5     20.4 2023  4 20 21 16 25.700  0.0   1
      401  27.940963   85.677865    17.416    11958.6     2565.9      919.8     34.2     45.5     22.2 2023  4 20 21 22 43.920  0.0   1
      403  27.831580   85.731470    17.719    17243.8    -9555.7     1223.3     56.5    123.3     58.0 2023  4 20 21 35 14.480  0.0   1
      404  27.907084   85.472795    15.784    -8226.9    -1188.3     -712.3     24.6     28.5     17.5 2023  4 20 21 40 13.960  0.0   1
      405  27.949320   85.429207    14.926   -12515.2     3492.1    -1570.1     27.9     43.4     24.8 2023  4 20 23 13 19.740  0.0   1
      406  27.907589   85.715625     9.372    15678.2    -1132.5    -7124.1     31.8     57.8     37.3 2023  4 21  1 58  4.270  0.0   1
      407  27.925146   85.680070    16.810    12177.2      813.3      314.6     18.6     27.1     28.2 2023  4 21  2 25 34.920  0.0   1
      408  27.924733   85.478239    16.202    -7690.0      767.4     -293.6     17.5     24.2     13.0 2023  4 21  5 35 35.310  0.0   1
      409  27.897046   85.550529    17.044     -574.8    -2300.9      547.8     38.0     41.9     24.0 2023  4 21  6 30  4.610  0.0   1
      410  27.899471   85.549829    16.693     -643.4    -2032.1      196.7     31.1     51.8     12.4 2023  4 21  7 51 28.590  0.0   1
      411  27.903959   85.571785    16.940     1518.1    -1534.7      444.0     49.5     26.5     14.5 2023  4 21 13 16 41.440  0.0   1
      412  27.946696   85.458830    15.780    -9599.8     3201.4     -715.7     23.9     31.6     22.7 2023  4 21 14 19 55.680  0.0   1
      414  27.906097   85.602734    16.735     4564.9    -1297.6      239.3     51.3     65.8     22.4 2023  4 21 15 10 10.220  0.0   1
      415  27.944908   85.509481     8.389    -4614.5     3003.2    -8106.8     25.8     18.6     12.9 2023  4 21 16  9 41.610  0.0   1
      416  27.912095   85.725016    17.275    16602.0     -633.0      779.5     41.8     62.3     37.5 2023  4 21 16 36 49.440  0.0   1
      418  27.944749   85.508114     8.319    -4749.3     2985.5    -8176.4     20.4     12.6     11.4 2023  4 21 18 39 33.600  0.0   1
      419  27.892841   85.602189    15.985     4511.1    -2766.9     -510.9     39.4     49.4     17.1 2023  4 21 19  6 53.200  0.0   1
      420  27.918597   85.463216    15.440    -9169.0       87.4    -1056.3     28.8     46.6     17.4 2023  4 21 19 13 38.120  0.0   1
      421  27.915110   85.618042    16.297     6071.6     -298.9     -199.3     58.0     71.3     23.9 2023  4 21 19 18 15.400  0.0   1
      422  27.897292   85.567017    16.979     1048.9    -2273.6      482.8     52.5     82.7     13.5 2023  4 21 19 46 54.440  0.0   1
      423  27.891286   85.586458    16.693     2962.4    -2939.0      197.0     30.9     42.4      8.9 2023  4 21 20 34 27.720  0.0   1
      424  27.891901   85.587565    16.737     3072.1    -2871.1      241.0     35.7     43.5      9.3 2023  4 21 20 36 24.680  0.0   1
      425  27.894798   85.575049    16.805     1839.2    -2550.0      309.1     57.3     46.1     11.4 2023  4 21 20 37 54.640  0.0   1
      426  27.889842   85.565104    16.641      860.3    -3099.2      144.8     54.6     38.5     18.8 2023  4 21 20 38 21.760  0.0   1
      428  27.891007   85.585490    16.638     2867.5    -2969.9      141.8     37.3     35.4     12.8 2023  4 21 20 39 31.080  0.0   1
      429  27.897034   85.574870    16.798     1822.2    -2302.2      302.7     74.2     66.2     16.8 2023  4 21 20 40 38.360  0.0   1
      430  27.893296   85.591699    16.174     3478.8    -2716.2     -322.1     49.1     51.0     27.6 2023  4 21 21 38 24.680  0.0   1
      431  27.918610   85.464624    16.874    -9030.6       88.8      378.4     20.3     39.2     21.1 2023  4 21 21 42 52.000  0.0   1
      432  27.903451   85.548608    16.878     -763.7    -1591.1      382.6     24.8     33.3      9.5 2023  4 21 21 50 32.500  0.0   1
      433  27.953328   85.584465    18.893     2765.8     3936.4     2396.9     60.7     53.5     15.2 2023  4 21 22 29 44.540  0.0   1
      434  27.934499   85.448657    16.230   -10601.3     1849.7     -266.1     21.1     33.4     21.5 2023  4 21 23 11 11.440  0.0   1
      435  27.934239   85.449251    16.344   -10543.3     1820.8     -151.5     25.3     32.2     26.1 2023  4 21 23 11 38.880  0.0   1
      436  27.935388   85.572738    17.556     1611.4     1948.1     1059.9     47.4     49.6     16.3 2023  4 22  0 52 31.110  0.0   1
      437  27.896836   85.506006    16.388    -4957.5    -2323.9     -107.4     36.7     51.8     20.4 2023  4 22  3  3 10.340  0.0   1
      438  27.899408   85.500179    16.043    -5531.1    -2039.1     -452.7     24.8     36.5     25.1 2023  4 22  3  3 26.570  0.0   1
      439  27.902600   85.553434    16.652     -288.7    -1685.3      156.6     32.5     29.5     12.2 2023  4 22  6 36 20.770  0.0   1
      440  27.942212   85.516138    15.867    -3959.6     2704.4     -629.0     35.6     37.5     24.5 2023  4 22  6 52 36.470  0.0   1
      441  27.949904   85.571688    19.695     1508.3     3556.8     3198.8     31.7     46.4     11.8 2023  4 22  7 54 53.280  0.0   1
      442  27.960118   85.563420    14.749      694.6     4688.7    -1747.0     57.0     30.8     20.4 2023  4 22 11  2 41.580  0.0   1
      443  27.919303   85.625537     8.509     6809.0      165.6    -7987.2    811.4    773.4    513.0 2023  4 22 15 14 49.460  0.0   1
      445  27.931425   85.459969    16.869    -9487.9     1508.9      372.7     30.5     39.2     25.4 2023  4 22 16 57  3.970  0.0   1
      446  27.947801   85.466138    15.260    -8880.5     3323.7    -1235.8     19.6     38.5     27.8 2023  4 22 17  1 40.060  0.0   1
      447  27.911216   85.538298    17.409    -1778.2     -730.5      913.2     43.4     31.7     19.3 2023  4 22 18  3 20.640  0.0   1
      448  27.901034   85.590674    11.560     3377.7    -1858.9    -4935.5     41.4     29.8     12.8 2023  4 22 18 20 58.120  0.0   1
      449  27.896785   85.577563    15.482     2087.1    -2329.6    -1013.8     59.8     46.7     25.2 2023  4 22 19 21 35.040  0.0   1
      451  27.965460   85.555436    14.630      -91.1     5280.7    -1865.5     57.2     38.9     19.5 2023  4 22 19 50 40.460  0.0   1
      452  27.894019   85.570825    15.292     1423.4    -2636.3    -1203.5     63.1     50.0     23.1 2023  4 22 19 52 49.660  0.0   1
      453  27.939248   85.593400    19.088     3645.1     2375.9     2592.6     56.8     26.2     13.8 2023  4 22 20 14 46.720  0.0   1
      454  27.908374   85.520988    15.297    -3482.1    -1045.6    -1199.2     30.6     49.6     19.3 2023  4 22 20 15 37.400  0.0   1
      455  27.926390   85.456177    15.065    -9861.7      950.9    -1430.4     25.3     47.9     28.4 2023  4 22 20 19 16.960  0.0   1
      456  27.964225   85.554362    14.721     -197.0     5143.8    -1775.2     72.4     23.9     18.1 2023  4 22 21 20  4.520  0.0   1
      457  27.893980   85.580680    16.877     2394.2    -2640.5      381.7     45.9     24.3     22.9 2023  4 22 21 27 52.760  0.0   1
      458  27.914787   85.577710    15.746     2101.2     -334.8     -750.2     61.5     47.7     15.3 2023  4 22 21 49  2.880  0.0   1
      459  27.908962   85.524919    14.923    -3095.7     -980.3    -1572.4     37.1     34.5     13.0 2023  4 22 21 53 23.720  0.0   1
      461  27.953432   85.573088    19.860     1646.1     3947.7     3364.4     40.8     38.3     16.7 2023  4 22 22 27 39.720  0.0   1
      462  27.908905   85.519368    15.703    -3641.8     -986.6     -792.6     33.6     37.0     17.5 2023  4 22 22 33 15.280  0.0   1
      464  27.940450   85.562036    19.806      558.3     2509.0     3310.0    135.2    117.0     56.8 2023  4 23  4  5  7.230  0.0   1
      465  27.907247   85.590316    19.216     3342.4    -1170.4     2720.5    264.2    102.1     67.1 2023  4 23  4  6 12.830  0.0   1
      466  27.935008   85.562988    18.462      652.3     1906.0     1965.7     54.1     40.8     22.6 2023  4 23  4 52  0.960  0.0   1
      467  27.954081   85.528695    17.620    -2723.0     4019.6     1124.0     32.5     45.9     17.8 2023  4 23  5 13 32.260  0.0   1
      468  27.971851   85.551359    15.292     -492.2     5988.8    -1203.7     79.1     65.1     29.2 2023  4 23  5 40 16.140  0.0   1
      469  27.942342   85.485840    13.822    -6941.4     2718.8    -2674.1     47.5     75.7     44.6 2023  4 23  6 10 50.940  0.0   1
      470  27.952330   85.529012    17.805    -2691.7     3825.5     1309.2     31.2     26.7     14.7 2023  4 23 11  7 46.210  0.0   1
      481  27.950920   85.530640    17.809    -2531.5     3669.4     1313.2     33.8     29.2     15.6 2023  4 23 16 38 42.530  0.0   1
      483  27.950462   85.531445    17.896    -2452.5     3618.7     1400.6     32.7     36.5     13.9 2023  4 23 17  0  8.160  0.0   1
      485  27.957758   85.444784    18.809   -10981.9     4427.1     2313.1     28.6     48.1     23.7 2023  4 23 17 37 51.860  0.0   1
      486  27.927240   85.497021    15.302    -5841.6     1045.3    -1194.2     23.2     40.6     18.0 2023  4 23 17 42 41.240  0.0   1
      487  27.928263   85.498657    15.807    -5680.0     1158.6     -688.5     44.2     55.6     22.4 2023  4 23 17 42 47.160  0.0   1
      488  27.952537   85.531812    17.824    -2416.2     3848.7     1328.4     50.1     30.7     21.8 2023  4 23 17 43  8.040  0.0   1
      490  27.950763   85.653646    14.958     9574.5     3651.9    -1537.7     20.1     30.8     13.3 2023  4 23 20 28 30.840  0.0   1
      491  27.894283   85.585148    16.384     2834.1    -2607.1     -111.7     94.9     32.6     18.0 2023  4 23 20 41 43.520  0.0   1
      492  27.954159   85.529183    17.778    -2675.1     4028.3     1282.3     30.0     22.9     12.2 2023  4 23 20 55 19.160  0.0   1
      493  27.930754   85.484676    16.058    -7056.2     1434.5     -437.7     22.7     24.5     13.4 2023  4 23 21  0 47.040  0.0   1
      495  27.931429   85.484521    15.923    -7071.4     1509.4     -572.9     21.5     21.4     15.5 2023  4 23 21 25  1.200  0.0   1
      496  27.909338   85.520093    15.000    -3570.6     -938.7    -1495.4     31.4     29.0     25.7 2023  4 23 21 26 25.540  0.0   1
      497  27.932357   85.484912    16.217    -7033.3     1612.3     -279.2     17.2     28.2     16.1 2023  4 23 21 27 26.800  0.0   1
      498  27.941968   85.654915    18.049     9699.8     2677.3     1552.7     34.8     70.6     18.1 2023  4 23 21 56 48.040  0.0   1
      499  27.977732   85.551440    13.091     -484.5     6640.7    -3404.8     33.2     35.9     22.6 2023  4 23 22 30 15.800  0.0   1
      500  27.890350   85.604687    16.990     4757.2    -3042.7      494.5     37.5     39.2     14.1 2023  4 23 23 17  9.840  0.0   1
      501  27.900437   85.751774     6.999    19237.2    -1925.0    -9496.5     30.9     36.5     58.7 2023  4 23 23 20 28.520  0.0   1
      502  27.919297   85.463501    18.478    -9141.3      165.1     1981.8     36.7     49.0     31.2 2023  4 24  0 15 40.170  0.0   1
      503  27.937880   85.710522     7.799    15173.4     2224.4    -8697.2     18.7     22.8     20.9 2023  4 24  1 40 47.340  0.0   1
      504  27.902291   85.524080    16.738    -3177.8    -1719.5      241.8     21.6     31.3     17.9 2023  4 24  2  8 28.220  0.0   1
      505  27.902781   85.523747    16.744    -3210.9    -1665.2      247.9     20.7     33.9     14.8 2023  4 24  2  8 51.290  0.0   1
      506  27.918575   85.689730    17.245    13128.1       84.9      749.5     17.1     39.0     11.9 2023  4 24  2 45 43.050  0.0   1
      507  27.902144   85.552767    16.797     -353.9    -1735.7      300.9     38.6     39.4     12.8 2023  4 24  3 18  8.480  0.0   1
      508  27.897508   85.560140    16.818      371.4    -2249.7      322.2     36.1     31.1     17.0 2023  4 24  3 22  1.960  0.0   1
      509  27.898926   85.559342    16.757      293.1    -2092.4      261.2     39.5     52.7     16.6 2023  4 24  3 35 12.010  0.0   1
      510  27.891400   85.576530    17.075     1985.2    -2926.4      579.5     77.6     51.0     20.3 2023  4 24  3 38 24.860  0.0   1
      511  27.912862   85.601213    16.269     4414.6     -548.1     -227.1     47.2     54.6     29.3 2023  4 24  7 58 27.960  0.0   1
      512  27.919037   85.499089    16.819    -5638.1      136.2      322.7     20.5     31.4     13.1 2023  4 24 10 10  6.110  0.0   1
      513  27.907259   85.684554    14.575    12619.5    -1169.0    -1920.7     22.2     21.7     12.8 2023  4 24 14 34 18.230  0.0   1
      514  27.901831   85.533032    16.240    -2297.1    -1770.5     -255.8     62.7     71.8     35.7 2023  4 24 14 37 53.760  0.0   1
      517  27.908083   85.529281    15.069    -2666.1    -1077.6    -1427.3     27.8     27.5     27.1 2023  4 24 17  0 47.700  0.0   1
      518  27.961226   85.508512    18.225    -4709.0     4811.6     1729.2     21.2     34.9     17.9 2023  4 24 17 54 19.360  0.0   1
      519  27.918658   85.577539    17.799     2084.8       94.3     1303.2     77.7     70.3     21.1 2023  4 24 18 12 36.180  0.0   1
      520  27.943164   85.500488    15.089    -5499.8     2809.9    -1406.4     36.3     30.4     21.3 2023  4 24 18 15 10.680  0.0   1
      525  27.916976   85.538094    15.177    -1798.7      -92.2    -1319.2    102.3    108.9     54.6 2023  4 24 20 51 48.880  0.0   1
      526  27.832450   85.758252    17.233    19880.7    -9459.1      737.2     16.5     24.9     18.7 2023  4 24 21 28 53.560  0.0   1
      527  27.840041   85.754582    18.864    19518.8    -8618.1     2368.6     36.0     48.3     36.9 2023  4 24 21 34  9.780  0.0   1
      528  27.958710   85.448218    16.168   -10643.4     4532.7     -327.6     21.7     42.9     15.8 2023  4 24 21 49 31.240  0.0   1
      529  27.832444   85.760514    17.048    20103.6    -9459.9      552.2     17.3     29.6     19.9 2023  4 24 21 54  5.720  0.0   1
      531  27.905007   85.537329    15.593    -1873.6    -1418.5     -902.6     50.3     43.3     36.1 2023  4 24 22 33 15.800  0.0   1
      532  27.929165   85.484456    16.574    -7077.6     1258.4       77.9     38.0     51.9     32.4 2023  4 24 22 37 45.080  0.0   1
      533  27.837240   85.752108    19.908    19275.1    -8928.5     3412.2     37.5     54.7     39.2 2023  4 24 22 38 18.060  0.0   1
      534  27.875730   85.656543    16.214     9863.4    -4662.9     -281.4     50.4     37.4     25.0 2023  4 24 22 40 37.700  0.0   1
      535  27.916073   85.540975    17.386    -1514.9     -192.4      889.9     35.5     40.0     28.2 2023  4 25  0 13 29.680  0.0   1
      536  27.962592   85.432617    18.158   -12179.0     4962.9     1662.6     36.7     63.1     32.6 2023  4 25  1 18 11.910  0.0   1
      537  27.900812   85.568018    17.270     1146.8    -1883.5      774.6     47.6     38.1     18.5 2023  4 25  1 53 56.850  0.0   1
      538  27.906677   85.683521    14.513    12517.4    -1233.4    -1982.6     23.1     26.4     12.0 2023  4 25  2 11 18.830  0.0   1
      539  27.992861   85.592896    15.538     3595.1     8317.2     -957.6     54.8     42.3     21.6 2023  4 25  2 44 20.960  0.0   1
      540  27.933895   85.602165    19.094     4508.3     1782.7     2598.2     90.6     50.0     16.7 2023  4 25  7 37 13.060  0.0   1
      541  27.910059   85.669613    16.635    11148.1     -858.8      138.9     46.3     50.7     18.3 2023  4 25 10 57 10.400  0.0   1
      542  27.964099   85.508447    17.072    -4715.8     5129.8      576.1     36.6     49.3     25.3 2023  4 25 13 24 41.560  0.0   1
      543  27.901343   85.521403    16.987    -3441.8    -1824.7      490.8     40.9     48.2     17.3 2023  4 25 13 55 33.690  0.0   1
      544  27.901534   85.522941    16.995    -3290.2    -1803.5      499.2     32.0     32.2     15.2 2023  4 25 14 12 46.680  0.0   1
      545  27.926093   85.460002    16.213    -9485.0      918.1     -282.5     19.7     20.4     15.4 2023  4 25 14 44 16.510  0.0   1
      546  27.959218   85.532104    17.047    -2387.6     4588.9      550.8     35.1     44.2     19.7 2023  4 25 15  8 48.630  0.0   1
      547  27.913936   85.503101    16.006    -5243.3     -429.0     -490.2     25.4     39.7     18.9 2023  4 25 15 10 38.950  0.0   1
      548  27.901180   85.517961    16.610    -3780.7    -1842.6      114.4     22.9     66.8     15.6 2023  4 25 15 11 57.390  0.0   1
      550  27.961770   85.536548    13.578    -1950.3     4871.7    -2917.5     43.3     37.4     24.7 2023  4 25 16 32 54.510  0.0   1
      551  27.930530   85.445475    16.070   -10914.8     1409.8     -425.8     31.5     51.4     27.3 2023  4 25 17 49 41.400  0.0   1
      553  27.922754   85.582064    16.081     2530.0      548.2     -414.7    103.0     58.7     18.1 2023  4 25 18 21 38.600  0.0   1
      554  27.921552   85.462329    15.508    -9256.6      414.8     -987.4     18.2     25.7     14.2 2023  4 25 18 26  5.480  0.0   1
      555  27.928825   85.449805    16.234   -10488.6     1220.8     -261.4     28.9     39.3     32.5 2023  4 25 18 35 12.520  0.0   1
      556  27.915660   85.523039    15.584    -3280.1     -238.0     -911.5     34.5     39.1     16.8 2023  4 25 21  6 49.060  0.0   1
      557  27.890090   85.757031    16.067    19755.2    -3071.6     -428.7     56.4    104.3     61.8 2023  4 25 21  8 25.960  0.0   1
      558  27.928900   85.507430    16.160    -4816.3     1229.1     -335.9     24.2     36.3     17.8 2023  4 25 21 10 49.280  0.0   1
      559  27.871069   85.656763    17.459     9885.1    -5179.5      963.6     48.9     35.2     25.7 2023  4 25 21 21  0.500  0.0   1
      560  27.895644   85.592008    16.619     3509.2    -2456.3      123.1     38.2     39.0     17.7 2023  4 25 21 50 34.960  0.0   1
      561  27.892525   85.591781    16.688     3486.6    -2801.8      192.0     34.6     35.1     10.2 2023  4 25 21 51 41.920  0.0   1
      562  27.921692   85.459448    16.278    -9539.9      430.5     -217.8     29.8     26.8     18.5 2023  4 25 22 16 20.120  0.0   1
      563  27.960390   85.714355    14.094    15548.7     4718.9    -2401.7     29.3     47.5     28.3 2023  4 25 22 17 20.720  0.0   1
      564  27.874563   85.757845    15.547    19836.9    -4792.5     -949.3     38.6     57.1     43.1 2023  4 25 22 26  6.360  0.0   1
      565  27.896810   85.558260    16.339      186.4    -2327.0     -156.5     42.3     33.3     19.7 2023  4 25 22 55 40.800  0.0   1
      566  27.941465   85.510254    15.168    -4538.1     2621.7    -1327.7     33.5     36.2     18.7 2023  4 25 23 14 56.720  0.0   1
      567  27.950311   85.490340    16.894    -6497.9     3601.8      398.0     20.8     31.6     16.4 2023  4 25 23 33 19.020  0.0   1
      568  27.858130   85.747453    14.383    18815.6    -6613.3    -2112.6     22.5     32.9     20.4 2023  4 25 23 45 40.380  0.0   1
      569  27.856702   85.741113    15.151    18191.2    -6771.7    -1344.6     31.4     27.8     36.2 2023  4 25 23 46 42.200  0.0   1
      570  27.855752   85.742839    14.566    18361.5    -6877.0    -1930.0     20.1     42.1     22.2 2023  4 25 23 46 54.860  0.0   1
      571  27.858759   85.744043    14.602    18479.7    -6543.8    -1893.9     25.0     30.0     24.8 2023  4 25 23 47 30.460  0.0   1
      572  27.857674   85.746541    14.569    18725.2    -6664.0    -1926.9     18.4     27.5     13.6 2023  4 25 23 49  1.860  0.0   1
      573  27.858425   85.747681    14.515    18837.4    -6580.8    -1980.9     14.3     33.0     23.2 2023  4 25 23 49 28.280  0.0   1
      574  27.919609   85.607056    17.386     4990.0      199.5      890.6     47.5     94.2     17.0 2023  4 26  0 22 23.460  0.0   1
      575  27.918691   85.601546    17.412     4447.7       97.9      916.0     71.4     52.0     23.4 2023  4 26  0 24 16.970  0.0   1
      577  27.916439   85.570996    17.286     1440.6     -151.8      790.3     66.8     38.6     17.8 2023  4 26  4 16 10.810  0.0   1
      578  27.909021   85.496720    10.862    -5871.5     -973.8    -5633.8     49.9     48.4     46.1 2023  4 26  5 11 33.950  0.0   1
      579  27.910378   85.515959    14.458    -3977.5     -823.5    -2037.6     37.0     26.1     14.9 2023  4 26  6 29 37.990  0.0   1
      580  27.898755   85.538428    17.027    -1765.6    -2111.5      531.1     38.3     37.1     27.8 2023  4 26  7  3 16.640  0.0   1
      581  27.900728   85.596167    10.905     3918.8    -1892.8    -5591.2     30.6     25.7     18.0 2023  4 26  9 25 54.710  0.0   1
      582  27.901188   85.597493    10.945     4048.6    -1841.7    -5551.3     26.9     23.0     18.2 2023  4 26  9 26 28.210  0.0   1
      585  27.952073   85.545931    17.984    -1027.0     3797.2     1487.8     34.0     43.7     18.0 2023  4 26 12 39 37.150  0.0   1
      586  27.918274   85.531380    16.950    -2459.0       51.6      454.6     48.8     43.1     26.6 2023  4 26 15 15 22.660  0.0   1
      587  27.914732   85.532739    17.909    -2325.4     -341.0     1413.1     94.4    102.0     45.0 2023  4 26 15 33 16.970  0.0   1
      588  27.898260   85.559033    16.873      262.5    -2166.2      376.7     39.3     44.7     11.7 2023  4 26 16 40 57.350  0.0   1
      589  27.948515   85.574447    18.991     1779.6     3402.9     2495.7     47.5     49.4     15.7 2023  4 26 16 49 57.330  0.0   1
      590  27.910626   85.514152    14.359    -4155.3     -795.9    -2137.2     23.5     42.3     15.2 2023  4 26 17  4 15.760  0.0   1
      591  27.934165   85.451750    16.276   -10297.2     1812.7     -219.5     24.3     42.3     18.1 2023  4 26 17 16  5.820  0.0   1
      592  27.903630   85.546012    16.606    -1019.0    -1571.2      110.5     37.7     53.9     24.7 2023  4 26 17 23 55.860  0.0   1
      593  27.915981   85.570679    15.228     1409.1     -202.6    -1267.9     37.6     30.8     17.5 2023  4 26 17 47 23.900  0.0   1
      594  27.867082   85.672819    17.642    11466.3    -5621.3     1146.1     50.4     54.5     37.4 2023  4 26 18 39 50.120  0.0   1
      595  27.915723   85.572729    15.357     1610.9     -231.1    -1138.7     42.2     37.6     14.6 2023  4 26 18 54 24.200  0.0   1
      596  27.903939   85.535124    16.409    -2091.0    -1536.8      -87.1     37.2     31.5     19.8 2023  4 26 19 16 20.320  0.0   1
      597  27.940228   85.637166    18.384     7953.2     2484.6     1888.0     34.1     42.8     14.2 2023  4 26 19 23  5.720  0.0   1
      598  27.903019   85.758846    17.358    19932.9    -1638.9      862.5     32.5     48.2     31.4 2023  4 26 19 25 50.520  0.0   1
      599  27.906175   85.544067    18.377    -1210.6    -1289.2     1881.5     61.9     98.7     34.7 2023  4 26 19 41  3.680  0.0   1
      600  27.900128   85.512126    15.942    -4355.3    -1959.2     -553.7     28.2     47.3     19.8 2023  4 26 19 54  3.780  0.0   1
      601  27.902622   85.508447    16.069    -4716.8    -1682.9     -426.5     28.8     42.9     22.9 2023  4 26 19 59 11.160  0.0   1
      602  27.899121   85.518343    16.827    -3742.8    -2070.8      331.3     35.6     38.1     14.5 2023  4 26 20  6  5.700  0.0   1
      603  27.900067   85.517114    16.768    -3863.8    -1966.1      271.9     34.1     42.1     13.8 2023  4 26 20 13 16.380  0.0   1
      604  27.899892   85.517399    16.748    -3835.6    -1985.3      252.1     21.8     36.0     13.5 2023  4 26 20 19 56.640  0.0   1
      605  27.904372   85.582422    16.180     2564.9    -1488.9     -315.5     47.5     54.2     24.7 2023  4 26 20 25  1.280  0.0   1
      606  27.901707   85.524202    17.079    -3165.8    -1784.2      583.2     32.0     42.5     17.8 2023  4 26 20 30 23.520  0.0   1
      607  27.903489   85.515820    17.285    -3991.5    -1586.8      789.1     46.8     55.2     29.4 2023  4 26 20 36 16.240  0.0   1
      609  27.922583   85.546956    17.731     -926.0      529.1     1235.0     44.4     38.9     18.5 2023  4 26 20 40 25.020  0.0   1
      610  27.939303   85.456600    15.647    -9819.6     2381.9     -848.4     40.4     57.1     28.9 2023  4 26 21 10 42.680  0.0   1
      611  27.891191   85.610156    17.660     5295.9    -2949.7     1164.6     33.4     36.9     17.2 2023  4 26 21 27 31.060  0.0   1
      612  27.931242   85.512817    18.654    -4286.3     1488.7     2158.6     47.4     50.3     31.6 2023  4 26 21 49 42.520  0.0   1
      613  27.918506   85.470321    15.265    -8469.9       77.3    -1230.5     26.5     40.2     23.2 2023  4 26 21 59 34.120  0.0   1
      614  27.951927   85.547323    16.983     -889.5     3780.9      487.1     37.2     41.4     17.8 2023  4 26 22  2 51.260  0.0   1
      615  27.901385   85.644531    16.555     8679.6    -1819.9       59.3     38.9     39.2     21.3 2023  4 26 22 33 52.560  0.0   1
      616  27.857312   85.682495    16.743    12419.4    -6704.1      247.0     35.9     58.5     24.9 2023  4 26 22 36 59.840  0.0   1
      617  27.852293   85.764681    17.873    20511.9    -7260.3     1377.3     25.8    114.3     24.2 2023  4 26 22 46 28.960  0.0   1
      618  27.911886   85.511816    14.238    -4385.4     -656.3    -2258.1     33.5     34.7     15.9 2023  4 26 23  8 49.760  0.0   1
      619  27.943892   85.625968    18.435     6851.2     2890.5     1939.4     40.6     43.7     17.5 2023  4 26 23 18 29.540  0.0   1
      620  27.907888   85.560254    16.613      383.1    -1099.4      116.8     50.3     40.6     24.2 2023  4 26 23 46 51.840  0.0   1
      621  27.904777   85.566455    16.882      993.6    -1444.0      386.6     53.3     58.0     11.6 2023  4 26 23 48 27.680  0.0   1
      622  27.858563   85.753800    15.344    19440.6    -6565.5    -1151.7     32.8     36.3     33.5 2023  4 27  0 45 24.220  0.0   1
      623  27.897567   85.565535    17.838      902.6    -2243.0     1342.2     52.2     41.9     26.3 2023  4 27  3 23 44.810  0.0   1
      624  27.908443   85.589827    16.228     3294.4    -1037.8     -267.6     75.7     54.4     25.8 2023  4 27  5  1  4.620  0.0   1
      625  27.899969   85.553101    16.768     -321.4    -1976.8      271.7     29.8     43.5      8.9 2023  4 27  7 11  2.320  0.0   1
      626  27.887429   85.656226    17.520     9831.8    -3366.6     1023.7     26.2     34.6     17.1 2023  4 27  8  9 21.460  0.0   1
      627  27.904850   85.522282    15.789    -3355.3    -1435.9     -706.4     19.7     40.7     15.0 2023  4 27  8 15 22.390  0.0   1
      628  27.882906   85.751286    14.925    19190.2    -3867.7    -1569.6     22.1     27.8     26.2 2023  4 27 10 48 41.630  0.0   1
      630  27.956266   85.538053    17.543    -1801.9     4261.8     1047.7     63.6     49.2     25.4 2023  4 27 12 31 46.250  0.0   1
      632  27.949294   85.532031    17.259    -2394.8     3489.3      763.0     42.1     57.9     19.5 2023  4 27 12 40 10.080  0.0   1
      633  27.920988   85.461987    15.744    -9290.0      352.4     -751.5     27.9     27.6     19.7 2023  4 27 14 53 46.750  0.0   1
      634  27.921735   85.460913    15.666    -9395.5      435.1     -829.8     20.7     30.4     14.5 2023  4 27 14 55  4.350  0.0   1
      635  27.921480   85.462313    15.763    -9258.2      407.1     -732.6     23.5     27.8     22.0 2023  4 27 14 57  2.370  0.0   1
      636  27.920837   85.460522    15.313    -9434.5      335.6    -1183.2     19.1     28.2     17.3 2023  4 27 15  0 43.870  0.0   1
      637  27.921216   85.459774    15.320    -9507.8      377.7    -1175.9     21.9     23.2     13.1 2023  4 27 15  1 24.770  0.0   1
      639  27.908577   85.477067    15.545    -7805.9    -1023.0     -951.3     28.6     31.0     20.0 2023  4 27 15 57 17.890  0.0   1
      640  27.912911   85.546354    16.528     -985.4     -542.7       31.8     38.6     87.5     21.6 2023  4 27 16  4  5.390  0.0   1
      641  27.907161   85.475732    15.859    -7937.1    -1179.8     -636.3     30.0     28.1     16.2 2023  4 27 16 11  2.380  0.0   1
      642  27.960915   85.420426    18.777   -13378.3     4777.0     2281.5     27.2     28.9     31.3 2023  4 27 16 34 18.490  0.0   1
      643  27.934757   85.614950    21.654     5766.4     1878.3     5157.9     41.4     37.4     19.0 2023  4 27 17  0  2.640  0.0   1
      644  27.893119   85.687435    16.772    12904.0    -2736.0      275.9     28.7     33.6     22.6 2023  4 27 17  6 20.180  0.0   1
      645  27.899599   85.514299    16.465    -4140.7    -2017.8      -30.9     19.0     33.4     10.5 2023  4 27 17 14 29.480  0.0   1
      646  27.902456   85.523372    16.419    -3247.5    -1701.4      -76.4     30.8     39.8     16.0 2023  4 27 17 34 25.200  0.0   1
      647  27.960093   85.533529    16.244    -2247.5     4686.0     -251.7     35.7     40.6     16.5 2023  4 27 18  1 58.520  0.0   1
      648  27.916899   85.566569    16.027     1004.3     -100.8     -468.8     47.7     36.5     20.2 2023  4 27 19 11 11.440  0.0   1
      649  27.925118   85.454647    15.662   -10012.3      810.1     -834.3     20.3     36.7     18.6 2023  4 27 19 37  2.040  0.0   1
      650  27.910815   85.530542    16.343    -2541.7     -774.9     -153.2     31.8     27.9     21.4 2023  4 27 20 34  9.120  0.0   1
      651  27.893687   85.753247     7.971    19382.9    -2673.0    -8525.2     31.3     39.8     54.7 2023  4 27 20 55  8.780  0.0   1
      652  27.953392   85.467000    16.998    -8795.0     3943.4      501.9     24.6     28.1     15.1 2023  4 27 21 33 56.480  0.0   1
      653  27.953758   85.468050    16.950    -8692.1     3983.9      453.9     22.8     33.5     15.9 2023  4 27 21 34 48.960  0.0   1
      654  27.905583   85.652287    16.849     9443.0    -1354.8      353.3     38.2     52.4     19.9 2023  4 27 21 50 10.820  0.0   1
      655  27.929089   85.649032    18.390     9121.8     1250.3     1894.0     49.8     64.7     23.5 2023  4 27 21 50 31.600  0.0   1
      656  27.879348   85.673315    17.606    11513.9    -4262.1     1109.9     51.2     54.4     38.4 2023  4 27 21 50 37.720  0.0   1
      657  27.920066   85.493929    15.537    -6145.7      250.3     -958.3     34.9     34.2     24.1 2023  4 27 21 58  1.960  0.0   1
      658  27.935590   85.645451    18.572     8768.8     1970.5     2076.0     36.9     81.1     16.9 2023  4 27 22  2 59.840  0.0   1
      659  27.934273   85.624308    16.988     6687.3     1824.5      491.7     29.5     37.2     16.7 2023  4 27 22 18 47.480  0.0   1
      660  27.924406   85.537630    16.432    -1843.8      731.2      -64.0     40.9     34.8     15.2 2023  4 27 22 32 44.400  0.0   1
      661  27.919096   85.559139    17.334      273.1      142.6      838.0     95.3     55.3     30.2 2023  4 27 22 45 22.760  0.0   1
      662  27.917287   85.493245    14.172    -6213.3      -57.7    -2323.5     43.1     54.8     35.7 2023  4 27 23 24 42.960  0.0   1
      663  27.907058   85.536133    16.473    -1991.2    -1191.3      -22.9     65.2     72.3     34.3 2023  4 27 23 40 11.520  0.0   1
      664  27.899082   85.562061    17.495      560.9    -2075.2      999.5     42.0     58.7     20.4 2023  4 28  0 12 55.020  0.0   1
      665  27.901154   85.722795    15.416    16384.3    -1845.5    -1079.3     36.4     82.9     34.8 2023  4 28  1 16 53.700  0.0   1
      667  27.917704   85.509839    17.080    -4579.8      -11.5      583.8     31.0     40.3     17.3 2023  4 28  5 18 59.250  0.0   1
      668  27.922774   85.460962    16.360    -9390.9      550.4     -136.0     21.3     28.1     19.4 2023  4 28  7 49 19.110  0.0   1
      669  27.903805   85.554159    16.639     -217.2    -1552.0      143.3     33.2     31.1     13.6 2023  4 28  9 41  8.110  0.0   1
      670  27.959084   85.609912    18.544     5270.2     4574.2     2048.4    138.6    116.6     51.3 2023  4 28 10 15 38.280  0.0   1
      671  27.917810   85.517334    17.351    -3841.8        0.3      854.7     37.4     33.7     22.0 2023  4 28 10 32 11.890  0.0   1
      672  27.922050   85.512557    17.258    -4312.1      470.1      761.8     20.5     28.0     18.5 2023  4 28 15 35  8.990  0.0   1
      673  27.944204   85.623682    18.684     6625.8     2925.0     2188.1     42.3     68.2     16.7 2023  4 28 16  9 41.870  0.0   1
      674  27.917354   85.564412    17.087      792.1      -50.2      590.9     62.9     91.3     17.7 2023  4 28 17  3  2.560  0.0   1
      675  27.901839   85.510677    16.013    -4497.6    -1769.7     -482.4     26.8     46.7     21.1 2023  4 28 17 36 45.360  0.0   1
      676  27.902427   85.649626    16.944     9181.3    -1704.5      448.1     28.0     40.0     18.1 2023  4 28 18 37 57.160  0.0   1
      677  27.907737   85.485645    16.803    -6961.7    -1116.1      307.1     38.1     46.2     19.4 2023  4 28 18 43  9.060  0.0   1
      678  27.930992   85.455444    16.076    -9933.5     1460.9     -419.3     17.2     23.9     13.2 2023  4 28 19 30 22.920  0.0   1
      680  27.928701   85.628752    18.724     7125.1     1207.2     2228.3    104.6    165.7     43.8 2023  4 28 19 40  2.280  0.0   1
      681  27.933344   85.589852    21.673     3296.1     1721.6     5177.5     54.2     54.1     25.2 2023  4 28 20 59 24.840  0.0   1
      682  27.933661   85.591496    21.641     3457.7     1756.7     5145.1     48.8     35.0     22.5 2023  4 28 21  0 38.500  0.0   1
      683  27.933053   85.591797    21.562     3487.7     1689.3     5065.9     38.4     32.6     22.7 2023  4 28 21 10 29.700  0.0   1
      684  27.938163   85.452230    15.491   -10249.5     2255.7    -1004.5     30.5     43.3     27.5 2023  4 28 21 13 17.640  0.0   1
      685  27.927222   85.567261    16.359     1072.9     1043.3     -136.7     54.9     34.4     19.8 2023  4 28 21 23 37.340  0.0   1
      686  27.934070   85.590715    21.495     3381.1     1802.2     4998.7     29.6     24.1     15.5 2023  4 28 21 26 31.580  0.0   1
      687  27.948594   85.456698    15.973    -9809.4     3411.6     -522.3     41.8     52.7     37.4 2023  4 28 22  8 22.800  0.0   1
      688  27.954651   85.541300    18.008    -1482.3     4082.8     1512.6     35.8     27.2     17.3 2023  4 28 22 32 33.440  0.0   1
      689  27.898083   85.627498    17.764     7002.8    -2185.9     1268.5     44.3     47.5     22.7 2023  4 29  1 52  3.820  0.0   1
      690  27.922864   85.564917    17.682      841.8      560.2     1186.5     72.0     28.9     15.5 2023  4 29  4 49 29.930  0.0   1
      691  27.921318   85.670785    19.865    11262.9      388.9     3368.7     71.6     74.1     45.3 2023  4 29  5 41 31.030  0.0   1
      692  27.897978   85.559831    16.949      341.4    -2197.5      452.8     33.8     29.7     15.6 2023  4 29  6 14  0.590  0.0   1
      693  27.909664   85.624032    16.555     6661.1     -902.5       59.5     31.3     43.6     15.9 2023  4 29  6 53 20.760  0.0   1
      694  27.918587   85.538973    17.180    -1711.8       86.5      683.7     34.4     45.8     13.1 2023  4 29  9 32 23.040  0.0   1
      695  27.914020   85.555330    18.092     -101.6     -419.8     1595.9     48.5     37.5     27.2 2023  4 29  9 59 46.570  0.0   1
      696  27.895046   85.558586    16.929      218.4    -2522.4      433.7     46.1     44.7     15.6 2023  4 29 12 31 30.510  0.0   1
      697  27.916728   85.601742    17.713     4466.5     -119.6     1216.7     59.7     48.1     25.2 2023  4 29 13  1 54.420  0.0   1
      698  27.905583   85.517716    15.928    -3804.8    -1354.8     -567.7     36.7     43.8     16.4 2023  4 29 13 28 26.360  0.0   1
      699  27.905347   85.520785    15.928    -3502.7    -1380.9     -567.7     28.9     29.4     14.2 2023  4 29 13 28 34.290  0.0   1
      700  27.901996   85.549325    16.713     -693.1    -1752.3      217.2     40.5     33.2     18.5 2023  4 29 13 29 52.760  0.0   1
      701  27.908492   85.516423    15.630    -3931.8    -1032.4     -865.4     27.7     41.4     13.4 2023  4 29 14  5 46.830  0.0   1
      703  27.899868   85.550326    16.751     -594.4    -1988.2      254.7     24.4     27.8     11.2 2023  4 29 14 59 32.500  0.0   1
      704  27.837651   85.758049    17.431    19860.3    -8882.8      935.3     26.1     46.7     29.8 2023  4 29 16 31  6.110  0.0   1
      705  27.990224   85.604875    14.897     4773.9     8024.9    -1599.1    100.6     50.8     33.5 2023  4 29 17  0 27.200  0.0   1
      706  27.928082   85.520052    16.290    -3574.4     1138.6     -205.6     39.5     35.8     19.8 2023  4 29 17 26 23.840  0.0   1
      707  27.904140   85.517546    16.048    -3821.4    -1514.7     -448.3     48.2     37.6     20.1 2023  4 29 17 26 53.520  0.0   1
      708  27.904706   85.517033    15.961    -3871.5    -1452.0     -535.2     44.8     33.1     17.9 2023  4 29 17 28 40.240  0.0   1
      709  27.906622   85.513737    15.563    -4196.3    -1239.6     -933.2     36.4     49.8     16.9 2023  4 29 17 29 54.640  0.0   1
      710  27.898757   85.511157    16.356    -4450.7    -2111.2     -140.1     33.4     58.6     19.8 2023  4 29 18 15 38.880  0.0   1
      711  27.902252   85.509082    15.829    -4654.9    -1723.8     -666.5     23.3     47.4     25.6 2023  4 29 18 15 46.280  0.0   1
      712  27.861951   85.745752    13.956    18647.4    -6190.0    -2540.1     25.1     36.7     26.8 2023  4 29 18 19 46.960  0.0   1
      713  27.930098   85.519352    15.462    -3642.8     1362.1    -1033.7     48.6     42.8     23.8 2023  4 29 18 33 18.220  0.0   1
      714  27.905813   85.579785    17.112     2305.4    -1329.3      616.0     71.8     52.0     22.2 2023  4 29 18 59 55.840  0.0   1
      716  27.925496   85.451221    18.129   -10349.7      852.0     1632.7     29.4     55.3     23.4 2023  4 29 19 29 21.400  0.0   1
      717  27.840609   85.649577    18.223     9179.0    -8555.1     1727.1     30.1     27.1     20.6 2023  4 29 20  3 50.500  0.0   1
      718  27.938666   85.608309    18.885     5112.6     2311.5     2388.8     53.7     34.4     18.2 2023  4 29 20  9 15.600  0.0   1
      719  27.929454   85.527515    15.855    -2840.1     1290.5     -640.8     52.7     44.8     29.4 2023  4 29 20 28 38.700  0.0   1
      722  27.966069   85.503963    17.370    -5156.8     5348.1      874.0     37.8     47.5     25.3 2023  4 29 22 11 18.060  0.0   1
      723  27.924504   85.535775    16.582    -2026.5      742.1       85.8     36.7     63.7     26.1 2023  4 29 23  8 45.880  0.0   1
      724  27.903229   85.534749    16.262    -2127.6    -1615.6     -233.7     30.7     33.0     19.0 2023  4 29 23 22  1.240  0.0   1
      726  27.967259   85.606055    15.082     4890.6     5480.0    -1413.4     44.9     64.1     14.9 2023  4 30  0  3 48.890  0.0   1
      727  27.956576   85.536279    15.987    -1976.6     4296.1     -508.4     31.3     29.3     18.8 2023  4 30  0  6 29.110  0.0   1
      728  27.937649   85.499487     9.415    -5598.1     2198.7    -7080.7     22.1     20.7     19.3 2023  4 30  5 18 46.890  0.0   1
      729  27.901516   85.561117    16.633      467.9    -1805.5      136.9     45.8     45.7     17.6 2023  4 30  5 25  7.040  0.0   1
      730  27.904366   85.526440    16.767    -2945.4    -1489.5      271.4     38.9     46.0     16.5 2023  4 30  9 31 50.890  0.0   1
      731  27.918858   85.464974    16.133    -8996.0      116.4     -363.3     17.4     22.6     15.3 2023  4 30  9 34  6.860  0.0   1
      732  27.934532   85.615698    17.244     5840.1     1853.3      748.6     32.7     34.0     14.2 2023  4 30 10 23 27.960  0.0   1
      733  27.895911   85.580509    16.721     2377.3    -2426.7      225.5     55.9     40.9     19.9 2023  4 30 11 41 21.320  0.0   1
      734  27.927148   85.466903    17.801    -8806.1     1035.1     1305.2     23.1     32.8     15.6 2023  4 30 12 20 40.090  0.0   1
      735  27.937343   85.610881    18.312     5366.2     2164.8     1815.8     33.3     31.3     12.4 2023  4 30 14 49 26.330  0.0   1
      736  27.958866   85.571688    17.222     1508.4     4549.9      726.5    163.7     66.8     37.4 2023  4 30 15  7  2.230  0.0   1
      737  27.949550   85.427043    14.454   -12727.8     3517.7    -2041.7     33.4     34.5     29.9 2023  4 30 15 23 38.260  0.0   1
      738  27.896670   85.580249    16.818     2351.4    -2342.5      322.0     53.9     47.6     14.7 2023  4 30 15 25 38.550  0.0   1
      739  27.928872   85.521745    16.405    -3407.6     1226.0      -90.9     41.6     47.9     18.2 2023  4 30 15 29 58.730  0.0   1
      740  27.950273   85.427799    14.599   -12653.3     3597.7    -1896.6     30.3     36.6     26.9 2023  4 30 15 45 49.780  0.0   1
      741  27.923336   85.511678    15.417    -4398.6      612.5    -1078.7     29.2     58.9     22.1 2023  4 30 15 50 36.940  0.0   1
      742  27.915240   85.521167    21.336    -3464.5     -284.6     4840.2     31.8     27.1     18.8 2023  4 30 15 59 53.950  0.0   1
      743  27.905524   85.527572    15.954    -2834.4    -1361.3     -541.9     31.4     23.3     16.6 2023  4 30 16 55  9.480  0.0   1
      744  27.913182   85.521956    15.252    -3387.2     -512.7    -1243.8     48.1     40.3     25.1 2023  4 30 16 55 24.340  0.0   1
      745  27.904799   85.533122    15.942    -2288.4    -1441.5     -554.1     27.1     39.5     28.1 2023  4 30 17  2  6.440  0.0   1
      746  27.909196   85.556803    16.537       43.0     -954.4       41.3     46.1     67.4     17.4 2023  4 30 17 27 14.080  0.0   1
      747  27.912506   85.509985    17.097    -4565.5     -587.5      601.5     33.7     31.7     24.3 2023  4 30 17 27 54.480  0.0   1
      748  27.907395   85.581502    14.843     2474.3    -1154.0    -1652.4     50.1     37.4     23.9 2023  4 30 18 11 12.480  0.0   1
      749  27.937408   85.505534    17.755    -5003.2     2172.0     1259.5     40.0     57.6     25.8 2023  4 30 18 24 11.480  0.0   1
      751  27.900879   85.550928    16.781     -534.8    -1876.0      285.6     32.3     41.3      9.0 2023  4 30 18 31 39.900  0.0   1
      752  27.936981   85.428800    16.086   -12555.7     2124.8     -410.0     24.7     38.8     24.7 2023  4 30 19 22 59.280  0.0   1
      753  27.911222   85.524642    16.182    -3122.9     -729.8     -313.6     39.9     32.6     19.0 2023  4 30 19 46 14.640  0.0   1
      754  27.911800   85.526717    16.143    -2918.1     -665.7     -352.6     36.4     44.6     16.5 2023  4 30 20 23  3.980  0.0   1
      755  27.948879   85.414152    18.399   -13997.2     3443.1     1902.7     31.9     27.7     20.1 2023  4 30 21  3 43.760  0.0   1
      756  27.910748   85.463444    16.857    -9147.1     -782.4      360.9     26.8     29.9     18.0 2023  4 30 21 19 25.760  0.0   1
      757  27.912655   85.461515    15.559    -9336.8     -571.2     -936.9     29.7     57.4     22.7 2023  4 30 21 20 22.420  0.0   1
      758  27.947970   85.558634    20.348      223.2     3342.5     3851.7     40.8     37.4     17.7 2023  4 30 21 22 17.380  0.0   1
      759  27.891536   85.610311    17.336     5310.7    -2911.3      840.0     30.8     38.5     13.4 2023  4 30 21 23 17.060  0.0   1
      760  27.952838   85.559131    20.582      272.1     3882.0     4085.8     45.0     38.1     18.2 2023  4 30 21 26 42.720  0.0   1
      761  27.921773   85.460612    15.610    -9425.7      439.4     -885.6     27.4     38.9     23.3 2023  4 30 21 36 36.760  0.0   1
      763  27.927356   85.523836    16.369    -3201.7     1058.0     -126.9     62.8     48.6     22.1 2023  4 30 21 47 12.780  0.0   1
      764  27.887541   85.606966    17.105     4981.8    -3354.1      609.1     29.2     46.8     13.5 2023  4 30 21 50  8.920  0.0   1
      765  27.948714   85.415812    18.921   -13833.7     3424.9     2425.5     30.9     26.6     26.4 2023  4 30 21 59 35.500  0.0   1
      766  27.926182   85.523649    16.050    -3220.4      927.9     -445.6     43.4     44.3     24.8 2023  4 30 22  0 57.820  0.0   1
      767  27.926851   85.525887    16.543    -2999.6     1002.2       47.0     54.2     53.2     27.8 2023  4 30 22  1 13.440  0.0   1
      768  27.926945   85.527987    15.803    -2793.4     1012.5     -693.1     53.6     41.9     19.7 2023  4 30 22  5 11.360  0.0   1
      769  27.917647   85.682788    18.359    12445.1      -17.7     1863.2     26.4     49.9     18.3 2023  4 30 22 13 27.980  0.0   1
      770  27.887817   85.610547    17.131     5334.4    -3323.4      635.4     29.7     41.7     11.0 2023  4 30 22 37 40.080  0.0   1
      771  27.949066   85.414421    18.884   -13970.3     3464.0     2388.6     37.9     27.3     30.3 2023  4 30 23 17 25.280  0.0   1
      772  27.890265   85.608171    17.322     5100.2    -3052.2      826.0     37.4     33.0     16.2 2023  5  1  0  7 54.950  0.0   1
      773  27.905385   85.580273    17.131     2353.5    -1376.6      635.1     80.8     31.7     12.0 2023  5  1  2 47 59.610  0.0   1
      774  27.905434   85.579443    17.267     2271.9    -1371.2      771.4     53.2     28.4     15.8 2023  5  1  2 48 24.250  0.0   1
      775  27.903394   85.584489    17.184     2768.7    -1597.3      688.6     68.2     56.3     15.6 2023  5  1  2 55  7.100  0.0   1
      777  27.939309   85.531559    14.131    -2441.2     2382.6    -2364.9     64.1     50.7     30.4 2023  5  1 12 17 13.960  0.0   1
      779  27.905029   85.558285    15.520      189.3    -1416.1     -976.0     59.1     76.1     24.8 2023  5  1 13 45 16.480  0.0   1
      780  27.938820   85.500537     9.243    -5495.0     2328.6    -7253.2     20.3     17.0     12.7 2023  5  1 15  6 22.510  0.0   1
      781  27.904008   85.552157    15.392     -414.2    -1529.2    -1103.9     51.6     71.0     23.1 2023  5  1 15 10 29.710  0.0   1
      782  27.921092   85.558618    16.502      221.9      363.9        5.9     63.1     33.2     24.4 2023  5  1 15 43  0.290  0.0   1
      783  27.917987   85.570793    17.180     1420.5       19.9      684.4     73.5     41.1     23.7 2023  5  1 15 44  4.610  0.0   1
      784  27.950684   85.601685    20.149     4460.5     3643.3     3653.1    116.0     80.1     15.0 2023  5  1 16 21 11.390  0.0   1
      785  27.902413   85.545931    16.503    -1027.4    -1706.0        7.0     33.3     41.5     20.2 2023  5  1 16 50  3.910  0.0   1
      786  27.930300   85.496842    15.854    -5858.7     1384.4     -641.7     32.1     40.3     17.4 2023  5  1 17  4 39.320  0.0   1
      787  27.888763   85.606958    17.188     4981.0    -3218.6      692.0     27.1     30.7     13.0 2023  5  1 18 28 14.500  0.0   1
      788  27.901776   85.542798    16.600    -1335.8    -1776.6      104.7     45.0     41.1     22.6 2023  5  1 18 38 39.920  0.0   1
      789  27.936334   85.446623    16.890   -10801.7     2053.1      394.6     29.1     21.5     25.9 2023  5  1 18 47 51.600  0.0   1
      790  27.905528   85.505599    15.655    -4997.6    -1361.0     -840.6     30.4     37.4     19.8 2023  5  1 19 44  6.720  0.0   1
      791  27.914451   85.523714    16.117    -3213.7     -372.1     -378.5     40.5     45.5     16.4 2023  5  1 20 29 54.000  0.0   1
      792  27.910492   85.569979    17.119     1340.1     -810.8      622.8     65.9     46.9     25.9 2023  5  1 20 30 44.900  0.0   1
      793  27.841272   85.658765    17.240    10083.7    -8481.6      744.1     33.0     19.6     27.2 2023  5  1 20 46 41.080  0.0   1
      794  27.849925   85.719165    17.192    16030.7    -7522.6      695.8     31.9     39.1     29.4 2023  5  1 20 50 38.220  0.0   1
      795  27.905302   85.578190    17.122     2148.3    -1385.8      626.0     62.1     44.9     14.0 2023  5  1 20 59 56.440  0.0   1
      796  27.905001   85.580396    17.406     2365.8    -1419.3      909.7     68.3     44.1     23.4 2023  5  1 21  3 46.400  0.0   1
      797  27.905025   85.579663    17.181     2293.7    -1416.5      685.0     54.6     30.0     13.4 2023  5  1 21  6 17.300  0.0   1
      798  27.929327   85.503548    16.031    -5198.6     1276.6     -464.7     32.0     44.1     18.2 2023  5  1 21 21  2.420  0.0   1
      799  27.942745   85.639705    18.188     8202.6     2763.5     1692.0     63.8     68.2     23.4 2023  5  1 22 32  2.420  0.0   1
      802  27.935404   85.432886    17.935   -12153.8     1949.9     1439.1     12.9     25.6     11.7 2023  5  1 23 53  8.240  0.0   1
      803  27.934021   85.573234    16.464     1660.1     1796.6      -32.0     65.1     57.1     18.9 2023  5  2  0  0  1.970  0.0   1
      804  27.928265   85.444425    17.737   -11018.7     1158.9     1241.3     21.8     31.6     24.2 2023  5  2  1 19 40.600  0.0   1
      805  27.935246   85.618254     8.848     6091.6     1932.3    -7648.0    902.7    948.2    493.0 2023  5  2  2 30 30.550  0.0   1
      806  27.958594   85.707723    14.257    14896.2     4519.9    -2239.0     30.5     48.0     27.6 2023  5  2  2 45 37.080  0.0   1
      807  27.936379   85.430273    17.723   -12411.2     2057.9     1227.3     21.3     26.6     15.6 2023  5  2  3 55 43.360  0.0   1
      808  27.923910   85.514917    17.497    -4079.8      676.2     1001.4     31.6     43.7     22.1 2023  5  2  4 20 46.720  0.0   1
      809  27.920982   85.622599    22.163     6520.2      351.6     5666.8     47.6     63.0     17.2 2023  5  2  4 41 23.370  0.0   1
      810  27.937846   85.422673    16.952   -13159.0     2220.7      456.4     20.2     32.4     15.5 2023  5  2  5 56 28.760  0.0   1
      811  27.936515   85.431396    17.821   -12300.4     2073.2     1325.1     19.2     21.5     14.2 2023  5  2  6 55 58.810  0.0   1
      812  27.931783   85.511768    16.097    -4390.0     1548.7     -399.0     40.9     48.8     22.2 2023  5  2  9 33  6.040  0.0   1
      813  27.938224   85.434595    18.120   -11985.6     2262.5     1624.1     18.5     54.4     21.9 2023  5  2 12 42 29.600  0.0   1
      814  27.936877   85.429769    17.683   -12460.7     2113.2     1187.4     17.7     30.4     17.4 2023  5  2 12 57  8.170  0.0   1
      815  27.915462   85.482104    13.759    -7309.8     -259.9    -2737.0     32.0     40.0     28.0 2023  5  2 13 10 17.990  0.0   1
      816  27.939701   85.428109    17.725   -12623.8     2426.3     1229.3     15.4     21.2     12.7 2023  5  2 13 47 21.740  0.0   1
      817  27.906639   85.522282    16.689    -3355.0    -1237.8      193.5     43.8     47.9     19.8 2023  5  2 14 20 54.360  0.0   1
      818  27.987728   85.497656    19.241    -5777.5     7748.3     2744.9     15.4     18.5      8.4 2023  5  2 14 49 22.880  0.0   1
      819  27.861469   85.693734    18.202    13525.7    -6243.5     1706.4     34.4     20.2     26.8 2023  5  2 15  2 30.640  0.0   1
      820  27.888137   85.616447    18.177     5914.8    -3288.0     1681.1     46.3     48.5     24.8 2023  5  2 15 36 29.330  0.0   1
      821  27.917015   85.691211    17.345    13273.6      -88.0      849.7     25.7     35.7     13.4 2023  5  2 16 45 54.440  0.0   1
      822  27.839681   85.664884    17.334    10686.3    -8657.9      838.3     20.9     44.0     19.7 2023  5  2 17  2 13.320  0.0   1
      823  27.941563   85.634619    18.614     7702.0     2632.5     2117.9     52.7     70.7     15.2 2023  5  2 17  4 56.280  0.0   1
      824  27.936698   85.627401    18.635     6991.7     2093.5     2138.8     46.4     49.5     18.8 2023  5  2 17  7 48.100  0.0   1
      825  27.840381   85.659473    17.649    10153.0    -8580.3     1152.8     25.6     43.1     21.7 2023  5  2 17  9  2.960  0.0   1
      826  27.839844   85.663989    17.470    10598.1    -8639.9      973.8     29.0     24.3     27.4 2023  5  2 17 26 52.240  0.0   1
      827  27.840916   85.659025    17.808    10108.8    -8521.0     1312.6     23.4     63.3     17.2 2023  5  2 17 40 37.240  0.0   1
      828  27.914628   85.513534    17.250    -4216.3     -352.4      754.5     25.3     34.2     19.5 2023  5  2 18 18 36.320  0.0   1
      829  27.917318   85.472249    15.173    -8279.8      -54.3    -1323.2     33.8     60.8     27.4 2023  5  2 18 38 47.760  0.0   1
      830  27.926331   85.454500    15.004   -10026.3      944.4    -1492.2     23.6     29.6     26.1 2023  5  2 19 39 57.200  0.0   1
      831  27.920052   85.458830    15.198    -9600.9      248.8    -1297.9     21.5     33.5     21.7 2023  5  2 20 11  4.880  0.0   1
      832  27.842334   85.659652    17.835    10170.9    -8364.0     1338.8     33.9     39.7     28.9 2023  5  2 20 22  4.160  0.0   1
      833  27.935209   85.434448    18.082   -11999.8     1928.5     1586.5     19.5     21.0     17.9 2023  5  2 21  6 25.200  0.0   1
      834  27.935541   85.433244    17.930   -12118.8     1965.0     1434.4     15.8     24.7     11.4 2023  5  2 21 24 59.760  0.0   1
      835  27.945310   85.423047    16.647   -13121.9     3047.9      151.1     24.5     34.9     23.3 2023  5  2 21 39 19.160  0.0   1
      836  27.945186   85.425724    16.941   -12858.1     3033.9      445.1     23.4     31.3     13.9 2023  5  2 21 42  8.580  0.0   1
      837  27.825795   85.721851    18.258    16296.7   -10196.7     1762.5     58.2    113.4     56.6 2023  5  2 21 56  2.160  0.0   1
      838  27.926263   85.459294    17.375    -9555.3      936.9      879.1     17.1     28.9     18.2 2023  5  2 23 35 24.280  0.0   1
      839  27.926410   85.458057    17.453    -9676.9      953.1      957.1     17.9     23.4     19.1 2023  5  2 23 40 11.980  0.0   1
      840  27.949060   85.551416    17.810     -487.2     3463.3     1314.5     38.0     57.5     20.2 2023  5  2 23 49  2.000  0.0   1
      841  27.897426   85.564559    17.402      806.7    -2258.7      906.1     51.5     45.3     15.9 2023  5  3  0 31 11.160  0.0   1
      843  27.943195   85.518343    15.238    -3742.0     2813.3    -1258.0     24.4     20.9     16.1 2023  5  3  3 38 24.730  0.0   1
      844  27.941258   85.520516    14.591    -3528.7     2598.6    -1904.7     36.5     26.3     14.8 2023  5  3  3 40 20.570  0.0   1
      845  27.942421   85.520955    14.857    -3484.9     2727.5    -1638.5     31.5     25.3     14.8 2023  5  3  3 40 35.530  0.0   1
      846  27.941709   85.519181    14.860    -3659.5     2648.7    -1635.6     23.9     18.1     10.2 2023  5  3  3 40 58.290  0.0   1
      847  27.898545   85.567570    17.494     1103.4    -2134.7      998.6     49.2     30.4     15.5 2023  5  3  6 27  9.420  0.0   1
      848  27.934275   85.449992    15.683   -10470.5     1824.9     -813.1     26.0     35.7     25.3 2023  5  3 15  3 16.850  0.0   1
      849  27.957876   85.582943    17.189     2615.5     4440.2      692.8    125.1     67.7     37.4 2023  5  3 16 32  2.380  0.0   1
      850  27.948147   85.446598    15.798   -10803.4     3362.1     -697.8     26.8     21.1     19.4 2023  5  3 16 40 54.910  0.0   1
      851  27.957151   85.451034    16.462   -10366.7     4360.0      -34.0     14.2     30.1     13.2 2023  5  3 17  0  8.520  0.0   1
      852  27.929537   85.547201    16.698     -901.8     1299.8      202.5     81.4     56.6     40.0 2023  5  3 20 41 15.280  0.0   1
      853  27.921499   85.457731    15.271    -9709.0      408.9    -1224.8     27.8     51.6     22.6 2023  5  3 21  8 50.560  0.0   1
      854  27.925175   85.516121    16.021    -3961.2      816.5     -474.6     38.1     43.6     16.3 2023  5  3 21 19 51.640  0.0   1
      855  27.930597   85.484416    16.029    -7081.9     1417.4     -467.0     21.4     23.3     15.1 2023  5  3 23  5 15.180  0.0   1
      856  27.948781   85.498796    15.184    -5666.1     3432.5    -1312.1     37.9     33.6     19.4 2023  5  3 23 31 30.440  0.0   1
      857  27.903593   85.535685    16.694    -2035.9    -1575.4      198.0     27.5     50.6     20.3 2023  5  4  0 18 49.180  0.0   1
      858  27.858118   85.741602    17.602    18239.1    -6614.7     1105.8     23.2     70.3     24.4 2023  5  4  1  8 53.360  0.0   1
      861  27.917025   85.466431    16.623    -8852.9      -86.7      127.7     23.3     33.7     20.4 2023  5  4  1 52 49.040  0.0   1
      862  27.916361   85.463070    16.337    -9183.6     -160.3     -158.4     23.3     32.1     15.6 2023  5  4  1 55 14.810  0.0   1
      863  27.907052   85.533765    21.865    -2224.7    -1191.9     5369.4     52.9     45.3     21.6 2023  5  4  3 15 41.110  0.0   1
      864  27.906018   85.530770    21.913    -2519.4    -1306.5     5417.3     45.5     39.0     26.4 2023  5  4  4 16 12.280  0.0   1
      865  27.926683   85.591081    16.179     3417.3      983.5     -317.1    119.8     59.9     20.6 2023  5  4  7 21  1.330  0.0   1
      867  27.943034   85.615796    17.580     5849.5     2795.6     1084.5     29.4     42.6     12.8 2023  5  4  8 53 35.510  0.0   1
      868  27.912233   85.630021    17.506     7250.5     -617.8     1009.9     49.0     42.9     13.3 2023  5  4 13 50 44.870  0.0   1
      869  27.910046   85.628573    17.652     7108.5     -860.1     1156.0     46.7     48.8     20.5 2023  5  4 14 38 42.320  0.0   1
      870  27.896446   85.559823    17.246      340.3    -2367.4      750.4     31.0     31.8     11.0 2023  5  4 14 58 29.770  0.0   1
      871  27.798810   85.735091    23.415    17603.3   -13187.2     6918.9   1296.5   1750.3   1188.1 2023  5  4 15 31 44.100  0.0   1
      872  27.920890   85.623486    18.166     6607.1      341.5     1670.4    120.2    141.7     48.2 2023  5  4 15 45 24.400  0.0   1
      873  27.952948   85.462606    14.970    -9227.9     3894.1    -1525.4     35.6     43.9     33.8 2023  5  4 16 48 21.360  0.0   1
      874  27.905186   85.499976    15.796    -5550.6    -1398.7     -699.4     17.3     30.8     15.1 2023  5  4 17 53  2.840  0.0   1
      875  27.925995   85.459513    15.342    -9533.4      907.2    -1154.3     20.1     35.7     14.1 2023  5  4 18  6 23.680  0.0   1
      877  27.918199   85.575635    17.140     1896.6       43.4      644.6     63.7     45.1     17.9 2023  5  4 18 48 14.600  0.0   1
      878  27.938849   85.641357    18.428     8365.9     2331.6     1932.0     37.0     61.7     17.1 2023  5  4 18 49 26.320  0.0   1
      879  27.942259   85.633984    17.099     7639.5     2709.6      603.5     39.6     65.1     22.6 2023  5  4 19  4 51.040  0.0   1
      880  27.901662   85.550545    16.635     -572.8    -1789.2      139.1     38.2     35.4     16.0 2023  5  4 19 23 51.340  0.0   1
      881  27.903025   85.482332    16.055    -7287.8    -1638.3     -440.6     37.6     48.2     26.4 2023  5  4 19 51 16.620  0.0   1
      883  27.943081   85.636727    17.824     7909.4     2800.8     1328.0     41.4     53.4     20.0 2023  5  4 19 55  0.840  0.0   1
      884  27.929232   85.671452    18.619    11328.6     1265.9     2123.6     35.4     52.1     27.2 2023  5  4 19 55  9.560  0.0   1
      885  27.917684   85.532943    16.857    -2305.2      -13.8      360.8     34.3     43.8     13.0 2023  5  4 20  8 39.400  0.0   1
      886  27.932922   85.715527     8.557    15666.4     1675.0    -7939.2     24.7     32.9     23.3 2023  5  4 21  4 10.280  0.0   1
      887  27.912887   85.578719    16.514     2200.8     -545.4       18.4     69.5     46.6     12.7 2023  5  4 21 35 30.600  0.0   1
      888  27.913053   85.581510    16.686     2475.5     -527.0      190.2     67.4     32.0     14.4 2023  5  4 21 35 57.740  0.0   1
      889  27.911816   85.578817    16.743     2210.1     -663.9      247.3     55.3     33.8     16.9 2023  5  4 21 36 41.880  0.0   1
      890  27.910301   85.585661    16.669     2884.0     -831.9      172.8     85.5     64.9     18.9 2023  5  4 21 40 45.680  0.0   1
      891  27.901031   85.551855    16.821     -444.0    -1859.1      325.5     31.2     39.8     11.5 2023  5  4 21 50  5.200  0.0   1
      892  27.839775   85.662061    17.177    10408.3    -8647.5      681.4     23.9     18.4     17.9 2023  5  4 21 53 31.880  0.0   1
      893  27.916256   85.610954    17.193     5373.9     -172.1      697.3     48.1     49.6     25.6 2023  5  4 21 56 55.620  0.0   1
      894  27.909930   85.711800     8.472    15301.4     -872.9    -8023.5     36.4     94.1     56.6 2023  5  4 22  8 29.220  0.0   1
      895  27.951693   85.530924    17.519    -2504.1     3754.9     1022.9     30.6     34.2     14.6 2023  5  4 22 25  1.320  0.0   1
      896  27.912333   85.525610    17.071    -3027.3     -606.6      574.9     34.1     39.4     22.8 2023  5  4 22 27  4.480  0.0   1
      897  27.913021   85.523039    17.111    -3280.5     -530.5      615.6     35.3     35.3     16.4 2023  5  4 22 27 16.480  0.0   1
      899  27.924595   85.484619    15.761    -7062.3      752.1     -734.3     21.2     28.7     15.9 2023  5  4 23 45 52.880  0.0   1
      900  27.920616   85.492822    16.033    -6254.6      311.2     -463.0     22.9     33.3     19.4 2023  5  5  0 28 27.340  0.0   1
      901  27.895650   85.749357    14.316    18999.5    -2455.5    -2180.2     34.0     53.7     36.2 2023  5  5  2 54 23.750  0.0   1
      902  27.931724   85.586458    18.891     2962.1     1542.0     2395.0    117.2     28.9     22.8 2023  5  5  2 56 15.170  0.0   1
      903  27.912219   85.600879    17.043     4381.7     -619.4      546.9     49.1     42.2     21.4 2023  5  5  4 23 58.320  0.0   1
      904  27.904972   85.605607    17.895     4847.9    -1422.5     1399.5     80.8     55.1     31.6 2023  5  5  5 25 34.290  0.0   1
      905  27.920634   85.461702    15.398    -9317.7      313.2    -1098.3     22.4     23.9     14.9 2023  5  5  8 10 23.350  0.0   1
      906  27.920170   85.462069    15.287    -9282.2      261.7    -1208.8     19.6     29.5     23.5 2023  5  5  8 13 38.940  0.0   1
      907  27.921971   85.467952    15.460    -8702.9      461.4    -1036.0     30.0     29.0     29.5 2023  5  5  8 17 20.770  0.0   1
      910  27.922363   85.462329    15.635    -9256.2      504.8     -861.2     25.2     33.1     19.1 2023  5  5 14  0 12.750  0.0   1
      911  27.935484   85.541488    17.047    -1464.2     1958.8      550.8     47.2     64.9     22.8 2023  5  5 14 36 54.380  0.0   1
      912  27.910822   85.542147    16.632    -1399.6     -774.2      135.9     47.4     50.2     17.5 2023  5  5 15 20 58.000  0.0   1
      913  27.909338   85.552205    16.725     -409.0     -938.5      229.0     52.1     59.6     23.3 2023  5  5 15 22 46.500  0.0   1
      914  27.905998   85.551237    16.684     -504.9    -1308.7      187.8     55.3     65.0     22.6 2023  5  5 15 24 47.520  0.0   1
      915  27.936194   85.454305    15.078   -10045.4     2037.5    -1417.5     29.5     38.9     31.3 2023  5  5 15 48 20.390  0.0   1
      916  27.841909   85.655143    17.659     9726.6    -8410.9     1163.0     28.6     31.2     18.0 2023  5  5 16 16  5.640  0.0   1
      917  27.930164   85.684806    16.713    12642.4     1369.2      216.8     23.1     32.1     16.4 2023  5  5 16 30 30.440  0.0   1
      918  27.921171   85.461214    15.170    -9365.7      372.7    -1325.4     23.3     35.0     23.2 2023  5  5 17 27 46.160  0.0   1
      919  27.920024   85.460986    15.410    -9388.7      245.5    -1086.1     19.1     35.1     16.4 2023  5  5 17 29 44.860  0.0   1
      920  27.920770   85.460946    15.156    -9392.6      328.3    -1339.6     22.4     38.2     22.1 2023  5  5 17 30 50.440  0.0   1
      921  27.936995   85.562695    16.411      623.1     2126.3      -84.5     53.7     41.7     15.4 2023  5  5 17 43 26.740  0.0   1
      922  27.896670   85.540080    16.703    -1603.2    -2342.6      206.9     32.3     37.9     16.3 2023  5  5 17 48 23.920  0.0   1
      923  27.935793   85.562321    16.417      586.1     1993.0      -78.8     36.8     44.0     11.5 2023  5  5 17 49 35.340  0.0   1
      924  27.952382   85.651082    15.344     9322.6     3831.4    -1152.0     20.8     31.0     13.4 2023  5  5 18  0 32.220  0.0   1
      925  27.958533   85.553101    14.541     -321.0     4513.0    -1955.2     50.2     48.0     18.7 2023  5  5 19 58  6.060  0.0   1
      927  27.950454   85.480005    16.571    -7515.2     3617.8       75.4     21.5     34.9     15.4 2023  5  5 21  6 11.680  0.0   1
      928  27.896124   85.748861    14.344    18950.7    -2402.9    -2151.5     34.2     53.8     36.2 2023  5  5 21 10 43.240  0.0   1
      929  27.968119   85.572046    14.478     1543.6     5575.3    -2018.0     61.2     61.1     22.0 2023  5  5 21 12 41.640  0.0   1
      930  27.921261   85.460815    15.713    -9405.2      382.5     -782.9     21.9     30.8     17.4 2023  5  5 21 44 20.600  0.0   1
      931  27.921041   85.462541    16.267    -9235.2      358.3     -228.6     20.4     24.5     17.2 2023  5  5 21 44 58.000  0.0   1
      932  27.957617   85.552791    14.725     -351.3     4411.6    -1770.8     64.8     38.7     22.4 2023  5  5 21 58 16.680  0.0   1
      933  27.946448   85.652083    17.894     9421.1     3173.9     1398.5     33.7     69.7     15.9 2023  5  5 22 51  8.600  0.0   1
      934  27.901835   85.527767    16.712    -2814.9    -1770.1      216.2     19.9     49.9     14.2 2023  5  5 23  7 53.980  0.0   1
      935  27.960520   85.430859    16.563   -12351.9     4733.4       66.7     31.1     58.4     29.6 2023  5  6  1 42 20.300  0.0   1
      936  27.915454   85.503971    16.596    -5157.0     -260.9       99.8     19.9     30.8     16.1 2023  5  6  4 27 23.300  0.0   1
      937  27.912132   85.521362    21.896    -3445.2     -629.0     5400.0     33.4     35.2     16.1 2023  5  6  9 52 22.040  0.0   1
      938  27.928945   85.637459    22.165     7982.5     1234.1     5669.7     27.7     36.1     14.5 2023  5  6 10 16 39.970  0.0   1
      939  27.929631   85.638151    22.191     8050.4     1310.1     5695.6     30.1     33.9     10.5 2023  5  6 10 47 27.930  0.0   1
      940  27.918422   85.576986    18.266     2030.0       68.2     1769.9    102.1     76.8     30.6 2023  5  6 11 15 36.630  0.0   1
      941  27.950411   85.424447    17.114   -12983.2     3613.0      618.0     29.8     53.6     21.4 2023  5  6 11 36 35.150  0.0   1
      942  27.928874   85.639909    22.175     8223.3     1226.2     5679.1     26.5     43.8     14.6 2023  5  6 12 49 50.160  0.0   1
      943  27.916654   85.535246    16.953    -2078.7     -127.9      457.6     35.7     51.0     13.7 2023  5  6 13 22 29.530  0.0   1
      944  27.936167   85.632845    18.858     7527.8     2034.6     2362.7     46.1     48.4     17.4 2023  5  6 13 51 54.590  0.0   1
      945  27.925338   85.563704    17.126      722.8      834.3      630.3     36.7     32.5     16.8 2023  5  6 15  8  1.930  0.0   1
      946  27.922441   85.566048    18.156      953.1      513.4     1660.5     59.9     41.3     21.3 2023  5  6 15  8 14.910  0.0   1
      947  27.918288   85.453231    15.863   -10151.7       53.1     -633.1     21.0     47.1     22.7 2023  5  6 15 30  4.120  0.0   1
      948  27.889516   85.645028    17.875     8728.7    -3135.3     1379.2     30.6     36.5     16.2 2023  5  6 16 11  5.410  0.0   1
      949  27.889058   85.644198    18.016     8646.9    -3185.9     1520.7     35.7     39.0     20.9 2023  5  6 18  2 57.440  0.0   1
      950  27.967957   85.550789    13.375     -548.3     5557.5    -3121.3     36.4     30.1     18.6 2023  5  6 19 27 23.320  0.0   1
      951  27.927836   85.504329    18.974    -5122.0     1111.2     2477.8     75.4     87.0     45.5 2023  5  6 19 33  1.820  0.0   1
      952  27.934397   85.477482    16.391    -7764.6     1838.4     -104.6     20.6     23.6     13.7 2023  5  6 19 44 23.700  0.0   1
      953  27.909721   85.543791    16.451    -1237.5     -896.3      -45.0     39.3     60.7     21.2 2023  5  6 20 41 30.540  0.0   1
      954  27.891746   85.609619    17.550     5242.6    -2888.2     1054.0     41.3     47.3     16.1 2023  5  6 22 23 46.080  0.0   1
      955  27.908344   85.558358    18.087      195.9    -1048.9     1590.8     64.5     79.1     24.0 2023  5  6 22 26 47.200  0.0   1
      956  27.918516   85.554598    18.057     -173.8       78.4     1561.1     38.9     35.5     27.1 2023  5  6 23 32 50.600  0.0   1
      957  27.896796   85.563306    17.036      683.7    -2328.5      540.4     43.1     49.7     18.2 2023  5  6 23 33 34.120  0.0   1
      958  27.894257   85.571110    16.925     1452.0    -2610.0      429.6     58.8     62.7     14.2 2023  5  6 23 35 48.960  0.0   1
      960  27.947951   85.445605    18.340   -10901.5     3340.4     1843.7     28.7     46.7     25.5 2023  5  7  5 52 16.560  0.0   1
      961  27.921960   85.639933    22.196     8226.3      460.2     5700.5     30.7     49.0     13.1 2023  5  7  6  9 49.240  0.0   1
      962  27.943001   85.620947    21.142     6357.0     2791.8     4646.6     46.7     49.1     23.8 2023  5  7  8 19 49.910  0.0   1
      963  27.841624   85.717122    15.156    15830.1    -8442.5    -1339.5     36.5     53.2     40.3 2023  5  7 10 34 55.360  0.0   1
      964  27.940753   85.623063    21.106     6565.1     2542.8     4610.6     45.8     51.9     24.7 2023  5  7 13 33 18.950  0.0   1
      965  27.900264   85.566707    17.150     1018.3    -1944.1      654.2     51.4     51.6     21.5 2023  5  7 14 28 39.210  0.0   1
      966  27.902930   85.562972    17.162      650.3    -1648.9      666.0     57.7     65.9     20.1 2023  5  7 14 34  5.010  0.0   1
      967  27.903709   85.557511    16.940      112.9    -1562.5      444.5     47.9     45.5     12.3 2023  5  7 14 36 33.130  0.0   1
      968  27.895003   85.574748    16.977     1810.1    -2527.2      481.1     36.2     30.1     17.7 2023  5  7 16 23 19.750  0.0   1
      969  27.904777   85.730160    15.994    17108.5    -1444.1     -501.3     39.6     82.7     39.7 2023  5  7 17 22 40.360  0.0   1
      970  27.897884   85.566423    17.435      990.3    -2207.8      939.7     34.3     35.7     13.8 2023  5  7 17 52 36.480  0.0   1
      971  27.943545   85.461255    14.301    -9361.1     2852.0    -2195.3     33.0     22.7     24.0 2023  5  7 17 56 27.600  0.0   1
      972  27.944098   85.461027    14.096    -9383.9     2913.4    -2399.5     23.6     23.9     21.2 2023  5  7 18  8 39.760  0.0   1
      973  27.905721   85.502083    15.453    -5343.5    -1339.4    -1042.5     27.0     34.4     17.7 2023  5  7 19  4 58.700  0.0   1
      974  27.911757   85.478735    14.187    -7641.9     -670.6    -2309.3     33.4     40.7     27.7 2023  5  7 19 24 24.120  0.0   1
      975  27.978937   85.550464    13.750     -580.8     6774.2    -2746.0     35.7     37.8     21.1 2023  5  7 19 42 55.640  0.0   1
      976  27.921928   85.682218    17.911    12388.2      456.6     1415.5     21.6     47.0     17.2 2023  5  7 20 40 32.480  0.0   1
      977  27.917434   85.695020    17.377    13648.5      -41.5      881.1     15.1     25.7     15.4 2023  5  7 20 40 38.560  0.0   1
      978  27.945732   85.679264    17.657    12096.7     3094.4     1161.5     40.0     57.4     23.8 2023  5  7 21 44  8.160  0.0   1
      979  27.934408   85.465877    17.611    -8906.9     1839.6     1115.6     18.0     29.2     17.5 2023  5  7 22 13 27.360  0.0   1
      980  27.933380   85.463973    17.532    -9094.3     1725.8     1035.8     20.3     25.6     18.4 2023  5  7 22 14 12.840  0.0   1
      982  27.939107   85.481169    16.111    -7401.5     2360.4     -384.7     25.5     26.3     21.4 2023  5  7 22 32 29.280  0.0   1
      983  27.896851   85.568522    18.729     1197.1    -2322.5     2233.0     90.6    155.5     30.9 2023  5  7 22 37 34.840  0.0   1
      984  27.905988   85.483472    18.387    -7175.6    -1309.9     1891.3     45.4     80.6     32.2 2023  5  7 22 39 29.660  0.0   1
      986  27.898031   85.646444    17.808     8868.2    -2191.7     1311.7     32.7     41.0     22.9 2023  5  7 23 51  4.480  0.0   1
      987  27.902427   85.579183    18.334     2246.7    -1704.4     1838.0    112.0     86.5     25.6 2023  5  7 23 53 40.580  0.0   1
